ISO-10303-21;
HEADER;
/* Generated by software containing ST-Developer
 * from STEP Tools, Inc. (www.steptools.com) 
 */

FILE_DESCRIPTION(
/* description */ (''),
/* implementation_level */ '2;1');

FILE_NAME(
/* name */ 'EndEffector_noScrewhole.step',
/* time_stamp */ '2026-07-11T17:14:53+02:00',
/* author */ (''),
/* organization */ (''),
/* preprocessor_version */ 'ST-DEVELOPER v20.1',
/* originating_system */ 'Autodesk Translation Framework v15.8.0.0',
/* authorisation */ '');

FILE_SCHEMA (('AUTOMOTIVE_DESIGN { 1 0 10303 214 3 1 1 }'));
ENDSEC;

DATA;
#10=MECHANICAL_DESIGN_GEOMETRIC_PRESENTATION_REPRESENTATION('',(#13,#14),
#9227);
#11=SHAPE_REPRESENTATION_RELATIONSHIP('SRR','None',#9233,#12);
#12=ADVANCED_BREP_SHAPE_REPRESENTATION('',(#15,#16),#9226);
#13=STYLED_ITEM('',(#9242),#15);
#14=STYLED_ITEM('',(#9242),#16);
#15=MANIFOLD_SOLID_BREP('EndEffector',#2730);
#16=MANIFOLD_SOLID_BREP('PulleyCover_EndEffector',#2731);
#17=FACE_BOUND('',#797,.T.);
#18=FACE_BOUND('',#798,.T.);
#19=FACE_BOUND('',#804,.T.);
#20=FACE_BOUND('',#869,.T.);
#21=FACE_BOUND('',#878,.T.);
#22=FACE_BOUND('',#881,.T.);
#23=FACE_BOUND('',#889,.T.);
#24=FACE_BOUND('',#905,.T.);
#25=FACE_BOUND('',#914,.T.);
#26=CYLINDRICAL_SURFACE('',#2757,2.);
#27=CYLINDRICAL_SURFACE('',#2758,1.);
#28=CYLINDRICAL_SURFACE('',#2761,18.);
#29=CYLINDRICAL_SURFACE('',#2769,1.);
#30=CYLINDRICAL_SURFACE('',#2771,15.5);
#31=CYLINDRICAL_SURFACE('',#2773,1.);
#32=CYLINDRICAL_SURFACE('',#2775,1.);
#33=CYLINDRICAL_SURFACE('',#2782,15.5);
#34=CYLINDRICAL_SURFACE('',#2789,18.);
#35=CYLINDRICAL_SURFACE('',#2793,6.5);
#36=CYLINDRICAL_SURFACE('',#2797,6.5);
#37=CYLINDRICAL_SURFACE('',#2799,20.);
#38=CYLINDRICAL_SURFACE('',#2815,10.06475);
#39=CYLINDRICAL_SURFACE('',#2817,10.06475);
#40=CYLINDRICAL_SURFACE('',#2818,10.06475);
#41=CYLINDRICAL_SURFACE('',#2819,10.06475);
#42=CYLINDRICAL_SURFACE('',#2820,10.06475);
#43=CYLINDRICAL_SURFACE('',#2821,10.06475);
#44=CYLINDRICAL_SURFACE('',#2822,10.06475);
#45=CYLINDRICAL_SURFACE('',#2823,10.06475);
#46=CYLINDRICAL_SURFACE('',#2824,10.06475);
#47=CYLINDRICAL_SURFACE('',#2825,10.06475);
#48=CYLINDRICAL_SURFACE('',#2826,10.06475);
#49=CYLINDRICAL_SURFACE('',#2827,10.06475);
#50=CYLINDRICAL_SURFACE('',#2828,10.06475);
#51=CYLINDRICAL_SURFACE('',#2829,12.);
#52=CYLINDRICAL_SURFACE('',#2833,11.78225);
#53=CYLINDRICAL_SURFACE('',#2834,11.78225);
#54=CYLINDRICAL_SURFACE('',#2835,11.78225);
#55=CYLINDRICAL_SURFACE('',#2836,11.78225);
#56=CYLINDRICAL_SURFACE('',#2837,11.78225);
#57=CYLINDRICAL_SURFACE('',#2838,11.78225);
#58=CYLINDRICAL_SURFACE('',#2839,11.78225);
#59=CYLINDRICAL_SURFACE('',#2840,11.78225);
#60=CYLINDRICAL_SURFACE('',#2841,11.78225);
#61=CYLINDRICAL_SURFACE('',#2842,11.78225);
#62=CYLINDRICAL_SURFACE('',#2843,11.78225);
#63=CYLINDRICAL_SURFACE('',#2844,11.78225);
#64=CYLINDRICAL_SURFACE('',#2845,11.78225);
#65=CYLINDRICAL_SURFACE('',#2846,11.78225);
#66=CYLINDRICAL_SURFACE('',#2848,10.06475);
#67=CYLINDRICAL_SURFACE('',#2849,4.65);
#68=CYLINDRICAL_SURFACE('',#2853,3.15);
#69=CYLINDRICAL_SURFACE('',#2862,20.);
#70=CYLINDRICAL_SURFACE('',#2872,4.65);
#71=CYLINDRICAL_SURFACE('',#2898,18.);
#72=CYLINDRICAL_SURFACE('',#2902,15.5);
#73=CYLINDRICAL_SURFACE('',#2905,3.15);
#74=CONICAL_SURFACE('',#2753,17.5,0.785398163397448);
#75=CONICAL_SURFACE('',#2779,16.75,0.785398163397449);
#76=CONICAL_SURFACE('',#2786,15.45,0.785398163397448);
#77=CONICAL_SURFACE('',#2804,16.0000001490116,0.418224337874721);
#78=CONICAL_SURFACE('',#2869,4.575,0.785398163397448);
#79=CONICAL_SURFACE('',#2889,17.5,0.78539816339745);
#80=CONICAL_SURFACE('',#2894,16.75,0.785398163397449);
#81=B_SPLINE_SURFACE_WITH_KNOTS('',3,3,((#3961,#3962,#3963,#3964),(#3965,
#3966,#3967,#3968),(#3969,#3970,#3971,#3972),(#3973,#3974,#3975,#3976)),
 .UNSPECIFIED.,.F.,.F.,.F.,(4,4),(4,4),(0.,1.),(-1.54734298291048E-11,0.351602766328885),
 .UNSPECIFIED.);
#82=B_SPLINE_SURFACE_WITH_KNOTS('',3,3,((#4005,#4006,#4007,#4008,#4009),
(#4010,#4011,#4012,#4013,#4014),(#4015,#4016,#4017,#4018,#4019),(#4020,
#4021,#4022,#4023,#4024)),.UNSPECIFIED.,.F.,.F.,.F.,(4,4),(4,1,4),(0.,1.),
(-1.5707963267949,-0.897597901025656,-1.42579491335627E-15),
 .UNSPECIFIED.);
#83=B_SPLINE_SURFACE_WITH_KNOTS('',3,3,((#4042,#4043,#4044,#4045),(#4046,
#4047,#4048,#4049),(#4050,#4051,#4052,#4053),(#4054,#4055,#4056,#4057)),
 .UNSPECIFIED.,.F.,.F.,.F.,(4,4),(4,4),(0.,1.),(2.52923259748722,2.57464359033166),
 .UNSPECIFIED.);
#84=B_SPLINE_SURFACE_WITH_KNOTS('',3,3,((#4791,#4792,#4793,#4794,#4795,
#4796,#4797,#4798,#4799,#4800,#4801,#4802,#4803,#4804,#4805,#4806,#4807),
(#4808,#4809,#4810,#4811,#4812,#4813,#4814,#4815,#4816,#4817,#4818,#4819,
#4820,#4821,#4822,#4823,#4824),(#4825,#4826,#4827,#4828,#4829,#4830,#4831,
#4832,#4833,#4834,#4835,#4836,#4837,#4838,#4839,#4840,#4841),(#4842,#4843,
#4844,#4845,#4846,#4847,#4848,#4849,#4850,#4851,#4852,#4853,#4854,#4855,
#4856,#4857,#4858)),.UNSPECIFIED.,.F.,.F.,.F.,(4,4),(4,1,1,1,1,1,1,1,1,
1,1,1,1,1,4),(-0.0057784168000745,0.192542732727136),(9.07709579366815,
9.48655170967147,9.89600762567479,10.3054635416781,10.7149194576814,11.2608606790192,
11.5338312896881,11.9432872056914,12.3527431216947,12.7621990376981,13.1716549537014,
13.5811108697047,13.990566785708,14.4000227017114,14.8094786177147),
 .UNSPECIFIED.);
#85=B_SPLINE_SURFACE_WITH_KNOTS('',3,3,((#5001,#5002,#5003,#5004,#5005,
#5006,#5007,#5008,#5009,#5010,#5011,#5012,#5013,#5014,#5015,#5016,#5017),
(#5018,#5019,#5020,#5021,#5022,#5023,#5024,#5025,#5026,#5027,#5028,#5029,
#5030,#5031,#5032,#5033,#5034),(#5035,#5036,#5037,#5038,#5039,#5040,#5041,
#5042,#5043,#5044,#5045,#5046,#5047,#5048,#5049,#5050,#5051),(#5052,#5053,
#5054,#5055,#5056,#5057,#5058,#5059,#5060,#5061,#5062,#5063,#5064,#5065,
#5066,#5067,#5068)),.UNSPECIFIED.,.F.,.F.,.F.,(4,4),(4,1,1,1,1,1,1,1,1,
1,1,1,1,1,4),(-0.0057784168000745,0.192542732727136),(15.0364632681399,
15.4690490293367,15.9016347905334,16.3342205517302,16.7668063129269,17.0551968203914,
17.6319778353204,17.9203683427849,18.4971493577138,19.0739303726428,19.3623208801073,
19.9391018950363,20.2274924025008,20.6600781636975,21.0926639248943),
 .UNSPECIFIED.);
#86=B_SPLINE_SURFACE_WITH_KNOTS('',3,3,((#5149,#5150,#5151,#5152,#5153,
#5154,#5155,#5156,#5157,#5158,#5159,#5160,#5161,#5162,#5163,#5164,#5165),
(#5166,#5167,#5168,#5169,#5170,#5171,#5172,#5173,#5174,#5175,#5176,#5177,
#5178,#5179,#5180,#5181,#5182),(#5183,#5184,#5185,#5186,#5187,#5188,#5189,
#5190,#5191,#5192,#5193,#5194,#5195,#5196,#5197,#5198,#5199),(#5200,#5201,
#5202,#5203,#5204,#5205,#5206,#5207,#5208,#5209,#5210,#5211,#5212,#5213,
#5214,#5215,#5216)),.UNSPECIFIED.,.F.,.F.,.F.,(4,4),(4,1,1,1,1,1,1,1,1,
1,1,1,1,1,4),(-0.0057784168000745,0.192542732727136),(21.3196485753195,
21.7522343365163,22.184820097713,22.6174058589097,23.0499916201065,23.338382127571,
23.9151631425,24.2035536499644,24.7803346648934,25.3571156798224,25.6455061872869,
26.2222872022159,26.5106777096804,26.9432634708771,27.3758492320738),
 .UNSPECIFIED.);
#87=B_SPLINE_SURFACE_WITH_KNOTS('',3,3,((#5297,#5298,#5299,#5300,#5301,
#5302,#5303,#5304,#5305,#5306,#5307,#5308,#5309,#5310,#5311,#5312,#5313),
(#5314,#5315,#5316,#5317,#5318,#5319,#5320,#5321,#5322,#5323,#5324,#5325,
#5326,#5327,#5328,#5329,#5330),(#5331,#5332,#5333,#5334,#5335,#5336,#5337,
#5338,#5339,#5340,#5341,#5342,#5343,#5344,#5345,#5346,#5347),(#5348,#5349,
#5350,#5351,#5352,#5353,#5354,#5355,#5356,#5357,#5358,#5359,#5360,#5361,
#5362,#5363,#5364)),.UNSPECIFIED.,.F.,.F.,.F.,(4,4),(4,1,1,1,1,1,1,1,1,
1,1,1,1,1,4),(-0.0057784168000745,0.192542732727136),(27.6028338824991,
28.0354196436959,28.4680054048926,28.9005911660893,29.3331769272861,29.6215674347506,
30.1983484496795,30.486738957144,31.063519972073,31.640300987002,31.9286914944665,
32.5054725093955,32.79386301686,33.2264487780567,33.6590345392534),
 .UNSPECIFIED.);
#88=B_SPLINE_SURFACE_WITH_KNOTS('',3,3,((#5445,#5446,#5447,#5448,#5449,
#5450,#5451,#5452,#5453,#5454,#5455,#5456,#5457,#5458,#5459,#5460,#5461),
(#5462,#5463,#5464,#5465,#5466,#5467,#5468,#5469,#5470,#5471,#5472,#5473,
#5474,#5475,#5476,#5477,#5478),(#5479,#5480,#5481,#5482,#5483,#5484,#5485,
#5486,#5487,#5488,#5489,#5490,#5491,#5492,#5493,#5494,#5495),(#5496,#5497,
#5498,#5499,#5500,#5501,#5502,#5503,#5504,#5505,#5506,#5507,#5508,#5509,
#5510,#5511,#5512)),.UNSPECIFIED.,.F.,.F.,.F.,(4,4),(4,1,1,1,1,1,1,1,1,
1,1,1,1,1,4),(-0.0057784168000745,0.192542732727136),(33.8860191896787,
34.3186049511095,34.7511907125403,35.1837764739711,35.6163622354019,35.9047527430224,
36.4815337582635,36.769924265884,37.346705281125,37.9234862963661,38.2118768039866,
38.7886578192277,39.0770483268482,39.509634088279,39.9422198497098),
 .UNSPECIFIED.);
#89=B_SPLINE_SURFACE_WITH_KNOTS('',3,3,((#5593,#5594,#5595,#5596,#5597,
#5598,#5599,#5600,#5601,#5602,#5603,#5604,#5605,#5606,#5607,#5608,#5609),
(#5610,#5611,#5612,#5613,#5614,#5615,#5616,#5617,#5618,#5619,#5620,#5621,
#5622,#5623,#5624,#5625,#5626),(#5627,#5628,#5629,#5630,#5631,#5632,#5633,
#5634,#5635,#5636,#5637,#5638,#5639,#5640,#5641,#5642,#5643),(#5644,#5645,
#5646,#5647,#5648,#5649,#5650,#5651,#5652,#5653,#5654,#5655,#5656,#5657,
#5658,#5659,#5660)),.UNSPECIFIED.,.F.,.F.,.F.,(4,4),(4,1,1,1,1,1,1,1,1,
1,1,1,1,1,4),(-0.0057784168000745,0.192542732727136),(40.1692044968583,
40.601790258055,41.0343760192518,41.4669617804485,41.8995475416452,42.1879380491097,
42.7647190640387,43.0531095715032,43.6298905864322,44.2066716013612,44.4950621088256,
45.0718431237546,45.3602336312191,45.7928193924159,46.2254051536126),
 .UNSPECIFIED.);
#90=B_SPLINE_SURFACE_WITH_KNOTS('',3,3,((#5741,#5742,#5743,#5744,#5745,
#5746,#5747,#5748,#5749,#5750,#5751,#5752,#5753,#5754,#5755,#5756,#5757),
(#5758,#5759,#5760,#5761,#5762,#5763,#5764,#5765,#5766,#5767,#5768,#5769,
#5770,#5771,#5772,#5773,#5774),(#5775,#5776,#5777,#5778,#5779,#5780,#5781,
#5782,#5783,#5784,#5785,#5786,#5787,#5788,#5789,#5790,#5791),(#5792,#5793,
#5794,#5795,#5796,#5797,#5798,#5799,#5800,#5801,#5802,#5803,#5804,#5805,
#5806,#5807,#5808)),.UNSPECIFIED.,.F.,.F.,.F.,(4,4),(4,1,1,1,1,1,1,1,1,
1,1,1,1,1,4),(-0.0057784168000745,0.192542732727136),(46.4523898040379,
46.8849755652346,47.3175613264313,47.7501470876281,48.1827328488248,48.4711233562893,
49.0479043712183,49.3362948786828,49.9130758936118,50.4898569085408,50.7782474160052,
51.3550284309342,51.6434189383987,52.0760046995955,52.5085904607922),
 .UNSPECIFIED.);
#91=B_SPLINE_SURFACE_WITH_KNOTS('',3,3,((#5889,#5890,#5891,#5892,#5893,
#5894,#5895,#5896,#5897,#5898,#5899,#5900,#5901,#5902,#5903,#5904,#5905),
(#5906,#5907,#5908,#5909,#5910,#5911,#5912,#5913,#5914,#5915,#5916,#5917,
#5918,#5919,#5920,#5921,#5922),(#5923,#5924,#5925,#5926,#5927,#5928,#5929,
#5930,#5931,#5932,#5933,#5934,#5935,#5936,#5937,#5938,#5939),(#5940,#5941,
#5942,#5943,#5944,#5945,#5946,#5947,#5948,#5949,#5950,#5951,#5952,#5953,
#5954,#5955,#5956)),.UNSPECIFIED.,.F.,.F.,.F.,(4,4),(4,1,1,1,1,1,1,1,1,
1,1,1,1,1,4),(-0.0057784168000745,0.192542732727136),(52.7355751112175,
53.1681608724142,53.6007466336109,54.0333323948077,54.4659181560044,54.7543086634689,
55.3310896783979,55.6194801858624,56.1962612007914,56.7730422157203,57.0614327231848,
57.6382137381138,57.9266042455783,58.359190006775,58.7917757679718),
 .UNSPECIFIED.);
#92=B_SPLINE_SURFACE_WITH_KNOTS('',3,3,((#6037,#6038,#6039,#6040,#6041,
#6042,#6043,#6044,#6045,#6046,#6047,#6048,#6049,#6050,#6051,#6052,#6053),
(#6054,#6055,#6056,#6057,#6058,#6059,#6060,#6061,#6062,#6063,#6064,#6065,
#6066,#6067,#6068,#6069,#6070),(#6071,#6072,#6073,#6074,#6075,#6076,#6077,
#6078,#6079,#6080,#6081,#6082,#6083,#6084,#6085,#6086,#6087),(#6088,#6089,
#6090,#6091,#6092,#6093,#6094,#6095,#6096,#6097,#6098,#6099,#6100,#6101,
#6102,#6103,#6104)),.UNSPECIFIED.,.F.,.F.,.F.,(4,4),(4,1,1,1,1,1,1,1,1,
1,1,1,1,1,4),(-0.0057784168000745,0.192542732727136),(59.0187604183971,
59.4513461795938,59.8839319407905,60.3165177019873,60.749103463184,61.0374939706485,
61.6142749855775,61.902665493042,62.479446507971,63.0562275228999,63.3446180303644,
63.9213990452934,64.2097895527579,64.6423753139546,65.0749610751514),
 .UNSPECIFIED.);
#93=B_SPLINE_SURFACE_WITH_KNOTS('',3,3,((#6185,#6186,#6187,#6188,#6189,
#6190,#6191,#6192,#6193,#6194,#6195,#6196,#6197,#6198,#6199,#6200,#6201),
(#6202,#6203,#6204,#6205,#6206,#6207,#6208,#6209,#6210,#6211,#6212,#6213,
#6214,#6215,#6216,#6217,#6218),(#6219,#6220,#6221,#6222,#6223,#6224,#6225,
#6226,#6227,#6228,#6229,#6230,#6231,#6232,#6233,#6234,#6235),(#6236,#6237,
#6238,#6239,#6240,#6241,#6242,#6243,#6244,#6245,#6246,#6247,#6248,#6249,
#6250,#6251,#6252)),.UNSPECIFIED.,.F.,.F.,.F.,(4,4),(4,1,1,1,1,1,1,1,1,
1,1,1,1,1,4),(-0.0057784168000745,0.192542732727136),(65.3019457224871,
65.7345314839045,66.1671172453219,66.5997030067393,67.0322887681567,67.4648745295742,
67.8974602909916,68.1858507986032,68.7626318138264,69.051022321438,69.6278033366613,
70.0603890980787,70.4929748594961,70.9255606209135,71.358146382331),
 .UNSPECIFIED.);
#94=B_SPLINE_SURFACE_WITH_KNOTS('',3,3,((#6333,#6334,#6335,#6336,#6337,
#6338,#6339,#6340,#6341,#6342,#6343,#6344,#6345,#6346,#6347,#6348,#6349),
(#6350,#6351,#6352,#6353,#6354,#6355,#6356,#6357,#6358,#6359,#6360,#6361,
#6362,#6363,#6364,#6365,#6366),(#6367,#6368,#6369,#6370,#6371,#6372,#6373,
#6374,#6375,#6376,#6377,#6378,#6379,#6380,#6381,#6382,#6383),(#6384,#6385,
#6386,#6387,#6388,#6389,#6390,#6391,#6392,#6393,#6394,#6395,#6396,#6397,
#6398,#6399,#6400)),.UNSPECIFIED.,.F.,.F.,.F.,(4,4),(4,1,1,1,1,1,1,1,1,
1,1,1,1,1,4),(-0.0057784168000745,0.192542732727136),(71.5851310327562,
72.017716793953,72.4503025551497,72.8828883163464,73.3154740775432,73.7480598387399,
74.1806455999366,74.4690361074011,75.0458171223301,75.3342076297946,75.9109886447236,
76.3435744059203,76.7761601671171,77.2087459283138,77.6413316895105),
 .UNSPECIFIED.);
#95=B_SPLINE_SURFACE_WITH_KNOTS('',3,3,((#6481,#6482,#6483,#6484,#6485,
#6486,#6487,#6488,#6489),(#6490,#6491,#6492,#6493,#6494,#6495,#6496,#6497,
#6498),(#6499,#6500,#6501,#6502,#6503,#6504,#6505,#6506,#6507),(#6508,#6509,
#6510,#6511,#6512,#6513,#6514,#6515,#6516)),.UNSPECIFIED.,.F.,.F.,.F.,(4,
4),(4,1,1,1,1,1,4),(-0.0057784168000745,0.105448408348381),(90.434686954295,
90.8330092500551,91.6296538415753,92.0279761373354,92.4262984330955,92.8246207288556,
93.2229430246157),.UNSPECIFIED.);
#96=B_SPLINE_SURFACE_WITH_KNOTS('',3,3,((#6536,#6537,#6538,#6539,#6540,
#6541,#6542,#6543,#6544,#6545,#6546,#6547,#6548,#6549,#6550,#6551,#6552),
(#6553,#6554,#6555,#6556,#6557,#6558,#6559,#6560,#6561,#6562,#6563,#6564,
#6565,#6566,#6567,#6568,#6569),(#6570,#6571,#6572,#6573,#6574,#6575,#6576,
#6577,#6578,#6579,#6580,#6581,#6582,#6583,#6584,#6585,#6586),(#6587,#6588,
#6589,#6590,#6591,#6592,#6593,#6594,#6595,#6596,#6597,#6598,#6599,#6600,
#6601,#6602,#6603)),.UNSPECIFIED.,.F.,.F.,.F.,(4,4),(4,1,1,1,1,1,1,1,1,
1,1,1,1,1,4),(-0.0057784168000745,0.192542732727136),(77.8683163399358,
78.3009021011326,78.7334878623293,79.166073623526,79.5986593847228,80.0312451459195,
80.4638309071162,80.7522214145807,81.3290024295097,81.6173929369742,82.1941739519032,
82.6267597130999,83.0593454742967,83.4919312354934,83.9245169966901),
 .UNSPECIFIED.);
#97=B_SPLINE_SURFACE_WITH_KNOTS('',3,3,((#6684,#6685,#6686,#6687,#6688,
#6689,#6690,#6691,#6692,#6693,#6694,#6695,#6696,#6697,#6698,#6699,#6700),
(#6701,#6702,#6703,#6704,#6705,#6706,#6707,#6708,#6709,#6710,#6711,#6712,
#6713,#6714,#6715,#6716,#6717),(#6718,#6719,#6720,#6721,#6722,#6723,#6724,
#6725,#6726,#6727,#6728,#6729,#6730,#6731,#6732,#6733,#6734),(#6735,#6736,
#6737,#6738,#6739,#6740,#6741,#6742,#6743,#6744,#6745,#6746,#6747,#6748,
#6749,#6750,#6751)),.UNSPECIFIED.,.F.,.F.,.F.,(4,4),(4,1,1,1,1,1,1,1,1,
1,1,1,1,1,4),(-0.0057784168000745,0.192542732727136),(84.1515016471154,
84.5840874083121,85.0166731695089,85.4492589307056,85.8818446919023,86.1702351993668,
86.7470162142958,87.0354067217603,87.6121877366893,88.1889687516183,88.4773592590828,
89.0541402740117,89.3425307814762,89.775116542673,90.2077023038697),
 .UNSPECIFIED.);
#98=B_SPLINE_SURFACE_WITH_KNOTS('',3,3,((#7381,#7382,#7383,#7384,#7385,
#7386,#7387,#7388,#7389,#7390),(#7391,#7392,#7393,#7394,#7395,#7396,#7397,
#7398,#7399,#7400),(#7401,#7402,#7403,#7404,#7405,#7406,#7407,#7408,#7409,
#7410),(#7411,#7412,#7413,#7414,#7415,#7416,#7417,#7418,#7419,#7420)),
 .UNSPECIFIED.,.F.,.F.,.F.,(4,4),(4,1,1,1,1,1,1,4),(0.0057770847395031,
0.204098234266711),(11.7357499705227,12.174738109157,12.6137262477913,13.0527143864256,
13.4917025250599,13.9306906636943,14.3696788023286,14.8086669409629),
 .UNSPECIFIED.);
#99=B_SPLINE_SURFACE_WITH_KNOTS('',3,3,((#7532,#7533,#7534,#7535,#7536,
#7537,#7538,#7539,#7540,#7541,#7542,#7543,#7544,#7545,#7546,#7547,#7548),
(#7549,#7550,#7551,#7552,#7553,#7554,#7555,#7556,#7557,#7558,#7559,#7560,
#7561,#7562,#7563,#7564,#7565),(#7566,#7567,#7568,#7569,#7570,#7571,#7572,
#7573,#7574,#7575,#7576,#7577,#7578,#7579,#7580,#7581,#7582),(#7583,#7584,
#7585,#7586,#7587,#7588,#7589,#7590,#7591,#7592,#7593,#7594,#7595,#7596,
#7597,#7598,#7599)),.UNSPECIFIED.,.F.,.F.,.F.,(4,4),(4,1,1,1,1,1,1,1,1,
1,1,1,1,1,4),(0.0057770847395031,0.204098234266711),(15.0356515913882,15.4682373525849,
15.9008231137817,16.3334088749784,16.7659946361751,17.1985803973719,17.6311661585686,
18.2079471734976,18.4963376809621,19.0731186958911,19.3615092033555,19.7940949645523,
20.226680725749,20.6592664869458,21.0918522481425),.UNSPECIFIED.);
#100=B_SPLINE_SURFACE_WITH_KNOTS('',3,3,((#7637,#7638,#7639,#7640,#7641,
#7642,#7643,#7644,#7645,#7646,#7647,#7648,#7649,#7650,#7651,#7652,#7653),
(#7654,#7655,#7656,#7657,#7658,#7659,#7660,#7661,#7662,#7663,#7664,#7665,
#7666,#7667,#7668,#7669,#7670),(#7671,#7672,#7673,#7674,#7675,#7676,#7677,
#7678,#7679,#7680,#7681,#7682,#7683,#7684,#7685,#7686,#7687),(#7688,#7689,
#7690,#7691,#7692,#7693,#7694,#7695,#7696,#7697,#7698,#7699,#7700,#7701,
#7702,#7703,#7704)),.UNSPECIFIED.,.F.,.F.,.F.,(4,4),(4,1,1,1,1,1,1,1,1,
1,1,1,1,1,4),(0.0057770847395031,0.204098234266711),(21.3188368985678,21.7514226600863,
22.1840084216049,22.6165941831235,23.049179944642,23.4817657061606,23.9143514676792,
24.2027419753582,24.7795229907163,25.0679134983954,25.6446945137535,26.077280275272,
26.5098660367906,26.9424517983092,27.3750375598277),.UNSPECIFIED.);
#101=B_SPLINE_SURFACE_WITH_KNOTS('',3,3,((#7742,#7743,#7744,#7745,#7746,
#7747,#7748,#7749,#7750,#7751,#7752,#7753,#7754,#7755,#7756,#7757,#7758),
(#7759,#7760,#7761,#7762,#7763,#7764,#7765,#7766,#7767,#7768,#7769,#7770,
#7771,#7772,#7773,#7774,#7775),(#7776,#7777,#7778,#7779,#7780,#7781,#7782,
#7783,#7784,#7785,#7786,#7787,#7788,#7789,#7790,#7791,#7792),(#7793,#7794,
#7795,#7796,#7797,#7798,#7799,#7800,#7801,#7802,#7803,#7804,#7805,#7806,
#7807,#7808,#7809)),.UNSPECIFIED.,.F.,.F.,.F.,(4,4),(4,1,1,1,1,1,1,1,1,
1,1,1,1,1,4),(0.0057770847395031,0.204098234266711),(27.6020222057474,28.0346079669441,
28.4671937281408,28.8997794893376,29.3323652505343,29.9091462654633,30.1975367729278,
30.7743177878568,31.0627082953212,31.6394893102502,31.9278798177147,32.5046608326437,
32.7930513401082,33.2256371013049,33.6582228625017),.UNSPECIFIED.);
#102=B_SPLINE_SURFACE_WITH_KNOTS('',3,3,((#7847,#7848,#7849,#7850,#7851,
#7852,#7853,#7854,#7855,#7856,#7857,#7858,#7859,#7860,#7861,#7862,#7863),
(#7864,#7865,#7866,#7867,#7868,#7869,#7870,#7871,#7872,#7873,#7874,#7875,
#7876,#7877,#7878,#7879,#7880),(#7881,#7882,#7883,#7884,#7885,#7886,#7887,
#7888,#7889,#7890,#7891,#7892,#7893,#7894,#7895,#7896,#7897),(#7898,#7899,
#7900,#7901,#7902,#7903,#7904,#7905,#7906,#7907,#7908,#7909,#7910,#7911,
#7912,#7913,#7914)),.UNSPECIFIED.,.F.,.F.,.F.,(4,4),(4,1,1,1,1,1,1,1,1,
1,1,1,1,1,4),(0.0057770847395031,0.204098234266711),(33.8852075129269,34.3177932741237,
34.7503790353204,35.1829647965171,35.6155505577139,35.9039410651784,36.4807220801074,
36.7691125875718,37.3458936025008,37.9226746174298,38.2110651248943,38.7878461398233,
39.0762366472878,39.5088224084845,39.9414081696812),.UNSPECIFIED.);
#103=B_SPLINE_SURFACE_WITH_KNOTS('',3,3,((#7952,#7953,#7954,#7955,#7956,
#7957,#7958,#7959,#7960,#7961,#7962,#7963,#7964,#7965,#7966,#7967,#7968),
(#7969,#7970,#7971,#7972,#7973,#7974,#7975,#7976,#7977,#7978,#7979,#7980,
#7981,#7982,#7983,#7984,#7985),(#7986,#7987,#7988,#7989,#7990,#7991,#7992,
#7993,#7994,#7995,#7996,#7997,#7998,#7999,#8000,#8001,#8002),(#8003,#8004,
#8005,#8006,#8007,#8008,#8009,#8010,#8011,#8012,#8013,#8014,#8015,#8016,
#8017,#8018,#8019)),.UNSPECIFIED.,.F.,.F.,.F.,(4,4),(4,1,1,1,1,1,1,1,1,
1,1,1,1,1,4),(0.0057770847395031,0.204098234266711),(40.1683928201065,40.6009785813033,
41.0335643425,41.4661501036967,41.8987358648935,42.187126372358,42.7639073872869,
43.0522978947514,43.6290789096804,44.2058599246094,44.4942504320739,45.0710314470029,
45.3594219544674,45.7920077156641,46.2245934768608),.UNSPECIFIED.);
#104=B_SPLINE_SURFACE_WITH_KNOTS('',3,3,((#8057,#8058,#8059,#8060,#8061,
#8062,#8063,#8064,#8065,#8066,#8067,#8068,#8069,#8070,#8071,#8072,#8073),
(#8074,#8075,#8076,#8077,#8078,#8079,#8080,#8081,#8082,#8083,#8084,#8085,
#8086,#8087,#8088,#8089,#8090),(#8091,#8092,#8093,#8094,#8095,#8096,#8097,
#8098,#8099,#8100,#8101,#8102,#8103,#8104,#8105,#8106,#8107),(#8108,#8109,
#8110,#8111,#8112,#8113,#8114,#8115,#8116,#8117,#8118,#8119,#8120,#8121,
#8122,#8123,#8124)),.UNSPECIFIED.,.F.,.F.,.F.,(4,4),(4,1,1,1,1,1,1,1,1,
1,1,1,1,1,4),(0.0057770847395031,0.204098234266711),(46.4515781272861,46.8841638884828,
47.3167496496796,47.7493354108763,48.1819211720731,48.4703116795375,49.0470926944665,
49.335483201931,49.91226421686,50.489045231789,50.7774357392535,51.3542167541825,
51.6426072616469,52.0751930228437,52.5077787840404),.UNSPECIFIED.);
#105=B_SPLINE_SURFACE_WITH_KNOTS('',3,3,((#8162,#8163,#8164,#8165,#8166,
#8167,#8168,#8169,#8170,#8171,#8172,#8173,#8174,#8175,#8176,#8177,#8178),
(#8179,#8180,#8181,#8182,#8183,#8184,#8185,#8186,#8187,#8188,#8189,#8190,
#8191,#8192,#8193,#8194,#8195),(#8196,#8197,#8198,#8199,#8200,#8201,#8202,
#8203,#8204,#8205,#8206,#8207,#8208,#8209,#8210,#8211,#8212),(#8213,#8214,
#8215,#8216,#8217,#8218,#8219,#8220,#8221,#8222,#8223,#8224,#8225,#8226,
#8227,#8228,#8229)),.UNSPECIFIED.,.F.,.F.,.F.,(4,4),(4,1,1,1,1,1,1,1,1,
1,1,1,1,1,4),(0.0057770847395031,0.204098234266711),(52.7347634344657,53.1673491956624,
53.5999349568592,54.0325207180559,54.4651064792526,54.7534969867171,55.3302780016461,
55.6186685091106,56.1954495240396,56.7722305389686,57.0606210464331,57.637402061362,
57.9257925688265,58.3583783300233,58.79096409122),.UNSPECIFIED.);
#106=B_SPLINE_SURFACE_WITH_KNOTS('',3,3,((#8267,#8268,#8269,#8270,#8271,
#8272,#8273,#8274,#8275,#8276,#8277,#8278,#8279,#8280,#8281,#8282,#8283),
(#8284,#8285,#8286,#8287,#8288,#8289,#8290,#8291,#8292,#8293,#8294,#8295,
#8296,#8297,#8298,#8299,#8300),(#8301,#8302,#8303,#8304,#8305,#8306,#8307,
#8308,#8309,#8310,#8311,#8312,#8313,#8314,#8315,#8316,#8317),(#8318,#8319,
#8320,#8321,#8322,#8323,#8324,#8325,#8326,#8327,#8328,#8329,#8330,#8331,
#8332,#8333,#8334)),.UNSPECIFIED.,.F.,.F.,.F.,(4,4),(4,1,1,1,1,1,1,1,1,
1,1,1,1,1,4),(0.0057770847395031,0.204098234266711),(59.0179487416453,59.450534502842,
59.8831202640388,60.3157060252355,60.7482917864322,61.0366822938967,61.6134633088257,
61.9018538162902,62.4786348312192,63.0554158461482,63.3438063536127,63.9205873685416,
64.2089778760061,64.6415636372029,65.0741493983996),.UNSPECIFIED.);
#107=B_SPLINE_SURFACE_WITH_KNOTS('',3,3,((#8372,#8373,#8374,#8375,#8376,
#8377,#8378,#8379,#8380,#8381,#8382,#8383,#8384,#8385,#8386,#8387,#8388),
(#8389,#8390,#8391,#8392,#8393,#8394,#8395,#8396,#8397,#8398,#8399,#8400,
#8401,#8402,#8403,#8404,#8405),(#8406,#8407,#8408,#8409,#8410,#8411,#8412,
#8413,#8414,#8415,#8416,#8417,#8418,#8419,#8420,#8421,#8422),(#8423,#8424,
#8425,#8426,#8427,#8428,#8429,#8430,#8431,#8432,#8433,#8434,#8435,#8436,
#8437,#8438,#8439)),.UNSPECIFIED.,.F.,.F.,.F.,(4,4),(4,1,1,1,1,1,1,1,1,
1,1,1,1,1,4),(0.0057770847395031,0.204098234266711),(65.3011340488249,65.7337198100216,
66.1663055712183,66.5988913324151,67.0314770936118,67.3198676010763,67.8966486160053,
68.1850391234698,68.7618201383988,69.3386011533278,69.6269916607922,70.2037726757212,
70.4921631831857,70.9247489443825,71.3573347055792),.UNSPECIFIED.);
#108=B_SPLINE_SURFACE_WITH_KNOTS('',3,3,((#8477,#8478,#8479,#8480,#8481,
#8482,#8483,#8484,#8485,#8486,#8487,#8488,#8489,#8490,#8491,#8492,#8493),
(#8494,#8495,#8496,#8497,#8498,#8499,#8500,#8501,#8502,#8503,#8504,#8505,
#8506,#8507,#8508,#8509,#8510),(#8511,#8512,#8513,#8514,#8515,#8516,#8517,
#8518,#8519,#8520,#8521,#8522,#8523,#8524,#8525,#8526,#8527),(#8528,#8529,
#8530,#8531,#8532,#8533,#8534,#8535,#8536,#8537,#8538,#8539,#8540,#8541,
#8542,#8543,#8544)),.UNSPECIFIED.,.F.,.F.,.F.,(4,4),(4,1,1,1,1,1,1,1,1,
1,1,1,1,1,4),(0.0057770847395031,0.204098234266711),(71.5843193560045,72.0169051172012,
72.4494908783979,72.8820766395947,73.3146624007914,73.6030529082559,74.1798339231849,
74.4682244306494,75.0450054455784,75.6217864605074,75.9101769679718,76.4869579829008,
76.7753484903653,77.2079342515621,77.6405200127588),.UNSPECIFIED.);
#109=B_SPLINE_SURFACE_WITH_KNOTS('',3,3,((#8582,#8583,#8584,#8585,#8586,
#8587,#8588,#8589,#8590,#8591,#8592,#8593,#8594,#8595,#8596,#8597,#8598),
(#8599,#8600,#8601,#8602,#8603,#8604,#8605,#8606,#8607,#8608,#8609,#8610,
#8611,#8612,#8613,#8614,#8615),(#8616,#8617,#8618,#8619,#8620,#8621,#8622,
#8623,#8624,#8625,#8626,#8627,#8628,#8629,#8630,#8631,#8632),(#8633,#8634,
#8635,#8636,#8637,#8638,#8639,#8640,#8641,#8642,#8643,#8644,#8645,#8646,
#8647,#8648,#8649)),.UNSPECIFIED.,.F.,.F.,.F.,(4,4),(4,1,1,1,1,1,1,1,1,
1,1,1,1,1,4),(0.0057770847395031,0.204098234266711),(77.867504663184,78.3000904243808,
78.7326761855775,79.1652619467743,79.597847707971,79.8862382154355,80.4630192303645,
80.751409737829,81.3281907527579,81.9049717676869,82.1933622751514,82.7701432900804,
83.0585337975449,83.4911195587416,83.9237053199384),.UNSPECIFIED.);
#110=B_SPLINE_SURFACE_WITH_KNOTS('',3,3,((#8687,#8688,#8689,#8690,#8691,
#8692,#8693,#8694,#8695,#8696,#8697,#8698,#8699,#8700,#8701,#8702,#8703),
(#8704,#8705,#8706,#8707,#8708,#8709,#8710,#8711,#8712,#8713,#8714,#8715,
#8716,#8717,#8718,#8719,#8720),(#8721,#8722,#8723,#8724,#8725,#8726,#8727,
#8728,#8729,#8730,#8731,#8732,#8733,#8734,#8735,#8736,#8737),(#8738,#8739,
#8740,#8741,#8742,#8743,#8744,#8745,#8746,#8747,#8748,#8749,#8750,#8751,
#8752,#8753,#8754)),.UNSPECIFIED.,.F.,.F.,.F.,(4,4),(4,1,1,1,1,1,1,1,1,
1,1,1,1,1,4),(0.0057770847395031,0.204098234266711),(84.1506899703636,84.5832757315604,
85.0158614927571,85.4484472539538,85.8810330151506,86.1694235226151,86.7462045375441,
87.0345950450086,87.6113760599375,88.1881570748665,88.476547582331,89.05332859726,
89.3417191047245,89.7743048659212,90.206890627118),.UNSPECIFIED.);
#111=B_SPLINE_SURFACE_WITH_KNOTS('',3,3,((#9001,#9002,#9003,#9004,#9005,
#9006,#9007,#9008,#9009,#9010),(#9011,#9012,#9013,#9014,#9015,#9016,#9017,
#9018,#9019,#9020),(#9021,#9022,#9023,#9024,#9025,#9026,#9027,#9028,#9029,
#9030),(#9031,#9032,#9033,#9034,#9035,#9036,#9037,#9038,#9039,#9040)),
 .UNSPECIFIED.,.F.,.F.,.F.,(4,4),(4,1,1,1,1,1,1,4),(0.0057770847395031,
0.204098234266711),(90.4338752775432,91.0438625936357,91.6538499097282,
92.2638372258207,92.8738245419133,93.4838118580058,94.0937991740983,94.7037864901908),
 .UNSPECIFIED.);
#112=ELLIPSE('',#2735,9.2361030850902,6.5);
#113=ELLIPSE('',#2740,6.53091112320527,6.5);
#114=ELLIPSE('',#2741,20.0951111483239,20.);
#115=ELLIPSE('',#2743,9.2361030850902,6.5);
#116=ELLIPSE('',#2746,20.0951111483239,20.);
#117=ELLIPSE('',#2747,6.53091112320527,6.5);
#118=ELLIPSE('',#2751,27.4249945436822,20.);
#119=ELLIPSE('',#2809,21.4093241127648,18.6287995075687);
#120=ELLIPSE('',#2810,19.2829721832415,15.4300634651231);
#121=ELLIPSE('',#2811,15.5391137033359,13.5209795591896);
#122=ELLIPSE('',#2812,26.2240995948367,20.9842921111355);
#123=LINE('',#3871,#334);
#124=LINE('',#3875,#335);
#125=LINE('',#3877,#336);
#126=LINE('',#3878,#337);
#127=LINE('',#3881,#338);
#128=LINE('',#3883,#339);
#129=LINE('',#3884,#340);
#130=LINE('',#3887,#341);
#131=LINE('',#3889,#342);
#132=LINE('',#3890,#343);
#133=LINE('',#3893,#344);
#134=LINE('',#3895,#345);
#135=LINE('',#3897,#346);
#136=LINE('',#3898,#347);
#137=LINE('',#3905,#348);
#138=LINE('',#3906,#349);
#139=LINE('',#3910,#350);
#140=LINE('',#3914,#351);
#141=LINE('',#3916,#352);
#142=LINE('',#3917,#353);
#143=LINE('',#3920,#354);
#144=LINE('',#3922,#355);
#145=LINE('',#3923,#356);
#146=LINE('',#3926,#357);
#147=LINE('',#3928,#358);
#148=LINE('',#3930,#359);
#149=LINE('',#3936,#360);
#150=LINE('',#3938,#361);
#151=LINE('',#3940,#362);
#152=LINE('',#3941,#363);
#153=LINE('',#3944,#364);
#154=LINE('',#3945,#365);
#155=LINE('',#3949,#366);
#156=LINE('',#3951,#367);
#157=LINE('',#3955,#368);
#158=LINE('',#3957,#369);
#159=LINE('',#3959,#370);
#160=LINE('',#3960,#371);
#161=LINE('',#3986,#372);
#162=LINE('',#4026,#373);
#163=LINE('',#4034,#374);
#164=LINE('',#4041,#375);
#165=LINE('',#4068,#376);
#166=LINE('',#4070,#377);
#167=LINE('',#4090,#378);
#168=LINE('',#4093,#379);
#169=LINE('',#4098,#380);
#170=LINE('',#4102,#381);
#171=LINE('',#4110,#382);
#172=LINE('',#4114,#383);
#173=LINE('',#4117,#384);
#174=LINE('',#4121,#385);
#175=LINE('',#4124,#386);
#176=LINE('',#4129,#387);
#177=LINE('',#4131,#388);
#178=LINE('',#4133,#389);
#179=LINE('',#4139,#390);
#180=LINE('',#4142,#391);
#181=LINE('',#4145,#392);
#182=LINE('',#4147,#393);
#183=LINE('',#4149,#394);
#184=LINE('',#4154,#395);
#185=LINE('',#4183,#396);
#186=LINE('',#4186,#397);
#187=LINE('',#4189,#398);
#188=LINE('',#4195,#399);
#189=LINE('',#4198,#400);
#190=LINE('',#4201,#401);
#191=LINE('',#4202,#402);
#192=LINE('',#4207,#403);
#193=LINE('',#4213,#404);
#194=LINE('',#4218,#405);
#195=LINE('',#4220,#406);
#196=LINE('',#4222,#407);
#197=LINE('',#4223,#408);
#198=LINE('',#4226,#409);
#199=LINE('',#4228,#410);
#200=LINE('',#4229,#411);
#201=LINE('',#4258,#412);
#202=LINE('',#4261,#413);
#203=LINE('',#4263,#414);
#204=LINE('',#4270,#415);
#205=LINE('',#4281,#416);
#206=LINE('',#4292,#417);
#207=LINE('',#4303,#418);
#208=LINE('',#4314,#419);
#209=LINE('',#4325,#420);
#210=LINE('',#4336,#421);
#211=LINE('',#4347,#422);
#212=LINE('',#4358,#423);
#213=LINE('',#4369,#424);
#214=LINE('',#4380,#425);
#215=LINE('',#4391,#426);
#216=LINE('',#4402,#427);
#217=LINE('',#4413,#428);
#218=LINE('',#4424,#429);
#219=LINE('',#4435,#430);
#220=LINE('',#4446,#431);
#221=LINE('',#4457,#432);
#222=LINE('',#4468,#433);
#223=LINE('',#4479,#434);
#224=LINE('',#4490,#435);
#225=LINE('',#4501,#436);
#226=LINE('',#4512,#437);
#227=LINE('',#4523,#438);
#228=LINE('',#4534,#439);
#229=LINE('',#4545,#440);
#230=LINE('',#4562,#441);
#231=LINE('',#4571,#442);
#232=LINE('',#4580,#443);
#233=LINE('',#4589,#444);
#234=LINE('',#4598,#445);
#235=LINE('',#4607,#446);
#236=LINE('',#4616,#447);
#237=LINE('',#4625,#448);
#238=LINE('',#4634,#449);
#239=LINE('',#4643,#450);
#240=LINE('',#4652,#451);
#241=LINE('',#4661,#452);
#242=LINE('',#4670,#453);
#243=LINE('',#4679,#454);
#244=LINE('',#4688,#455);
#245=LINE('',#4697,#456);
#246=LINE('',#4706,#457);
#247=LINE('',#4715,#458);
#248=LINE('',#4724,#459);
#249=LINE('',#4733,#460);
#250=LINE('',#4742,#461);
#251=LINE('',#4751,#462);
#252=LINE('',#4760,#463);
#253=LINE('',#4769,#464);
#254=LINE('',#4778,#465);
#255=LINE('',#4787,#466);
#256=LINE('',#4789,#467);
#257=LINE('',#4790,#468);
#258=LINE('',#8837,#469);
#259=LINE('',#8838,#470);
#260=LINE('',#9044,#471);
#261=LINE('',#9051,#472);
#262=LINE('',#9054,#473);
#263=LINE('',#9056,#474);
#264=LINE('',#9057,#475);
#265=LINE('',#9060,#476);
#266=LINE('',#9061,#477);
#267=LINE('',#9064,#478);
#268=LINE('',#9065,#479);
#269=LINE('',#9068,#480);
#270=LINE('',#9069,#481);
#271=LINE('',#9072,#482);
#272=LINE('',#9073,#483);
#273=LINE('',#9075,#484);
#274=LINE('',#9081,#485);
#275=LINE('',#9082,#486);
#276=LINE('',#9086,#487);
#277=LINE('',#9087,#488);
#278=LINE('',#9089,#489);
#279=LINE('',#9095,#490);
#280=LINE('',#9101,#491);
#281=LINE('',#9109,#492);
#282=LINE('',#9111,#493);
#283=LINE('',#9113,#494);
#284=LINE('',#9115,#495);
#285=LINE('',#9117,#496);
#286=LINE('',#9118,#497);
#287=LINE('',#9121,#498);
#288=LINE('',#9123,#499);
#289=LINE('',#9124,#500);
#290=LINE('',#9127,#501);
#291=LINE('',#9129,#502);
#292=LINE('',#9130,#503);
#293=LINE('',#9133,#504);
#294=LINE('',#9135,#505);
#295=LINE('',#9137,#506);
#296=LINE('',#9139,#507);
#297=LINE('',#9140,#508);
#298=LINE('',#9143,#509);
#299=LINE('',#9145,#510);
#300=LINE('',#9147,#511);
#301=LINE('',#9149,#512);
#302=LINE('',#9151,#513);
#303=LINE('',#9152,#514);
#304=LINE('',#9155,#515);
#305=LINE('',#9157,#516);
#306=LINE('',#9159,#517);
#307=LINE('',#9160,#518);
#308=LINE('',#9163,#519);
#309=LINE('',#9165,#520);
#310=LINE('',#9167,#521);
#311=LINE('',#9169,#522);
#312=LINE('',#9170,#523);
#313=LINE('',#9172,#524);
#314=LINE('',#9176,#525);
#315=LINE('',#9178,#526);
#316=LINE('',#9179,#527);
#317=LINE('',#9181,#528);
#318=LINE('',#9182,#529);
#319=LINE('',#9184,#530);
#320=LINE('',#9186,#531);
#321=LINE('',#9190,#532);
#322=LINE('',#9191,#533);
#323=LINE('',#9192,#534);
#324=LINE('',#9196,#535);
#325=LINE('',#9200,#536);
#326=LINE('',#9201,#537);
#327=LINE('',#9207,#538);
#328=LINE('',#9209,#539);
#329=LINE('',#9213,#540);
#330=LINE('',#9214,#541);
#331=LINE('',#9217,#542);
#332=LINE('',#9218,#543);
#333=LINE('',#9223,#544);
#334=VECTOR('',#2912,10.);
#335=VECTOR('',#2915,10.);
#336=VECTOR('',#2916,10.);
#337=VECTOR('',#2917,10.);
#338=VECTOR('',#2920,10.);
#339=VECTOR('',#2921,10.);
#340=VECTOR('',#2922,10.);
#341=VECTOR('',#2925,10.);
#342=VECTOR('',#2926,10.);
#343=VECTOR('',#2927,10.);
#344=VECTOR('',#2930,10.);
#345=VECTOR('',#2931,10.);
#346=VECTOR('',#2932,10.);
#347=VECTOR('',#2933,10.);
#348=VECTOR('',#2940,10.);
#349=VECTOR('',#2941,10.);
#350=VECTOR('',#2944,10.);
#351=VECTOR('',#2947,10.);
#352=VECTOR('',#2948,10.);
#353=VECTOR('',#2949,10.);
#354=VECTOR('',#2952,10.);
#355=VECTOR('',#2953,10.);
#356=VECTOR('',#2954,10.);
#357=VECTOR('',#2957,10.);
#358=VECTOR('',#2958,10.);
#359=VECTOR('',#2959,10.);
#360=VECTOR('',#2966,10.);
#361=VECTOR('',#2967,10.);
#362=VECTOR('',#2968,10.);
#363=VECTOR('',#2969,10.);
#364=VECTOR('',#2972,10.);
#365=VECTOR('',#2973,10.);
#366=VECTOR('',#2976,10.);
#367=VECTOR('',#2979,10.);
#368=VECTOR('',#2982,10.);
#369=VECTOR('',#2983,10.);
#370=VECTOR('',#2984,10.);
#371=VECTOR('',#2985,10.);
#372=VECTOR('',#2986,10.);
#373=VECTOR('',#2991,10.);
#374=VECTOR('',#2992,10.);
#375=VECTOR('',#2995,10.);
#376=VECTOR('',#2998,10.);
#377=VECTOR('',#2999,10.);
#378=VECTOR('',#3006,10.);
#379=VECTOR('',#3009,10.);
#380=VECTOR('',#3014,10.);
#381=VECTOR('',#3019,10.);
#382=VECTOR('',#3026,10.);
#383=VECTOR('',#3031,10.);
#384=VECTOR('',#3034,10.);
#385=VECTOR('',#3039,10.);
#386=VECTOR('',#3042,10.);
#387=VECTOR('',#3049,10.);
#388=VECTOR('',#3052,10.);
#389=VECTOR('',#3055,10.);
#390=VECTOR('',#3064,10.);
#391=VECTOR('',#3069,10.);
#392=VECTOR('',#3072,10.);
#393=VECTOR('',#3073,10.);
#394=VECTOR('',#3074,10.);
#395=VECTOR('',#3075,10.);
#396=VECTOR('',#3084,10.);
#397=VECTOR('',#3089,10.);
#398=VECTOR('',#3092,10.);
#399=VECTOR('',#3095,10.);
#400=VECTOR('',#3098,10.);
#401=VECTOR('',#3101,10.);
#402=VECTOR('',#3102,10.);
#403=VECTOR('',#3107,10.);
#404=VECTOR('',#3114,10.);
#405=VECTOR('',#3119,10.);
#406=VECTOR('',#3120,10.);
#407=VECTOR('',#3121,10.);
#408=VECTOR('',#3122,10.);
#409=VECTOR('',#3125,10.);
#410=VECTOR('',#3126,10.);
#411=VECTOR('',#3127,10.);
#412=VECTOR('',#3148,10.);
#413=VECTOR('',#3151,10.);
#414=VECTOR('',#3152,10.);
#415=VECTOR('',#3153,10.);
#416=VECTOR('',#3154,10.);
#417=VECTOR('',#3155,10.);
#418=VECTOR('',#3156,10.);
#419=VECTOR('',#3157,10.);
#420=VECTOR('',#3158,10.);
#421=VECTOR('',#3159,10.);
#422=VECTOR('',#3160,10.);
#423=VECTOR('',#3161,10.);
#424=VECTOR('',#3162,10.);
#425=VECTOR('',#3163,10.);
#426=VECTOR('',#3164,10.);
#427=VECTOR('',#3165,10.);
#428=VECTOR('',#3166,10.);
#429=VECTOR('',#3167,10.);
#430=VECTOR('',#3168,10.);
#431=VECTOR('',#3169,10.);
#432=VECTOR('',#3170,10.);
#433=VECTOR('',#3171,10.);
#434=VECTOR('',#3172,10.);
#435=VECTOR('',#3173,10.);
#436=VECTOR('',#3174,10.);
#437=VECTOR('',#3175,10.);
#438=VECTOR('',#3176,10.);
#439=VECTOR('',#3177,10.);
#440=VECTOR('',#3178,10.);
#441=VECTOR('',#3179,10.);
#442=VECTOR('',#3180,10.);
#443=VECTOR('',#3181,10.);
#444=VECTOR('',#3182,10.);
#445=VECTOR('',#3183,10.);
#446=VECTOR('',#3184,10.);
#447=VECTOR('',#3185,10.);
#448=VECTOR('',#3186,10.);
#449=VECTOR('',#3187,10.);
#450=VECTOR('',#3188,10.);
#451=VECTOR('',#3189,10.);
#452=VECTOR('',#3190,10.);
#453=VECTOR('',#3191,10.);
#454=VECTOR('',#3192,10.);
#455=VECTOR('',#3193,10.);
#456=VECTOR('',#3194,10.);
#457=VECTOR('',#3195,10.);
#458=VECTOR('',#3196,10.);
#459=VECTOR('',#3197,10.);
#460=VECTOR('',#3198,10.);
#461=VECTOR('',#3199,10.);
#462=VECTOR('',#3200,10.);
#463=VECTOR('',#3201,10.);
#464=VECTOR('',#3202,10.);
#465=VECTOR('',#3203,10.);
#466=VECTOR('',#3204,10.);
#467=VECTOR('',#3205,10.);
#468=VECTOR('',#3206,10.);
#469=VECTOR('',#3273,10.);
#470=VECTOR('',#3274,10.);
#471=VECTOR('',#3281,4.65);
#472=VECTOR('',#3290,3.15);
#473=VECTOR('',#3293,10.);
#474=VECTOR('',#3294,10.);
#475=VECTOR('',#3295,10.);
#476=VECTOR('',#3298,10.);
#477=VECTOR('',#3299,10.);
#478=VECTOR('',#3302,10.);
#479=VECTOR('',#3303,10.);
#480=VECTOR('',#3306,10.);
#481=VECTOR('',#3307,10.);
#482=VECTOR('',#3310,10.);
#483=VECTOR('',#3311,10.);
#484=VECTOR('',#3314,10.);
#485=VECTOR('',#3323,10.);
#486=VECTOR('',#3324,10.);
#487=VECTOR('',#3329,10.);
#488=VECTOR('',#3330,10.);
#489=VECTOR('',#3333,10.);
#490=VECTOR('',#3340,4.575);
#491=VECTOR('',#3347,4.65);
#492=VECTOR('',#3356,10.);
#493=VECTOR('',#3357,10.);
#494=VECTOR('',#3358,10.);
#495=VECTOR('',#3359,10.);
#496=VECTOR('',#3360,10.);
#497=VECTOR('',#3361,10.);
#498=VECTOR('',#3364,10.);
#499=VECTOR('',#3365,10.);
#500=VECTOR('',#3366,10.);
#501=VECTOR('',#3369,10.);
#502=VECTOR('',#3370,10.);
#503=VECTOR('',#3371,10.);
#504=VECTOR('',#3374,10.);
#505=VECTOR('',#3375,10.);
#506=VECTOR('',#3376,10.);
#507=VECTOR('',#3377,10.);
#508=VECTOR('',#3378,10.);
#509=VECTOR('',#3381,10.);
#510=VECTOR('',#3382,10.);
#511=VECTOR('',#3383,10.);
#512=VECTOR('',#3384,10.);
#513=VECTOR('',#3385,10.);
#514=VECTOR('',#3386,10.);
#515=VECTOR('',#3389,10.);
#516=VECTOR('',#3390,10.);
#517=VECTOR('',#3391,10.);
#518=VECTOR('',#3392,10.);
#519=VECTOR('',#3395,10.);
#520=VECTOR('',#3396,10.);
#521=VECTOR('',#3397,10.);
#522=VECTOR('',#3398,10.);
#523=VECTOR('',#3399,10.);
#524=VECTOR('',#3402,10.);
#525=VECTOR('',#3405,10.);
#526=VECTOR('',#3406,10.);
#527=VECTOR('',#3407,10.);
#528=VECTOR('',#3408,10.);
#529=VECTOR('',#3409,10.);
#530=VECTOR('',#3412,10.);
#531=VECTOR('',#3415,10.);
#532=VECTOR('',#3418,10.);
#533=VECTOR('',#3419,10.);
#534=VECTOR('',#3420,10.);
#535=VECTOR('',#3423,10.);
#536=VECTOR('',#3430,10.);
#537=VECTOR('',#3431,10.);
#538=VECTOR('',#3442,10.);
#539=VECTOR('',#3445,10.);
#540=VECTOR('',#3450,10.);
#541=VECTOR('',#3451,10.);
#542=VECTOR('',#3454,10.);
#543=VECTOR('',#3455,10.);
#544=VECTOR('',#3464,3.15);
#545=PLANE('',#2734);
#546=PLANE('',#2736);
#547=PLANE('',#2737);
#548=PLANE('',#2738);
#549=PLANE('',#2739);
#550=PLANE('',#2742);
#551=PLANE('',#2744);
#552=PLANE('',#2745);
#553=PLANE('',#2748);
#554=PLANE('',#2749);
#555=PLANE('',#2750);
#556=PLANE('',#2752);
#557=PLANE('',#2755);
#558=PLANE('',#2756);
#559=PLANE('',#2764);
#560=PLANE('',#2777);
#561=PLANE('',#2778);
#562=PLANE('',#2784);
#563=PLANE('',#2785);
#564=PLANE('',#2790);
#565=PLANE('',#2791);
#566=PLANE('',#2792);
#567=PLANE('',#2795);
#568=PLANE('',#2802);
#569=PLANE('',#2803);
#570=PLANE('',#2813);
#571=PLANE('',#2814);
#572=PLANE('',#2831);
#573=PLANE('',#2847);
#574=PLANE('',#2851);
#575=PLANE('',#2855);
#576=PLANE('',#2856);
#577=PLANE('',#2857);
#578=PLANE('',#2858);
#579=PLANE('',#2859);
#580=PLANE('',#2860);
#581=PLANE('',#2861);
#582=PLANE('',#2864);
#583=PLANE('',#2865);
#584=PLANE('',#2866);
#585=PLANE('',#2867);
#586=PLANE('',#2868);
#587=PLANE('',#2875);
#588=PLANE('',#2877);
#589=PLANE('',#2878);
#590=PLANE('',#2879);
#591=PLANE('',#2880);
#592=PLANE('',#2881);
#593=PLANE('',#2882);
#594=PLANE('',#2883);
#595=PLANE('',#2884);
#596=PLANE('',#2885);
#597=PLANE('',#2886);
#598=PLANE('',#2887);
#599=PLANE('',#2888);
#600=PLANE('',#2892);
#601=PLANE('',#2893);
#602=PLANE('',#2897);
#603=PLANE('',#2899);
#604=PLANE('',#2900);
#605=PLANE('',#2901);
#606=PLANE('',#2904);
#607=FACE_OUTER_BOUND('',#757,.T.);
#608=FACE_OUTER_BOUND('',#758,.T.);
#609=FACE_OUTER_BOUND('',#759,.T.);
#610=FACE_OUTER_BOUND('',#760,.T.);
#611=FACE_OUTER_BOUND('',#761,.T.);
#612=FACE_OUTER_BOUND('',#762,.T.);
#613=FACE_OUTER_BOUND('',#763,.T.);
#614=FACE_OUTER_BOUND('',#764,.T.);
#615=FACE_OUTER_BOUND('',#765,.T.);
#616=FACE_OUTER_BOUND('',#766,.T.);
#617=FACE_OUTER_BOUND('',#767,.T.);
#618=FACE_OUTER_BOUND('',#768,.T.);
#619=FACE_OUTER_BOUND('',#769,.T.);
#620=FACE_OUTER_BOUND('',#770,.T.);
#621=FACE_OUTER_BOUND('',#771,.T.);
#622=FACE_OUTER_BOUND('',#772,.T.);
#623=FACE_OUTER_BOUND('',#773,.T.);
#624=FACE_OUTER_BOUND('',#774,.T.);
#625=FACE_OUTER_BOUND('',#775,.T.);
#626=FACE_OUTER_BOUND('',#776,.T.);
#627=FACE_OUTER_BOUND('',#777,.T.);
#628=FACE_OUTER_BOUND('',#778,.T.);
#629=FACE_OUTER_BOUND('',#779,.T.);
#630=FACE_OUTER_BOUND('',#780,.T.);
#631=FACE_OUTER_BOUND('',#781,.T.);
#632=FACE_OUTER_BOUND('',#782,.T.);
#633=FACE_OUTER_BOUND('',#783,.T.);
#634=FACE_OUTER_BOUND('',#784,.T.);
#635=FACE_OUTER_BOUND('',#785,.T.);
#636=FACE_OUTER_BOUND('',#786,.T.);
#637=FACE_OUTER_BOUND('',#787,.T.);
#638=FACE_OUTER_BOUND('',#788,.T.);
#639=FACE_OUTER_BOUND('',#789,.T.);
#640=FACE_OUTER_BOUND('',#790,.T.);
#641=FACE_OUTER_BOUND('',#791,.T.);
#642=FACE_OUTER_BOUND('',#792,.T.);
#643=FACE_OUTER_BOUND('',#793,.T.);
#644=FACE_OUTER_BOUND('',#794,.T.);
#645=FACE_OUTER_BOUND('',#795,.T.);
#646=FACE_OUTER_BOUND('',#796,.T.);
#647=FACE_OUTER_BOUND('',#799,.T.);
#648=FACE_OUTER_BOUND('',#800,.T.);
#649=FACE_OUTER_BOUND('',#801,.T.);
#650=FACE_OUTER_BOUND('',#802,.T.);
#651=FACE_OUTER_BOUND('',#803,.T.);
#652=FACE_OUTER_BOUND('',#805,.T.);
#653=FACE_OUTER_BOUND('',#806,.T.);
#654=FACE_OUTER_BOUND('',#807,.T.);
#655=FACE_OUTER_BOUND('',#808,.T.);
#656=FACE_OUTER_BOUND('',#809,.T.);
#657=FACE_OUTER_BOUND('',#810,.T.);
#658=FACE_OUTER_BOUND('',#811,.T.);
#659=FACE_OUTER_BOUND('',#812,.T.);
#660=FACE_OUTER_BOUND('',#813,.T.);
#661=FACE_OUTER_BOUND('',#814,.T.);
#662=FACE_OUTER_BOUND('',#815,.T.);
#663=FACE_OUTER_BOUND('',#816,.T.);
#664=FACE_OUTER_BOUND('',#817,.T.);
#665=FACE_OUTER_BOUND('',#818,.T.);
#666=FACE_OUTER_BOUND('',#819,.T.);
#667=FACE_OUTER_BOUND('',#820,.T.);
#668=FACE_OUTER_BOUND('',#821,.T.);
#669=FACE_OUTER_BOUND('',#822,.T.);
#670=FACE_OUTER_BOUND('',#823,.T.);
#671=FACE_OUTER_BOUND('',#824,.T.);
#672=FACE_OUTER_BOUND('',#825,.T.);
#673=FACE_OUTER_BOUND('',#826,.T.);
#674=FACE_OUTER_BOUND('',#827,.T.);
#675=FACE_OUTER_BOUND('',#828,.T.);
#676=FACE_OUTER_BOUND('',#829,.T.);
#677=FACE_OUTER_BOUND('',#830,.T.);
#678=FACE_OUTER_BOUND('',#831,.T.);
#679=FACE_OUTER_BOUND('',#832,.T.);
#680=FACE_OUTER_BOUND('',#833,.T.);
#681=FACE_OUTER_BOUND('',#834,.T.);
#682=FACE_OUTER_BOUND('',#835,.T.);
#683=FACE_OUTER_BOUND('',#836,.T.);
#684=FACE_OUTER_BOUND('',#837,.T.);
#685=FACE_OUTER_BOUND('',#838,.T.);
#686=FACE_OUTER_BOUND('',#839,.T.);
#687=FACE_OUTER_BOUND('',#840,.T.);
#688=FACE_OUTER_BOUND('',#841,.T.);
#689=FACE_OUTER_BOUND('',#842,.T.);
#690=FACE_OUTER_BOUND('',#843,.T.);
#691=FACE_OUTER_BOUND('',#844,.T.);
#692=FACE_OUTER_BOUND('',#845,.T.);
#693=FACE_OUTER_BOUND('',#846,.T.);
#694=FACE_OUTER_BOUND('',#847,.T.);
#695=FACE_OUTER_BOUND('',#848,.T.);
#696=FACE_OUTER_BOUND('',#849,.T.);
#697=FACE_OUTER_BOUND('',#850,.T.);
#698=FACE_OUTER_BOUND('',#851,.T.);
#699=FACE_OUTER_BOUND('',#852,.T.);
#700=FACE_OUTER_BOUND('',#853,.T.);
#701=FACE_OUTER_BOUND('',#854,.T.);
#702=FACE_OUTER_BOUND('',#855,.T.);
#703=FACE_OUTER_BOUND('',#856,.T.);
#704=FACE_OUTER_BOUND('',#857,.T.);
#705=FACE_OUTER_BOUND('',#858,.T.);
#706=FACE_OUTER_BOUND('',#859,.T.);
#707=FACE_OUTER_BOUND('',#860,.T.);
#708=FACE_OUTER_BOUND('',#861,.T.);
#709=FACE_OUTER_BOUND('',#862,.T.);
#710=FACE_OUTER_BOUND('',#863,.T.);
#711=FACE_OUTER_BOUND('',#864,.T.);
#712=FACE_OUTER_BOUND('',#865,.T.);
#713=FACE_OUTER_BOUND('',#866,.T.);
#714=FACE_OUTER_BOUND('',#867,.T.);
#715=FACE_OUTER_BOUND('',#868,.T.);
#716=FACE_OUTER_BOUND('',#870,.T.);
#717=FACE_OUTER_BOUND('',#871,.T.);
#718=FACE_OUTER_BOUND('',#872,.T.);
#719=FACE_OUTER_BOUND('',#873,.T.);
#720=FACE_OUTER_BOUND('',#874,.T.);
#721=FACE_OUTER_BOUND('',#875,.T.);
#722=FACE_OUTER_BOUND('',#876,.T.);
#723=FACE_OUTER_BOUND('',#877,.T.);
#724=FACE_OUTER_BOUND('',#879,.T.);
#725=FACE_OUTER_BOUND('',#880,.T.);
#726=FACE_OUTER_BOUND('',#882,.T.);
#727=FACE_OUTER_BOUND('',#883,.T.);
#728=FACE_OUTER_BOUND('',#884,.T.);
#729=FACE_OUTER_BOUND('',#885,.T.);
#730=FACE_OUTER_BOUND('',#886,.T.);
#731=FACE_OUTER_BOUND('',#887,.T.);
#732=FACE_OUTER_BOUND('',#888,.T.);
#733=FACE_OUTER_BOUND('',#890,.T.);
#734=FACE_OUTER_BOUND('',#891,.T.);
#735=FACE_OUTER_BOUND('',#892,.T.);
#736=FACE_OUTER_BOUND('',#893,.T.);
#737=FACE_OUTER_BOUND('',#894,.T.);
#738=FACE_OUTER_BOUND('',#895,.T.);
#739=FACE_OUTER_BOUND('',#896,.T.);
#740=FACE_OUTER_BOUND('',#897,.T.);
#741=FACE_OUTER_BOUND('',#898,.T.);
#742=FACE_OUTER_BOUND('',#899,.T.);
#743=FACE_OUTER_BOUND('',#900,.T.);
#744=FACE_OUTER_BOUND('',#901,.T.);
#745=FACE_OUTER_BOUND('',#902,.T.);
#746=FACE_OUTER_BOUND('',#903,.T.);
#747=FACE_OUTER_BOUND('',#904,.T.);
#748=FACE_OUTER_BOUND('',#906,.T.);
#749=FACE_OUTER_BOUND('',#907,.T.);
#750=FACE_OUTER_BOUND('',#908,.T.);
#751=FACE_OUTER_BOUND('',#909,.T.);
#752=FACE_OUTER_BOUND('',#910,.T.);
#753=FACE_OUTER_BOUND('',#911,.T.);
#754=FACE_OUTER_BOUND('',#912,.T.);
#755=FACE_OUTER_BOUND('',#913,.T.);
#756=FACE_OUTER_BOUND('',#915,.T.);
#757=EDGE_LOOP('',(#1768,#1769,#1770,#1771,#1772,#1773,#1774,#1775,#1776,
#1777,#1778));
#758=EDGE_LOOP('',(#1779,#1780,#1781,#1782,#1783));
#759=EDGE_LOOP('',(#1784,#1785,#1786,#1787));
#760=EDGE_LOOP('',(#1788,#1789,#1790,#1791,#1792));
#761=EDGE_LOOP('',(#1793,#1794,#1795,#1796,#1797,#1798));
#762=EDGE_LOOP('',(#1799,#1800,#1801,#1802,#1803,#1804,#1805));
#763=EDGE_LOOP('',(#1806,#1807,#1808,#1809,#1810));
#764=EDGE_LOOP('',(#1811,#1812,#1813,#1814));
#765=EDGE_LOOP('',(#1815,#1816,#1817,#1818,#1819,#1820,#1821));
#766=EDGE_LOOP('',(#1822,#1823,#1824,#1825,#1826,#1827));
#767=EDGE_LOOP('',(#1828,#1829,#1830,#1831));
#768=EDGE_LOOP('',(#1832,#1833,#1834,#1835,#1836));
#769=EDGE_LOOP('',(#1837,#1838,#1839,#1840));
#770=EDGE_LOOP('',(#1841,#1842,#1843,#1844));
#771=EDGE_LOOP('',(#1845,#1846,#1847,#1848));
#772=EDGE_LOOP('',(#1849,#1850,#1851,#1852));
#773=EDGE_LOOP('',(#1853,#1854,#1855,#1856));
#774=EDGE_LOOP('',(#1857,#1858,#1859,#1860));
#775=EDGE_LOOP('',(#1861,#1862,#1863,#1864));
#776=EDGE_LOOP('',(#1865,#1866,#1867,#1868,#1869));
#777=EDGE_LOOP('',(#1870,#1871,#1872,#1873));
#778=EDGE_LOOP('',(#1874,#1875,#1876,#1877));
#779=EDGE_LOOP('',(#1878,#1879,#1880,#1881,#1882,#1883,#1884,#1885));
#780=EDGE_LOOP('',(#1886,#1887,#1888,#1889));
#781=EDGE_LOOP('',(#1890,#1891,#1892,#1893));
#782=EDGE_LOOP('',(#1894,#1895,#1896,#1897));
#783=EDGE_LOOP('',(#1898,#1899,#1900,#1901));
#784=EDGE_LOOP('',(#1902,#1903,#1904,#1905));
#785=EDGE_LOOP('',(#1906,#1907,#1908,#1909,#1910,#1911,#1912));
#786=EDGE_LOOP('',(#1913,#1914,#1915,#1916));
#787=EDGE_LOOP('',(#1917,#1918,#1919,#1920));
#788=EDGE_LOOP('',(#1921,#1922,#1923,#1924,#1925));
#789=EDGE_LOOP('',(#1926,#1927,#1928,#1929,#1930,#1931));
#790=EDGE_LOOP('',(#1932,#1933,#1934,#1935));
#791=EDGE_LOOP('',(#1936,#1937,#1938,#1939,#1940,#1941));
#792=EDGE_LOOP('',(#1942,#1943,#1944,#1945,#1946));
#793=EDGE_LOOP('',(#1947,#1948,#1949,#1950));
#794=EDGE_LOOP('',(#1951,#1952,#1953,#1954));
#795=EDGE_LOOP('',(#1955,#1956,#1957,#1958,#1959));
#796=EDGE_LOOP('',(#1960,#1961,#1962,#1963,#1964,#1965,#1966,#1967));
#797=EDGE_LOOP('',(#1968,#1969,#1970,#1971,#1972,#1973,#1974,#1975));
#798=EDGE_LOOP('',(#1976));
#799=EDGE_LOOP('',(#1977,#1978,#1979,#1980,#1981));
#800=EDGE_LOOP('',(#1982,#1983,#1984,#1985,#1986,#1987,#1988));
#801=EDGE_LOOP('',(#1989,#1990,#1991,#1992));
#802=EDGE_LOOP('',(#1993,#1994,#1995,#1996));
#803=EDGE_LOOP('',(#1997,#1998,#1999,#2000,#2001,#2002,#2003,#2004,#2005,
#2006,#2007));
#804=EDGE_LOOP('',(#2008,#2009,#2010,#2011,#2012,#2013));
#805=EDGE_LOOP('',(#2014,#2015));
#806=EDGE_LOOP('',(#2016,#2017,#2018,#2019,#2020,#2021,#2022,#2023,#2024,
#2025,#2026,#2027,#2028,#2029,#2030,#2031,#2032,#2033,#2034,#2035,#2036,
#2037,#2038,#2039,#2040,#2041,#2042,#2043,#2044,#2045,#2046,#2047,#2048,
#2049,#2050,#2051,#2052,#2053,#2054,#2055,#2056,#2057,#2058,#2059,#2060,
#2061,#2062,#2063,#2064,#2065,#2066,#2067,#2068,#2069,#2070,#2071,#2072,
#2073,#2074,#2075,#2076,#2077,#2078,#2079,#2080,#2081,#2082,#2083,#2084,
#2085,#2086,#2087,#2088,#2089,#2090,#2091,#2092,#2093,#2094,#2095,#2096,
#2097,#2098,#2099,#2100,#2101,#2102,#2103,#2104,#2105,#2106,#2107,#2108,
#2109,#2110,#2111,#2112,#2113,#2114,#2115,#2116,#2117,#2118,#2119,#2120,
#2121,#2122,#2123,#2124,#2125,#2126));
#807=EDGE_LOOP('',(#2127,#2128,#2129,#2130,#2131));
#808=EDGE_LOOP('',(#2132,#2133,#2134,#2135));
#809=EDGE_LOOP('',(#2136,#2137,#2138,#2139));
#810=EDGE_LOOP('',(#2140,#2141,#2142,#2143));
#811=EDGE_LOOP('',(#2144,#2145,#2146,#2147));
#812=EDGE_LOOP('',(#2148,#2149,#2150,#2151));
#813=EDGE_LOOP('',(#2152,#2153,#2154,#2155));
#814=EDGE_LOOP('',(#2156,#2157,#2158,#2159));
#815=EDGE_LOOP('',(#2160,#2161,#2162,#2163));
#816=EDGE_LOOP('',(#2164,#2165,#2166,#2167));
#817=EDGE_LOOP('',(#2168,#2169,#2170,#2171));
#818=EDGE_LOOP('',(#2172,#2173,#2174));
#819=EDGE_LOOP('',(#2175,#2176,#2177,#2178));
#820=EDGE_LOOP('',(#2179,#2180,#2181,#2182,#2183));
#821=EDGE_LOOP('',(#2184,#2185,#2186,#2187));
#822=EDGE_LOOP('',(#2188,#2189,#2190,#2191));
#823=EDGE_LOOP('',(#2192,#2193,#2194,#2195));
#824=EDGE_LOOP('',(#2196,#2197,#2198,#2199));
#825=EDGE_LOOP('',(#2200,#2201,#2202,#2203));
#826=EDGE_LOOP('',(#2204,#2205,#2206,#2207));
#827=EDGE_LOOP('',(#2208,#2209,#2210,#2211));
#828=EDGE_LOOP('',(#2212,#2213,#2214,#2215));
#829=EDGE_LOOP('',(#2216,#2217,#2218,#2219));
#830=EDGE_LOOP('',(#2220,#2221,#2222,#2223));
#831=EDGE_LOOP('',(#2224,#2225,#2226,#2227));
#832=EDGE_LOOP('',(#2228,#2229,#2230,#2231));
#833=EDGE_LOOP('',(#2232,#2233,#2234,#2235));
#834=EDGE_LOOP('',(#2236,#2237,#2238,#2239,#2240,#2241,#2242,#2243,#2244));
#835=EDGE_LOOP('',(#2245,#2246,#2247,#2248));
#836=EDGE_LOOP('',(#2249,#2250,#2251,#2252));
#837=EDGE_LOOP('',(#2253,#2254,#2255,#2256));
#838=EDGE_LOOP('',(#2257,#2258,#2259,#2260));
#839=EDGE_LOOP('',(#2261,#2262,#2263,#2264));
#840=EDGE_LOOP('',(#2265,#2266,#2267,#2268));
#841=EDGE_LOOP('',(#2269,#2270,#2271,#2272));
#842=EDGE_LOOP('',(#2273,#2274,#2275,#2276));
#843=EDGE_LOOP('',(#2277,#2278,#2279,#2280));
#844=EDGE_LOOP('',(#2281,#2282,#2283,#2284));
#845=EDGE_LOOP('',(#2285,#2286,#2287,#2288));
#846=EDGE_LOOP('',(#2289,#2290,#2291,#2292));
#847=EDGE_LOOP('',(#2293,#2294,#2295,#2296));
#848=EDGE_LOOP('',(#2297,#2298,#2299,#2300,#2301,#2302,#2303));
#849=EDGE_LOOP('',(#2304,#2305,#2306));
#850=EDGE_LOOP('',(#2307,#2308,#2309,#2310));
#851=EDGE_LOOP('',(#2311,#2312,#2313,#2314));
#852=EDGE_LOOP('',(#2315,#2316,#2317,#2318));
#853=EDGE_LOOP('',(#2319,#2320,#2321,#2322));
#854=EDGE_LOOP('',(#2323,#2324,#2325,#2326));
#855=EDGE_LOOP('',(#2327,#2328,#2329,#2330));
#856=EDGE_LOOP('',(#2331,#2332,#2333,#2334));
#857=EDGE_LOOP('',(#2335,#2336,#2337,#2338));
#858=EDGE_LOOP('',(#2339,#2340,#2341,#2342));
#859=EDGE_LOOP('',(#2343,#2344,#2345,#2346));
#860=EDGE_LOOP('',(#2347,#2348,#2349,#2350));
#861=EDGE_LOOP('',(#2351,#2352,#2353,#2354));
#862=EDGE_LOOP('',(#2355,#2356,#2357,#2358,#2359));
#863=EDGE_LOOP('',(#2360,#2361,#2362,#2363));
#864=EDGE_LOOP('',(#2364,#2365,#2366));
#865=EDGE_LOOP('',(#2367,#2368,#2369,#2370,#2371));
#866=EDGE_LOOP('',(#2372,#2373,#2374,#2375,#2376));
#867=EDGE_LOOP('',(#2377,#2378,#2379,#2380));
#868=EDGE_LOOP('',(#2381));
#869=EDGE_LOOP('',(#2382));
#870=EDGE_LOOP('',(#2383,#2384,#2385,#2386));
#871=EDGE_LOOP('',(#2387,#2388,#2389,#2390));
#872=EDGE_LOOP('',(#2391,#2392,#2393,#2394));
#873=EDGE_LOOP('',(#2395,#2396,#2397,#2398));
#874=EDGE_LOOP('',(#2399,#2400,#2401,#2402));
#875=EDGE_LOOP('',(#2403,#2404,#2405,#2406));
#876=EDGE_LOOP('',(#2407,#2408,#2409,#2410));
#877=EDGE_LOOP('',(#2411,#2412,#2413,#2414,#2415,#2416));
#878=EDGE_LOOP('',(#2417));
#879=EDGE_LOOP('',(#2418,#2419,#2420,#2421,#2422,#2423,#2424));
#880=EDGE_LOOP('',(#2425,#2426,#2427,#2428,#2429,#2430));
#881=EDGE_LOOP('',(#2431,#2432,#2433,#2434));
#882=EDGE_LOOP('',(#2435));
#883=EDGE_LOOP('',(#2436,#2437,#2438,#2439));
#884=EDGE_LOOP('',(#2440,#2441,#2442,#2443));
#885=EDGE_LOOP('',(#2444,#2445,#2446,#2447));
#886=EDGE_LOOP('',(#2448,#2449,#2450,#2451));
#887=EDGE_LOOP('',(#2452,#2453,#2454,#2455));
#888=EDGE_LOOP('',(#2456));
#889=EDGE_LOOP('',(#2457));
#890=EDGE_LOOP('',(#2458,#2459,#2460,#2461,#2462,#2463));
#891=EDGE_LOOP('',(#2464,#2465,#2466,#2467));
#892=EDGE_LOOP('',(#2468,#2469,#2470,#2471));
#893=EDGE_LOOP('',(#2472,#2473,#2474,#2475,#2476,#2477));
#894=EDGE_LOOP('',(#2478,#2479,#2480,#2481,#2482,#2483,#2484,#2485,#2486,
#2487));
#895=EDGE_LOOP('',(#2488,#2489,#2490,#2491,#2492,#2493));
#896=EDGE_LOOP('',(#2494,#2495,#2496,#2497,#2498,#2499));
#897=EDGE_LOOP('',(#2500,#2501,#2502,#2503));
#898=EDGE_LOOP('',(#2504,#2505,#2506,#2507,#2508,#2509));
#899=EDGE_LOOP('',(#2510,#2511,#2512,#2513));
#900=EDGE_LOOP('',(#2514,#2515,#2516,#2517));
#901=EDGE_LOOP('',(#2518,#2519,#2520,#2521));
#902=EDGE_LOOP('',(#2522,#2523,#2524,#2525));
#903=EDGE_LOOP('',(#2526,#2527,#2528,#2529));
#904=EDGE_LOOP('',(#2530,#2531,#2532,#2533,#2534,#2535));
#905=EDGE_LOOP('',(#2536));
#906=EDGE_LOOP('',(#2537,#2538,#2539,#2540));
#907=EDGE_LOOP('',(#2541,#2542,#2543,#2544,#2545));
#908=EDGE_LOOP('',(#2546,#2547,#2548,#2549));
#909=EDGE_LOOP('',(#2550,#2551,#2552,#2553,#2554));
#910=EDGE_LOOP('',(#2555,#2556,#2557,#2558,#2559));
#911=EDGE_LOOP('',(#2560,#2561,#2562,#2563,#2564));
#912=EDGE_LOOP('',(#2565,#2566,#2567,#2568));
#913=EDGE_LOOP('',(#2569,#2570,#2571,#2572));
#914=EDGE_LOOP('',(#2573));
#915=EDGE_LOOP('',(#2574,#2575,#2576,#2577));
#916=CIRCLE('',#2733,4.5);
#917=CIRCLE('',#2754,18.);
#918=CIRCLE('',#2759,1.);
#919=CIRCLE('',#2760,1.);
#920=CIRCLE('',#2762,18.);
#921=CIRCLE('',#2763,18.);
#922=CIRCLE('',#2765,1.);
#923=CIRCLE('',#2766,15.5);
#924=CIRCLE('',#2767,1.);
#925=CIRCLE('',#2768,1.);
#926=CIRCLE('',#2770,1.);
#927=CIRCLE('',#2772,15.5);
#928=CIRCLE('',#2774,1.);
#929=CIRCLE('',#2776,1.);
#930=CIRCLE('',#2780,18.);
#931=CIRCLE('',#2781,15.5);
#932=CIRCLE('',#2783,15.5);
#933=CIRCLE('',#2787,12.9);
#934=CIRCLE('',#2788,18.);
#935=CIRCLE('',#2794,6.5);
#936=CIRCLE('',#2796,4.65);
#937=CIRCLE('',#2798,6.5);
#938=CIRCLE('',#2800,20.);
#939=CIRCLE('',#2801,20.);
#940=CIRCLE('',#2805,20.);
#941=CIRCLE('',#2806,12.);
#942=CIRCLE('',#2807,12.);
#943=CIRCLE('',#2808,12.);
#944=CIRCLE('',#2816,10.06475);
#945=CIRCLE('',#2830,12.);
#946=CIRCLE('',#2832,11.78225);
#947=CIRCLE('',#2850,4.65);
#948=CIRCLE('',#2852,3.15);
#949=CIRCLE('',#2854,3.15);
#950=CIRCLE('',#2863,20.);
#951=CIRCLE('',#2870,6.);
#952=CIRCLE('',#2871,3.15);
#953=CIRCLE('',#2873,4.65);
#954=CIRCLE('',#2874,4.65);
#955=CIRCLE('',#2876,3.15);
#956=CIRCLE('',#2890,17.);
#957=CIRCLE('',#2891,18.);
#958=CIRCLE('',#2895,15.5);
#959=CIRCLE('',#2896,18.);
#960=CIRCLE('',#2903,15.5);
#961=B_SPLINE_CURVE_WITH_KNOTS('',3,(#3610,#3611,#3612,#3613,#3614,#3615,
#3616,#3617),.UNSPECIFIED.,.F.,.F.,(4,2,2,4),(6.66270589434026,6.90400626985032,
7.1646055801536,7.42520489050598),.UNSPECIFIED.);
#962=B_SPLINE_CURVE_WITH_KNOTS('',3,(#3619,#3620,#3621,#3622,#3623,#3624,
#3625,#3626,#3627,#3628,#3629,#3630,#3631,#3632,#3633,#3634,#3635,#3636,
#3637,#3638,#3639,#3640,#3641,#3642,#3643,#3644,#3645,#3646,#3647,#3648,
#3649,#3650,#3651,#3652,#3653,#3654,#3655,#3656,#3657,#3658,#3659,#3660,
#3661,#3662,#3663,#3664,#3665,#3666,#3667,#3668,#3669,#3670,#3671,#3672,
#3673,#3674,#3675,#3676,#3677,#3678,#3679),.UNSPECIFIED.,.F.,.F.,(4,3,3,
3,3,3,3,3,3,3,3,3,3,3,3,3,3,3,3,3,4),(3.65513694571058,3.71328544621133,
3.76944730478218,3.8506155508514,3.93283480751383,4.01580810786393,4.0986795286915,
4.18069406464739,4.20936901835873,4.21580822838985,4.2984897654202,4.38174248435323,
4.46498153125323,4.54364312796408,4.62723526763502,4.63679505391718,4.71942497801182,
4.8051989885707,4.88966253915587,4.9760917797016,5.06252102024734),
 .UNSPECIFIED.);
#963=B_SPLINE_CURVE_WITH_KNOTS('',3,(#3681,#3682,#3683,#3684,#3685,#3686,
#3687,#3688,#3689,#3690,#3691,#3692,#3693,#3694,#3695,#3696,#3697,#3698,
#3699,#3700),.UNSPECIFIED.,.F.,.F.,(4,2,2,2,2,2,2,2,2,4),(-1.19205986486124,
-0.952103905111467,-0.824363934123643,-0.722114610523068,-0.668449112110356,
-0.625254714341123,-0.576667821703382,-0.496598625199137,-0.255658777548032,
-0.169256458354467),.UNSPECIFIED.);
#964=B_SPLINE_CURVE_WITH_KNOTS('',3,(#3702,#3703,#3704,#3705,#3706,#3707,
#3708,#3709,#3710,#3711,#3712,#3713,#3714,#3715,#3716,#3717,#3718,#3719,
#3720,#3721,#3722,#3723,#3724,#3725,#3726,#3727,#3728,#3729,#3730,#3731,
#3732,#3733,#3734,#3735,#3736,#3737,#3738,#3739,#3740,#3741,#3742,#3743,
#3744,#3745,#3746,#3747,#3748,#3749,#3750,#3751,#3752,#3753,#3754,#3755,
#3756,#3757,#3758,#3759,#3760,#3761,#3762,#3763,#3764,#3765,#3766,#3767,
#3768,#3769,#3770,#3771,#3772,#3773,#3774,#3775,#3776,#3777,#3778,#3779,
#3780,#3781,#3782,#3783,#3784,#3785,#3786,#3787,#3788,#3789,#3790,#3791,
#3792,#3793,#3794,#3795,#3796,#3797,#3798,#3799,#3800,#3801,#3802,#3803,
#3804,#3805,#3806,#3807,#3808,#3809,#3810,#3811,#3812,#3813,#3814,#3815,
#3816,#3817,#3818,#3819,#3820,#3821,#3822),.UNSPECIFIED.,.F.,.F.,(4,3,3,
3,3,3,3,3,3,3,3,3,3,3,3,3,3,3,3,3,3,3,3,3,3,3,3,3,3,3,3,3,3,3,3,3,3,3,3,
3,4),(0.,0.0739851918439805,0.148978190634579,0.224711171081675,0.300361422637138,
0.375222897539031,0.395532896113711,0.405792025094678,0.480656752632584,
0.559782210044337,0.636391079919215,0.716774831099407,0.7922729348356,0.797158582279598,
0.817902415775286,0.893631329567744,0.971411874813667,1.04888839459853,
1.12682095257498,1.20475351055144,1.2362032826112,1.31332739810851,1.39154983858956,
1.46976523026999,1.54698037411869,1.61820006566595,1.66057294324654,1.73725680368018,
1.81576800134919,1.8949468745339,1.97441496770654,2.03738607837072,2.11687333162295,
2.19707135554623,2.27729664569519,2.35696298171016,2.43521867926927,2.46220437318316,
2.52706327328632,2.60510075493204,2.61171811526369),.UNSPECIFIED.);
#965=B_SPLINE_CURVE_WITH_KNOTS('',3,(#3824,#3825,#3826,#3827,#3828,#3829,
#3830,#3831),.UNSPECIFIED.,.F.,.F.,(4,2,2,4),(0.,0.393173896352129,0.78634779270426,
1.03520551933088),.UNSPECIFIED.);
#966=B_SPLINE_CURVE_WITH_KNOTS('',3,(#3848,#3849,#3850,#3851,#3852,#3853,
#3854,#3855),.UNSPECIFIED.,.F.,.F.,(4,2,2,4),(5.88350256453485,5.89760844528196,
6.12022016286317,6.34283188044437),.UNSPECIFIED.);
#967=B_SPLINE_CURVE_WITH_KNOTS('',3,(#3856,#3857,#3858,#3859,#3860,#3861,
#3862,#3863,#3864,#3865,#3866,#3867),.UNSPECIFIED.,.F.,.F.,(4,2,2,2,2,4),
(0.00298026352200789,0.381651504755755,0.65818987661495,0.752684969654179,
0.78699672689851,0.818223040412493),.UNSPECIFIED.);
#968=B_SPLINE_CURVE_WITH_KNOTS('',3,(#3978,#3979,#3980,#3981,#3982,#3983,
#3984),.UNSPECIFIED.,.F.,.F.,(4,3,4),(0.249972364768698,0.281412369012484,
0.602173077533248),.UNSPECIFIED.);
#969=B_SPLINE_CURVE_WITH_KNOTS('',3,(#3987,#3988,#3989,#3990),
 .UNSPECIFIED.,.F.,.F.,(4,4),(-1.54734298291048E-11,0.351602766328885),
 .UNSPECIFIED.);
#970=B_SPLINE_CURVE_WITH_KNOTS('',3,(#3994,#3995,#3996,#3997),
 .UNSPECIFIED.,.F.,.F.,(4,4),(5.10089971914489,5.26792250347518),
 .UNSPECIFIED.);
#971=B_SPLINE_CURVE_WITH_KNOTS('',3,(#3999,#4000,#4001,#4002,#4003,#4004),
 .UNSPECIFIED.,.F.,.F.,(4,2,4),(7.31741304992194,7.31784107245278,7.46137433635501),
 .UNSPECIFIED.);
#972=B_SPLINE_CURVE_WITH_KNOTS('',3,(#4028,#4029,#4030,#4031,#4032),
 .UNSPECIFIED.,.F.,.F.,(4,1,4),(1.42579491335627E-15,0.897597901025656,
1.5707963267949),.UNSPECIFIED.);
#973=B_SPLINE_CURVE_WITH_KNOTS('',3,(#4035,#4036,#4037,#4038,#4039),
 .UNSPECIFIED.,.F.,.F.,(4,1,4),(-1.5707963267949,-0.897597901025656,-1.42579491335627E-15),
 .UNSPECIFIED.);
#974=B_SPLINE_CURVE_WITH_KNOTS('',3,(#4058,#4059,#4060,#4061),
 .UNSPECIFIED.,.F.,.F.,(4,4),(-2.57464359033166,-2.52923259748722),
 .UNSPECIFIED.);
#975=B_SPLINE_CURVE_WITH_KNOTS('',3,(#4062,#4063,#4064,#4065),
 .UNSPECIFIED.,.F.,.F.,(4,4),(2.52923259748722,2.57464359033166),
 .UNSPECIFIED.);
#976=B_SPLINE_CURVE_WITH_KNOTS('',3,(#4075,#4076,#4077,#4078,#4079,#4080,
#4081,#4082,#4083,#4084),.UNSPECIFIED.,.F.,.F.,(4,2,2,2,4),(0.627018603169184,
0.702874408927579,0.778730214685973,0.859045038463846,0.939359862241719),
 .UNSPECIFIED.);
#977=B_SPLINE_CURVE_WITH_KNOTS('',3,(#4158,#4159,#4160,#4161,#4162,#4163),
 .UNSPECIFIED.,.F.,.F.,(4,2,4),(6.29613974191537,6.8862578357975,7.27527285226904),
 .UNSPECIFIED.);
#978=B_SPLINE_CURVE_WITH_KNOTS('',3,(#4167,#4168,#4169,#4170,#4171,#4172,
#4173,#4174,#4175,#4176,#4177,#4178,#4179,#4180,#4181,#4182),
 .UNSPECIFIED.,.F.,.F.,(4,2,2,2,2,2,2,4),(5.03284343025932,5.24148907635276,
5.46778383899408,5.6940786016354,5.950314417665,6.2065502336946,6.7190218657538,
7.0497360112247),.UNSPECIFIED.);
#979=B_SPLINE_CURVE_WITH_KNOTS('',3,(#4265,#4266,#4267,#4268),
 .UNSPECIFIED.,.F.,.F.,(4,4),(-0.524735864378521,-0.361058206187052),
 .UNSPECIFIED.);
#980=B_SPLINE_CURVE_WITH_KNOTS('',3,(#4272,#4273,#4274,#4275,#4276,#4277,
#4278,#4279),.UNSPECIFIED.,.F.,.F.,(4,2,2,4),(-0.517425347012058,-0.194179465967878,
-0.0045301690428315,0.),.UNSPECIFIED.);
#981=B_SPLINE_CURVE_WITH_KNOTS('',3,(#4283,#4284,#4285,#4286,#4287,#4288,
#4289,#4290),.UNSPECIFIED.,.F.,.F.,(4,2,2,4),(-0.525805164307661,-0.327950217012443,
-0.00400422577846226,0.),.UNSPECIFIED.);
#982=B_SPLINE_CURVE_WITH_KNOTS('',3,(#4294,#4295,#4296,#4297,#4298,#4299,
#4300,#4301),.UNSPECIFIED.,.F.,.F.,(4,2,2,4),(-0.517425347526932,-0.194179466160162,
-0.00453016904585143,0.),.UNSPECIFIED.);
#983=B_SPLINE_CURVE_WITH_KNOTS('',3,(#4305,#4306,#4307,#4308,#4309,#4310,
#4311,#4312),.UNSPECIFIED.,.F.,.F.,(4,2,2,4),(-0.525805156736096,-0.327950212290887,
-0.00400422572321166,0.),.UNSPECIFIED.);
#984=B_SPLINE_CURVE_WITH_KNOTS('',3,(#4316,#4317,#4318,#4319,#4320,#4321,
#4322,#4323),.UNSPECIFIED.,.F.,.F.,(4,2,2,4),(-0.517425347007514,-0.194179465966164,
-0.00453016904280387,0.),.UNSPECIFIED.);
#985=B_SPLINE_CURVE_WITH_KNOTS('',3,(#4327,#4328,#4329,#4330,#4331,#4332,
#4333,#4334),.UNSPECIFIED.,.F.,.F.,(4,2,2,4),(-0.5258051638277,-0.327950216714009,
-0.00400422577723967,0.),.UNSPECIFIED.);
#986=B_SPLINE_CURVE_WITH_KNOTS('',3,(#4338,#4339,#4340,#4341,#4342,#4343,
#4344,#4345),.UNSPECIFIED.,.F.,.F.,(4,2,2,4),(-0.517425346388808,-0.19417946573509,
-0.00453016903916868,0.),.UNSPECIFIED.);
#987=B_SPLINE_CURVE_WITH_KNOTS('',3,(#4349,#4350,#4351,#4352,#4353,#4354,
#4355,#4356),.UNSPECIFIED.,.F.,.F.,(4,2,2,4),(-0.525805164096228,-0.32795021688097,
-0.00400422577792715,0.),.UNSPECIFIED.);
#988=B_SPLINE_CURVE_WITH_KNOTS('',3,(#4360,#4361,#4362,#4363,#4364,#4365,
#4366,#4367),.UNSPECIFIED.,.F.,.F.,(4,2,2,4),(-0.517425349357845,-0.194179466843987,
-0.00453016905660497,0.),.UNSPECIFIED.);
#989=B_SPLINE_CURVE_WITH_KNOTS('',3,(#4371,#4372,#4373,#4374,#4375,#4376,
#4377,#4378),.UNSPECIFIED.,.F.,.F.,(4,2,2,4),(-0.525805164141756,-0.327950216909287,
-0.00400422577805046,0.),.UNSPECIFIED.);
#990=B_SPLINE_CURVE_WITH_KNOTS('',3,(#4382,#4383,#4384,#4385,#4386,#4387,
#4388,#4389),.UNSPECIFIED.,.F.,.F.,(4,2,2,4),(-0.517425347615557,-0.194179466193232,
-0.00453016904637066,0.),.UNSPECIFIED.);
#991=B_SPLINE_CURVE_WITH_KNOTS('',3,(#4393,#4394,#4395,#4396,#4397,#4398,
#4399,#4400),.UNSPECIFIED.,.F.,.F.,(4,2,2,4),(-0.52580516372114,-0.327950216647732,
-0.00400422577698603,0.),.UNSPECIFIED.);
#992=B_SPLINE_CURVE_WITH_KNOTS('',3,(#4404,#4405,#4406,#4407,#4408,#4409,
#4410,#4411),.UNSPECIFIED.,.F.,.F.,(4,2,2,4),(-0.517425347603868,-0.194179466188947,
-0.00453016904630978,0.),.UNSPECIFIED.);
#993=B_SPLINE_CURVE_WITH_KNOTS('',3,(#4415,#4416,#4417,#4418,#4419,#4420,
#4421,#4422),.UNSPECIFIED.,.F.,.F.,(4,2,2,4),(-0.525805163621575,-0.327950216585737,
-0.00400422577671756,0.),.UNSPECIFIED.);
#994=B_SPLINE_CURVE_WITH_KNOTS('',3,(#4426,#4427,#4428,#4429,#4430,#4431,
#4432,#4433),.UNSPECIFIED.,.F.,.F.,(4,2,2,4),(-0.51742534651119,-0.194179465780858,
-0.00453016903990116,0.),.UNSPECIFIED.);
#995=B_SPLINE_CURVE_WITH_KNOTS('',3,(#4437,#4438,#4439,#4440,#4441,#4442,
#4443,#4444),.UNSPECIFIED.,.F.,.F.,(4,2,2,4),(-0.525805164998765,-0.327950217442157,
-0.00400422578021907,0.),.UNSPECIFIED.);
#996=B_SPLINE_CURVE_WITH_KNOTS('',3,(#4448,#4449,#4450,#4451,#4452,#4453,
#4454,#4455),.UNSPECIFIED.,.F.,.F.,(4,2,2,4),(-0.517425344085289,-0.194179464874782,
-0.00453016902564471,0.),.UNSPECIFIED.);
#997=B_SPLINE_CURVE_WITH_KNOTS('',3,(#4459,#4460,#4461,#4462,#4463,#4464,
#4465,#4466),.UNSPECIFIED.,.F.,.F.,(4,2,2,4),(-0.525805164057176,-0.327950216856657,
-0.00400422577782011,0.),.UNSPECIFIED.);
#998=B_SPLINE_CURVE_WITH_KNOTS('',3,(#4470,#4471,#4472,#4473,#4474,#4475,
#4476,#4477),.UNSPECIFIED.,.F.,.F.,(4,2,2,4),(-0.517425350034564,-0.194179467096691,
-0.00453016906057686,0.),.UNSPECIFIED.);
#999=B_SPLINE_CURVE_WITH_KNOTS('',3,(#4481,#4482,#4483,#4484,#4485,#4486,
#4487,#4488),.UNSPECIFIED.,.F.,.F.,(4,2,2,4),(-0.525805162986253,-0.327950216188534,
-0.00400422576926143,0.),.UNSPECIFIED.);
#1000=B_SPLINE_CURVE_WITH_KNOTS('',3,(#4492,#4493,#4494,#4495,#4496,#4497,
#4498,#4499),.UNSPECIFIED.,.F.,.F.,(4,2,2,4),(-0.517425351129186,-0.194179468923648,
-0.00453017131714765,-2.27002017183509E-9),.UNSPECIFIED.);
#1001=B_SPLINE_CURVE_WITH_KNOTS('',3,(#4503,#4504,#4505,#4506,#4507,#4508,
#4509,#4510),.UNSPECIFIED.,.F.,.F.,(4,2,2,4),(-0.525805164138871,-0.327950216907479,
-0.00400422577804306,0.),.UNSPECIFIED.);
#1002=B_SPLINE_CURVE_WITH_KNOTS('',3,(#4514,#4515,#4516,#4517,#4518,#4519,
#4520,#4521),.UNSPECIFIED.,.F.,.F.,(4,2,2,4),(-0.51742534873132,-0.194179466610001,
-0.00453016905292141,0.),.UNSPECIFIED.);
#1003=B_SPLINE_CURVE_WITH_KNOTS('',3,(#4525,#4526,#4527,#4528,#4529,#4530,
#4531,#4532),.UNSPECIFIED.,.F.,.F.,(4,2,2,4),(-0.525805164125628,-0.327950216899228,
-0.0040042257780094,0.),.UNSPECIFIED.);
#1004=B_SPLINE_CURVE_WITH_KNOTS('',3,(#4536,#4537,#4538,#4539,#4540,#4541,
#4542,#4543),.UNSPECIFIED.,.F.,.F.,(4,2,2,4),(-0.517425351155637,-0.194179467515293,
-0.00453016906715365,0.),.UNSPECIFIED.);
#1005=B_SPLINE_CURVE_WITH_KNOTS('',3,(#4546,#4547,#4548,#4549,#4550,#4551,
#4552,#4553),.UNSPECIFIED.,.F.,.F.,(4,2,2,4),(-0.359777506740437,-0.327950216848442,
-0.00400422577778678,0.),.UNSPECIFIED.);
#1006=B_SPLINE_CURVE_WITH_KNOTS('',3,(#4555,#4556,#4557,#4558,#4559,#4560),
 .UNSPECIFIED.,.F.,.F.,(4,2,4),(-0.517461200791216,-0.188306849814617,-0.0859620183611061),
 .UNSPECIFIED.);
#1007=B_SPLINE_CURVE_WITH_KNOTS('',3,(#4564,#4565,#4566,#4567,#4568,#4569),
 .UNSPECIFIED.,.F.,.F.,(4,2,4),(-0.525770003508254,-0.318917462113344,0.),
 .UNSPECIFIED.);
#1008=B_SPLINE_CURVE_WITH_KNOTS('',3,(#4573,#4574,#4575,#4576,#4577,#4578),
 .UNSPECIFIED.,.F.,.F.,(4,2,4),(-0.517461200787698,-0.188306849813581,0.),
 .UNSPECIFIED.);
#1009=B_SPLINE_CURVE_WITH_KNOTS('',3,(#4582,#4583,#4584,#4585,#4586,#4587),
 .UNSPECIFIED.,.F.,.F.,(4,2,4),(-0.525770003508487,-0.318917462113507,0.),
 .UNSPECIFIED.);
#1010=B_SPLINE_CURVE_WITH_KNOTS('',3,(#4591,#4592,#4593,#4594,#4595,#4596),
 .UNSPECIFIED.,.F.,.F.,(4,2,4),(-0.517461200791133,-0.188306849814613,0.),
 .UNSPECIFIED.);
#1011=B_SPLINE_CURVE_WITH_KNOTS('',3,(#4600,#4601,#4602,#4603,#4604,#4605),
 .UNSPECIFIED.,.F.,.F.,(4,2,4),(-0.525770003508347,-0.318917462113494,0.),
 .UNSPECIFIED.);
#1012=B_SPLINE_CURVE_WITH_KNOTS('',3,(#4609,#4610,#4611,#4612,#4613,#4614),
 .UNSPECIFIED.,.F.,.F.,(4,2,4),(-0.517461200790447,-0.18830684981441,0.),
 .UNSPECIFIED.);
#1013=B_SPLINE_CURVE_WITH_KNOTS('',3,(#4618,#4619,#4620,#4621,#4622,#4623),
 .UNSPECIFIED.,.F.,.F.,(4,2,4),(-0.525770003508308,-0.318917462113434,0.),
 .UNSPECIFIED.);
#1014=B_SPLINE_CURVE_WITH_KNOTS('',3,(#4627,#4628,#4629,#4630,#4631,#4632),
 .UNSPECIFIED.,.F.,.F.,(4,2,4),(-0.517461200789994,-0.188306852910431,-4.86745965755375E-9),
 .UNSPECIFIED.);
#1015=B_SPLINE_CURVE_WITH_KNOTS('',3,(#4636,#4637,#4638,#4639,#4640,#4641),
 .UNSPECIFIED.,.F.,.F.,(4,2,4),(-0.525770003508206,-0.318917462113421,0.),
 .UNSPECIFIED.);
#1016=B_SPLINE_CURVE_WITH_KNOTS('',3,(#4645,#4646,#4647,#4648,#4649,#4650),
 .UNSPECIFIED.,.F.,.F.,(4,2,4),(-0.517461200788891,-0.188306849813947,0.),
 .UNSPECIFIED.);
#1017=B_SPLINE_CURVE_WITH_KNOTS('',3,(#4654,#4655,#4656,#4657,#4658,#4659),
 .UNSPECIFIED.,.F.,.F.,(4,2,4),(-0.525770003508099,-0.318917462113427,0.),
 .UNSPECIFIED.);
#1018=B_SPLINE_CURVE_WITH_KNOTS('',3,(#4663,#4664,#4665,#4666,#4667,#4668),
 .UNSPECIFIED.,.F.,.F.,(4,2,4),(-0.517461200790101,-0.188306849814287,0.),
 .UNSPECIFIED.);
#1019=B_SPLINE_CURVE_WITH_KNOTS('',3,(#4672,#4673,#4674,#4675,#4676,#4677),
 .UNSPECIFIED.,.F.,.F.,(4,2,4),(-0.525770003508352,-0.318917462113455,0.),
 .UNSPECIFIED.);
#1020=B_SPLINE_CURVE_WITH_KNOTS('',3,(#4681,#4682,#4683,#4684,#4685,#4686),
 .UNSPECIFIED.,.F.,.F.,(4,2,4),(-0.517461200789497,-0.188306849814113,0.),
 .UNSPECIFIED.);
#1021=B_SPLINE_CURVE_WITH_KNOTS('',3,(#4690,#4691,#4692,#4693,#4694,#4695),
 .UNSPECIFIED.,.F.,.F.,(4,2,4),(-0.525770003508295,-0.318917462113456,0.),
 .UNSPECIFIED.);
#1022=B_SPLINE_CURVE_WITH_KNOTS('',3,(#4699,#4700,#4701,#4702,#4703,#4704),
 .UNSPECIFIED.,.F.,.F.,(4,2,4),(-0.517461200789431,-0.188306849814114,0.),
 .UNSPECIFIED.);
#1023=B_SPLINE_CURVE_WITH_KNOTS('',3,(#4708,#4709,#4710,#4711,#4712,#4713),
 .UNSPECIFIED.,.F.,.F.,(4,2,4),(-0.525770003508357,-0.318917462113475,0.),
 .UNSPECIFIED.);
#1024=B_SPLINE_CURVE_WITH_KNOTS('',3,(#4717,#4718,#4719,#4720,#4721,#4722),
 .UNSPECIFIED.,.F.,.F.,(4,2,4),(-0.51746120078954,-0.188306849814108,0.),
 .UNSPECIFIED.);
#1025=B_SPLINE_CURVE_WITH_KNOTS('',3,(#4726,#4727,#4728,#4729,#4730,#4731),
 .UNSPECIFIED.,.F.,.F.,(4,2,4),(-0.525770003508268,-0.318917462113458,0.),
 .UNSPECIFIED.);
#1026=B_SPLINE_CURVE_WITH_KNOTS('',3,(#4735,#4736,#4737,#4738,#4739,#4740),
 .UNSPECIFIED.,.F.,.F.,(4,2,4),(-0.517461200790174,-0.188306849814293,0.),
 .UNSPECIFIED.);
#1027=B_SPLINE_CURVE_WITH_KNOTS('',3,(#4744,#4745,#4746,#4747,#4748,#4749),
 .UNSPECIFIED.,.F.,.F.,(4,2,4),(-0.525770003508178,-0.318917462113445,0.),
 .UNSPECIFIED.);
#1028=B_SPLINE_CURVE_WITH_KNOTS('',3,(#4753,#4754,#4755,#4756,#4757,#4758),
 .UNSPECIFIED.,.F.,.F.,(4,2,4),(-0.517461200789891,-0.188306849814208,0.),
 .UNSPECIFIED.);
#1029=B_SPLINE_CURVE_WITH_KNOTS('',3,(#4762,#4763,#4764,#4765,#4766,#4767),
 .UNSPECIFIED.,.F.,.F.,(4,2,4),(-0.525770003508227,-0.318917462113468,0.),
 .UNSPECIFIED.);
#1030=B_SPLINE_CURVE_WITH_KNOTS('',3,(#4771,#4772,#4773,#4774,#4775,#4776),
 .UNSPECIFIED.,.F.,.F.,(4,2,4),(-0.517461200789372,-0.188306849814046,0.),
 .UNSPECIFIED.);
#1031=B_SPLINE_CURVE_WITH_KNOTS('',3,(#4780,#4781,#4782,#4783,#4784,#4785),
 .UNSPECIFIED.,.F.,.F.,(4,2,4),(-0.525770003508171,-0.31891746211346,0.),
 .UNSPECIFIED.);
#1032=B_SPLINE_CURVE_WITH_KNOTS('',3,(#4860,#4861,#4862,#4863,#4864,#4865,
#4866,#4867,#4868,#4869,#4870,#4871,#4872,#4873,#4874,#4875,#4876,#4877,
#4878,#4879,#4880,#4881,#4882,#4883,#4884,#4885,#4886,#4887,#4888,#4889,
#4890,#4891,#4892,#4893,#4894,#4895,#4896,#4897,#4898,#4899,#4900,#4901,
#4902,#4903,#4904,#4905,#4906,#4907,#4908,#4909,#4910,#4911,#4912,#4913,
#4914,#4915,#4916,#4917,#4918,#4919,#4920,#4921,#4922,#4923),
 .UNSPECIFIED.,.F.,.F.,(4,3,3,3,3,3,3,3,3,3,3,3,3,3,3,3,3,3,3,3,3,4),(0.387771211304992,
0.466104109610911,0.511165175605735,0.588273187399482,0.665508526893346,
0.742211221376054,0.757357692735992,0.782884013198361,0.858021894819762,
0.934295678600456,1.01160211418499,1.08900503655928,1.16580432425456,1.19046943900067,
1.19271710608038,1.2695649801714,1.34753943482958,1.42656394820325,1.50571283478089,
1.58431060651,1.61480318068031,1.63711661752179),.UNSPECIFIED.);
#1033=B_SPLINE_CURVE_WITH_KNOTS('',3,(#4924,#4925,#4926,#4927,#4928,#4929,
#4930,#4931,#4932,#4933,#4934,#4935,#4936,#4937,#4938,#4939,#4940,#4941,
#4942,#4943,#4944,#4945,#4946,#4947,#4948,#4949,#4950,#4951,#4952,#4953,
#4954,#4955,#4956,#4957,#4958,#4959,#4960),.UNSPECIFIED.,.F.,.F.,(4,3,3,
3,3,3,3,3,3,3,3,3,4),(-88.7318219373277,-88.6812181821944,-88.2673555445301,
-87.715538694311,-87.4396302692014,-87.0257676315371,-86.6119049938728,
-86.1980423562084,-85.7841797185441,-85.3703170808798,-84.9564544432154,
-84.5425918055511,-84.1287291679531),.UNSPECIFIED.);
#1034=B_SPLINE_CURVE_WITH_KNOTS('',3,(#4961,#4962,#4963,#4964,#4965,#4966,
#4967,#4968,#4969,#4970,#4971,#4972,#4973,#4974,#4975,#4976,#4977,#4978,
#4979,#4980,#4981,#4982,#4983,#4984,#4985,#4986,#4987,#4988,#4989,#4990,
#4991,#4992,#4993,#4994,#4995,#4996,#4997,#4998,#4999,#5000),
 .UNSPECIFIED.,.F.,.F.,(4,3,3,3,3,3,3,3,3,3,3,3,3,4),(-9.25651786018257,
-8.81284121198368,-8.3285091494031,-7.84417708682252,-7.35984502424195,
-6.87551296166137,-6.39118089908079,-5.90684883650022,-5.58396079477983,
-4.93818471133907,-4.45385264875849,-3.96952058617791,-3.48518852359734,
-3.14255152725922),.UNSPECIFIED.);
#1035=B_SPLINE_CURVE_WITH_KNOTS('',3,(#5069,#5070,#5071,#5072,#5073,#5074,
#5075,#5076,#5077,#5078,#5079,#5080,#5081,#5082,#5083,#5084,#5085,#5086,
#5087,#5088,#5089,#5090,#5091,#5092,#5093,#5094,#5095,#5096,#5097,#5098,
#5099,#5100,#5101,#5102,#5103,#5104,#5105,#5106,#5107,#5108,#5109,#5110,
#5111),.UNSPECIFIED.,.F.,.F.,(4,3,3,3,3,3,3,3,3,3,3,3,3,3,4),(-83.8993850268199,
-83.462122007935,-83.0248589890468,-82.5875959701586,-82.1503329512704,
-81.8588242720116,-81.275806913494,-80.9842982342352,-80.4012808757176,
-79.8182635172001,-79.5267548379413,-78.9437374794237,-78.6522288001649,
-78.2149657812767,-77.7777027624344),.UNSPECIFIED.);
#1036=B_SPLINE_CURVE_WITH_KNOTS('',3,(#5112,#5113,#5114,#5115,#5116,#5117,
#5118,#5119,#5120,#5121,#5122,#5123,#5124,#5125,#5126,#5127,#5128,#5129,
#5130,#5131,#5132,#5133,#5134,#5135,#5136,#5137,#5138,#5139,#5140,#5141,
#5142,#5143,#5144,#5145,#5146,#5147,#5148),.UNSPECIFIED.,.F.,.F.,(4,3,3,
3,3,3,3,3,3,3,3,3,4),(-16.6889160873221,-16.1905193413951,-15.8493909099574,
-15.167134047082,-14.8260056156443,-14.1437487527689,-13.4614918898935,
-13.1203634584558,-12.4381065955804,-12.0969781641427,-11.5852855169861,
-11.0735928698296,-10.5749372766742),.UNSPECIFIED.);
#1037=B_SPLINE_CURVE_WITH_KNOTS('',3,(#5217,#5218,#5219,#5220,#5221,#5222,
#5223,#5224,#5225,#5226,#5227,#5228,#5229,#5230,#5231,#5232,#5233,#5234,
#5235,#5236,#5237,#5238,#5239,#5240,#5241,#5242,#5243,#5244,#5245,#5246,
#5247,#5248,#5249,#5250,#5251,#5252,#5253,#5254,#5255,#5256,#5257,#5258,
#5259),.UNSPECIFIED.,.F.,.F.,(4,3,3,3,3,3,3,3,3,3,3,3,3,3,4),(-77.5484607480243,
-77.1111922250314,-76.6739237020304,-76.2366551790293,-75.7993866560282,
-75.5078743073609,-74.9248496100261,-74.6333372613587,-74.0503125640239,
-73.4672878666892,-73.1757755180218,-72.592750820687,-72.3012384720196,
-71.8639699490186,-71.4267014260333),.UNSPECIFIED.);
#1038=B_SPLINE_CURVE_WITH_KNOTS('',3,(#5260,#5261,#5262,#5263,#5264,#5265,
#5266,#5267,#5268,#5269,#5270,#5271,#5272,#5273,#5274,#5275,#5276,#5277,
#5278,#5279,#5280,#5281,#5282,#5283,#5284,#5285,#5286,#5287,#5288,#5289,
#5290,#5291,#5292,#5293,#5294,#5295,#5296),.UNSPECIFIED.,.F.,.F.,(4,3,3,
3,3,3,3,3,3,3,3,3,4),(-24.1213910894143,-23.6229803692254,-23.2818423730822,
-22.5995663807957,-22.2584283846525,-21.576152392366,-20.8938764000796,
-20.5527384039364,-19.8704624116499,-19.5293244155067,-19.0176174212919,
-18.505910427077,-18.0072408449276),.UNSPECIFIED.);
#1039=B_SPLINE_CURVE_WITH_KNOTS('',3,(#5365,#5366,#5367,#5368,#5369,#5370,
#5371,#5372,#5373,#5374,#5375,#5376,#5377,#5378,#5379,#5380,#5381,#5382,
#5383,#5384,#5385,#5386,#5387,#5388,#5389,#5390,#5391,#5392,#5393,#5394,
#5395,#5396,#5397,#5398,#5399,#5400,#5401,#5402,#5403,#5404,#5405,#5406,
#5407),.UNSPECIFIED.,.F.,.F.,(4,3,3,3,3,3,3,3,3,3,3,3,3,3,4),(-71.1974775552514,
-70.7602112086907,-70.3229448620984,-69.885678515506,-69.4484121689136,
-69.1569012711854,-68.5738794757289,-68.2823685780007,-67.6993467825442,
-67.1163249870877,-66.8248140893594,-66.2417922939029,-65.9502813961747,
-65.5130150495823,-65.0757487029939),.UNSPECIFIED.);
#1040=B_SPLINE_CURVE_WITH_KNOTS('',3,(#5408,#5409,#5410,#5411,#5412,#5413,
#5414,#5415,#5416,#5417,#5418,#5419,#5420,#5421,#5422,#5423,#5424,#5425,
#5426,#5427,#5428,#5429,#5430,#5431,#5432,#5433,#5434,#5435,#5436,#5437,
#5438,#5439,#5440,#5441,#5442,#5443,#5444),.UNSPECIFIED.,.F.,.F.,(4,3,3,
3,3,3,3,3,3,3,3,3,4),(-31.5539115188569,-31.0554896227555,-30.7143439772413,
-30.032052686213,-29.6909070406989,-29.0086157496706,-28.3263244586423,
-27.9851788131281,-27.3028875220999,-26.9617418765857,-26.4500234083145,
-25.9383049400433,-25.4396241836511),.UNSPECIFIED.);
#1041=B_SPLINE_CURVE_WITH_KNOTS('',3,(#5513,#5514,#5515,#5516,#5517,#5518,
#5519,#5520,#5521,#5522,#5523,#5524,#5525,#5526,#5527,#5528,#5529,#5530,
#5531,#5532,#5533,#5534,#5535,#5536,#5537,#5538,#5539,#5540,#5541,#5542,
#5543,#5544,#5545,#5546,#5547,#5548,#5549,#5550,#5551,#5552,#5553,#5554,
#5555),.UNSPECIFIED.,.F.,.F.,(4,3,3,3,3,3,3,3,3,3,3,3,3,3,4),(-64.8464591322858,
-64.4092026587789,-63.9719461852108,-63.5346897116426,-63.0974332380745,
-62.8059289223624,-62.2229202909383,-61.9314159752262,-61.348407343802,
-60.7653987123778,-60.4738943966658,-59.8908857652416,-59.5993814495295,
-59.1621249759614,-58.7248685023933),.UNSPECIFIED.);
#1042=B_SPLINE_CURVE_WITH_KNOTS('',3,(#5556,#5557,#5558,#5559,#5560,#5561,
#5562,#5563,#5564,#5565,#5566,#5567,#5568,#5569,#5570,#5571,#5572,#5573,
#5574,#5575,#5576,#5577,#5578,#5579,#5580,#5581,#5582,#5583,#5584,#5585,
#5586,#5587,#5588,#5589,#5590,#5591,#5592),.UNSPECIFIED.,.F.,.F.,(4,3,3,
3,3,3,3,3,3,3,3,3,4),(-38.9864464101515,-38.4880188252556,-38.1468692835785,
-37.4645702002244,-37.1234206585473,-36.4411215751931,-35.758822491839,
-35.4176729501619,-34.7353738668078,-34.3942243251307,-33.8825000126151,
-33.3707757000994,-32.8720892480805),.UNSPECIFIED.);
#1043=B_SPLINE_CURVE_WITH_KNOTS('',3,(#5661,#5662,#5663,#5664,#5665,#5666,
#5667,#5668,#5669,#5670,#5671,#5672,#5673,#5674,#5675,#5676,#5677,#5678,
#5679,#5680,#5681,#5682,#5683,#5684,#5685,#5686,#5687,#5688,#5689,#5690,
#5691,#5692,#5693,#5694,#5695,#5696,#5697,#5698,#5699,#5700,#5701,#5702,
#5703),.UNSPECIFIED.,.F.,.F.,(4,3,3,3,3,3,3,3,3,3,3,3,3,3,4),(-58.4954288895892,
-58.0581855235354,-57.6209421574199,-57.1836987913044,-56.7464554251889,
-56.4549598477786,-55.871968692958,-55.5804731155477,-54.997481960727,-54.4144908059064,
-54.1229952284961,-53.5400040736755,-53.2485084962651,-52.8112651301496,
-52.3740217640374),.UNSPECIFIED.);
#1044=B_SPLINE_CURVE_WITH_KNOTS('',3,(#5704,#5705,#5706,#5707,#5708,#5709,
#5710,#5711,#5712,#5713,#5714,#5715,#5716,#5717,#5718,#5719,#5720,#5721,
#5722,#5723,#5724,#5725,#5726,#5727,#5728,#5729,#5730,#5731,#5732,#5733,
#5734,#5735,#5736,#5737,#5738,#5739,#5740),.UNSPECIFIED.,.F.,.F.,(4,3,3,
3,3,3,3,3,3,3,3,3,4),(-46.4189649224884,-45.9205370779768,-45.5793873610642,
-44.8970879272391,-44.5559382103265,-43.8736387765013,-43.1913393426762,
-42.8501896257636,-42.1678901919384,-41.8267404750259,-41.315015899657,
-40.8032913242881,-40.3046046163971),.UNSPECIFIED.);
#1045=B_SPLINE_CURVE_WITH_KNOTS('',3,(#5809,#5810,#5811,#5812,#5813,#5814,
#5815,#5816,#5817,#5818,#5819,#5820,#5821,#5822,#5823,#5824,#5825,#5826,
#5827,#5828,#5829,#5830,#5831,#5832,#5833,#5834,#5835,#5836,#5837,#5838,
#5839,#5840,#5841,#5842,#5843,#5844,#5845,#5846,#5847,#5848,#5849,#5850,
#5851),.UNSPECIFIED.,.F.,.F.,(4,3,3,3,3,3,3,3,3,3,3,3,3,3,4),(-52.1444101346218,
-51.7071734680549,-51.2699368014558,-50.8327001348567,-50.3954634682575,
-50.1039723571915,-49.5209901350593,-49.2294990239933,-48.6465168018612,
-48.063534579729,-47.772043468663,-47.1890612465308,-46.8975701354647,-46.4603334688657,
-46.023096802275),.UNSPECIFIED.);
#1046=B_SPLINE_CURVE_WITH_KNOTS('',3,(#5852,#5853,#5854,#5855,#5856,#5857,
#5858,#5859,#5860,#5861,#5862,#5863,#5864,#5865,#5866,#5867,#5868,#5869,
#5870,#5871,#5872,#5873,#5874,#5875,#5876,#5877,#5878,#5879,#5880,#5881,
#5882,#5883,#5884,#5885,#5886,#5887,#5888),.UNSPECIFIED.,.F.,.F.,(4,3,3,
3,3,3,3,3,3,3,3,3,4),(-53.8514360739506,-53.3530134067797,-53.0118672335061,
-52.329574886959,-51.9884287136855,-51.3061363671384,-50.6238440205912,
-50.2826978473177,-49.6004055007706,-49.259259327497,-48.7475400675867,
-48.2358208076763,-47.7371392798151),.UNSPECIFIED.);
#1047=B_SPLINE_CURVE_WITH_KNOTS('',3,(#5957,#5958,#5959,#5960,#5961,#5962,
#5963,#5964,#5965,#5966,#5967,#5968,#5969,#5970,#5971,#5972,#5973,#5974,
#5975,#5976,#5977,#5978,#5979,#5980,#5981,#5982,#5983,#5984,#5985,#5986,
#5987,#5988,#5989,#5990,#5991,#5992,#5993,#5994,#5995,#5996,#5997,#5998,
#5999),.UNSPECIFIED.,.F.,.F.,(4,3,3,3,3,3,3,3,3,3,3,3,3,3,4),(-45.7934262854957,
-45.3561896334636,-44.918952981423,-44.4817163293824,-44.0444796773418,
-43.7529885759814,-43.1700063732606,-42.8785152719003,-42.2955330691795,
-41.7125508664587,-41.4210597650983,-40.8380775623775,-40.5465864610171,
-40.1093498089766,-39.6721131569681),.UNSPECIFIED.);
#1048=B_SPLINE_CURVE_WITH_KNOTS('',3,(#6000,#6001,#6002,#6003,#6004,#6005,
#6006,#6007,#6008,#6009,#6010,#6011,#6012,#6013,#6014,#6015,#6016,#6017,
#6018,#6019,#6020,#6021,#6022,#6023,#6024,#6025,#6026,#6027,#6028,#6029,
#6030,#6031,#6032,#6033,#6034,#6035,#6036),.UNSPECIFIED.,.F.,.F.,(4,3,3,
3,3,3,3,3,3,3,3,3,4),(-61.2838284852075,-60.785416472749,-60.44427759211,
-59.761999830832,-59.420860950193,-58.7385831889149,-58.0563054276369,-57.7151665469979,
-57.0328887857199,-56.6917499050809,-56.1800415841223,-55.6683332631638,
-55.1696623955484),.UNSPECIFIED.);
#1049=B_SPLINE_CURVE_WITH_KNOTS('',3,(#6105,#6106,#6107,#6108,#6109,#6110,
#6111,#6112,#6113,#6114,#6115,#6116,#6117,#6118,#6119,#6120,#6121,#6122,
#6123,#6124,#6125,#6126,#6127,#6128,#6129,#6130,#6131,#6132,#6133,#6134,
#6135,#6136,#6137,#6138,#6139,#6140,#6141,#6142,#6143,#6144,#6145,#6146,
#6147),.UNSPECIFIED.,.F.,.F.,(4,3,3,3,3,3,3,3,3,3,3,3,3,3,4),(-39.4425010377861,
-39.005257714259,-38.5680143907287,-38.1307710671984,-37.6935277436681,
-37.4020321946479,-36.8190410966075,-36.5275455475873,-35.9445544495469,
-35.3615633515065,-35.0700678024863,-34.4870767044459,-34.1955811554257,
-33.7583378318954,-33.3210945084267),.UNSPECIFIED.);
#1050=B_SPLINE_CURVE_WITH_KNOTS('',3,(#6148,#6149,#6150,#6151,#6152,#6153,
#6154,#6155,#6156,#6157,#6158,#6159,#6160,#6161,#6162,#6163,#6164,#6165,
#6166,#6167,#6168,#6169,#6170,#6171,#6172,#6173,#6174,#6175,#6176,#6177,
#6178,#6179,#6180,#6181,#6182,#6183,#6184),.UNSPECIFIED.,.F.,.F.,(4,3,3,
3,3,3,3,3,3,3,3,3,4),(-68.7161328118572,-68.2177351653118,-67.8766061215806,
-67.194348034118,-66.8532189903868,-66.1709609029242,-65.4887028154617,
-65.1475737717304,-64.4653156842679,-64.1241866405366,-63.6124930749398,
-63.1007995093429,-62.6021430211475),.UNSPECIFIED.);
#1051=B_SPLINE_CURVE_WITH_KNOTS('',3,(#6253,#6254,#6255,#6256,#6257,#6258,
#6259,#6260,#6261,#6262,#6263,#6264,#6265,#6266,#6267,#6268,#6269,#6270,
#6271,#6272,#6273,#6274,#6275,#6276,#6277,#6278,#6279,#6280,#6281,#6282,
#6283,#6284,#6285,#6286,#6287,#6288,#6289,#6290,#6291,#6292,#6293,#6294,
#6295),.UNSPECIFIED.,.F.,.F.,(4,3,3,3,3,3,3,3,3,3,3,3,3,3,4),(-33.0916540873106,
-32.6543976714455,-32.2171412555803,-31.7798848397151,-31.3426284238499,
-30.9053720079847,-30.4681155921195,-30.1766113148761,-29.5936027603892,
-29.3020984831457,-28.7190899286588,-28.2818335127936,-27.8445770969284,
-27.4073206810633,-26.9700642652594),.UNSPECIFIED.);
#1052=B_SPLINE_CURVE_WITH_KNOTS('',3,(#6296,#6297,#6298,#6299,#6300,#6301,
#6302,#6303,#6304,#6305,#6306,#6307,#6308,#6309,#6310,#6311,#6312,#6313,
#6314,#6315,#6316,#6317,#6318,#6319,#6320,#6321,#6322,#6323,#6324,#6325,
#6326,#6327,#6328,#6329,#6330,#6331,#6332),.UNSPECIFIED.,.F.,.F.,(4,3,3,
3,3,3,3,3,3,3,3,3,4),(-76.1485092645939,-75.650114099715,-75.1384230760597,
-74.6267320524044,-73.9444773541973,-73.6033500050938,-72.9210953068868,
-72.5799679577832,-72.0682769341279,-71.5565859104726,-71.0448948868174,
-70.5332038631621,-70.0345498555308),.UNSPECIFIED.);
#1053=B_SPLINE_CURVE_WITH_KNOTS('',3,(#6401,#6402,#6403,#6404,#6405,#6406,
#6407,#6408,#6409,#6410,#6411,#6412,#6413,#6414,#6415,#6416,#6417,#6418,
#6419,#6420,#6421,#6422,#6423,#6424,#6425,#6426,#6427,#6428,#6429,#6430,
#6431,#6432,#6433,#6434,#6435,#6436,#6437,#6438,#6439,#6440,#6441,#6442,
#6443),.UNSPECIFIED.,.F.,.F.,(4,3,3,3,3,3,3,3,3,3,3,3,3,3,4),(-26.7407742420439,
-26.3035079207553,-25.8662415994627,-25.4289752781701,-24.9917089568776,
-24.554442635585,-24.1171763142924,-23.8256654334307,-23.2426436717073,
-22.9511327908456,-22.3681110291222,-21.9308447078296,-21.4935783865371,
-21.0563120652445,-20.6190457439837),.UNSPECIFIED.);
#1054=B_SPLINE_CURVE_WITH_KNOTS('',3,(#6444,#6445,#6446,#6447,#6448,#6449,
#6450,#6451,#6452,#6453,#6454,#6455,#6456,#6457,#6458,#6459,#6460,#6461,
#6462,#6463,#6464,#6465,#6466,#6467,#6468,#6469,#6470,#6471,#6472,#6473,
#6474,#6475,#6476,#6477,#6478,#6479,#6480),.UNSPECIFIED.,.F.,.F.,(4,3,3,
3,3,3,3,3,3,3,3,3,4),(-83.5809696652439,-83.0825622414017,-82.5708586314714,
-82.0591550215411,-81.376883541634,-81.0357478016805,-80.3534763217734,
-80.0123405818199,-79.5006369718896,-78.9889333619593,-78.477229752029,
-77.9655261420987,-77.4668598640708),.UNSPECIFIED.);
#1055=B_SPLINE_CURVE_WITH_KNOTS('',3,(#6517,#6518,#6519,#6520,#6521,#6522,
#6523,#6524,#6525,#6526,#6527,#6528,#6529,#6530,#6531,#6532,#6533,#6534,
#6535),.UNSPECIFIED.,.F.,.F.,(4,3,3,3,3,3,4),(-7.68779424175911,-7.28516306329125,
-6.4799007062229,-6.07726952768872,-5.67463834915455,-5.27200717062037,
-4.86937599209498),.UNSPECIFIED.);
#1056=B_SPLINE_CURVE_WITH_KNOTS('',3,(#6604,#6605,#6606,#6607,#6608,#6609,
#6610,#6611,#6612,#6613,#6614,#6615,#6616,#6617,#6618,#6619,#6620,#6621,
#6622,#6623,#6624,#6625,#6626,#6627,#6628,#6629,#6630,#6631,#6632,#6633,
#6634,#6635,#6636,#6637,#6638,#6639,#6640,#6641,#6642,#6643,#6644,#6645,
#6646),.UNSPECIFIED.,.F.,.F.,(4,3,3,3,3,3,3,3,3,3,3,3,3,3,4),(-20.3898217728856,
-19.9525532429996,-19.5152847130978,-19.078016183196,-18.6407476532942,
-18.2034791233925,-17.7662105934907,-17.4746982402228,-16.8916735336872,
-16.6001611804193,-16.0171364738836,-15.5798679439818,-15.14259941408,-14.7053308841783,
-14.2680623542848),.UNSPECIFIED.);
#1057=B_SPLINE_CURVE_WITH_KNOTS('',3,(#6647,#6648,#6649,#6650,#6651,#6652,
#6653,#6654,#6655,#6656,#6657,#6658,#6659,#6660,#6661,#6662,#6663,#6664,
#6665,#6666,#6667,#6668,#6669,#6670,#6671,#6672,#6673,#6674,#6675,#6676,
#6677,#6678,#6679,#6680,#6681,#6682,#6683),.UNSPECIFIED.,.F.,.F.,(4,3,3,
3,3,3,3,3,3,3,3,3,4),(-91.0134825404047,-90.5150626893354,-90.0033463206524,
-89.4916299519693,-88.8093414603919,-88.4681972146032,-87.7859087230258,
-87.4447644772371,-86.9330481085541,-86.421331739871,-85.909615371188,-85.3978990025049,
-84.8992202922071),.UNSPECIFIED.);
#1058=B_SPLINE_CURVE_WITH_KNOTS('',3,(#6752,#6753,#6754,#6755,#6756,#6757,
#6758,#6759,#6760,#6761,#6762,#6763,#6764,#6765,#6766,#6767,#6768,#6769,
#6770,#6771,#6772,#6773,#6774,#6775,#6776,#6777,#6778,#6779,#6780,#6781,
#6782,#6783,#6784,#6785,#6786,#6787,#6788,#6789,#6790,#6791,#6792,#6793,
#6794),.UNSPECIFIED.,.F.,.F.,(4,3,3,3,3,3,3,3,3,3,3,3,3,3,4),(-14.0388205909761,
-13.6015575329806,-13.1642944749393,-12.727031416898,-12.2897683588566,
-11.9982596534958,-11.415242242774,-11.1237335374131,-10.5407161266914,
-9.95769871596966,-9.66619001060878,-9.08317259988703,-8.79166389452615,
-8.35440083648485,-7.91713777844677),.UNSPECIFIED.);
#1059=B_SPLINE_CURVE_WITH_KNOTS('',3,(#6795,#6796,#6797,#6798,#6799,#6800,
#6801,#6802,#6803,#6804,#6805,#6806,#6807,#6808,#6809,#6810,#6811,#6812,
#6813,#6814,#6815,#6816,#6817,#6818,#6819,#6820,#6821,#6822,#6823,#6824,
#6825),.UNSPECIFIED.,.F.,.F.,(4,3,3,3,3,3,3,3,3,3,4),(-97.0822287877852,
-96.9242045877789,-96.5830510352198,-95.9007439301017,-95.2184368249835,
-94.8772832724244,-94.1949761673063,-93.8538226147472,-93.3420922859086,
-92.83036195707,-92.3316696422975),.UNSPECIFIED.);
#1060=B_SPLINE_CURVE_WITH_KNOTS('',3,(#6829,#6830,#6831,#6832,#6833,#6834,
#6835,#6836,#6837,#6838,#6839,#6840,#6841,#6842,#6843,#6844,#6845,#6846,
#6847,#6848,#6849,#6850),.UNSPECIFIED.,.F.,.F.,(4,3,3,3,3,3,3,4),(-5.0416724158483,
-4.59794385769351,-4.15421529953064,-3.71048674136777,-3.26675818320491,
-2.82302962504204,-2.37930106687918,-1.93557250871631),.UNSPECIFIED.);
#1061=B_SPLINE_CURVE_WITH_KNOTS('',3,(#6852,#6853,#6854,#6855,#6856,#6857,
#6858,#6859,#6860,#6861,#6862,#6863,#6864,#6865,#6866,#6867,#6868,#6869,
#6870,#6871,#6872,#6873,#6874,#6875,#6876,#6877,#6878,#6879,#6880,#6881,
#6882,#6883,#6884,#6885,#6886,#6887,#6888,#6889,#6890,#6891,#6892,#6893,
#6894),.UNSPECIFIED.,.F.,.F.,(4,3,3,3,3,3,3,3,3,3,3,3,3,3,4),(-11.3925958784101,
-10.9553329675219,-10.5180700566304,-10.080807145739,-9.64354423484754,
-9.35203562758658,-8.76901841306464,-8.47750980580367,-7.89449259128174,
-7.45722968039028,-7.01996676949883,-6.58270385860738,-6.14544094771593,
-5.70817803682448,-5.27091512597927),.UNSPECIFIED.);
#1062=B_SPLINE_CURVE_WITH_KNOTS('',3,(#6896,#6897,#6898,#6899,#6900,#6901,
#6902,#6903,#6904,#6905,#6906,#6907,#6908,#6909,#6910,#6911,#6912,#6913,
#6914,#6915,#6916,#6917,#6918,#6919,#6920,#6921,#6922,#6923,#6924,#6925,
#6926,#6927,#6928,#6929,#6930,#6931,#6932,#6933,#6934,#6935,#6936,#6937,
#6938),.UNSPECIFIED.,.F.,.F.,(4,3,3,3,3,3,3,3,3,3,3,3,3,3,4),(-17.7434415699371,
-17.3061915780577,-16.8689415861783,-16.4316915942989,-15.9944416024195,
-15.411441613247,-15.1199416186607,-14.5369416294882,-14.2454416349019,
-13.8081916430225,-13.3709416511431,-12.9336916592637,-12.4964416673843,
-12.0591916755049,-11.6219416836918),.UNSPECIFIED.);
#1063=B_SPLINE_CURVE_WITH_KNOTS('',3,(#6940,#6941,#6942,#6943,#6944,#6945,
#6946,#6947,#6948,#6949,#6950,#6951,#6952,#6953,#6954,#6955,#6956,#6957,
#6958,#6959,#6960,#6961,#6962,#6963,#6964,#6965,#6966,#6967,#6968,#6969,
#6970,#6971,#6972,#6973,#6974,#6975,#6976,#6977,#6978,#6979,#6980,#6981,
#6982),.UNSPECIFIED.,.F.,.F.,(4,3,3,3,3,3,3,3,3,3,3,3,3,3,4),(-24.0943235467642,
-23.6570839860465,-23.2198444253247,-22.9283513848436,-22.3453653038812,
-22.0538722634001,-21.4708861824378,-21.1793931419566,-20.5964070609943,
-20.3049140205131,-19.7219279395508,-19.2846883788291,-18.8474488181073,
-18.4102092573856,-17.9729696967139),.UNSPECIFIED.);
#1064=B_SPLINE_CURVE_WITH_KNOTS('',3,(#6984,#6985,#6986,#6987,#6988,#6989,
#6990,#6991,#6992,#6993,#6994,#6995,#6996,#6997,#6998,#6999,#7000,#7001,
#7002,#7003,#7004,#7005,#7006,#7007,#7008,#7009,#7010,#7011,#7012,#7013,
#7014,#7015,#7016,#7017,#7018,#7019,#7020,#7021,#7022,#7023,#7024,#7025,
#7026),.UNSPECIFIED.,.F.,.F.,(4,3,3,3,3,3,3,3,3,3,3,3,3,3,4),(-30.4452775434304,
-30.0080417076251,-29.5708058718034,-29.279315314589,-28.6963342001601,
-28.4048436429456,-27.8218625285168,-27.2388814140879,-26.9473908568734,
-26.3644097424445,-26.0729191852301,-25.6356833494084,-25.1984475135867,
-24.761211677765,-24.3239758419625),.UNSPECIFIED.);
#1065=B_SPLINE_CURVE_WITH_KNOTS('',3,(#7028,#7029,#7030,#7031,#7032,#7033,
#7034,#7035,#7036,#7037,#7038,#7039,#7040,#7041,#7042,#7043,#7044,#7045,
#7046,#7047,#7048,#7049,#7050,#7051,#7052,#7053,#7054,#7055,#7056,#7057,
#7058,#7059,#7060,#7061,#7062,#7063,#7064,#7065,#7066,#7067,#7068,#7069,
#7070),.UNSPECIFIED.,.F.,.F.,(4,3,3,3,3,3,3,3,3,3,3,3,3,3,4),(-36.7962796524069,
-36.3590408619592,-35.9218020714648,-35.6303095444685,-35.0473244904759,
-34.7558319634796,-34.172846909487,-33.5898618554944,-33.2983693284982,
-32.7153842745056,-32.4238917475093,-31.9866529570148,-31.5494141665204,
-31.112175376026,-30.6749365855361),.UNSPECIFIED.);
#1066=B_SPLINE_CURVE_WITH_KNOTS('',3,(#7072,#7073,#7074,#7075,#7076,#7077,
#7078,#7079,#7080,#7081,#7082,#7083,#7084,#7085,#7086,#7087,#7088,#7089,
#7090,#7091,#7092,#7093,#7094,#7095,#7096,#7097,#7098,#7099,#7100,#7101,
#7102,#7103,#7104,#7105,#7106,#7107,#7108,#7109,#7110,#7111,#7112,#7113,
#7114),.UNSPECIFIED.,.F.,.F.,(4,3,3,3,3,3,3,3,3,3,3,3,3,3,4),(-43.1473063355058,
-42.710057888585,-42.2728094415978,-41.9813104769396,-41.3983125476233,
-41.1068135829652,-40.5238156536489,-39.9408177243326,-39.6493187596744,
-39.0663208303581,-38.7748218657,-38.3375734187128,-37.9003249717256,-37.4630765247383,
-37.0258280777543),.UNSPECIFIED.);
#1067=B_SPLINE_CURVE_WITH_KNOTS('',3,(#7116,#7117,#7118,#7119,#7120,#7121,
#7122,#7123,#7124,#7125,#7126,#7127,#7128,#7129,#7130,#7131,#7132,#7133,
#7134,#7135,#7136,#7137,#7138,#7139,#7140,#7141,#7142,#7143,#7144,#7145,
#7146,#7147,#7148,#7149,#7150,#7151,#7152,#7153,#7154,#7155,#7156,#7157,
#7158),.UNSPECIFIED.,.F.,.F.,(4,3,3,3,3,3,3,3,3,3,3,3,3,3,4),(-49.4983342478346,
-49.0610724751252,-48.6238107023658,-48.3323028538596,-47.7492871568471,
-47.4577793083408,-46.8747636113284,-46.2917479143159,-46.0002400658096,
-45.4172243687972,-45.1257165202909,-44.6884547475316,-44.2511929747722,
-43.8139312020128,-43.3766694292566),.UNSPECIFIED.);
#1068=B_SPLINE_CURVE_WITH_KNOTS('',3,(#7160,#7161,#7162,#7163,#7164,#7165,
#7166,#7167,#7168,#7169,#7170,#7171,#7172,#7173,#7174,#7175,#7176,#7177,
#7178,#7179,#7180,#7181,#7182,#7183,#7184,#7185,#7186,#7187,#7188,#7189,
#7190,#7191,#7192,#7193,#7194,#7195,#7196,#7197,#7198,#7199,#7200,#7201,
#7202),.UNSPECIFIED.,.F.,.F.,(4,3,3,3,3,3,3,3,3,3,3,3,3,3,4),(-55.8493400542481,
-55.4120718031937,-54.9748035521205,-54.6832913847384,-54.1002670499742,
-53.808754882592,-53.2257305478278,-52.6427062130635,-52.3511940456814,
-51.7681697109172,-51.476657543535,-51.0393892924618,-50.6021210413886,
-50.1648527903155,-49.727584539249),.UNSPECIFIED.);
#1069=B_SPLINE_CURVE_WITH_KNOTS('',3,(#7204,#7205,#7206,#7207,#7208,#7209,
#7210,#7211,#7212,#7213,#7214,#7215,#7216,#7217,#7218,#7219,#7220,#7221,
#7222,#7223,#7224,#7225,#7226,#7227,#7228,#7229,#7230,#7231,#7232,#7233,
#7234,#7235,#7236,#7237,#7238,#7239,#7240,#7241,#7242,#7243,#7244,#7245,
#7246),.UNSPECIFIED.,.F.,.F.,(4,3,3,3,3,3,3,3,3,3,3,3,3,3,4),(-62.2003002452765,
-61.7630331984619,-61.3257661516429,-61.0342547870968,-60.4512320580048,
-60.1597206934588,-59.5766979643667,-58.9936752352747,-58.7021638707287,
-58.1191411416366,-57.8276297770906,-57.3903627302715,-56.9530956834525,
-56.5158286366335,-56.0785615898421),.UNSPECIFIED.);
#1070=B_SPLINE_CURVE_WITH_KNOTS('',3,(#7248,#7249,#7250,#7251,#7252,#7253,
#7254,#7255,#7256,#7257,#7258,#7259,#7260,#7261,#7262,#7263,#7264,#7265,
#7266,#7267,#7268,#7269,#7270,#7271,#7272,#7273,#7274,#7275,#7276,#7277,
#7278,#7279,#7280,#7281,#7282,#7283,#7284,#7285,#7286,#7287,#7288,#7289,
#7290),.UNSPECIFIED.,.F.,.F.,(4,3,3,3,3,3,3,3,3,3,3,3,3,3,4),(-68.5511909639051,
-68.113932812953,-67.6766746619978,-67.3851692280276,-66.8021583600872,
-66.5106529261171,-65.9276420581768,-65.3446311902364,-65.0531257562663,
-64.4701148883259,-64.1786094543558,-63.7413513034005,-63.3040931524452,
-62.86683500149,-62.4295768505933),.UNSPECIFIED.);
#1071=B_SPLINE_CURVE_WITH_KNOTS('',3,(#7292,#7293,#7294,#7295,#7296,#7297,
#7298,#7299,#7300,#7301,#7302,#7303,#7304,#7305,#7306,#7307,#7308,#7309,
#7310,#7311,#7312,#7313,#7314,#7315,#7316,#7317,#7318,#7319,#7320,#7321,
#7322,#7323,#7324,#7325,#7326,#7327,#7328,#7329,#7330,#7331,#7332,#7333,
#7334),.UNSPECIFIED.,.F.,.F.,(4,3,3,3,3,3,3,3,3,3,3,3,3,3,4),(-74.9020325888992,
-74.464787895841,-74.0275432027796,-73.7360467407386,-73.1530538166567,
-72.8615573546157,-72.2785644305338,-71.6955715064519,-71.4040750444109,
-70.821082120329,-70.5295856582881,-70.0923409652266,-69.6550962721652,
-69.2178515791038,-68.7806068861061),.UNSPECIFIED.);
#1072=B_SPLINE_CURVE_WITH_KNOTS('',3,(#7336,#7337,#7338,#7339,#7340,#7341,
#7342,#7343,#7344,#7345,#7346,#7347,#7348,#7349,#7350,#7351,#7352,#7353,
#7354,#7355,#7356,#7357,#7358,#7359,#7360,#7361,#7362,#7363,#7364,#7365,
#7366,#7367,#7368,#7369,#7370,#7371,#7372,#7373,#7374,#7375,#7376,#7377,
#7378),.UNSPECIFIED.,.F.,.F.,(4,3,3,3,3,3,3,3,3,3,3,3,3,3,4),(-81.2529484113548,
-80.8157112666386,-80.3784741219155,-80.0869826921,-79.5039998324691,-79.2125084026537,
-78.6295255430228,-78.0465426833919,-77.7550512535765,-77.1720683939456,
-76.8805769641301,-76.443339819407,-76.0061026746838,-75.5688655299606,
-75.1316283852737),.UNSPECIFIED.);
#1073=B_SPLINE_CURVE_WITH_KNOTS('',3,(#7422,#7423,#7424,#7425,#7426,#7427,
#7428,#7429,#7430,#7431,#7432,#7433,#7434,#7435,#7436,#7437,#7438,#7439,
#7440,#7441,#7442,#7443,#7444,#7445,#7446,#7447,#7448,#7449,#7450,#7451,
#7452,#7453,#7454,#7455,#7456,#7457,#7458,#7459,#7460,#7461,#7462,#7463,
#7464,#7465,#7466,#7467,#7468,#7469,#7470,#7471,#7472,#7473,#7474,#7475,
#7476,#7477,#7478,#7479,#7480,#7481,#7482,#7483,#7484,#7485,#7486,#7487,
#7488,#7489,#7490,#7491,#7492,#7493,#7494,#7495,#7496,#7497,#7498,#7499,
#7500,#7501,#7502,#7503,#7504,#7505,#7506,#7507,#7508,#7509,#7510,#7511,
#7512,#7513,#7514,#7515,#7516,#7517,#7518,#7519,#7520,#7521,#7522,#7523,
#7524),.UNSPECIFIED.,.F.,.F.,(4,3,3,3,3,3,3,3,3,3,3,3,3,3,3,3,3,3,3,3,3,
3,3,3,3,3,3,3,3,3,3,3,3,3,4),(0.255656045042754,0.33730744563742,0.417937109061697,
0.460022844236298,0.545876129387858,0.631729414539418,0.714580188083017,
0.797234095482326,0.878913041341229,0.90775899089065,0.988755801015969,
1.06950347504644,1.13290207690699,1.21397857163342,1.29425842853237,1.3432030658899,
1.42249733250848,1.50173053219487,1.58018175466699,1.61843836248724,1.69739105142221,
1.76634966518168,1.84683564666995,1.92439048593771,2.00154847247297,2.07764348457123,
2.08829359113478,2.16537814451967,2.1771933655699,2.25350609311377,2.32968298340409,
2.40505667231382,2.41828893136097,2.49649546444874,2.5416878145384),
 .UNSPECIFIED.);
#1074=B_SPLINE_CURVE_WITH_KNOTS('',3,(#7525,#7526,#7527,#7528,#7529,#7530,
#7531),.UNSPECIFIED.,.F.,.F.,(4,3,4),(-103.514630639842,-103.374916848824,
-102.860990875151),.UNSPECIFIED.);
#1075=B_SPLINE_CURVE_WITH_KNOTS('',3,(#7600,#7601,#7602,#7603,#7604,#7605,
#7606,#7607,#7608,#7609,#7610,#7611,#7612,#7613,#7614,#7615,#7616,#7617,
#7618,#7619,#7620,#7621,#7622,#7623,#7624,#7625,#7626,#7627,#7628,#7629,
#7630,#7631,#7632,#7633,#7634,#7635,#7636),.UNSPECIFIED.,.F.,.F.,(4,3,3,
3,3,3,3,3,3,3,3,3,4),(-101.542711755358,-101.044309532963,-100.532611263242,
-100.02091299352,-99.5092147237985,-98.9975164540769,-98.3152520944482,
-97.9741199146338,-97.291855555005,-96.9507233751906,-96.4390251054691,
-95.9273268357475,-95.4286657632506),.UNSPECIFIED.);
#1076=B_SPLINE_CURVE_WITH_KNOTS('',3,(#7705,#7706,#7707,#7708,#7709,#7710,
#7711,#7712,#7713,#7714,#7715,#7716,#7717,#7718,#7719,#7720,#7721,#7722,
#7723,#7724,#7725,#7726,#7727,#7728,#7729,#7730,#7731,#7732,#7733,#7734,
#7735,#7736,#7737,#7738,#7739,#7740,#7741),.UNSPECIFIED.,.F.,.F.,(4,3,3,
3,3,3,3,3,3,3,3,3,4),(-94.1102751835723,-93.6118809078365,-93.1001907971702,
-92.588500686504,-92.0768105758378,-91.5651204651716,-91.2239937247275,
-90.5417402438392,-90.200613503395,-89.5183600225067,-89.0066699118405,
-88.4949798011743,-87.996326684823),.UNSPECIFIED.);
#1077=B_SPLINE_CURVE_WITH_KNOTS('',3,(#7810,#7811,#7812,#7813,#7814,#7815,
#7816,#7817,#7818,#7819,#7820,#7821,#7822,#7823,#7824,#7825,#7826,#7827,
#7828,#7829,#7830,#7831,#7832,#7833,#7834,#7835,#7836,#7837,#7838,#7839,
#7840,#7841,#7842,#7843,#7844,#7845,#7846),.UNSPECIFIED.,.F.,.F.,(4,3,3,
3,3,3,3,3,3,3,3,3,4),(-86.6779329242962,-86.1795311455486,-85.6678333313959,
-85.1561355172432,-84.4738717650397,-84.1327398889379,-83.4504761367343,
-83.1093442606326,-82.427080508429,-82.0859486323272,-81.4036848801237,
-81.0625530040219,-80.5638923755167),.UNSPECIFIED.);
#1078=B_SPLINE_CURVE_WITH_KNOTS('',3,(#7915,#7916,#7917,#7918,#7919,#7920,
#7921,#7922,#7923,#7924,#7925,#7926,#7927,#7928,#7929,#7930,#7931,#7932,
#7933,#7934,#7935,#7936,#7937,#7938,#7939,#7940,#7941,#7942,#7943,#7944,
#7945,#7946,#7947,#7948,#7949,#7950,#7951),.UNSPECIFIED.,.F.,.F.,(4,3,3,
3,3,3,3,3,3,3,3,3,4),(-79.2456105563964,-78.7471944718394,-78.2354819701495,
-77.7237694684597,-77.3826278006665,-76.70034446508,-76.3592027972868,-75.6769194617003,
-74.9946361261139,-74.6534944583206,-73.9712111227342,-73.6300694549409,
-73.1313945131121),.UNSPECIFIED.);
#1079=B_SPLINE_CURVE_WITH_KNOTS('',3,(#8020,#8021,#8022,#8023,#8024,#8025,
#8026,#8027,#8028,#8029,#8030,#8031,#8032,#8033,#8034,#8035,#8036,#8037,
#8038,#8039,#8040,#8041,#8042,#8043,#8044,#8045,#8046,#8047,#8048,#8049,
#8050,#8051,#8052,#8053,#8054,#8055,#8056),.UNSPECIFIED.,.F.,.F.,(4,3,3,
3,3,3,3,3,3,3,3,3,4),(-71.8131890493074,-71.3147640996083,-70.803042496278,
-70.2913208929476,-69.950173157394,-69.2678776862869,-68.9267299507333,
-68.2444344796262,-67.5621390085191,-67.2209912729655,-66.5386958018584,
-66.1975480663048,-65.6988642547299),.UNSPECIFIED.);
#1080=B_SPLINE_CURVE_WITH_KNOTS('',3,(#8125,#8126,#8127,#8128,#8129,#8130,
#8131,#8132,#8133,#8134,#8135,#8136,#8137,#8138,#8139,#8140,#8141,#8142,
#8143,#8144,#8145,#8146,#8147,#8148,#8149,#8150,#8151,#8152,#8153,#8154,
#8155,#8156,#8157,#8158,#8159,#8160,#8161),.UNSPECIFIED.,.F.,.F.,(4,3,3,
3,3,3,3,3,3,3,3,3,4),(-64.380699069569,-63.8822707129484,-63.3705456118088,
-62.8588205106691,-62.5176704432426,-61.8353703083897,-61.4942202409633,
-60.8119201061104,-60.1296199712575,-59.788469903831,-59.1061697689782,
-58.7650197015517,-58.2663324812855),.UNSPECIFIED.);
#1081=B_SPLINE_CURVE_WITH_KNOTS('',3,(#8230,#8231,#8232,#8233,#8234,#8235,
#8236,#8237,#8238,#8239,#8240,#8241,#8242,#8243,#8244,#8245,#8246,#8247,
#8248,#8249,#8250,#8251,#8252,#8253,#8254,#8255,#8256,#8257,#8258,#8259,
#8260,#8261,#8262,#8263,#8264,#8265,#8266),.UNSPECIFIED.,.F.,.F.,(4,3,3,
3,3,3,3,3,3,3,3,3,4),(-56.9481718403944,-56.4497455061017,-55.93802248124,
-55.4262994563784,-55.0851507731372,-54.402853406655,-54.0617047234138,
-53.3794073569316,-52.6971099904493,-52.3559613072082,-51.6736639407259,
-51.3325152574848,-50.8338300605964),.UNSPECIFIED.);
#1082=B_SPLINE_CURVE_WITH_KNOTS('',3,(#8335,#8336,#8337,#8338,#8339,#8340,
#8341,#8342,#8343,#8344,#8345,#8346,#8347,#8348,#8349,#8350,#8351,#8352,
#8353,#8354,#8355,#8356,#8357,#8358,#8359,#8360,#8361,#8362,#8363,#8364,
#8365,#8366,#8367,#8368,#8369,#8370,#8371),.UNSPECIFIED.,.F.,.F.,(4,3,3,
3,3,3,3,3,3,3,3,3,4),(-49.5156382688408,-49.017219403378,-48.5055040465948,
-47.9937886898115,-47.6526451186227,-46.9703579762451,-46.6292144050563,
-45.9469272626787,-45.2646401203011,-44.9234965491122,-44.2412094067346,
-43.9000658355458,-43.4013881113663),.UNSPECIFIED.);
#1083=B_SPLINE_CURVE_WITH_KNOTS('',3,(#8440,#8441,#8442,#8443,#8444,#8445,
#8446,#8447,#8448,#8449,#8450,#8451,#8452,#8453,#8454,#8455,#8456,#8457,
#8458,#8459,#8460,#8461,#8462,#8463,#8464,#8465,#8466,#8467,#8468,#8469,
#8470,#8471,#8472,#8473,#8474,#8475,#8476),.UNSPECIFIED.,.F.,.F.,(4,3,3,
3,3,3,3,3,3,3,3,3,4),(-42.083129207158,-41.5847233193376,-41.0730212864061,
-40.5613192534746,-40.2201845648536,-39.5379151876117,-39.1967804989907,
-38.5145111217487,-37.8322417445067,-37.4911070558858,-36.8088376786438,
-36.4677029900228,-35.9690382498912),.UNSPECIFIED.);
#1084=B_SPLINE_CURVE_WITH_KNOTS('',3,(#8545,#8546,#8547,#8548,#8549,#8550,
#8551,#8552,#8553,#8554,#8555,#8556,#8557,#8558,#8559,#8560,#8561,#8562,
#8563,#8564,#8565,#8566,#8567,#8568,#8569,#8570,#8571,#8572,#8573,#8574,
#8575,#8576,#8577,#8578,#8579,#8580,#8581),.UNSPECIFIED.,.F.,.F.,(4,3,3,
3,3,3,3,3,3,3,3,3,4),(-34.6506757178181,-34.15228099784,-33.6405904306793,
-33.1288998635186,-32.7877728187447,-32.1055187291971,-31.7643916844233,
-31.0821375948757,-30.399883505328,-30.0587564605542,-29.3765023710066,
-29.0353753262328,-28.5367217600785),.UNSPECIFIED.);
#1085=B_SPLINE_CURVE_WITH_KNOTS('',3,(#8650,#8651,#8652,#8653,#8654,#8655,
#8656,#8657,#8658,#8659,#8660,#8661,#8662,#8663,#8664,#8665,#8666,#8667,
#8668,#8669,#8670,#8671,#8672,#8673,#8674,#8675,#8676,#8677,#8678,#8679,
#8680,#8681,#8682,#8683,#8684,#8685,#8686),.UNSPECIFIED.,.F.,.F.,(4,3,3,
3,3,3,3,3,3,3,3,3,4),(-27.2183093271853,-26.7199105958454,-26.2082159132036,
-25.6965212305617,-25.3553914421339,-24.6731318652781,-24.3320020768501,
-23.6497424999944,-22.9674829231386,-22.6263531347107,-21.9440935578549,
-21.602963769427,-21.1043061926471),.UNSPECIFIED.);
#1086=B_SPLINE_CURVE_WITH_KNOTS('',3,(#8755,#8756,#8757,#8758,#8759,#8760,
#8761,#8762,#8763,#8764,#8765,#8766,#8767,#8768,#8769,#8770,#8771,#8772,
#8773,#8774,#8775,#8776,#8777,#8778,#8779,#8780,#8781,#8782,#8783,#8784,
#8785,#8786,#8787,#8788,#8789,#8790,#8791),.UNSPECIFIED.,.F.,.F.,(4,3,3,
3,3,3,3,3,3,3,3,3,4),(-19.7860020444504,-19.2875887282777,-18.7758790688254,
-18.264169409373,-17.9230296364048,-17.2407500904683,-16.8996103175001,
-16.2173307715636,-15.5350512256272,-15.1939114526589,-14.5116319067224,
-14.1704921337542,-13.6718199617475),.UNSPECIFIED.);
#1087=B_SPLINE_CURVE_WITH_KNOTS('',3,(#8809,#8810,#8811,#8812),
 .UNSPECIFIED.,.F.,.F.,(4,4),(0.,0.00292053793724758),.UNSPECIFIED.);
#1088=B_SPLINE_CURVE_WITH_KNOTS('',3,(#8813,#8814,#8815,#8816,#8817,#8818,
#8819,#8820,#8821,#8822,#8823,#8824,#8825,#8826,#8827,#8828,#8829,#8830,
#8831,#8832,#8833,#8834),.UNSPECIFIED.,.F.,.F.,(4,3,3,3,3,3,3,4),(-12.3536004047501,
-12.1570332296104,-11.4354237410679,-10.7138142525254,-9.99220476398285,
-9.27059527544036,-8.54898578689786,-8.37011116477468),.UNSPECIFIED.);
#1089=B_SPLINE_CURVE_WITH_KNOTS('',3,(#8974,#8975,#8976,#8977),
 .UNSPECIFIED.,.F.,.F.,(4,4),(0.,0.00298026352200789),.UNSPECIFIED.);
#1090=B_SPLINE_CURVE_WITH_KNOTS('',3,(#8979,#8980,#8981,#8982,#8983,#8984,
#8985,#8986,#8987,#8988,#8989,#8990,#8991,#8992,#8993,#8994,#8995,#8996,
#8997,#8998,#8999,#9000),.UNSPECIFIED.,.F.,.F.,(4,3,3,3,3,3,3,4),(-85.798082284028,
-85.182013729049,-84.5654477671714,-83.9488818052939,-83.3323158434163,
-82.7157498815387,-82.0991839196611,-81.4826179577938),.UNSPECIFIED.);
#1091=(
BOUNDED_CURVE()
B_SPLINE_CURVE(5,(#3603,#3604,#3605,#3606,#3607,#3608),.UNSPECIFIED.,.F.,
 .F.)
B_SPLINE_CURVE_WITH_KNOTS((6,6),(0.0156869046215921,0.0164185798011997),
 .UNSPECIFIED.)
CURVE()
GEOMETRIC_REPRESENTATION_ITEM()
RATIONAL_B_SPLINE_CURVE((1.,1.,1.,1.,1.,1.))
REPRESENTATION_ITEM('')
);
#1092=(
BOUNDED_CURVE()
B_SPLINE_CURVE(5,(#3833,#3834,#3835,#3836,#3837,#3838,#3839,#3840,#3841,
#3842,#3843,#3844,#3845),.UNSPECIFIED.,.F.,.F.)
B_SPLINE_CURVE_WITH_KNOTS((6,1,1,1,1,1,1,1,6),(0.283979344682261,0.3,0.4,
0.5,0.6,0.7,0.8,0.9,1.),.UNSPECIFIED.)
CURVE()
GEOMETRIC_REPRESENTATION_ITEM()
RATIONAL_B_SPLINE_CURVE((1.,1.,1.,1.,1.,1.,1.,1.,1.,1.,1.,1.,1.))
REPRESENTATION_ITEM('')
);
#1093=(
BOUNDED_CURVE()
B_SPLINE_CURVE(2,(#4071,#4072,#4073),.UNSPECIFIED.,.F.,.F.)
B_SPLINE_CURVE_WITH_KNOTS((3,3),(1.36825579402381,2.589607995209),
 .UNSPECIFIED.)
CURVE()
GEOMETRIC_REPRESENTATION_ITEM()
RATIONAL_B_SPLINE_CURVE((1.03962132283611,1.03749738870095,1.00001154222618))
REPRESENTATION_ITEM('')
);
#1094=(
BOUNDED_CURVE()
B_SPLINE_CURVE(2,(#4151,#4152,#4153),.UNSPECIFIED.,.F.,.F.)
B_SPLINE_CURVE_WITH_KNOTS((3,3),(1.46312052065357,1.97482212837268),
 .UNSPECIFIED.)
CURVE()
GEOMETRIC_REPRESENTATION_ITEM()
RATIONAL_B_SPLINE_CURVE((1.64555686580883,1.74663247801663,1.83944692347905))
REPRESENTATION_ITEM('')
);
#1095=(
BOUNDED_CURVE()
B_SPLINE_CURVE(2,(#4190,#4191,#4192),.UNSPECIFIED.,.F.,.F.)
B_SPLINE_CURVE_WITH_KNOTS((3,3),(0.535774405433346,1.77509511949194),
 .UNSPECIFIED.)
CURVE()
GEOMETRIC_REPRESENTATION_ITEM()
RATIONAL_B_SPLINE_CURVE((1.02608800538751,1.04839032868036,1.03428259810541))
REPRESENTATION_ITEM('')
);
#1096=(
BOUNDED_CURVE()
B_SPLINE_CURVE(2,(#4233,#4234,#4235),.UNSPECIFIED.,.F.,.F.)
B_SPLINE_CURVE_WITH_KNOTS((3,3),(4.4857949913861E-8,2.50249900672701),
 .UNSPECIFIED.)
CURVE()
GEOMETRIC_REPRESENTATION_ITEM()
RATIONAL_B_SPLINE_CURVE((1.00000000632656,1.17647061502242,1.00000000632656))
REPRESENTATION_ITEM('')
);
#1097=(
BOUNDED_CURVE()
B_SPLINE_CURVE(2,(#4245,#4246,#4247),.UNSPECIFIED.,.F.,.F.)
B_SPLINE_CURVE_WITH_KNOTS((3,3),(0.,0.633427958540764),.UNSPECIFIED.)
CURVE()
GEOMETRIC_REPRESENTATION_ITEM()
RATIONAL_B_SPLINE_CURVE((1.,1.00298749057419,1.))
REPRESENTATION_ITEM('')
);
#1098=(
BOUNDED_CURVE()
B_SPLINE_CURVE(2,(#4253,#4254,#4255),.UNSPECIFIED.,.F.,.F.)
B_SPLINE_CURVE_WITH_KNOTS((3,3),(0.,0.641456024909991),.UNSPECIFIED.)
CURVE()
GEOMETRIC_REPRESENTATION_ITEM()
RATIONAL_B_SPLINE_CURVE((1.,1.00416499514916,1.))
REPRESENTATION_ITEM('')
);
#1099=VERTEX_POINT('',#3601);
#1100=VERTEX_POINT('',#3602);
#1101=VERTEX_POINT('',#3609);
#1102=VERTEX_POINT('',#3618);
#1103=VERTEX_POINT('',#3680);
#1104=VERTEX_POINT('',#3701);
#1105=VERTEX_POINT('',#3823);
#1106=VERTEX_POINT('',#3832);
#1107=VERTEX_POINT('',#3847);
#1108=VERTEX_POINT('',#3869);
#1109=VERTEX_POINT('',#3870);
#1110=VERTEX_POINT('',#3872);
#1111=VERTEX_POINT('',#3874);
#1112=VERTEX_POINT('',#3876);
#1113=VERTEX_POINT('',#3880);
#1114=VERTEX_POINT('',#3882);
#1115=VERTEX_POINT('',#3886);
#1116=VERTEX_POINT('',#3888);
#1117=VERTEX_POINT('',#3892);
#1118=VERTEX_POINT('',#3894);
#1119=VERTEX_POINT('',#3896);
#1120=VERTEX_POINT('',#3900);
#1121=VERTEX_POINT('',#3902);
#1122=VERTEX_POINT('',#3904);
#1123=VERTEX_POINT('',#3908);
#1124=VERTEX_POINT('',#3909);
#1125=VERTEX_POINT('',#3911);
#1126=VERTEX_POINT('',#3913);
#1127=VERTEX_POINT('',#3915);
#1128=VERTEX_POINT('',#3919);
#1129=VERTEX_POINT('',#3921);
#1130=VERTEX_POINT('',#3925);
#1131=VERTEX_POINT('',#3927);
#1132=VERTEX_POINT('',#3929);
#1133=VERTEX_POINT('',#3931);
#1134=VERTEX_POINT('',#3935);
#1135=VERTEX_POINT('',#3937);
#1136=VERTEX_POINT('',#3939);
#1137=VERTEX_POINT('',#3943);
#1138=VERTEX_POINT('',#3947);
#1139=VERTEX_POINT('',#3948);
#1140=VERTEX_POINT('',#3953);
#1141=VERTEX_POINT('',#3954);
#1142=VERTEX_POINT('',#3956);
#1143=VERTEX_POINT('',#3958);
#1144=VERTEX_POINT('',#3977);
#1145=VERTEX_POINT('',#3985);
#1146=VERTEX_POINT('',#3992);
#1147=VERTEX_POINT('',#3993);
#1148=VERTEX_POINT('',#4025);
#1149=VERTEX_POINT('',#4027);
#1150=VERTEX_POINT('',#4033);
#1151=VERTEX_POINT('',#4067);
#1152=VERTEX_POINT('',#4069);
#1153=VERTEX_POINT('',#4086);
#1154=VERTEX_POINT('',#4087);
#1155=VERTEX_POINT('',#4089);
#1156=VERTEX_POINT('',#4091);
#1157=VERTEX_POINT('',#4095);
#1158=VERTEX_POINT('',#4097);
#1159=VERTEX_POINT('',#4101);
#1160=VERTEX_POINT('',#4103);
#1161=VERTEX_POINT('',#4105);
#1162=VERTEX_POINT('',#4107);
#1163=VERTEX_POINT('',#4109);
#1164=VERTEX_POINT('',#4113);
#1165=VERTEX_POINT('',#4115);
#1166=VERTEX_POINT('',#4119);
#1167=VERTEX_POINT('',#4123);
#1168=VERTEX_POINT('',#4127);
#1169=VERTEX_POINT('',#4138);
#1170=VERTEX_POINT('',#4144);
#1171=VERTEX_POINT('',#4146);
#1172=VERTEX_POINT('',#4148);
#1173=VERTEX_POINT('',#4150);
#1174=VERTEX_POINT('',#4156);
#1175=VERTEX_POINT('',#4157);
#1176=VERTEX_POINT('',#4188);
#1177=VERTEX_POINT('',#4194);
#1178=VERTEX_POINT('',#4196);
#1179=VERTEX_POINT('',#4200);
#1180=VERTEX_POINT('',#4203);
#1181=VERTEX_POINT('',#4206);
#1182=VERTEX_POINT('',#4210);
#1183=VERTEX_POINT('',#4212);
#1184=VERTEX_POINT('',#4216);
#1185=VERTEX_POINT('',#4217);
#1186=VERTEX_POINT('',#4219);
#1187=VERTEX_POINT('',#4221);
#1188=VERTEX_POINT('',#4225);
#1189=VERTEX_POINT('',#4227);
#1190=VERTEX_POINT('',#4231);
#1191=VERTEX_POINT('',#4236);
#1192=VERTEX_POINT('',#4238);
#1193=VERTEX_POINT('',#4241);
#1194=VERTEX_POINT('',#4242);
#1195=VERTEX_POINT('',#4244);
#1196=VERTEX_POINT('',#4248);
#1197=VERTEX_POINT('',#4250);
#1198=VERTEX_POINT('',#4252);
#1199=VERTEX_POINT('',#4260);
#1200=VERTEX_POINT('',#4262);
#1201=VERTEX_POINT('',#4264);
#1202=VERTEX_POINT('',#4269);
#1203=VERTEX_POINT('',#4271);
#1204=VERTEX_POINT('',#4280);
#1205=VERTEX_POINT('',#4282);
#1206=VERTEX_POINT('',#4291);
#1207=VERTEX_POINT('',#4293);
#1208=VERTEX_POINT('',#4302);
#1209=VERTEX_POINT('',#4304);
#1210=VERTEX_POINT('',#4313);
#1211=VERTEX_POINT('',#4315);
#1212=VERTEX_POINT('',#4324);
#1213=VERTEX_POINT('',#4326);
#1214=VERTEX_POINT('',#4335);
#1215=VERTEX_POINT('',#4337);
#1216=VERTEX_POINT('',#4346);
#1217=VERTEX_POINT('',#4348);
#1218=VERTEX_POINT('',#4357);
#1219=VERTEX_POINT('',#4359);
#1220=VERTEX_POINT('',#4368);
#1221=VERTEX_POINT('',#4370);
#1222=VERTEX_POINT('',#4379);
#1223=VERTEX_POINT('',#4381);
#1224=VERTEX_POINT('',#4390);
#1225=VERTEX_POINT('',#4392);
#1226=VERTEX_POINT('',#4401);
#1227=VERTEX_POINT('',#4403);
#1228=VERTEX_POINT('',#4412);
#1229=VERTEX_POINT('',#4414);
#1230=VERTEX_POINT('',#4423);
#1231=VERTEX_POINT('',#4425);
#1232=VERTEX_POINT('',#4434);
#1233=VERTEX_POINT('',#4436);
#1234=VERTEX_POINT('',#4445);
#1235=VERTEX_POINT('',#4447);
#1236=VERTEX_POINT('',#4456);
#1237=VERTEX_POINT('',#4458);
#1238=VERTEX_POINT('',#4467);
#1239=VERTEX_POINT('',#4469);
#1240=VERTEX_POINT('',#4478);
#1241=VERTEX_POINT('',#4480);
#1242=VERTEX_POINT('',#4489);
#1243=VERTEX_POINT('',#4491);
#1244=VERTEX_POINT('',#4500);
#1245=VERTEX_POINT('',#4502);
#1246=VERTEX_POINT('',#4511);
#1247=VERTEX_POINT('',#4513);
#1248=VERTEX_POINT('',#4522);
#1249=VERTEX_POINT('',#4524);
#1250=VERTEX_POINT('',#4533);
#1251=VERTEX_POINT('',#4535);
#1252=VERTEX_POINT('',#4544);
#1253=VERTEX_POINT('',#4554);
#1254=VERTEX_POINT('',#4561);
#1255=VERTEX_POINT('',#4563);
#1256=VERTEX_POINT('',#4570);
#1257=VERTEX_POINT('',#4572);
#1258=VERTEX_POINT('',#4579);
#1259=VERTEX_POINT('',#4581);
#1260=VERTEX_POINT('',#4588);
#1261=VERTEX_POINT('',#4590);
#1262=VERTEX_POINT('',#4597);
#1263=VERTEX_POINT('',#4599);
#1264=VERTEX_POINT('',#4606);
#1265=VERTEX_POINT('',#4608);
#1266=VERTEX_POINT('',#4615);
#1267=VERTEX_POINT('',#4617);
#1268=VERTEX_POINT('',#4624);
#1269=VERTEX_POINT('',#4626);
#1270=VERTEX_POINT('',#4633);
#1271=VERTEX_POINT('',#4635);
#1272=VERTEX_POINT('',#4642);
#1273=VERTEX_POINT('',#4644);
#1274=VERTEX_POINT('',#4651);
#1275=VERTEX_POINT('',#4653);
#1276=VERTEX_POINT('',#4660);
#1277=VERTEX_POINT('',#4662);
#1278=VERTEX_POINT('',#4669);
#1279=VERTEX_POINT('',#4671);
#1280=VERTEX_POINT('',#4678);
#1281=VERTEX_POINT('',#4680);
#1282=VERTEX_POINT('',#4687);
#1283=VERTEX_POINT('',#4689);
#1284=VERTEX_POINT('',#4696);
#1285=VERTEX_POINT('',#4698);
#1286=VERTEX_POINT('',#4705);
#1287=VERTEX_POINT('',#4707);
#1288=VERTEX_POINT('',#4714);
#1289=VERTEX_POINT('',#4716);
#1290=VERTEX_POINT('',#4723);
#1291=VERTEX_POINT('',#4725);
#1292=VERTEX_POINT('',#4732);
#1293=VERTEX_POINT('',#4734);
#1294=VERTEX_POINT('',#4741);
#1295=VERTEX_POINT('',#4743);
#1296=VERTEX_POINT('',#4750);
#1297=VERTEX_POINT('',#4752);
#1298=VERTEX_POINT('',#4759);
#1299=VERTEX_POINT('',#4761);
#1300=VERTEX_POINT('',#4768);
#1301=VERTEX_POINT('',#4770);
#1302=VERTEX_POINT('',#4777);
#1303=VERTEX_POINT('',#4779);
#1304=VERTEX_POINT('',#4786);
#1305=VERTEX_POINT('',#4788);
#1306=VERTEX_POINT('',#4859);
#1307=VERTEX_POINT('',#6827);
#1308=VERTEX_POINT('',#7421);
#1309=VERTEX_POINT('',#8808);
#1310=VERTEX_POINT('',#8836);
#1311=VERTEX_POINT('',#9042);
#1312=VERTEX_POINT('',#9046);
#1313=VERTEX_POINT('',#9049);
#1314=VERTEX_POINT('',#9053);
#1315=VERTEX_POINT('',#9055);
#1316=VERTEX_POINT('',#9059);
#1317=VERTEX_POINT('',#9063);
#1318=VERTEX_POINT('',#9067);
#1319=VERTEX_POINT('',#9071);
#1320=VERTEX_POINT('',#9080);
#1321=VERTEX_POINT('',#9085);
#1322=VERTEX_POINT('',#9092);
#1323=VERTEX_POINT('',#9094);
#1324=VERTEX_POINT('',#9098);
#1325=VERTEX_POINT('',#9100);
#1326=VERTEX_POINT('',#9104);
#1327=VERTEX_POINT('',#9107);
#1328=VERTEX_POINT('',#9108);
#1329=VERTEX_POINT('',#9110);
#1330=VERTEX_POINT('',#9112);
#1331=VERTEX_POINT('',#9114);
#1332=VERTEX_POINT('',#9116);
#1333=VERTEX_POINT('',#9120);
#1334=VERTEX_POINT('',#9122);
#1335=VERTEX_POINT('',#9126);
#1336=VERTEX_POINT('',#9128);
#1337=VERTEX_POINT('',#9132);
#1338=VERTEX_POINT('',#9134);
#1339=VERTEX_POINT('',#9136);
#1340=VERTEX_POINT('',#9138);
#1341=VERTEX_POINT('',#9142);
#1342=VERTEX_POINT('',#9144);
#1343=VERTEX_POINT('',#9146);
#1344=VERTEX_POINT('',#9148);
#1345=VERTEX_POINT('',#9150);
#1346=VERTEX_POINT('',#9154);
#1347=VERTEX_POINT('',#9156);
#1348=VERTEX_POINT('',#9158);
#1349=VERTEX_POINT('',#9162);
#1350=VERTEX_POINT('',#9164);
#1351=VERTEX_POINT('',#9166);
#1352=VERTEX_POINT('',#9168);
#1353=VERTEX_POINT('',#9174);
#1354=VERTEX_POINT('',#9175);
#1355=VERTEX_POINT('',#9177);
#1356=VERTEX_POINT('',#9180);
#1357=VERTEX_POINT('',#9188);
#1358=VERTEX_POINT('',#9189);
#1359=VERTEX_POINT('',#9194);
#1360=VERTEX_POINT('',#9195);
#1361=VERTEX_POINT('',#9212);
#1362=VERTEX_POINT('',#9216);
#1363=EDGE_CURVE('',#1099,#1100,#1091,.T.);
#1364=EDGE_CURVE('',#1101,#1099,#961,.T.);
#1365=EDGE_CURVE('',#1102,#1101,#962,.T.);
#1366=EDGE_CURVE('',#1102,#1103,#963,.T.);
#1367=EDGE_CURVE('',#1104,#1103,#964,.T.);
#1368=EDGE_CURVE('',#1105,#1104,#965,.T.);
#1369=EDGE_CURVE('',#1105,#1106,#1092,.T.);
#1370=EDGE_CURVE('',#1106,#1106,#916,.T.);
#1371=EDGE_CURVE('',#1107,#1105,#966,.T.);
#1372=EDGE_CURVE('',#1100,#1107,#967,.T.);
#1373=EDGE_CURVE('',#1108,#1109,#123,.T.);
#1374=EDGE_CURVE('',#1109,#1110,#112,.F.);
#1375=EDGE_CURVE('',#1110,#1111,#124,.T.);
#1376=EDGE_CURVE('',#1111,#1112,#125,.T.);
#1377=EDGE_CURVE('',#1112,#1108,#126,.T.);
#1378=EDGE_CURVE('',#1111,#1113,#127,.T.);
#1379=EDGE_CURVE('',#1113,#1114,#128,.T.);
#1380=EDGE_CURVE('',#1114,#1112,#129,.T.);
#1381=EDGE_CURVE('',#1115,#1114,#130,.T.);
#1382=EDGE_CURVE('',#1116,#1115,#131,.T.);
#1383=EDGE_CURVE('',#1108,#1116,#132,.T.);
#1384=EDGE_CURVE('',#1113,#1117,#133,.T.);
#1385=EDGE_CURVE('',#1118,#1117,#134,.T.);
#1386=EDGE_CURVE('',#1118,#1119,#135,.T.);
#1387=EDGE_CURVE('',#1115,#1119,#136,.T.);
#1388=EDGE_CURVE('',#1120,#1110,#113,.T.);
#1389=EDGE_CURVE('',#1121,#1120,#114,.T.);
#1390=EDGE_CURVE('',#1122,#1121,#137,.T.);
#1391=EDGE_CURVE('',#1117,#1122,#138,.T.);
#1392=EDGE_CURVE('',#1123,#1124,#139,.T.);
#1393=EDGE_CURVE('',#1124,#1125,#115,.F.);
#1394=EDGE_CURVE('',#1125,#1126,#140,.T.);
#1395=EDGE_CURVE('',#1126,#1127,#141,.T.);
#1396=EDGE_CURVE('',#1127,#1123,#142,.T.);
#1397=EDGE_CURVE('',#1127,#1128,#143,.T.);
#1398=EDGE_CURVE('',#1128,#1129,#144,.T.);
#1399=EDGE_CURVE('',#1129,#1123,#145,.T.);
#1400=EDGE_CURVE('',#1130,#1129,#146,.T.);
#1401=EDGE_CURVE('',#1131,#1130,#147,.T.);
#1402=EDGE_CURVE('',#1132,#1131,#148,.T.);
#1403=EDGE_CURVE('',#1133,#1132,#116,.T.);
#1404=EDGE_CURVE('',#1124,#1133,#117,.T.);
#1405=EDGE_CURVE('',#1128,#1134,#149,.T.);
#1406=EDGE_CURVE('',#1134,#1135,#150,.T.);
#1407=EDGE_CURVE('',#1135,#1136,#151,.T.);
#1408=EDGE_CURVE('',#1130,#1136,#152,.T.);
#1409=EDGE_CURVE('',#1136,#1137,#153,.T.);
#1410=EDGE_CURVE('',#1137,#1131,#154,.T.);
#1411=EDGE_CURVE('',#1138,#1139,#155,.T.);
#1412=EDGE_CURVE('',#1139,#1132,#118,.F.);
#1413=EDGE_CURVE('',#1137,#1138,#156,.T.);
#1414=EDGE_CURVE('',#1140,#1141,#157,.T.);
#1415=EDGE_CURVE('',#1141,#1142,#158,.T.);
#1416=EDGE_CURVE('',#1142,#1143,#159,.T.);
#1417=EDGE_CURVE('',#1143,#1140,#160,.T.);
#1418=EDGE_CURVE('',#1140,#1144,#968,.F.);
#1419=EDGE_CURVE('',#1144,#1145,#161,.T.);
#1420=EDGE_CURVE('',#1145,#1141,#969,.T.);
#1421=EDGE_CURVE('',#1146,#1147,#970,.T.);
#1422=EDGE_CURVE('',#1146,#1145,#917,.T.);
#1423=EDGE_CURVE('',#1144,#1147,#971,.F.);
#1424=EDGE_CURVE('',#1148,#1122,#162,.T.);
#1425=EDGE_CURVE('',#1122,#1149,#972,.T.);
#1426=EDGE_CURVE('',#1149,#1150,#163,.T.);
#1427=EDGE_CURVE('',#1150,#1148,#973,.T.);
#1428=EDGE_CURVE('',#1148,#1118,#164,.T.);
#1429=EDGE_CURVE('',#1149,#1143,#974,.T.);
#1430=EDGE_CURVE('',#1142,#1150,#975,.T.);
#1431=EDGE_CURVE('',#1151,#1143,#165,.T.);
#1432=EDGE_CURVE('',#1152,#1151,#166,.T.);
#1433=EDGE_CURVE('',#1140,#1152,#1093,.T.);
#1434=EDGE_CURVE('',#1121,#1151,#976,.F.);
#1435=EDGE_CURVE('',#1153,#1154,#918,.T.);
#1436=EDGE_CURVE('',#1154,#1155,#167,.T.);
#1437=EDGE_CURVE('',#1155,#1156,#919,.F.);
#1438=EDGE_CURVE('',#1156,#1153,#168,.T.);
#1439=EDGE_CURVE('',#1157,#1154,#920,.T.);
#1440=EDGE_CURVE('',#1158,#1157,#169,.T.);
#1441=EDGE_CURVE('',#1155,#1158,#921,.T.);
#1442=EDGE_CURVE('',#1153,#1159,#170,.T.);
#1443=EDGE_CURVE('',#1160,#1159,#922,.T.);
#1444=EDGE_CURVE('',#1160,#1161,#923,.T.);
#1445=EDGE_CURVE('',#1162,#1161,#924,.T.);
#1446=EDGE_CURVE('',#1162,#1163,#171,.T.);
#1447=EDGE_CURVE('',#1157,#1163,#925,.T.);
#1448=EDGE_CURVE('',#1159,#1164,#172,.T.);
#1449=EDGE_CURVE('',#1164,#1165,#926,.F.);
#1450=EDGE_CURVE('',#1165,#1160,#173,.T.);
#1451=EDGE_CURVE('',#1166,#1165,#927,.T.);
#1452=EDGE_CURVE('',#1161,#1166,#174,.T.);
#1453=EDGE_CURVE('',#1163,#1167,#175,.T.);
#1454=EDGE_CURVE('',#1167,#1158,#928,.F.);
#1455=EDGE_CURVE('',#1166,#1168,#929,.F.);
#1456=EDGE_CURVE('',#1168,#1162,#176,.T.);
#1457=EDGE_CURVE('',#1167,#1168,#177,.T.);
#1458=EDGE_CURVE('',#1145,#1119,#178,.T.);
#1459=EDGE_CURVE('',#1119,#1135,#930,.T.);
#1460=EDGE_CURVE('',#1134,#1115,#931,.T.);
#1461=EDGE_CURVE('',#1169,#1134,#179,.T.);
#1462=EDGE_CURVE('',#1116,#1169,#932,.T.);
#1463=EDGE_CURVE('',#1169,#1126,#180,.T.);
#1464=EDGE_CURVE('',#1138,#1170,#181,.T.);
#1465=EDGE_CURVE('',#1170,#1171,#182,.T.);
#1466=EDGE_CURVE('',#1171,#1172,#183,.T.);
#1467=EDGE_CURVE('',#1173,#1172,#1094,.T.);
#1468=EDGE_CURVE('',#1173,#1139,#184,.F.);
#1469=EDGE_CURVE('',#1174,#1175,#977,.F.);
#1470=EDGE_CURVE('',#1175,#1171,#933,.T.);
#1471=EDGE_CURVE('',#1170,#1174,#934,.T.);
#1472=EDGE_CURVE('',#1174,#1146,#978,.T.);
#1473=EDGE_CURVE('',#1135,#1170,#185,.T.);
#1474=EDGE_CURVE('',#1164,#1156,#186,.T.);
#1475=EDGE_CURVE('',#1176,#1175,#187,.T.);
#1476=EDGE_CURVE('',#1172,#1176,#1095,.T.);
#1477=EDGE_CURVE('',#1109,#1177,#188,.T.);
#1478=EDGE_CURVE('',#1177,#1178,#935,.T.);
#1479=EDGE_CURVE('',#1178,#1120,#189,.T.);
#1480=EDGE_CURVE('',#1179,#1125,#190,.T.);
#1481=EDGE_CURVE('',#1177,#1179,#191,.T.);
#1482=EDGE_CURVE('',#1180,#1180,#936,.T.);
#1483=EDGE_CURVE('',#1133,#1181,#192,.T.);
#1484=EDGE_CURVE('',#1181,#1179,#937,.T.);
#1485=EDGE_CURVE('',#1182,#1173,#938,.T.);
#1486=EDGE_CURVE('',#1182,#1183,#193,.T.);
#1487=EDGE_CURVE('',#1183,#1181,#939,.T.);
#1488=EDGE_CURVE('',#1184,#1185,#194,.T.);
#1489=EDGE_CURVE('',#1184,#1186,#195,.T.);
#1490=EDGE_CURVE('',#1186,#1187,#196,.T.);
#1491=EDGE_CURVE('',#1185,#1187,#197,.T.);
#1492=EDGE_CURVE('',#1188,#1185,#198,.T.);
#1493=EDGE_CURVE('',#1189,#1188,#199,.T.);
#1494=EDGE_CURVE('',#1189,#1184,#200,.T.);
#1495=EDGE_CURVE('',#1152,#1190,#940,.T.);
#1496=EDGE_CURVE('',#1190,#1182,#1096,.T.);
#1497=EDGE_CURVE('',#1176,#1191,#941,.T.);
#1498=EDGE_CURVE('',#1191,#1192,#942,.T.);
#1499=EDGE_CURVE('',#1192,#1147,#943,.T.);
#1500=EDGE_CURVE('',#1193,#1194,#119,.T.);
#1501=EDGE_CURVE('',#1194,#1195,#1097,.T.);
#1502=EDGE_CURVE('',#1195,#1196,#120,.T.);
#1503=EDGE_CURVE('',#1196,#1197,#121,.T.);
#1504=EDGE_CURVE('',#1197,#1198,#1098,.T.);
#1505=EDGE_CURVE('',#1198,#1193,#122,.T.);
#1506=EDGE_CURVE('',#1191,#1192,#201,.T.);
#1507=EDGE_CURVE('',#1199,#1191,#202,.T.);
#1508=EDGE_CURVE('',#1200,#1199,#203,.T.);
#1509=EDGE_CURVE('',#1201,#1200,#979,.T.);
#1510=EDGE_CURVE('',#1202,#1201,#204,.T.);
#1511=EDGE_CURVE('',#1203,#1202,#980,.T.);
#1512=EDGE_CURVE('',#1204,#1203,#205,.T.);
#1513=EDGE_CURVE('',#1205,#1204,#981,.T.);
#1514=EDGE_CURVE('',#1206,#1205,#206,.T.);
#1515=EDGE_CURVE('',#1207,#1206,#982,.T.);
#1516=EDGE_CURVE('',#1208,#1207,#207,.T.);
#1517=EDGE_CURVE('',#1209,#1208,#983,.T.);
#1518=EDGE_CURVE('',#1210,#1209,#208,.T.);
#1519=EDGE_CURVE('',#1211,#1210,#984,.T.);
#1520=EDGE_CURVE('',#1212,#1211,#209,.T.);
#1521=EDGE_CURVE('',#1213,#1212,#985,.T.);
#1522=EDGE_CURVE('',#1214,#1213,#210,.T.);
#1523=EDGE_CURVE('',#1215,#1214,#986,.T.);
#1524=EDGE_CURVE('',#1216,#1215,#211,.T.);
#1525=EDGE_CURVE('',#1217,#1216,#987,.T.);
#1526=EDGE_CURVE('',#1218,#1217,#212,.T.);
#1527=EDGE_CURVE('',#1219,#1218,#988,.T.);
#1528=EDGE_CURVE('',#1220,#1219,#213,.T.);
#1529=EDGE_CURVE('',#1221,#1220,#989,.T.);
#1530=EDGE_CURVE('',#1222,#1221,#214,.T.);
#1531=EDGE_CURVE('',#1223,#1222,#990,.T.);
#1532=EDGE_CURVE('',#1224,#1223,#215,.T.);
#1533=EDGE_CURVE('',#1225,#1224,#991,.T.);
#1534=EDGE_CURVE('',#1226,#1225,#216,.T.);
#1535=EDGE_CURVE('',#1227,#1226,#992,.T.);
#1536=EDGE_CURVE('',#1228,#1227,#217,.T.);
#1537=EDGE_CURVE('',#1229,#1228,#993,.T.);
#1538=EDGE_CURVE('',#1230,#1229,#218,.T.);
#1539=EDGE_CURVE('',#1231,#1230,#994,.T.);
#1540=EDGE_CURVE('',#1232,#1231,#219,.T.);
#1541=EDGE_CURVE('',#1233,#1232,#995,.T.);
#1542=EDGE_CURVE('',#1234,#1233,#220,.T.);
#1543=EDGE_CURVE('',#1235,#1234,#996,.T.);
#1544=EDGE_CURVE('',#1236,#1235,#221,.T.);
#1545=EDGE_CURVE('',#1237,#1236,#997,.T.);
#1546=EDGE_CURVE('',#1238,#1237,#222,.T.);
#1547=EDGE_CURVE('',#1239,#1238,#998,.T.);
#1548=EDGE_CURVE('',#1240,#1239,#223,.T.);
#1549=EDGE_CURVE('',#1241,#1240,#999,.T.);
#1550=EDGE_CURVE('',#1242,#1241,#224,.T.);
#1551=EDGE_CURVE('',#1243,#1242,#1000,.T.);
#1552=EDGE_CURVE('',#1244,#1243,#225,.T.);
#1553=EDGE_CURVE('',#1245,#1244,#1001,.T.);
#1554=EDGE_CURVE('',#1246,#1245,#226,.T.);
#1555=EDGE_CURVE('',#1247,#1246,#1002,.T.);
#1556=EDGE_CURVE('',#1248,#1247,#227,.T.);
#1557=EDGE_CURVE('',#1249,#1248,#1003,.T.);
#1558=EDGE_CURVE('',#1250,#1249,#228,.T.);
#1559=EDGE_CURVE('',#1251,#1250,#1004,.T.);
#1560=EDGE_CURVE('',#1252,#1251,#229,.T.);
#1561=EDGE_CURVE('',#1103,#1252,#1005,.T.);
#1562=EDGE_CURVE('',#1253,#1102,#1006,.T.);
#1563=EDGE_CURVE('',#1254,#1253,#230,.T.);
#1564=EDGE_CURVE('',#1255,#1254,#1007,.T.);
#1565=EDGE_CURVE('',#1256,#1255,#231,.T.);
#1566=EDGE_CURVE('',#1257,#1256,#1008,.T.);
#1567=EDGE_CURVE('',#1258,#1257,#232,.T.);
#1568=EDGE_CURVE('',#1259,#1258,#1009,.T.);
#1569=EDGE_CURVE('',#1260,#1259,#233,.T.);
#1570=EDGE_CURVE('',#1261,#1260,#1010,.T.);
#1571=EDGE_CURVE('',#1262,#1261,#234,.T.);
#1572=EDGE_CURVE('',#1263,#1262,#1011,.T.);
#1573=EDGE_CURVE('',#1264,#1263,#235,.T.);
#1574=EDGE_CURVE('',#1265,#1264,#1012,.T.);
#1575=EDGE_CURVE('',#1266,#1265,#236,.T.);
#1576=EDGE_CURVE('',#1267,#1266,#1013,.T.);
#1577=EDGE_CURVE('',#1268,#1267,#237,.T.);
#1578=EDGE_CURVE('',#1269,#1268,#1014,.T.);
#1579=EDGE_CURVE('',#1270,#1269,#238,.T.);
#1580=EDGE_CURVE('',#1271,#1270,#1015,.T.);
#1581=EDGE_CURVE('',#1272,#1271,#239,.T.);
#1582=EDGE_CURVE('',#1273,#1272,#1016,.T.);
#1583=EDGE_CURVE('',#1274,#1273,#240,.T.);
#1584=EDGE_CURVE('',#1275,#1274,#1017,.T.);
#1585=EDGE_CURVE('',#1276,#1275,#241,.T.);
#1586=EDGE_CURVE('',#1277,#1276,#1018,.T.);
#1587=EDGE_CURVE('',#1278,#1277,#242,.T.);
#1588=EDGE_CURVE('',#1279,#1278,#1019,.T.);
#1589=EDGE_CURVE('',#1280,#1279,#243,.T.);
#1590=EDGE_CURVE('',#1281,#1280,#1020,.T.);
#1591=EDGE_CURVE('',#1282,#1281,#244,.T.);
#1592=EDGE_CURVE('',#1283,#1282,#1021,.T.);
#1593=EDGE_CURVE('',#1284,#1283,#245,.T.);
#1594=EDGE_CURVE('',#1285,#1284,#1022,.T.);
#1595=EDGE_CURVE('',#1286,#1285,#246,.T.);
#1596=EDGE_CURVE('',#1287,#1286,#1023,.T.);
#1597=EDGE_CURVE('',#1288,#1287,#247,.T.);
#1598=EDGE_CURVE('',#1289,#1288,#1024,.T.);
#1599=EDGE_CURVE('',#1290,#1289,#248,.T.);
#1600=EDGE_CURVE('',#1291,#1290,#1025,.T.);
#1601=EDGE_CURVE('',#1292,#1291,#249,.T.);
#1602=EDGE_CURVE('',#1293,#1292,#1026,.T.);
#1603=EDGE_CURVE('',#1294,#1293,#250,.T.);
#1604=EDGE_CURVE('',#1295,#1294,#1027,.T.);
#1605=EDGE_CURVE('',#1296,#1295,#251,.T.);
#1606=EDGE_CURVE('',#1297,#1296,#1028,.T.);
#1607=EDGE_CURVE('',#1298,#1297,#252,.T.);
#1608=EDGE_CURVE('',#1299,#1298,#1029,.T.);
#1609=EDGE_CURVE('',#1300,#1299,#253,.T.);
#1610=EDGE_CURVE('',#1301,#1300,#1030,.T.);
#1611=EDGE_CURVE('',#1302,#1301,#254,.T.);
#1612=EDGE_CURVE('',#1303,#1302,#1031,.T.);
#1613=EDGE_CURVE('',#1304,#1303,#255,.T.);
#1614=EDGE_CURVE('',#1305,#1304,#256,.T.);
#1615=EDGE_CURVE('',#1192,#1305,#257,.T.);
#1616=EDGE_CURVE('',#1306,#1200,#1032,.T.);
#1617=EDGE_CURVE('',#1306,#1301,#1033,.T.);
#1618=EDGE_CURVE('',#1201,#1300,#1034,.F.);
#1619=EDGE_CURVE('',#1204,#1297,#1035,.T.);
#1620=EDGE_CURVE('',#1205,#1296,#1036,.F.);
#1621=EDGE_CURVE('',#1208,#1293,#1037,.T.);
#1622=EDGE_CURVE('',#1209,#1292,#1038,.F.);
#1623=EDGE_CURVE('',#1212,#1289,#1039,.T.);
#1624=EDGE_CURVE('',#1213,#1288,#1040,.F.);
#1625=EDGE_CURVE('',#1216,#1285,#1041,.T.);
#1626=EDGE_CURVE('',#1217,#1284,#1042,.F.);
#1627=EDGE_CURVE('',#1220,#1281,#1043,.T.);
#1628=EDGE_CURVE('',#1221,#1280,#1044,.F.);
#1629=EDGE_CURVE('',#1224,#1277,#1045,.T.);
#1630=EDGE_CURVE('',#1225,#1276,#1046,.F.);
#1631=EDGE_CURVE('',#1228,#1273,#1047,.T.);
#1632=EDGE_CURVE('',#1229,#1272,#1048,.F.);
#1633=EDGE_CURVE('',#1232,#1269,#1049,.T.);
#1634=EDGE_CURVE('',#1233,#1268,#1050,.F.);
#1635=EDGE_CURVE('',#1236,#1265,#1051,.T.);
#1636=EDGE_CURVE('',#1237,#1264,#1052,.F.);
#1637=EDGE_CURVE('',#1240,#1261,#1053,.T.);
#1638=EDGE_CURVE('',#1241,#1260,#1054,.F.);
#1639=EDGE_CURVE('',#1252,#1104,#1055,.T.);
#1640=EDGE_CURVE('',#1244,#1257,#1056,.T.);
#1641=EDGE_CURVE('',#1245,#1256,#1057,.F.);
#1642=EDGE_CURVE('',#1248,#1253,#1058,.T.);
#1643=EDGE_CURVE('',#1249,#1101,#1059,.F.);
#1644=EDGE_CURVE('',#1307,#1306,#944,.T.);
#1645=EDGE_CURVE('',#1307,#1302,#1060,.F.);
#1646=EDGE_CURVE('',#1203,#1298,#1061,.F.);
#1647=EDGE_CURVE('',#1207,#1294,#1062,.F.);
#1648=EDGE_CURVE('',#1211,#1290,#1063,.F.);
#1649=EDGE_CURVE('',#1215,#1286,#1064,.F.);
#1650=EDGE_CURVE('',#1219,#1282,#1065,.F.);
#1651=EDGE_CURVE('',#1223,#1278,#1066,.F.);
#1652=EDGE_CURVE('',#1227,#1274,#1067,.F.);
#1653=EDGE_CURVE('',#1231,#1270,#1068,.F.);
#1654=EDGE_CURVE('',#1235,#1266,#1069,.F.);
#1655=EDGE_CURVE('',#1239,#1262,#1070,.F.);
#1656=EDGE_CURVE('',#1243,#1258,#1071,.F.);
#1657=EDGE_CURVE('',#1247,#1254,#1072,.F.);
#1658=EDGE_CURVE('',#1199,#1305,#945,.T.);
#1659=EDGE_CURVE('',#1308,#1307,#1073,.T.);
#1660=EDGE_CURVE('',#1303,#1308,#1074,.F.);
#1661=EDGE_CURVE('',#1299,#1202,#1075,.F.);
#1662=EDGE_CURVE('',#1295,#1206,#1076,.F.);
#1663=EDGE_CURVE('',#1291,#1210,#1077,.F.);
#1664=EDGE_CURVE('',#1287,#1214,#1078,.F.);
#1665=EDGE_CURVE('',#1283,#1218,#1079,.F.);
#1666=EDGE_CURVE('',#1279,#1222,#1080,.F.);
#1667=EDGE_CURVE('',#1275,#1226,#1081,.F.);
#1668=EDGE_CURVE('',#1271,#1230,#1082,.F.);
#1669=EDGE_CURVE('',#1267,#1234,#1083,.F.);
#1670=EDGE_CURVE('',#1263,#1238,#1084,.F.);
#1671=EDGE_CURVE('',#1259,#1242,#1085,.F.);
#1672=EDGE_CURVE('',#1255,#1246,#1086,.F.);
#1673=EDGE_CURVE('',#1308,#1304,#946,.T.);
#1674=EDGE_CURVE('',#1099,#1309,#1087,.T.);
#1675=EDGE_CURVE('',#1309,#1250,#1088,.F.);
#1676=EDGE_CURVE('',#1310,#1190,#258,.T.);
#1677=EDGE_CURVE('',#1183,#1310,#259,.T.);
#1678=EDGE_CURVE('',#1309,#1100,#1089,.T.);
#1679=EDGE_CURVE('',#1251,#1107,#1090,.F.);
#1680=EDGE_CURVE('',#1311,#1311,#947,.T.);
#1681=EDGE_CURVE('',#1311,#1180,#260,.T.);
#1682=EDGE_CURVE('',#1312,#1312,#948,.T.);
#1683=EDGE_CURVE('',#1313,#1313,#949,.T.);
#1684=EDGE_CURVE('',#1313,#1312,#261,.T.);
#1685=EDGE_CURVE('',#1196,#1314,#262,.T.);
#1686=EDGE_CURVE('',#1314,#1315,#263,.T.);
#1687=EDGE_CURVE('',#1197,#1315,#264,.T.);
#1688=EDGE_CURVE('',#1315,#1316,#265,.T.);
#1689=EDGE_CURVE('',#1198,#1316,#266,.T.);
#1690=EDGE_CURVE('',#1316,#1317,#267,.T.);
#1691=EDGE_CURVE('',#1193,#1317,#268,.T.);
#1692=EDGE_CURVE('',#1317,#1318,#269,.T.);
#1693=EDGE_CURVE('',#1194,#1318,#270,.T.);
#1694=EDGE_CURVE('',#1195,#1319,#271,.T.);
#1695=EDGE_CURVE('',#1319,#1314,#272,.T.);
#1696=EDGE_CURVE('',#1318,#1319,#273,.T.);
#1697=EDGE_CURVE('',#1178,#1310,#950,.T.);
#1698=EDGE_CURVE('',#1320,#1189,#274,.T.);
#1699=EDGE_CURVE('',#1186,#1320,#275,.T.);
#1700=EDGE_CURVE('',#1187,#1321,#276,.T.);
#1701=EDGE_CURVE('',#1321,#1188,#277,.T.);
#1702=EDGE_CURVE('',#1320,#1321,#278,.T.);
#1703=EDGE_CURVE('',#1322,#1322,#951,.T.);
#1704=EDGE_CURVE('',#1322,#1323,#279,.T.);
#1705=EDGE_CURVE('',#1323,#1323,#952,.T.);
#1706=EDGE_CURVE('',#1324,#1324,#953,.T.);
#1707=EDGE_CURVE('',#1324,#1325,#280,.T.);
#1708=EDGE_CURVE('',#1325,#1325,#954,.T.);
#1709=EDGE_CURVE('',#1326,#1326,#955,.T.);
#1710=EDGE_CURVE('',#1327,#1328,#281,.T.);
#1711=EDGE_CURVE('',#1328,#1329,#282,.T.);
#1712=EDGE_CURVE('',#1329,#1330,#283,.T.);
#1713=EDGE_CURVE('',#1330,#1331,#284,.T.);
#1714=EDGE_CURVE('',#1331,#1332,#285,.T.);
#1715=EDGE_CURVE('',#1332,#1327,#286,.T.);
#1716=EDGE_CURVE('',#1328,#1333,#287,.T.);
#1717=EDGE_CURVE('',#1333,#1334,#288,.T.);
#1718=EDGE_CURVE('',#1334,#1329,#289,.T.);
#1719=EDGE_CURVE('',#1332,#1335,#290,.T.);
#1720=EDGE_CURVE('',#1335,#1336,#291,.T.);
#1721=EDGE_CURVE('',#1336,#1327,#292,.T.);
#1722=EDGE_CURVE('',#1333,#1337,#293,.T.);
#1723=EDGE_CURVE('',#1338,#1337,#294,.T.);
#1724=EDGE_CURVE('',#1338,#1339,#295,.T.);
#1725=EDGE_CURVE('',#1339,#1340,#296,.T.);
#1726=EDGE_CURVE('',#1340,#1334,#297,.T.);
#1727=EDGE_CURVE('',#1341,#1336,#298,.T.);
#1728=EDGE_CURVE('',#1342,#1341,#299,.T.);
#1729=EDGE_CURVE('',#1342,#1343,#300,.T.);
#1730=EDGE_CURVE('',#1344,#1343,#301,.T.);
#1731=EDGE_CURVE('',#1344,#1345,#302,.T.);
#1732=EDGE_CURVE('',#1337,#1345,#303,.T.);
#1733=EDGE_CURVE('',#1335,#1346,#304,.T.);
#1734=EDGE_CURVE('',#1347,#1346,#305,.T.);
#1735=EDGE_CURVE('',#1347,#1348,#306,.T.);
#1736=EDGE_CURVE('',#1341,#1348,#307,.T.);
#1737=EDGE_CURVE('',#1343,#1349,#308,.F.);
#1738=EDGE_CURVE('',#1350,#1342,#309,.F.);
#1739=EDGE_CURVE('',#1351,#1350,#310,.T.);
#1740=EDGE_CURVE('',#1352,#1351,#311,.F.);
#1741=EDGE_CURVE('',#1349,#1352,#312,.T.);
#1742=EDGE_CURVE('',#1348,#1350,#313,.T.);
#1743=EDGE_CURVE('',#1353,#1354,#314,.F.);
#1744=EDGE_CURVE('',#1355,#1353,#315,.T.);
#1745=EDGE_CURVE('',#1345,#1355,#316,.F.);
#1746=EDGE_CURVE('',#1356,#1344,#317,.F.);
#1747=EDGE_CURVE('',#1354,#1356,#318,.T.);
#1748=EDGE_CURVE('',#1355,#1338,#319,.T.);
#1749=EDGE_CURVE('',#1349,#1356,#320,.T.);
#1750=EDGE_CURVE('',#1357,#1358,#321,.T.);
#1751=EDGE_CURVE('',#1358,#1352,#322,.T.);
#1752=EDGE_CURVE('',#1351,#1357,#323,.T.);
#1753=EDGE_CURVE('',#1359,#1360,#324,.T.);
#1754=EDGE_CURVE('',#1360,#1358,#956,.T.);
#1755=EDGE_CURVE('',#1357,#1359,#957,.T.);
#1756=EDGE_CURVE('',#1359,#1353,#325,.T.);
#1757=EDGE_CURVE('',#1354,#1360,#326,.T.);
#1758=EDGE_CURVE('',#1346,#1340,#958,.T.);
#1759=EDGE_CURVE('',#1339,#1347,#959,.T.);
#1760=EDGE_CURVE('',#1357,#1347,#327,.T.);
#1761=EDGE_CURVE('',#1339,#1359,#328,.T.);
#1762=EDGE_CURVE('',#1361,#1331,#329,.T.);
#1763=EDGE_CURVE('',#1361,#1346,#330,.T.);
#1764=EDGE_CURVE('',#1362,#1340,#331,.T.);
#1765=EDGE_CURVE('',#1330,#1362,#332,.T.);
#1766=EDGE_CURVE('',#1362,#1361,#960,.T.);
#1767=EDGE_CURVE('',#1323,#1326,#333,.T.);
#1768=ORIENTED_EDGE('',*,*,#1363,.F.);
#1769=ORIENTED_EDGE('',*,*,#1364,.F.);
#1770=ORIENTED_EDGE('',*,*,#1365,.F.);
#1771=ORIENTED_EDGE('',*,*,#1366,.T.);
#1772=ORIENTED_EDGE('',*,*,#1367,.F.);
#1773=ORIENTED_EDGE('',*,*,#1368,.F.);
#1774=ORIENTED_EDGE('',*,*,#1369,.T.);
#1775=ORIENTED_EDGE('',*,*,#1370,.F.);
#1776=ORIENTED_EDGE('',*,*,#1369,.F.);
#1777=ORIENTED_EDGE('',*,*,#1371,.F.);
#1778=ORIENTED_EDGE('',*,*,#1372,.F.);
#1779=ORIENTED_EDGE('',*,*,#1373,.T.);
#1780=ORIENTED_EDGE('',*,*,#1374,.T.);
#1781=ORIENTED_EDGE('',*,*,#1375,.T.);
#1782=ORIENTED_EDGE('',*,*,#1376,.T.);
#1783=ORIENTED_EDGE('',*,*,#1377,.T.);
#1784=ORIENTED_EDGE('',*,*,#1378,.T.);
#1785=ORIENTED_EDGE('',*,*,#1379,.T.);
#1786=ORIENTED_EDGE('',*,*,#1380,.T.);
#1787=ORIENTED_EDGE('',*,*,#1376,.F.);
#1788=ORIENTED_EDGE('',*,*,#1380,.F.);
#1789=ORIENTED_EDGE('',*,*,#1381,.F.);
#1790=ORIENTED_EDGE('',*,*,#1382,.F.);
#1791=ORIENTED_EDGE('',*,*,#1383,.F.);
#1792=ORIENTED_EDGE('',*,*,#1377,.F.);
#1793=ORIENTED_EDGE('',*,*,#1379,.F.);
#1794=ORIENTED_EDGE('',*,*,#1384,.T.);
#1795=ORIENTED_EDGE('',*,*,#1385,.F.);
#1796=ORIENTED_EDGE('',*,*,#1386,.T.);
#1797=ORIENTED_EDGE('',*,*,#1387,.F.);
#1798=ORIENTED_EDGE('',*,*,#1381,.T.);
#1799=ORIENTED_EDGE('',*,*,#1378,.F.);
#1800=ORIENTED_EDGE('',*,*,#1375,.F.);
#1801=ORIENTED_EDGE('',*,*,#1388,.F.);
#1802=ORIENTED_EDGE('',*,*,#1389,.F.);
#1803=ORIENTED_EDGE('',*,*,#1390,.F.);
#1804=ORIENTED_EDGE('',*,*,#1391,.F.);
#1805=ORIENTED_EDGE('',*,*,#1384,.F.);
#1806=ORIENTED_EDGE('',*,*,#1392,.T.);
#1807=ORIENTED_EDGE('',*,*,#1393,.T.);
#1808=ORIENTED_EDGE('',*,*,#1394,.T.);
#1809=ORIENTED_EDGE('',*,*,#1395,.T.);
#1810=ORIENTED_EDGE('',*,*,#1396,.T.);
#1811=ORIENTED_EDGE('',*,*,#1397,.T.);
#1812=ORIENTED_EDGE('',*,*,#1398,.T.);
#1813=ORIENTED_EDGE('',*,*,#1399,.T.);
#1814=ORIENTED_EDGE('',*,*,#1396,.F.);
#1815=ORIENTED_EDGE('',*,*,#1392,.F.);
#1816=ORIENTED_EDGE('',*,*,#1399,.F.);
#1817=ORIENTED_EDGE('',*,*,#1400,.F.);
#1818=ORIENTED_EDGE('',*,*,#1401,.F.);
#1819=ORIENTED_EDGE('',*,*,#1402,.F.);
#1820=ORIENTED_EDGE('',*,*,#1403,.F.);
#1821=ORIENTED_EDGE('',*,*,#1404,.F.);
#1822=ORIENTED_EDGE('',*,*,#1398,.F.);
#1823=ORIENTED_EDGE('',*,*,#1405,.T.);
#1824=ORIENTED_EDGE('',*,*,#1406,.T.);
#1825=ORIENTED_EDGE('',*,*,#1407,.T.);
#1826=ORIENTED_EDGE('',*,*,#1408,.F.);
#1827=ORIENTED_EDGE('',*,*,#1400,.T.);
#1828=ORIENTED_EDGE('',*,*,#1401,.T.);
#1829=ORIENTED_EDGE('',*,*,#1408,.T.);
#1830=ORIENTED_EDGE('',*,*,#1409,.T.);
#1831=ORIENTED_EDGE('',*,*,#1410,.T.);
#1832=ORIENTED_EDGE('',*,*,#1411,.T.);
#1833=ORIENTED_EDGE('',*,*,#1412,.T.);
#1834=ORIENTED_EDGE('',*,*,#1402,.T.);
#1835=ORIENTED_EDGE('',*,*,#1410,.F.);
#1836=ORIENTED_EDGE('',*,*,#1413,.T.);
#1837=ORIENTED_EDGE('',*,*,#1414,.T.);
#1838=ORIENTED_EDGE('',*,*,#1415,.T.);
#1839=ORIENTED_EDGE('',*,*,#1416,.T.);
#1840=ORIENTED_EDGE('',*,*,#1417,.T.);
#1841=ORIENTED_EDGE('',*,*,#1418,.T.);
#1842=ORIENTED_EDGE('',*,*,#1419,.T.);
#1843=ORIENTED_EDGE('',*,*,#1420,.T.);
#1844=ORIENTED_EDGE('',*,*,#1414,.F.);
#1845=ORIENTED_EDGE('',*,*,#1421,.F.);
#1846=ORIENTED_EDGE('',*,*,#1422,.T.);
#1847=ORIENTED_EDGE('',*,*,#1419,.F.);
#1848=ORIENTED_EDGE('',*,*,#1423,.T.);
#1849=ORIENTED_EDGE('',*,*,#1424,.T.);
#1850=ORIENTED_EDGE('',*,*,#1425,.T.);
#1851=ORIENTED_EDGE('',*,*,#1426,.T.);
#1852=ORIENTED_EDGE('',*,*,#1427,.T.);
#1853=ORIENTED_EDGE('',*,*,#1385,.T.);
#1854=ORIENTED_EDGE('',*,*,#1391,.T.);
#1855=ORIENTED_EDGE('',*,*,#1424,.F.);
#1856=ORIENTED_EDGE('',*,*,#1428,.T.);
#1857=ORIENTED_EDGE('',*,*,#1426,.F.);
#1858=ORIENTED_EDGE('',*,*,#1429,.T.);
#1859=ORIENTED_EDGE('',*,*,#1416,.F.);
#1860=ORIENTED_EDGE('',*,*,#1430,.T.);
#1861=ORIENTED_EDGE('',*,*,#1417,.F.);
#1862=ORIENTED_EDGE('',*,*,#1431,.F.);
#1863=ORIENTED_EDGE('',*,*,#1432,.F.);
#1864=ORIENTED_EDGE('',*,*,#1433,.F.);
#1865=ORIENTED_EDGE('',*,*,#1429,.F.);
#1866=ORIENTED_EDGE('',*,*,#1425,.F.);
#1867=ORIENTED_EDGE('',*,*,#1390,.T.);
#1868=ORIENTED_EDGE('',*,*,#1434,.T.);
#1869=ORIENTED_EDGE('',*,*,#1431,.T.);
#1870=ORIENTED_EDGE('',*,*,#1435,.T.);
#1871=ORIENTED_EDGE('',*,*,#1436,.T.);
#1872=ORIENTED_EDGE('',*,*,#1437,.T.);
#1873=ORIENTED_EDGE('',*,*,#1438,.T.);
#1874=ORIENTED_EDGE('',*,*,#1436,.F.);
#1875=ORIENTED_EDGE('',*,*,#1439,.F.);
#1876=ORIENTED_EDGE('',*,*,#1440,.F.);
#1877=ORIENTED_EDGE('',*,*,#1441,.F.);
#1878=ORIENTED_EDGE('',*,*,#1435,.F.);
#1879=ORIENTED_EDGE('',*,*,#1442,.T.);
#1880=ORIENTED_EDGE('',*,*,#1443,.F.);
#1881=ORIENTED_EDGE('',*,*,#1444,.T.);
#1882=ORIENTED_EDGE('',*,*,#1445,.F.);
#1883=ORIENTED_EDGE('',*,*,#1446,.T.);
#1884=ORIENTED_EDGE('',*,*,#1447,.F.);
#1885=ORIENTED_EDGE('',*,*,#1439,.T.);
#1886=ORIENTED_EDGE('',*,*,#1443,.T.);
#1887=ORIENTED_EDGE('',*,*,#1448,.T.);
#1888=ORIENTED_EDGE('',*,*,#1449,.T.);
#1889=ORIENTED_EDGE('',*,*,#1450,.T.);
#1890=ORIENTED_EDGE('',*,*,#1450,.F.);
#1891=ORIENTED_EDGE('',*,*,#1451,.F.);
#1892=ORIENTED_EDGE('',*,*,#1452,.F.);
#1893=ORIENTED_EDGE('',*,*,#1444,.F.);
#1894=ORIENTED_EDGE('',*,*,#1447,.T.);
#1895=ORIENTED_EDGE('',*,*,#1453,.T.);
#1896=ORIENTED_EDGE('',*,*,#1454,.T.);
#1897=ORIENTED_EDGE('',*,*,#1440,.T.);
#1898=ORIENTED_EDGE('',*,*,#1445,.T.);
#1899=ORIENTED_EDGE('',*,*,#1452,.T.);
#1900=ORIENTED_EDGE('',*,*,#1455,.T.);
#1901=ORIENTED_EDGE('',*,*,#1456,.T.);
#1902=ORIENTED_EDGE('',*,*,#1453,.F.);
#1903=ORIENTED_EDGE('',*,*,#1446,.F.);
#1904=ORIENTED_EDGE('',*,*,#1456,.F.);
#1905=ORIENTED_EDGE('',*,*,#1457,.F.);
#1906=ORIENTED_EDGE('',*,*,#1420,.F.);
#1907=ORIENTED_EDGE('',*,*,#1458,.T.);
#1908=ORIENTED_EDGE('',*,*,#1386,.F.);
#1909=ORIENTED_EDGE('',*,*,#1428,.F.);
#1910=ORIENTED_EDGE('',*,*,#1427,.F.);
#1911=ORIENTED_EDGE('',*,*,#1430,.F.);
#1912=ORIENTED_EDGE('',*,*,#1415,.F.);
#1913=ORIENTED_EDGE('',*,*,#1387,.T.);
#1914=ORIENTED_EDGE('',*,*,#1459,.T.);
#1915=ORIENTED_EDGE('',*,*,#1406,.F.);
#1916=ORIENTED_EDGE('',*,*,#1460,.T.);
#1917=ORIENTED_EDGE('',*,*,#1460,.F.);
#1918=ORIENTED_EDGE('',*,*,#1461,.F.);
#1919=ORIENTED_EDGE('',*,*,#1462,.F.);
#1920=ORIENTED_EDGE('',*,*,#1382,.T.);
#1921=ORIENTED_EDGE('',*,*,#1397,.F.);
#1922=ORIENTED_EDGE('',*,*,#1395,.F.);
#1923=ORIENTED_EDGE('',*,*,#1463,.F.);
#1924=ORIENTED_EDGE('',*,*,#1461,.T.);
#1925=ORIENTED_EDGE('',*,*,#1405,.F.);
#1926=ORIENTED_EDGE('',*,*,#1411,.F.);
#1927=ORIENTED_EDGE('',*,*,#1464,.T.);
#1928=ORIENTED_EDGE('',*,*,#1465,.T.);
#1929=ORIENTED_EDGE('',*,*,#1466,.T.);
#1930=ORIENTED_EDGE('',*,*,#1467,.F.);
#1931=ORIENTED_EDGE('',*,*,#1468,.T.);
#1932=ORIENTED_EDGE('',*,*,#1469,.T.);
#1933=ORIENTED_EDGE('',*,*,#1470,.T.);
#1934=ORIENTED_EDGE('',*,*,#1465,.F.);
#1935=ORIENTED_EDGE('',*,*,#1471,.T.);
#1936=ORIENTED_EDGE('',*,*,#1422,.F.);
#1937=ORIENTED_EDGE('',*,*,#1472,.F.);
#1938=ORIENTED_EDGE('',*,*,#1471,.F.);
#1939=ORIENTED_EDGE('',*,*,#1473,.F.);
#1940=ORIENTED_EDGE('',*,*,#1459,.F.);
#1941=ORIENTED_EDGE('',*,*,#1458,.F.);
#1942=ORIENTED_EDGE('',*,*,#1409,.F.);
#1943=ORIENTED_EDGE('',*,*,#1407,.F.);
#1944=ORIENTED_EDGE('',*,*,#1473,.T.);
#1945=ORIENTED_EDGE('',*,*,#1464,.F.);
#1946=ORIENTED_EDGE('',*,*,#1413,.F.);
#1947=ORIENTED_EDGE('',*,*,#1438,.F.);
#1948=ORIENTED_EDGE('',*,*,#1474,.F.);
#1949=ORIENTED_EDGE('',*,*,#1448,.F.);
#1950=ORIENTED_EDGE('',*,*,#1442,.F.);
#1951=ORIENTED_EDGE('',*,*,#1470,.F.);
#1952=ORIENTED_EDGE('',*,*,#1475,.F.);
#1953=ORIENTED_EDGE('',*,*,#1476,.F.);
#1954=ORIENTED_EDGE('',*,*,#1466,.F.);
#1955=ORIENTED_EDGE('',*,*,#1388,.T.);
#1956=ORIENTED_EDGE('',*,*,#1374,.F.);
#1957=ORIENTED_EDGE('',*,*,#1477,.T.);
#1958=ORIENTED_EDGE('',*,*,#1478,.T.);
#1959=ORIENTED_EDGE('',*,*,#1479,.T.);
#1960=ORIENTED_EDGE('',*,*,#1373,.F.);
#1961=ORIENTED_EDGE('',*,*,#1383,.T.);
#1962=ORIENTED_EDGE('',*,*,#1462,.T.);
#1963=ORIENTED_EDGE('',*,*,#1463,.T.);
#1964=ORIENTED_EDGE('',*,*,#1394,.F.);
#1965=ORIENTED_EDGE('',*,*,#1480,.F.);
#1966=ORIENTED_EDGE('',*,*,#1481,.F.);
#1967=ORIENTED_EDGE('',*,*,#1477,.F.);
#1968=ORIENTED_EDGE('',*,*,#1451,.T.);
#1969=ORIENTED_EDGE('',*,*,#1449,.F.);
#1970=ORIENTED_EDGE('',*,*,#1474,.T.);
#1971=ORIENTED_EDGE('',*,*,#1437,.F.);
#1972=ORIENTED_EDGE('',*,*,#1441,.T.);
#1973=ORIENTED_EDGE('',*,*,#1454,.F.);
#1974=ORIENTED_EDGE('',*,*,#1457,.T.);
#1975=ORIENTED_EDGE('',*,*,#1455,.F.);
#1976=ORIENTED_EDGE('',*,*,#1482,.T.);
#1977=ORIENTED_EDGE('',*,*,#1404,.T.);
#1978=ORIENTED_EDGE('',*,*,#1483,.T.);
#1979=ORIENTED_EDGE('',*,*,#1484,.T.);
#1980=ORIENTED_EDGE('',*,*,#1480,.T.);
#1981=ORIENTED_EDGE('',*,*,#1393,.F.);
#1982=ORIENTED_EDGE('',*,*,#1403,.T.);
#1983=ORIENTED_EDGE('',*,*,#1412,.F.);
#1984=ORIENTED_EDGE('',*,*,#1468,.F.);
#1985=ORIENTED_EDGE('',*,*,#1485,.F.);
#1986=ORIENTED_EDGE('',*,*,#1486,.T.);
#1987=ORIENTED_EDGE('',*,*,#1487,.T.);
#1988=ORIENTED_EDGE('',*,*,#1483,.F.);
#1989=ORIENTED_EDGE('',*,*,#1488,.F.);
#1990=ORIENTED_EDGE('',*,*,#1489,.T.);
#1991=ORIENTED_EDGE('',*,*,#1490,.T.);
#1992=ORIENTED_EDGE('',*,*,#1491,.F.);
#1993=ORIENTED_EDGE('',*,*,#1492,.F.);
#1994=ORIENTED_EDGE('',*,*,#1493,.F.);
#1995=ORIENTED_EDGE('',*,*,#1494,.T.);
#1996=ORIENTED_EDGE('',*,*,#1488,.T.);
#1997=ORIENTED_EDGE('',*,*,#1433,.T.);
#1998=ORIENTED_EDGE('',*,*,#1495,.T.);
#1999=ORIENTED_EDGE('',*,*,#1496,.T.);
#2000=ORIENTED_EDGE('',*,*,#1485,.T.);
#2001=ORIENTED_EDGE('',*,*,#1467,.T.);
#2002=ORIENTED_EDGE('',*,*,#1476,.T.);
#2003=ORIENTED_EDGE('',*,*,#1497,.T.);
#2004=ORIENTED_EDGE('',*,*,#1498,.T.);
#2005=ORIENTED_EDGE('',*,*,#1499,.T.);
#2006=ORIENTED_EDGE('',*,*,#1423,.F.);
#2007=ORIENTED_EDGE('',*,*,#1418,.F.);
#2008=ORIENTED_EDGE('',*,*,#1500,.T.);
#2009=ORIENTED_EDGE('',*,*,#1501,.T.);
#2010=ORIENTED_EDGE('',*,*,#1502,.T.);
#2011=ORIENTED_EDGE('',*,*,#1503,.T.);
#2012=ORIENTED_EDGE('',*,*,#1504,.T.);
#2013=ORIENTED_EDGE('',*,*,#1505,.T.);
#2014=ORIENTED_EDGE('',*,*,#1498,.F.);
#2015=ORIENTED_EDGE('',*,*,#1506,.T.);
#2016=ORIENTED_EDGE('',*,*,#1507,.F.);
#2017=ORIENTED_EDGE('',*,*,#1508,.F.);
#2018=ORIENTED_EDGE('',*,*,#1509,.F.);
#2019=ORIENTED_EDGE('',*,*,#1510,.F.);
#2020=ORIENTED_EDGE('',*,*,#1511,.F.);
#2021=ORIENTED_EDGE('',*,*,#1512,.F.);
#2022=ORIENTED_EDGE('',*,*,#1513,.F.);
#2023=ORIENTED_EDGE('',*,*,#1514,.F.);
#2024=ORIENTED_EDGE('',*,*,#1515,.F.);
#2025=ORIENTED_EDGE('',*,*,#1516,.F.);
#2026=ORIENTED_EDGE('',*,*,#1517,.F.);
#2027=ORIENTED_EDGE('',*,*,#1518,.F.);
#2028=ORIENTED_EDGE('',*,*,#1519,.F.);
#2029=ORIENTED_EDGE('',*,*,#1520,.F.);
#2030=ORIENTED_EDGE('',*,*,#1521,.F.);
#2031=ORIENTED_EDGE('',*,*,#1522,.F.);
#2032=ORIENTED_EDGE('',*,*,#1523,.F.);
#2033=ORIENTED_EDGE('',*,*,#1524,.F.);
#2034=ORIENTED_EDGE('',*,*,#1525,.F.);
#2035=ORIENTED_EDGE('',*,*,#1526,.F.);
#2036=ORIENTED_EDGE('',*,*,#1527,.F.);
#2037=ORIENTED_EDGE('',*,*,#1528,.F.);
#2038=ORIENTED_EDGE('',*,*,#1529,.F.);
#2039=ORIENTED_EDGE('',*,*,#1530,.F.);
#2040=ORIENTED_EDGE('',*,*,#1531,.F.);
#2041=ORIENTED_EDGE('',*,*,#1532,.F.);
#2042=ORIENTED_EDGE('',*,*,#1533,.F.);
#2043=ORIENTED_EDGE('',*,*,#1534,.F.);
#2044=ORIENTED_EDGE('',*,*,#1535,.F.);
#2045=ORIENTED_EDGE('',*,*,#1536,.F.);
#2046=ORIENTED_EDGE('',*,*,#1537,.F.);
#2047=ORIENTED_EDGE('',*,*,#1538,.F.);
#2048=ORIENTED_EDGE('',*,*,#1539,.F.);
#2049=ORIENTED_EDGE('',*,*,#1540,.F.);
#2050=ORIENTED_EDGE('',*,*,#1541,.F.);
#2051=ORIENTED_EDGE('',*,*,#1542,.F.);
#2052=ORIENTED_EDGE('',*,*,#1543,.F.);
#2053=ORIENTED_EDGE('',*,*,#1544,.F.);
#2054=ORIENTED_EDGE('',*,*,#1545,.F.);
#2055=ORIENTED_EDGE('',*,*,#1546,.F.);
#2056=ORIENTED_EDGE('',*,*,#1547,.F.);
#2057=ORIENTED_EDGE('',*,*,#1548,.F.);
#2058=ORIENTED_EDGE('',*,*,#1549,.F.);
#2059=ORIENTED_EDGE('',*,*,#1550,.F.);
#2060=ORIENTED_EDGE('',*,*,#1551,.F.);
#2061=ORIENTED_EDGE('',*,*,#1552,.F.);
#2062=ORIENTED_EDGE('',*,*,#1553,.F.);
#2063=ORIENTED_EDGE('',*,*,#1554,.F.);
#2064=ORIENTED_EDGE('',*,*,#1555,.F.);
#2065=ORIENTED_EDGE('',*,*,#1556,.F.);
#2066=ORIENTED_EDGE('',*,*,#1557,.F.);
#2067=ORIENTED_EDGE('',*,*,#1558,.F.);
#2068=ORIENTED_EDGE('',*,*,#1559,.F.);
#2069=ORIENTED_EDGE('',*,*,#1560,.F.);
#2070=ORIENTED_EDGE('',*,*,#1561,.F.);
#2071=ORIENTED_EDGE('',*,*,#1366,.F.);
#2072=ORIENTED_EDGE('',*,*,#1562,.F.);
#2073=ORIENTED_EDGE('',*,*,#1563,.F.);
#2074=ORIENTED_EDGE('',*,*,#1564,.F.);
#2075=ORIENTED_EDGE('',*,*,#1565,.F.);
#2076=ORIENTED_EDGE('',*,*,#1566,.F.);
#2077=ORIENTED_EDGE('',*,*,#1567,.F.);
#2078=ORIENTED_EDGE('',*,*,#1568,.F.);
#2079=ORIENTED_EDGE('',*,*,#1569,.F.);
#2080=ORIENTED_EDGE('',*,*,#1570,.F.);
#2081=ORIENTED_EDGE('',*,*,#1571,.F.);
#2082=ORIENTED_EDGE('',*,*,#1572,.F.);
#2083=ORIENTED_EDGE('',*,*,#1573,.F.);
#2084=ORIENTED_EDGE('',*,*,#1574,.F.);
#2085=ORIENTED_EDGE('',*,*,#1575,.F.);
#2086=ORIENTED_EDGE('',*,*,#1576,.F.);
#2087=ORIENTED_EDGE('',*,*,#1577,.F.);
#2088=ORIENTED_EDGE('',*,*,#1578,.F.);
#2089=ORIENTED_EDGE('',*,*,#1579,.F.);
#2090=ORIENTED_EDGE('',*,*,#1580,.F.);
#2091=ORIENTED_EDGE('',*,*,#1581,.F.);
#2092=ORIENTED_EDGE('',*,*,#1582,.F.);
#2093=ORIENTED_EDGE('',*,*,#1583,.F.);
#2094=ORIENTED_EDGE('',*,*,#1584,.F.);
#2095=ORIENTED_EDGE('',*,*,#1585,.F.);
#2096=ORIENTED_EDGE('',*,*,#1586,.F.);
#2097=ORIENTED_EDGE('',*,*,#1587,.F.);
#2098=ORIENTED_EDGE('',*,*,#1588,.F.);
#2099=ORIENTED_EDGE('',*,*,#1589,.F.);
#2100=ORIENTED_EDGE('',*,*,#1590,.F.);
#2101=ORIENTED_EDGE('',*,*,#1591,.F.);
#2102=ORIENTED_EDGE('',*,*,#1592,.F.);
#2103=ORIENTED_EDGE('',*,*,#1593,.F.);
#2104=ORIENTED_EDGE('',*,*,#1594,.F.);
#2105=ORIENTED_EDGE('',*,*,#1595,.F.);
#2106=ORIENTED_EDGE('',*,*,#1596,.F.);
#2107=ORIENTED_EDGE('',*,*,#1597,.F.);
#2108=ORIENTED_EDGE('',*,*,#1598,.F.);
#2109=ORIENTED_EDGE('',*,*,#1599,.F.);
#2110=ORIENTED_EDGE('',*,*,#1600,.F.);
#2111=ORIENTED_EDGE('',*,*,#1601,.F.);
#2112=ORIENTED_EDGE('',*,*,#1602,.F.);
#2113=ORIENTED_EDGE('',*,*,#1603,.F.);
#2114=ORIENTED_EDGE('',*,*,#1604,.F.);
#2115=ORIENTED_EDGE('',*,*,#1605,.F.);
#2116=ORIENTED_EDGE('',*,*,#1606,.F.);
#2117=ORIENTED_EDGE('',*,*,#1607,.F.);
#2118=ORIENTED_EDGE('',*,*,#1608,.F.);
#2119=ORIENTED_EDGE('',*,*,#1609,.F.);
#2120=ORIENTED_EDGE('',*,*,#1610,.F.);
#2121=ORIENTED_EDGE('',*,*,#1611,.F.);
#2122=ORIENTED_EDGE('',*,*,#1612,.F.);
#2123=ORIENTED_EDGE('',*,*,#1613,.F.);
#2124=ORIENTED_EDGE('',*,*,#1614,.F.);
#2125=ORIENTED_EDGE('',*,*,#1615,.F.);
#2126=ORIENTED_EDGE('',*,*,#1506,.F.);
#2127=ORIENTED_EDGE('',*,*,#1509,.T.);
#2128=ORIENTED_EDGE('',*,*,#1616,.F.);
#2129=ORIENTED_EDGE('',*,*,#1617,.T.);
#2130=ORIENTED_EDGE('',*,*,#1610,.T.);
#2131=ORIENTED_EDGE('',*,*,#1618,.F.);
#2132=ORIENTED_EDGE('',*,*,#1513,.T.);
#2133=ORIENTED_EDGE('',*,*,#1619,.T.);
#2134=ORIENTED_EDGE('',*,*,#1606,.T.);
#2135=ORIENTED_EDGE('',*,*,#1620,.F.);
#2136=ORIENTED_EDGE('',*,*,#1517,.T.);
#2137=ORIENTED_EDGE('',*,*,#1621,.T.);
#2138=ORIENTED_EDGE('',*,*,#1602,.T.);
#2139=ORIENTED_EDGE('',*,*,#1622,.F.);
#2140=ORIENTED_EDGE('',*,*,#1521,.T.);
#2141=ORIENTED_EDGE('',*,*,#1623,.T.);
#2142=ORIENTED_EDGE('',*,*,#1598,.T.);
#2143=ORIENTED_EDGE('',*,*,#1624,.F.);
#2144=ORIENTED_EDGE('',*,*,#1525,.T.);
#2145=ORIENTED_EDGE('',*,*,#1625,.T.);
#2146=ORIENTED_EDGE('',*,*,#1594,.T.);
#2147=ORIENTED_EDGE('',*,*,#1626,.F.);
#2148=ORIENTED_EDGE('',*,*,#1529,.T.);
#2149=ORIENTED_EDGE('',*,*,#1627,.T.);
#2150=ORIENTED_EDGE('',*,*,#1590,.T.);
#2151=ORIENTED_EDGE('',*,*,#1628,.F.);
#2152=ORIENTED_EDGE('',*,*,#1533,.T.);
#2153=ORIENTED_EDGE('',*,*,#1629,.T.);
#2154=ORIENTED_EDGE('',*,*,#1586,.T.);
#2155=ORIENTED_EDGE('',*,*,#1630,.F.);
#2156=ORIENTED_EDGE('',*,*,#1537,.T.);
#2157=ORIENTED_EDGE('',*,*,#1631,.T.);
#2158=ORIENTED_EDGE('',*,*,#1582,.T.);
#2159=ORIENTED_EDGE('',*,*,#1632,.F.);
#2160=ORIENTED_EDGE('',*,*,#1541,.T.);
#2161=ORIENTED_EDGE('',*,*,#1633,.T.);
#2162=ORIENTED_EDGE('',*,*,#1578,.T.);
#2163=ORIENTED_EDGE('',*,*,#1634,.F.);
#2164=ORIENTED_EDGE('',*,*,#1545,.T.);
#2165=ORIENTED_EDGE('',*,*,#1635,.T.);
#2166=ORIENTED_EDGE('',*,*,#1574,.T.);
#2167=ORIENTED_EDGE('',*,*,#1636,.F.);
#2168=ORIENTED_EDGE('',*,*,#1549,.T.);
#2169=ORIENTED_EDGE('',*,*,#1637,.T.);
#2170=ORIENTED_EDGE('',*,*,#1570,.T.);
#2171=ORIENTED_EDGE('',*,*,#1638,.F.);
#2172=ORIENTED_EDGE('',*,*,#1561,.T.);
#2173=ORIENTED_EDGE('',*,*,#1639,.T.);
#2174=ORIENTED_EDGE('',*,*,#1367,.T.);
#2175=ORIENTED_EDGE('',*,*,#1553,.T.);
#2176=ORIENTED_EDGE('',*,*,#1640,.T.);
#2177=ORIENTED_EDGE('',*,*,#1566,.T.);
#2178=ORIENTED_EDGE('',*,*,#1641,.F.);
#2179=ORIENTED_EDGE('',*,*,#1557,.T.);
#2180=ORIENTED_EDGE('',*,*,#1642,.T.);
#2181=ORIENTED_EDGE('',*,*,#1562,.T.);
#2182=ORIENTED_EDGE('',*,*,#1365,.T.);
#2183=ORIENTED_EDGE('',*,*,#1643,.F.);
#2184=ORIENTED_EDGE('',*,*,#1611,.T.);
#2185=ORIENTED_EDGE('',*,*,#1617,.F.);
#2186=ORIENTED_EDGE('',*,*,#1644,.F.);
#2187=ORIENTED_EDGE('',*,*,#1645,.T.);
#2188=ORIENTED_EDGE('',*,*,#1512,.T.);
#2189=ORIENTED_EDGE('',*,*,#1646,.T.);
#2190=ORIENTED_EDGE('',*,*,#1607,.T.);
#2191=ORIENTED_EDGE('',*,*,#1619,.F.);
#2192=ORIENTED_EDGE('',*,*,#1516,.T.);
#2193=ORIENTED_EDGE('',*,*,#1647,.T.);
#2194=ORIENTED_EDGE('',*,*,#1603,.T.);
#2195=ORIENTED_EDGE('',*,*,#1621,.F.);
#2196=ORIENTED_EDGE('',*,*,#1520,.T.);
#2197=ORIENTED_EDGE('',*,*,#1648,.T.);
#2198=ORIENTED_EDGE('',*,*,#1599,.T.);
#2199=ORIENTED_EDGE('',*,*,#1623,.F.);
#2200=ORIENTED_EDGE('',*,*,#1524,.T.);
#2201=ORIENTED_EDGE('',*,*,#1649,.T.);
#2202=ORIENTED_EDGE('',*,*,#1595,.T.);
#2203=ORIENTED_EDGE('',*,*,#1625,.F.);
#2204=ORIENTED_EDGE('',*,*,#1528,.T.);
#2205=ORIENTED_EDGE('',*,*,#1650,.T.);
#2206=ORIENTED_EDGE('',*,*,#1591,.T.);
#2207=ORIENTED_EDGE('',*,*,#1627,.F.);
#2208=ORIENTED_EDGE('',*,*,#1532,.T.);
#2209=ORIENTED_EDGE('',*,*,#1651,.T.);
#2210=ORIENTED_EDGE('',*,*,#1587,.T.);
#2211=ORIENTED_EDGE('',*,*,#1629,.F.);
#2212=ORIENTED_EDGE('',*,*,#1536,.T.);
#2213=ORIENTED_EDGE('',*,*,#1652,.T.);
#2214=ORIENTED_EDGE('',*,*,#1583,.T.);
#2215=ORIENTED_EDGE('',*,*,#1631,.F.);
#2216=ORIENTED_EDGE('',*,*,#1540,.T.);
#2217=ORIENTED_EDGE('',*,*,#1653,.T.);
#2218=ORIENTED_EDGE('',*,*,#1579,.T.);
#2219=ORIENTED_EDGE('',*,*,#1633,.F.);
#2220=ORIENTED_EDGE('',*,*,#1544,.T.);
#2221=ORIENTED_EDGE('',*,*,#1654,.T.);
#2222=ORIENTED_EDGE('',*,*,#1575,.T.);
#2223=ORIENTED_EDGE('',*,*,#1635,.F.);
#2224=ORIENTED_EDGE('',*,*,#1548,.T.);
#2225=ORIENTED_EDGE('',*,*,#1655,.T.);
#2226=ORIENTED_EDGE('',*,*,#1571,.T.);
#2227=ORIENTED_EDGE('',*,*,#1637,.F.);
#2228=ORIENTED_EDGE('',*,*,#1552,.T.);
#2229=ORIENTED_EDGE('',*,*,#1656,.T.);
#2230=ORIENTED_EDGE('',*,*,#1567,.T.);
#2231=ORIENTED_EDGE('',*,*,#1640,.F.);
#2232=ORIENTED_EDGE('',*,*,#1556,.T.);
#2233=ORIENTED_EDGE('',*,*,#1657,.T.);
#2234=ORIENTED_EDGE('',*,*,#1563,.T.);
#2235=ORIENTED_EDGE('',*,*,#1642,.F.);
#2236=ORIENTED_EDGE('',*,*,#1499,.F.);
#2237=ORIENTED_EDGE('',*,*,#1615,.T.);
#2238=ORIENTED_EDGE('',*,*,#1658,.F.);
#2239=ORIENTED_EDGE('',*,*,#1507,.T.);
#2240=ORIENTED_EDGE('',*,*,#1497,.F.);
#2241=ORIENTED_EDGE('',*,*,#1475,.T.);
#2242=ORIENTED_EDGE('',*,*,#1469,.F.);
#2243=ORIENTED_EDGE('',*,*,#1472,.T.);
#2244=ORIENTED_EDGE('',*,*,#1421,.T.);
#2245=ORIENTED_EDGE('',*,*,#1612,.T.);
#2246=ORIENTED_EDGE('',*,*,#1645,.F.);
#2247=ORIENTED_EDGE('',*,*,#1659,.F.);
#2248=ORIENTED_EDGE('',*,*,#1660,.F.);
#2249=ORIENTED_EDGE('',*,*,#1511,.T.);
#2250=ORIENTED_EDGE('',*,*,#1661,.F.);
#2251=ORIENTED_EDGE('',*,*,#1608,.T.);
#2252=ORIENTED_EDGE('',*,*,#1646,.F.);
#2253=ORIENTED_EDGE('',*,*,#1515,.T.);
#2254=ORIENTED_EDGE('',*,*,#1662,.F.);
#2255=ORIENTED_EDGE('',*,*,#1604,.T.);
#2256=ORIENTED_EDGE('',*,*,#1647,.F.);
#2257=ORIENTED_EDGE('',*,*,#1519,.T.);
#2258=ORIENTED_EDGE('',*,*,#1663,.F.);
#2259=ORIENTED_EDGE('',*,*,#1600,.T.);
#2260=ORIENTED_EDGE('',*,*,#1648,.F.);
#2261=ORIENTED_EDGE('',*,*,#1523,.T.);
#2262=ORIENTED_EDGE('',*,*,#1664,.F.);
#2263=ORIENTED_EDGE('',*,*,#1596,.T.);
#2264=ORIENTED_EDGE('',*,*,#1649,.F.);
#2265=ORIENTED_EDGE('',*,*,#1527,.T.);
#2266=ORIENTED_EDGE('',*,*,#1665,.F.);
#2267=ORIENTED_EDGE('',*,*,#1592,.T.);
#2268=ORIENTED_EDGE('',*,*,#1650,.F.);
#2269=ORIENTED_EDGE('',*,*,#1531,.T.);
#2270=ORIENTED_EDGE('',*,*,#1666,.F.);
#2271=ORIENTED_EDGE('',*,*,#1588,.T.);
#2272=ORIENTED_EDGE('',*,*,#1651,.F.);
#2273=ORIENTED_EDGE('',*,*,#1535,.T.);
#2274=ORIENTED_EDGE('',*,*,#1667,.F.);
#2275=ORIENTED_EDGE('',*,*,#1584,.T.);
#2276=ORIENTED_EDGE('',*,*,#1652,.F.);
#2277=ORIENTED_EDGE('',*,*,#1539,.T.);
#2278=ORIENTED_EDGE('',*,*,#1668,.F.);
#2279=ORIENTED_EDGE('',*,*,#1580,.T.);
#2280=ORIENTED_EDGE('',*,*,#1653,.F.);
#2281=ORIENTED_EDGE('',*,*,#1543,.T.);
#2282=ORIENTED_EDGE('',*,*,#1669,.F.);
#2283=ORIENTED_EDGE('',*,*,#1576,.T.);
#2284=ORIENTED_EDGE('',*,*,#1654,.F.);
#2285=ORIENTED_EDGE('',*,*,#1547,.T.);
#2286=ORIENTED_EDGE('',*,*,#1670,.F.);
#2287=ORIENTED_EDGE('',*,*,#1572,.T.);
#2288=ORIENTED_EDGE('',*,*,#1655,.F.);
#2289=ORIENTED_EDGE('',*,*,#1551,.T.);
#2290=ORIENTED_EDGE('',*,*,#1671,.F.);
#2291=ORIENTED_EDGE('',*,*,#1568,.T.);
#2292=ORIENTED_EDGE('',*,*,#1656,.F.);
#2293=ORIENTED_EDGE('',*,*,#1555,.T.);
#2294=ORIENTED_EDGE('',*,*,#1672,.F.);
#2295=ORIENTED_EDGE('',*,*,#1564,.T.);
#2296=ORIENTED_EDGE('',*,*,#1657,.F.);
#2297=ORIENTED_EDGE('',*,*,#1508,.T.);
#2298=ORIENTED_EDGE('',*,*,#1658,.T.);
#2299=ORIENTED_EDGE('',*,*,#1614,.T.);
#2300=ORIENTED_EDGE('',*,*,#1673,.F.);
#2301=ORIENTED_EDGE('',*,*,#1659,.T.);
#2302=ORIENTED_EDGE('',*,*,#1644,.T.);
#2303=ORIENTED_EDGE('',*,*,#1616,.T.);
#2304=ORIENTED_EDGE('',*,*,#1613,.T.);
#2305=ORIENTED_EDGE('',*,*,#1660,.T.);
#2306=ORIENTED_EDGE('',*,*,#1673,.T.);
#2307=ORIENTED_EDGE('',*,*,#1510,.T.);
#2308=ORIENTED_EDGE('',*,*,#1618,.T.);
#2309=ORIENTED_EDGE('',*,*,#1609,.T.);
#2310=ORIENTED_EDGE('',*,*,#1661,.T.);
#2311=ORIENTED_EDGE('',*,*,#1514,.T.);
#2312=ORIENTED_EDGE('',*,*,#1620,.T.);
#2313=ORIENTED_EDGE('',*,*,#1605,.T.);
#2314=ORIENTED_EDGE('',*,*,#1662,.T.);
#2315=ORIENTED_EDGE('',*,*,#1518,.T.);
#2316=ORIENTED_EDGE('',*,*,#1622,.T.);
#2317=ORIENTED_EDGE('',*,*,#1601,.T.);
#2318=ORIENTED_EDGE('',*,*,#1663,.T.);
#2319=ORIENTED_EDGE('',*,*,#1522,.T.);
#2320=ORIENTED_EDGE('',*,*,#1624,.T.);
#2321=ORIENTED_EDGE('',*,*,#1597,.T.);
#2322=ORIENTED_EDGE('',*,*,#1664,.T.);
#2323=ORIENTED_EDGE('',*,*,#1526,.T.);
#2324=ORIENTED_EDGE('',*,*,#1626,.T.);
#2325=ORIENTED_EDGE('',*,*,#1593,.T.);
#2326=ORIENTED_EDGE('',*,*,#1665,.T.);
#2327=ORIENTED_EDGE('',*,*,#1530,.T.);
#2328=ORIENTED_EDGE('',*,*,#1628,.T.);
#2329=ORIENTED_EDGE('',*,*,#1589,.T.);
#2330=ORIENTED_EDGE('',*,*,#1666,.T.);
#2331=ORIENTED_EDGE('',*,*,#1534,.T.);
#2332=ORIENTED_EDGE('',*,*,#1630,.T.);
#2333=ORIENTED_EDGE('',*,*,#1585,.T.);
#2334=ORIENTED_EDGE('',*,*,#1667,.T.);
#2335=ORIENTED_EDGE('',*,*,#1538,.T.);
#2336=ORIENTED_EDGE('',*,*,#1632,.T.);
#2337=ORIENTED_EDGE('',*,*,#1581,.T.);
#2338=ORIENTED_EDGE('',*,*,#1668,.T.);
#2339=ORIENTED_EDGE('',*,*,#1542,.T.);
#2340=ORIENTED_EDGE('',*,*,#1634,.T.);
#2341=ORIENTED_EDGE('',*,*,#1577,.T.);
#2342=ORIENTED_EDGE('',*,*,#1669,.T.);
#2343=ORIENTED_EDGE('',*,*,#1546,.T.);
#2344=ORIENTED_EDGE('',*,*,#1636,.T.);
#2345=ORIENTED_EDGE('',*,*,#1573,.T.);
#2346=ORIENTED_EDGE('',*,*,#1670,.T.);
#2347=ORIENTED_EDGE('',*,*,#1550,.T.);
#2348=ORIENTED_EDGE('',*,*,#1638,.T.);
#2349=ORIENTED_EDGE('',*,*,#1569,.T.);
#2350=ORIENTED_EDGE('',*,*,#1671,.T.);
#2351=ORIENTED_EDGE('',*,*,#1554,.T.);
#2352=ORIENTED_EDGE('',*,*,#1641,.T.);
#2353=ORIENTED_EDGE('',*,*,#1565,.T.);
#2354=ORIENTED_EDGE('',*,*,#1672,.T.);
#2355=ORIENTED_EDGE('',*,*,#1558,.T.);
#2356=ORIENTED_EDGE('',*,*,#1643,.T.);
#2357=ORIENTED_EDGE('',*,*,#1364,.T.);
#2358=ORIENTED_EDGE('',*,*,#1674,.T.);
#2359=ORIENTED_EDGE('',*,*,#1675,.T.);
#2360=ORIENTED_EDGE('',*,*,#1676,.F.);
#2361=ORIENTED_EDGE('',*,*,#1677,.F.);
#2362=ORIENTED_EDGE('',*,*,#1486,.F.);
#2363=ORIENTED_EDGE('',*,*,#1496,.F.);
#2364=ORIENTED_EDGE('',*,*,#1363,.T.);
#2365=ORIENTED_EDGE('',*,*,#1678,.F.);
#2366=ORIENTED_EDGE('',*,*,#1674,.F.);
#2367=ORIENTED_EDGE('',*,*,#1560,.T.);
#2368=ORIENTED_EDGE('',*,*,#1679,.T.);
#2369=ORIENTED_EDGE('',*,*,#1371,.T.);
#2370=ORIENTED_EDGE('',*,*,#1368,.T.);
#2371=ORIENTED_EDGE('',*,*,#1639,.F.);
#2372=ORIENTED_EDGE('',*,*,#1559,.T.);
#2373=ORIENTED_EDGE('',*,*,#1675,.F.);
#2374=ORIENTED_EDGE('',*,*,#1678,.T.);
#2375=ORIENTED_EDGE('',*,*,#1372,.T.);
#2376=ORIENTED_EDGE('',*,*,#1679,.F.);
#2377=ORIENTED_EDGE('',*,*,#1680,.F.);
#2378=ORIENTED_EDGE('',*,*,#1681,.T.);
#2379=ORIENTED_EDGE('',*,*,#1482,.F.);
#2380=ORIENTED_EDGE('',*,*,#1681,.F.);
#2381=ORIENTED_EDGE('',*,*,#1680,.T.);
#2382=ORIENTED_EDGE('',*,*,#1682,.T.);
#2383=ORIENTED_EDGE('',*,*,#1683,.F.);
#2384=ORIENTED_EDGE('',*,*,#1684,.T.);
#2385=ORIENTED_EDGE('',*,*,#1682,.F.);
#2386=ORIENTED_EDGE('',*,*,#1684,.F.);
#2387=ORIENTED_EDGE('',*,*,#1503,.F.);
#2388=ORIENTED_EDGE('',*,*,#1685,.T.);
#2389=ORIENTED_EDGE('',*,*,#1686,.T.);
#2390=ORIENTED_EDGE('',*,*,#1687,.F.);
#2391=ORIENTED_EDGE('',*,*,#1504,.F.);
#2392=ORIENTED_EDGE('',*,*,#1687,.T.);
#2393=ORIENTED_EDGE('',*,*,#1688,.T.);
#2394=ORIENTED_EDGE('',*,*,#1689,.F.);
#2395=ORIENTED_EDGE('',*,*,#1505,.F.);
#2396=ORIENTED_EDGE('',*,*,#1689,.T.);
#2397=ORIENTED_EDGE('',*,*,#1690,.T.);
#2398=ORIENTED_EDGE('',*,*,#1691,.F.);
#2399=ORIENTED_EDGE('',*,*,#1500,.F.);
#2400=ORIENTED_EDGE('',*,*,#1691,.T.);
#2401=ORIENTED_EDGE('',*,*,#1692,.T.);
#2402=ORIENTED_EDGE('',*,*,#1693,.F.);
#2403=ORIENTED_EDGE('',*,*,#1502,.F.);
#2404=ORIENTED_EDGE('',*,*,#1694,.T.);
#2405=ORIENTED_EDGE('',*,*,#1695,.T.);
#2406=ORIENTED_EDGE('',*,*,#1685,.F.);
#2407=ORIENTED_EDGE('',*,*,#1501,.F.);
#2408=ORIENTED_EDGE('',*,*,#1693,.T.);
#2409=ORIENTED_EDGE('',*,*,#1696,.T.);
#2410=ORIENTED_EDGE('',*,*,#1694,.F.);
#2411=ORIENTED_EDGE('',*,*,#1696,.F.);
#2412=ORIENTED_EDGE('',*,*,#1692,.F.);
#2413=ORIENTED_EDGE('',*,*,#1690,.F.);
#2414=ORIENTED_EDGE('',*,*,#1688,.F.);
#2415=ORIENTED_EDGE('',*,*,#1686,.F.);
#2416=ORIENTED_EDGE('',*,*,#1695,.F.);
#2417=ORIENTED_EDGE('',*,*,#1683,.T.);
#2418=ORIENTED_EDGE('',*,*,#1389,.T.);
#2419=ORIENTED_EDGE('',*,*,#1479,.F.);
#2420=ORIENTED_EDGE('',*,*,#1697,.T.);
#2421=ORIENTED_EDGE('',*,*,#1676,.T.);
#2422=ORIENTED_EDGE('',*,*,#1495,.F.);
#2423=ORIENTED_EDGE('',*,*,#1432,.T.);
#2424=ORIENTED_EDGE('',*,*,#1434,.F.);
#2425=ORIENTED_EDGE('',*,*,#1478,.F.);
#2426=ORIENTED_EDGE('',*,*,#1481,.T.);
#2427=ORIENTED_EDGE('',*,*,#1484,.F.);
#2428=ORIENTED_EDGE('',*,*,#1487,.F.);
#2429=ORIENTED_EDGE('',*,*,#1677,.T.);
#2430=ORIENTED_EDGE('',*,*,#1697,.F.);
#2431=ORIENTED_EDGE('',*,*,#1494,.F.);
#2432=ORIENTED_EDGE('',*,*,#1698,.F.);
#2433=ORIENTED_EDGE('',*,*,#1699,.F.);
#2434=ORIENTED_EDGE('',*,*,#1489,.F.);
#2435=ORIENTED_EDGE('',*,*,#1370,.T.);
#2436=ORIENTED_EDGE('',*,*,#1700,.T.);
#2437=ORIENTED_EDGE('',*,*,#1701,.T.);
#2438=ORIENTED_EDGE('',*,*,#1492,.T.);
#2439=ORIENTED_EDGE('',*,*,#1491,.T.);
#2440=ORIENTED_EDGE('',*,*,#1698,.T.);
#2441=ORIENTED_EDGE('',*,*,#1493,.T.);
#2442=ORIENTED_EDGE('',*,*,#1701,.F.);
#2443=ORIENTED_EDGE('',*,*,#1702,.F.);
#2444=ORIENTED_EDGE('',*,*,#1490,.F.);
#2445=ORIENTED_EDGE('',*,*,#1699,.T.);
#2446=ORIENTED_EDGE('',*,*,#1702,.T.);
#2447=ORIENTED_EDGE('',*,*,#1700,.F.);
#2448=ORIENTED_EDGE('',*,*,#1703,.F.);
#2449=ORIENTED_EDGE('',*,*,#1704,.T.);
#2450=ORIENTED_EDGE('',*,*,#1705,.F.);
#2451=ORIENTED_EDGE('',*,*,#1704,.F.);
#2452=ORIENTED_EDGE('',*,*,#1706,.F.);
#2453=ORIENTED_EDGE('',*,*,#1707,.T.);
#2454=ORIENTED_EDGE('',*,*,#1708,.F.);
#2455=ORIENTED_EDGE('',*,*,#1707,.F.);
#2456=ORIENTED_EDGE('',*,*,#1706,.T.);
#2457=ORIENTED_EDGE('',*,*,#1709,.T.);
#2458=ORIENTED_EDGE('',*,*,#1710,.T.);
#2459=ORIENTED_EDGE('',*,*,#1711,.T.);
#2460=ORIENTED_EDGE('',*,*,#1712,.T.);
#2461=ORIENTED_EDGE('',*,*,#1713,.T.);
#2462=ORIENTED_EDGE('',*,*,#1714,.T.);
#2463=ORIENTED_EDGE('',*,*,#1715,.T.);
#2464=ORIENTED_EDGE('',*,*,#1716,.T.);
#2465=ORIENTED_EDGE('',*,*,#1717,.T.);
#2466=ORIENTED_EDGE('',*,*,#1718,.T.);
#2467=ORIENTED_EDGE('',*,*,#1711,.F.);
#2468=ORIENTED_EDGE('',*,*,#1719,.T.);
#2469=ORIENTED_EDGE('',*,*,#1720,.T.);
#2470=ORIENTED_EDGE('',*,*,#1721,.T.);
#2471=ORIENTED_EDGE('',*,*,#1715,.F.);
#2472=ORIENTED_EDGE('',*,*,#1717,.F.);
#2473=ORIENTED_EDGE('',*,*,#1722,.T.);
#2474=ORIENTED_EDGE('',*,*,#1723,.F.);
#2475=ORIENTED_EDGE('',*,*,#1724,.T.);
#2476=ORIENTED_EDGE('',*,*,#1725,.T.);
#2477=ORIENTED_EDGE('',*,*,#1726,.T.);
#2478=ORIENTED_EDGE('',*,*,#1716,.F.);
#2479=ORIENTED_EDGE('',*,*,#1710,.F.);
#2480=ORIENTED_EDGE('',*,*,#1721,.F.);
#2481=ORIENTED_EDGE('',*,*,#1727,.F.);
#2482=ORIENTED_EDGE('',*,*,#1728,.F.);
#2483=ORIENTED_EDGE('',*,*,#1729,.T.);
#2484=ORIENTED_EDGE('',*,*,#1730,.F.);
#2485=ORIENTED_EDGE('',*,*,#1731,.T.);
#2486=ORIENTED_EDGE('',*,*,#1732,.F.);
#2487=ORIENTED_EDGE('',*,*,#1722,.F.);
#2488=ORIENTED_EDGE('',*,*,#1720,.F.);
#2489=ORIENTED_EDGE('',*,*,#1733,.T.);
#2490=ORIENTED_EDGE('',*,*,#1734,.F.);
#2491=ORIENTED_EDGE('',*,*,#1735,.T.);
#2492=ORIENTED_EDGE('',*,*,#1736,.F.);
#2493=ORIENTED_EDGE('',*,*,#1727,.T.);
#2494=ORIENTED_EDGE('',*,*,#1737,.F.);
#2495=ORIENTED_EDGE('',*,*,#1729,.F.);
#2496=ORIENTED_EDGE('',*,*,#1738,.F.);
#2497=ORIENTED_EDGE('',*,*,#1739,.F.);
#2498=ORIENTED_EDGE('',*,*,#1740,.F.);
#2499=ORIENTED_EDGE('',*,*,#1741,.F.);
#2500=ORIENTED_EDGE('',*,*,#1736,.T.);
#2501=ORIENTED_EDGE('',*,*,#1742,.T.);
#2502=ORIENTED_EDGE('',*,*,#1738,.T.);
#2503=ORIENTED_EDGE('',*,*,#1728,.T.);
#2504=ORIENTED_EDGE('',*,*,#1743,.F.);
#2505=ORIENTED_EDGE('',*,*,#1744,.F.);
#2506=ORIENTED_EDGE('',*,*,#1745,.F.);
#2507=ORIENTED_EDGE('',*,*,#1731,.F.);
#2508=ORIENTED_EDGE('',*,*,#1746,.F.);
#2509=ORIENTED_EDGE('',*,*,#1747,.F.);
#2510=ORIENTED_EDGE('',*,*,#1723,.T.);
#2511=ORIENTED_EDGE('',*,*,#1732,.T.);
#2512=ORIENTED_EDGE('',*,*,#1745,.T.);
#2513=ORIENTED_EDGE('',*,*,#1748,.T.);
#2514=ORIENTED_EDGE('',*,*,#1737,.T.);
#2515=ORIENTED_EDGE('',*,*,#1749,.T.);
#2516=ORIENTED_EDGE('',*,*,#1746,.T.);
#2517=ORIENTED_EDGE('',*,*,#1730,.T.);
#2518=ORIENTED_EDGE('',*,*,#1750,.T.);
#2519=ORIENTED_EDGE('',*,*,#1751,.T.);
#2520=ORIENTED_EDGE('',*,*,#1740,.T.);
#2521=ORIENTED_EDGE('',*,*,#1752,.T.);
#2522=ORIENTED_EDGE('',*,*,#1753,.T.);
#2523=ORIENTED_EDGE('',*,*,#1754,.T.);
#2524=ORIENTED_EDGE('',*,*,#1750,.F.);
#2525=ORIENTED_EDGE('',*,*,#1755,.T.);
#2526=ORIENTED_EDGE('',*,*,#1753,.F.);
#2527=ORIENTED_EDGE('',*,*,#1756,.T.);
#2528=ORIENTED_EDGE('',*,*,#1743,.T.);
#2529=ORIENTED_EDGE('',*,*,#1757,.T.);
#2530=ORIENTED_EDGE('',*,*,#1749,.F.);
#2531=ORIENTED_EDGE('',*,*,#1741,.T.);
#2532=ORIENTED_EDGE('',*,*,#1751,.F.);
#2533=ORIENTED_EDGE('',*,*,#1754,.F.);
#2534=ORIENTED_EDGE('',*,*,#1757,.F.);
#2535=ORIENTED_EDGE('',*,*,#1747,.T.);
#2536=ORIENTED_EDGE('',*,*,#1703,.T.);
#2537=ORIENTED_EDGE('',*,*,#1734,.T.);
#2538=ORIENTED_EDGE('',*,*,#1758,.T.);
#2539=ORIENTED_EDGE('',*,*,#1725,.F.);
#2540=ORIENTED_EDGE('',*,*,#1759,.T.);
#2541=ORIENTED_EDGE('',*,*,#1742,.F.);
#2542=ORIENTED_EDGE('',*,*,#1735,.F.);
#2543=ORIENTED_EDGE('',*,*,#1760,.F.);
#2544=ORIENTED_EDGE('',*,*,#1752,.F.);
#2545=ORIENTED_EDGE('',*,*,#1739,.T.);
#2546=ORIENTED_EDGE('',*,*,#1755,.F.);
#2547=ORIENTED_EDGE('',*,*,#1760,.T.);
#2548=ORIENTED_EDGE('',*,*,#1759,.F.);
#2549=ORIENTED_EDGE('',*,*,#1761,.T.);
#2550=ORIENTED_EDGE('',*,*,#1756,.F.);
#2551=ORIENTED_EDGE('',*,*,#1761,.F.);
#2552=ORIENTED_EDGE('',*,*,#1724,.F.);
#2553=ORIENTED_EDGE('',*,*,#1748,.F.);
#2554=ORIENTED_EDGE('',*,*,#1744,.T.);
#2555=ORIENTED_EDGE('',*,*,#1719,.F.);
#2556=ORIENTED_EDGE('',*,*,#1714,.F.);
#2557=ORIENTED_EDGE('',*,*,#1762,.F.);
#2558=ORIENTED_EDGE('',*,*,#1763,.T.);
#2559=ORIENTED_EDGE('',*,*,#1733,.F.);
#2560=ORIENTED_EDGE('',*,*,#1718,.F.);
#2561=ORIENTED_EDGE('',*,*,#1726,.F.);
#2562=ORIENTED_EDGE('',*,*,#1764,.F.);
#2563=ORIENTED_EDGE('',*,*,#1765,.F.);
#2564=ORIENTED_EDGE('',*,*,#1712,.F.);
#2565=ORIENTED_EDGE('',*,*,#1766,.F.);
#2566=ORIENTED_EDGE('',*,*,#1764,.T.);
#2567=ORIENTED_EDGE('',*,*,#1758,.F.);
#2568=ORIENTED_EDGE('',*,*,#1763,.F.);
#2569=ORIENTED_EDGE('',*,*,#1713,.F.);
#2570=ORIENTED_EDGE('',*,*,#1765,.T.);
#2571=ORIENTED_EDGE('',*,*,#1766,.T.);
#2572=ORIENTED_EDGE('',*,*,#1762,.T.);
#2573=ORIENTED_EDGE('',*,*,#1708,.T.);
#2574=ORIENTED_EDGE('',*,*,#1705,.T.);
#2575=ORIENTED_EDGE('',*,*,#1767,.T.);
#2576=ORIENTED_EDGE('',*,*,#1709,.F.);
#2577=ORIENTED_EDGE('',*,*,#1767,.F.);
#2578=(
BOUNDED_SURFACE()
B_SPLINE_SURFACE(5,2,((#3466,#3467,#3468,#3469,#3470,#3471,#3472,#3473,
#3474),(#3475,#3476,#3477,#3478,#3479,#3480,#3481,#3482,#3483),(#3484,#3485,
#3486,#3487,#3488,#3489,#3490,#3491,#3492),(#3493,#3494,#3495,#3496,#3497,
#3498,#3499,#3500,#3501),(#3502,#3503,#3504,#3505,#3506,#3507,#3508,#3509,
#3510),(#3511,#3512,#3513,#3514,#3515,#3516,#3517,#3518,#3519),(#3520,#3521,
#3522,#3523,#3524,#3525,#3526,#3527,#3528),(#3529,#3530,#3531,#3532,#3533,
#3534,#3535,#3536,#3537),(#3538,#3539,#3540,#3541,#3542,#3543,#3544,#3545,
#3546),(#3547,#3548,#3549,#3550,#3551,#3552,#3553,#3554,#3555),(#3556,#3557,
#3558,#3559,#3560,#3561,#3562,#3563,#3564),(#3565,#3566,#3567,#3568,#3569,
#3570,#3571,#3572,#3573),(#3574,#3575,#3576,#3577,#3578,#3579,#3580,#3581,
#3582),(#3583,#3584,#3585,#3586,#3587,#3588,#3589,#3590,#3591),(#3592,#3593,
#3594,#3595,#3596,#3597,#3598,#3599,#3600)),.UNSPECIFIED.,.F.,.T.,.F.)
B_SPLINE_SURFACE_WITH_KNOTS((6,1,1,1,1,1,1,1,1,1,6),(3,2,2,2,3),(0.,0.1,
0.2,0.3,0.4,0.5,0.6,0.7,0.8,0.9,1.),(0.,1.5707963267949,3.14159265358979,
4.71238898038469,6.28318530717959),.UNSPECIFIED.)
GEOMETRIC_REPRESENTATION_ITEM()
RATIONAL_B_SPLINE_SURFACE(((1.,0.707106781186548,1.,0.707106781186548,1.,
0.707106781186548,1.,0.707106781186548,1.),(1.,0.707106781186548,1.,0.707106781186548,
1.,0.707106781186548,1.,0.707106781186548,1.),(1.,0.707106781186548,1.,
0.707106781186548,1.,0.707106781186548,1.,0.707106781186548,1.),(1.,0.707106781186548,
1.,0.707106781186548,1.,0.707106781186548,1.,0.707106781186548,1.),(1.,
0.707106781186548,1.,0.707106781186548,1.,0.707106781186548,1.,0.707106781186548,
1.),(1.,0.707106781186548,1.,0.707106781186548,1.,0.707106781186548,1.,
0.707106781186548,1.),(1.,0.707106781186548,1.,0.707106781186548,1.,0.707106781186548,
1.,0.707106781186548,1.),(1.,0.707106781186548,1.,0.707106781186548,1.,
0.707106781186548,1.,0.707106781186548,1.),(1.,0.707106781186548,1.,0.707106781186548,
1.,0.707106781186548,1.,0.707106781186548,1.),(1.,0.707106781186548,1.,
0.707106781186548,1.,0.707106781186548,1.,0.707106781186548,1.),(1.,0.707106781186548,
1.,0.707106781186548,1.,0.707106781186548,1.,0.707106781186548,1.),(1.,
0.707106781186548,1.,0.707106781186548,1.,0.707106781186548,1.,0.707106781186548,
1.),(1.,0.707106781186548,1.,0.707106781186548,1.,0.707106781186548,1.,
0.707106781186548,1.),(1.,0.707106781186548,1.,0.707106781186548,1.,0.707106781186548,
1.,0.707106781186548,1.),(1.,0.707106781186548,1.,0.707106781186548,1.,
0.707106781186548,1.,0.707106781186548,1.)))
REPRESENTATION_ITEM('')
SURFACE()
);
#2579=(
BOUNDED_SURFACE()
B_SPLINE_SURFACE(5,2,((#8839,#8840,#8841,#8842,#8843,#8844,#8845,#8846,
#8847),(#8848,#8849,#8850,#8851,#8852,#8853,#8854,#8855,#8856),(#8857,#8858,
#8859,#8860,#8861,#8862,#8863,#8864,#8865),(#8866,#8867,#8868,#8869,#8870,
#8871,#8872,#8873,#8874),(#8875,#8876,#8877,#8878,#8879,#8880,#8881,#8882,
#8883),(#8884,#8885,#8886,#8887,#8888,#8889,#8890,#8891,#8892),(#8893,#8894,
#8895,#8896,#8897,#8898,#8899,#8900,#8901),(#8902,#8903,#8904,#8905,#8906,
#8907,#8908,#8909,#8910),(#8911,#8912,#8913,#8914,#8915,#8916,#8917,#8918,
#8919),(#8920,#8921,#8922,#8923,#8924,#8925,#8926,#8927,#8928),(#8929,#8930,
#8931,#8932,#8933,#8934,#8935,#8936,#8937),(#8938,#8939,#8940,#8941,#8942,
#8943,#8944,#8945,#8946),(#8947,#8948,#8949,#8950,#8951,#8952,#8953,#8954,
#8955),(#8956,#8957,#8958,#8959,#8960,#8961,#8962,#8963,#8964),(#8965,#8966,
#8967,#8968,#8969,#8970,#8971,#8972,#8973)),.UNSPECIFIED.,.F.,.T.,.F.)
B_SPLINE_SURFACE_WITH_KNOTS((6,1,1,1,1,1,1,1,1,1,6),(3,2,2,2,3),(0.,0.1,
0.2,0.3,0.4,0.5,0.6,0.7,0.8,0.9,1.),(0.,1.5707963267949,3.14159265358979,
4.71238898038469,6.28318530717959),.UNSPECIFIED.)
GEOMETRIC_REPRESENTATION_ITEM()
RATIONAL_B_SPLINE_SURFACE(((1.,0.707106781186548,1.,0.707106781186548,1.,
0.707106781186548,1.,0.707106781186548,1.),(1.,0.707106781186548,1.,0.707106781186548,
1.,0.707106781186548,1.,0.707106781186548,1.),(1.,0.707106781186548,1.,
0.707106781186548,1.,0.707106781186548,1.,0.707106781186548,1.),(1.,0.707106781186548,
1.,0.707106781186548,1.,0.707106781186548,1.,0.707106781186548,1.),(1.,
0.707106781186548,1.,0.707106781186548,1.,0.707106781186548,1.,0.707106781186548,
1.),(1.,0.707106781186548,1.,0.707106781186548,1.,0.707106781186548,1.,
0.707106781186548,1.),(1.,0.707106781186548,1.,0.707106781186548,1.,0.707106781186548,
1.,0.707106781186548,1.),(1.,0.707106781186548,1.,0.707106781186548,1.,
0.707106781186548,1.,0.707106781186548,1.),(1.,0.707106781186548,1.,0.707106781186548,
1.,0.707106781186548,1.,0.707106781186548,1.),(1.,0.707106781186548,1.,
0.707106781186548,1.,0.707106781186548,1.,0.707106781186548,1.),(1.,0.707106781186548,
1.,0.707106781186548,1.,0.707106781186548,1.,0.707106781186548,1.),(1.,
0.707106781186548,1.,0.707106781186548,1.,0.707106781186548,1.,0.707106781186548,
1.),(1.,0.707106781186548,1.,0.707106781186548,1.,0.707106781186548,1.,
0.707106781186548,1.),(1.,0.707106781186548,1.,0.707106781186548,1.,0.707106781186548,
1.,0.707106781186548,1.),(1.,0.707106781186548,1.,0.707106781186548,1.,
0.707106781186548,1.,0.707106781186548,1.)))
REPRESENTATION_ITEM('')
SURFACE()
);
#2580=ADVANCED_FACE('',(#607),#2578,.F.);
#2581=ADVANCED_FACE('',(#608),#545,.T.);
#2582=ADVANCED_FACE('',(#609),#546,.T.);
#2583=ADVANCED_FACE('',(#610),#547,.T.);
#2584=ADVANCED_FACE('',(#611),#548,.T.);
#2585=ADVANCED_FACE('',(#612),#549,.T.);
#2586=ADVANCED_FACE('',(#613),#550,.T.);
#2587=ADVANCED_FACE('',(#614),#551,.T.);
#2588=ADVANCED_FACE('',(#615),#552,.T.);
#2589=ADVANCED_FACE('',(#616),#553,.T.);
#2590=ADVANCED_FACE('',(#617),#554,.T.);
#2591=ADVANCED_FACE('',(#618),#555,.T.);
#2592=ADVANCED_FACE('',(#619),#556,.T.);
#2593=ADVANCED_FACE('',(#620),#81,.T.);
#2594=ADVANCED_FACE('',(#621),#74,.T.);
#2595=ADVANCED_FACE('',(#622),#82,.T.);
#2596=ADVANCED_FACE('',(#623),#557,.T.);
#2597=ADVANCED_FACE('',(#624),#83,.T.);
#2598=ADVANCED_FACE('',(#625),#558,.F.);
#2599=ADVANCED_FACE('',(#626),#26,.T.);
#2600=ADVANCED_FACE('',(#627),#27,.T.);
#2601=ADVANCED_FACE('',(#628),#28,.T.);
#2602=ADVANCED_FACE('',(#629),#559,.T.);
#2603=ADVANCED_FACE('',(#630),#29,.T.);
#2604=ADVANCED_FACE('',(#631),#30,.F.);
#2605=ADVANCED_FACE('',(#632),#31,.T.);
#2606=ADVANCED_FACE('',(#633),#32,.T.);
#2607=ADVANCED_FACE('',(#634),#560,.T.);
#2608=ADVANCED_FACE('',(#635),#561,.T.);
#2609=ADVANCED_FACE('',(#636),#75,.F.);
#2610=ADVANCED_FACE('',(#637),#33,.F.);
#2611=ADVANCED_FACE('',(#638),#562,.T.);
#2612=ADVANCED_FACE('',(#639),#563,.T.);
#2613=ADVANCED_FACE('',(#640),#76,.T.);
#2614=ADVANCED_FACE('',(#641),#34,.T.);
#2615=ADVANCED_FACE('',(#642),#564,.T.);
#2616=ADVANCED_FACE('',(#643),#565,.T.);
#2617=ADVANCED_FACE('',(#644),#566,.F.);
#2618=ADVANCED_FACE('',(#645),#35,.T.);
#2619=ADVANCED_FACE('',(#646,#17,#18),#567,.F.);
#2620=ADVANCED_FACE('',(#647),#36,.T.);
#2621=ADVANCED_FACE('',(#648),#37,.T.);
#2622=ADVANCED_FACE('',(#649),#568,.T.);
#2623=ADVANCED_FACE('',(#650),#569,.T.);
#2624=ADVANCED_FACE('',(#651,#19),#77,.T.);
#2625=ADVANCED_FACE('',(#652),#570,.F.);
#2626=ADVANCED_FACE('',(#653),#571,.F.);
#2627=ADVANCED_FACE('',(#654),#84,.F.);
#2628=ADVANCED_FACE('',(#655),#85,.F.);
#2629=ADVANCED_FACE('',(#656),#86,.F.);
#2630=ADVANCED_FACE('',(#657),#87,.F.);
#2631=ADVANCED_FACE('',(#658),#88,.F.);
#2632=ADVANCED_FACE('',(#659),#89,.F.);
#2633=ADVANCED_FACE('',(#660),#90,.F.);
#2634=ADVANCED_FACE('',(#661),#91,.F.);
#2635=ADVANCED_FACE('',(#662),#92,.F.);
#2636=ADVANCED_FACE('',(#663),#93,.F.);
#2637=ADVANCED_FACE('',(#664),#94,.F.);
#2638=ADVANCED_FACE('',(#665),#95,.F.);
#2639=ADVANCED_FACE('',(#666),#96,.F.);
#2640=ADVANCED_FACE('',(#667),#97,.F.);
#2641=ADVANCED_FACE('',(#668),#38,.T.);
#2642=ADVANCED_FACE('',(#669),#39,.T.);
#2643=ADVANCED_FACE('',(#670),#40,.T.);
#2644=ADVANCED_FACE('',(#671),#41,.T.);
#2645=ADVANCED_FACE('',(#672),#42,.T.);
#2646=ADVANCED_FACE('',(#673),#43,.T.);
#2647=ADVANCED_FACE('',(#674),#44,.T.);
#2648=ADVANCED_FACE('',(#675),#45,.T.);
#2649=ADVANCED_FACE('',(#676),#46,.T.);
#2650=ADVANCED_FACE('',(#677),#47,.T.);
#2651=ADVANCED_FACE('',(#678),#48,.T.);
#2652=ADVANCED_FACE('',(#679),#49,.T.);
#2653=ADVANCED_FACE('',(#680),#50,.T.);
#2654=ADVANCED_FACE('',(#681),#51,.T.);
#2655=ADVANCED_FACE('',(#682),#98,.F.);
#2656=ADVANCED_FACE('',(#683),#99,.F.);
#2657=ADVANCED_FACE('',(#684),#100,.F.);
#2658=ADVANCED_FACE('',(#685),#101,.F.);
#2659=ADVANCED_FACE('',(#686),#102,.F.);
#2660=ADVANCED_FACE('',(#687),#103,.F.);
#2661=ADVANCED_FACE('',(#688),#104,.F.);
#2662=ADVANCED_FACE('',(#689),#105,.F.);
#2663=ADVANCED_FACE('',(#690),#106,.F.);
#2664=ADVANCED_FACE('',(#691),#107,.F.);
#2665=ADVANCED_FACE('',(#692),#108,.F.);
#2666=ADVANCED_FACE('',(#693),#109,.F.);
#2667=ADVANCED_FACE('',(#694),#110,.F.);
#2668=ADVANCED_FACE('',(#695),#572,.T.);
#2669=ADVANCED_FACE('',(#696),#52,.T.);
#2670=ADVANCED_FACE('',(#697),#53,.T.);
#2671=ADVANCED_FACE('',(#698),#54,.T.);
#2672=ADVANCED_FACE('',(#699),#55,.T.);
#2673=ADVANCED_FACE('',(#700),#56,.T.);
#2674=ADVANCED_FACE('',(#701),#57,.T.);
#2675=ADVANCED_FACE('',(#702),#58,.T.);
#2676=ADVANCED_FACE('',(#703),#59,.T.);
#2677=ADVANCED_FACE('',(#704),#60,.T.);
#2678=ADVANCED_FACE('',(#705),#61,.T.);
#2679=ADVANCED_FACE('',(#706),#62,.T.);
#2680=ADVANCED_FACE('',(#707),#63,.T.);
#2681=ADVANCED_FACE('',(#708),#64,.T.);
#2682=ADVANCED_FACE('',(#709),#65,.T.);
#2683=ADVANCED_FACE('',(#710),#573,.F.);
#2684=ADVANCED_FACE('',(#711),#2579,.F.);
#2685=ADVANCED_FACE('',(#712),#66,.T.);
#2686=ADVANCED_FACE('',(#713),#111,.F.);
#2687=ADVANCED_FACE('',(#714),#67,.T.);
#2688=ADVANCED_FACE('',(#715,#20),#574,.T.);
#2689=ADVANCED_FACE('',(#716),#68,.F.);
#2690=ADVANCED_FACE('',(#717),#575,.F.);
#2691=ADVANCED_FACE('',(#718),#576,.F.);
#2692=ADVANCED_FACE('',(#719),#577,.F.);
#2693=ADVANCED_FACE('',(#720),#578,.F.);
#2694=ADVANCED_FACE('',(#721),#579,.F.);
#2695=ADVANCED_FACE('',(#722),#580,.F.);
#2696=ADVANCED_FACE('',(#723,#21),#581,.F.);
#2697=ADVANCED_FACE('',(#724),#69,.T.);
#2698=ADVANCED_FACE('',(#725,#22),#582,.F.);
#2699=ADVANCED_FACE('',(#726),#583,.T.);
#2700=ADVANCED_FACE('',(#727),#584,.T.);
#2701=ADVANCED_FACE('',(#728),#585,.T.);
#2702=ADVANCED_FACE('',(#729),#586,.T.);
#2703=ADVANCED_FACE('',(#730),#78,.F.);
#2704=ADVANCED_FACE('',(#731),#70,.T.);
#2705=ADVANCED_FACE('',(#732,#23),#587,.T.);
#2706=ADVANCED_FACE('',(#733),#588,.T.);
#2707=ADVANCED_FACE('',(#734),#589,.T.);
#2708=ADVANCED_FACE('',(#735),#590,.T.);
#2709=ADVANCED_FACE('',(#736),#591,.T.);
#2710=ADVANCED_FACE('',(#737),#592,.T.);
#2711=ADVANCED_FACE('',(#738),#593,.T.);
#2712=ADVANCED_FACE('',(#739),#594,.T.);
#2713=ADVANCED_FACE('',(#740),#595,.T.);
#2714=ADVANCED_FACE('',(#741),#596,.T.);
#2715=ADVANCED_FACE('',(#742),#597,.T.);
#2716=ADVANCED_FACE('',(#743),#598,.T.);
#2717=ADVANCED_FACE('',(#744),#599,.T.);
#2718=ADVANCED_FACE('',(#745),#79,.T.);
#2719=ADVANCED_FACE('',(#746),#600,.T.);
#2720=ADVANCED_FACE('',(#747,#24),#601,.T.);
#2721=ADVANCED_FACE('',(#748),#80,.T.);
#2722=ADVANCED_FACE('',(#749),#602,.T.);
#2723=ADVANCED_FACE('',(#750),#71,.T.);
#2724=ADVANCED_FACE('',(#751),#603,.T.);
#2725=ADVANCED_FACE('',(#752),#604,.T.);
#2726=ADVANCED_FACE('',(#753),#605,.T.);
#2727=ADVANCED_FACE('',(#754),#72,.F.);
#2728=ADVANCED_FACE('',(#755,#25),#606,.F.);
#2729=ADVANCED_FACE('',(#756),#73,.F.);
#2730=CLOSED_SHELL('',(#2580,#2581,#2582,#2583,#2584,#2585,#2586,#2587,
#2588,#2589,#2590,#2591,#2592,#2593,#2594,#2595,#2596,#2597,#2598,#2599,
#2600,#2601,#2602,#2603,#2604,#2605,#2606,#2607,#2608,#2609,#2610,#2611,
#2612,#2613,#2614,#2615,#2616,#2617,#2618,#2619,#2620,#2621,#2622,#2623,
#2624,#2625,#2626,#2627,#2628,#2629,#2630,#2631,#2632,#2633,#2634,#2635,
#2636,#2637,#2638,#2639,#2640,#2641,#2642,#2643,#2644,#2645,#2646,#2647,
#2648,#2649,#2650,#2651,#2652,#2653,#2654,#2655,#2656,#2657,#2658,#2659,
#2660,#2661,#2662,#2663,#2664,#2665,#2666,#2667,#2668,#2669,#2670,#2671,
#2672,#2673,#2674,#2675,#2676,#2677,#2678,#2679,#2680,#2681,#2682,#2683,
#2684,#2685,#2686,#2687,#2688,#2689,#2690,#2691,#2692,#2693,#2694,#2695,
#2696,#2697,#2698,#2699,#2700,#2701,#2702));
#2731=CLOSED_SHELL('',(#2703,#2704,#2705,#2706,#2707,#2708,#2709,#2710,
#2711,#2712,#2713,#2714,#2715,#2716,#2717,#2718,#2719,#2720,#2721,#2722,
#2723,#2724,#2725,#2726,#2727,#2728,#2729));
#2732=AXIS2_PLACEMENT_3D('',#3465,#2906,#2907);
#2733=AXIS2_PLACEMENT_3D('',#3846,#2908,#2909);
#2734=AXIS2_PLACEMENT_3D('',#3868,#2910,#2911);
#2735=AXIS2_PLACEMENT_3D('',#3873,#2913,#2914);
#2736=AXIS2_PLACEMENT_3D('',#3879,#2918,#2919);
#2737=AXIS2_PLACEMENT_3D('',#3885,#2923,#2924);
#2738=AXIS2_PLACEMENT_3D('',#3891,#2928,#2929);
#2739=AXIS2_PLACEMENT_3D('',#3899,#2934,#2935);
#2740=AXIS2_PLACEMENT_3D('',#3901,#2936,#2937);
#2741=AXIS2_PLACEMENT_3D('',#3903,#2938,#2939);
#2742=AXIS2_PLACEMENT_3D('',#3907,#2942,#2943);
#2743=AXIS2_PLACEMENT_3D('',#3912,#2945,#2946);
#2744=AXIS2_PLACEMENT_3D('',#3918,#2950,#2951);
#2745=AXIS2_PLACEMENT_3D('',#3924,#2955,#2956);
#2746=AXIS2_PLACEMENT_3D('',#3932,#2960,#2961);
#2747=AXIS2_PLACEMENT_3D('',#3933,#2962,#2963);
#2748=AXIS2_PLACEMENT_3D('',#3934,#2964,#2965);
#2749=AXIS2_PLACEMENT_3D('',#3942,#2970,#2971);
#2750=AXIS2_PLACEMENT_3D('',#3946,#2974,#2975);
#2751=AXIS2_PLACEMENT_3D('',#3950,#2977,#2978);
#2752=AXIS2_PLACEMENT_3D('',#3952,#2980,#2981);
#2753=AXIS2_PLACEMENT_3D('',#3991,#2987,#2988);
#2754=AXIS2_PLACEMENT_3D('',#3998,#2989,#2990);
#2755=AXIS2_PLACEMENT_3D('',#4040,#2993,#2994);
#2756=AXIS2_PLACEMENT_3D('',#4066,#2996,#2997);
#2757=AXIS2_PLACEMENT_3D('',#4074,#3000,#3001);
#2758=AXIS2_PLACEMENT_3D('',#4085,#3002,#3003);
#2759=AXIS2_PLACEMENT_3D('',#4088,#3004,#3005);
#2760=AXIS2_PLACEMENT_3D('',#4092,#3007,#3008);
#2761=AXIS2_PLACEMENT_3D('',#4094,#3010,#3011);
#2762=AXIS2_PLACEMENT_3D('',#4096,#3012,#3013);
#2763=AXIS2_PLACEMENT_3D('',#4099,#3015,#3016);
#2764=AXIS2_PLACEMENT_3D('',#4100,#3017,#3018);
#2765=AXIS2_PLACEMENT_3D('',#4104,#3020,#3021);
#2766=AXIS2_PLACEMENT_3D('',#4106,#3022,#3023);
#2767=AXIS2_PLACEMENT_3D('',#4108,#3024,#3025);
#2768=AXIS2_PLACEMENT_3D('',#4111,#3027,#3028);
#2769=AXIS2_PLACEMENT_3D('',#4112,#3029,#3030);
#2770=AXIS2_PLACEMENT_3D('',#4116,#3032,#3033);
#2771=AXIS2_PLACEMENT_3D('',#4118,#3035,#3036);
#2772=AXIS2_PLACEMENT_3D('',#4120,#3037,#3038);
#2773=AXIS2_PLACEMENT_3D('',#4122,#3040,#3041);
#2774=AXIS2_PLACEMENT_3D('',#4125,#3043,#3044);
#2775=AXIS2_PLACEMENT_3D('',#4126,#3045,#3046);
#2776=AXIS2_PLACEMENT_3D('',#4128,#3047,#3048);
#2777=AXIS2_PLACEMENT_3D('',#4130,#3050,#3051);
#2778=AXIS2_PLACEMENT_3D('',#4132,#3053,#3054);
#2779=AXIS2_PLACEMENT_3D('',#4134,#3056,#3057);
#2780=AXIS2_PLACEMENT_3D('',#4135,#3058,#3059);
#2781=AXIS2_PLACEMENT_3D('',#4136,#3060,#3061);
#2782=AXIS2_PLACEMENT_3D('',#4137,#3062,#3063);
#2783=AXIS2_PLACEMENT_3D('',#4140,#3065,#3066);
#2784=AXIS2_PLACEMENT_3D('',#4141,#3067,#3068);
#2785=AXIS2_PLACEMENT_3D('',#4143,#3070,#3071);
#2786=AXIS2_PLACEMENT_3D('',#4155,#3076,#3077);
#2787=AXIS2_PLACEMENT_3D('',#4164,#3078,#3079);
#2788=AXIS2_PLACEMENT_3D('',#4165,#3080,#3081);
#2789=AXIS2_PLACEMENT_3D('',#4166,#3082,#3083);
#2790=AXIS2_PLACEMENT_3D('',#4184,#3085,#3086);
#2791=AXIS2_PLACEMENT_3D('',#4185,#3087,#3088);
#2792=AXIS2_PLACEMENT_3D('',#4187,#3090,#3091);
#2793=AXIS2_PLACEMENT_3D('',#4193,#3093,#3094);
#2794=AXIS2_PLACEMENT_3D('',#4197,#3096,#3097);
#2795=AXIS2_PLACEMENT_3D('',#4199,#3099,#3100);
#2796=AXIS2_PLACEMENT_3D('',#4204,#3103,#3104);
#2797=AXIS2_PLACEMENT_3D('',#4205,#3105,#3106);
#2798=AXIS2_PLACEMENT_3D('',#4208,#3108,#3109);
#2799=AXIS2_PLACEMENT_3D('',#4209,#3110,#3111);
#2800=AXIS2_PLACEMENT_3D('',#4211,#3112,#3113);
#2801=AXIS2_PLACEMENT_3D('',#4214,#3115,#3116);
#2802=AXIS2_PLACEMENT_3D('',#4215,#3117,#3118);
#2803=AXIS2_PLACEMENT_3D('',#4224,#3123,#3124);
#2804=AXIS2_PLACEMENT_3D('',#4230,#3128,#3129);
#2805=AXIS2_PLACEMENT_3D('',#4232,#3130,#3131);
#2806=AXIS2_PLACEMENT_3D('',#4237,#3132,#3133);
#2807=AXIS2_PLACEMENT_3D('',#4239,#3134,#3135);
#2808=AXIS2_PLACEMENT_3D('',#4240,#3136,#3137);
#2809=AXIS2_PLACEMENT_3D('',#4243,#3138,#3139);
#2810=AXIS2_PLACEMENT_3D('',#4249,#3140,#3141);
#2811=AXIS2_PLACEMENT_3D('',#4251,#3142,#3143);
#2812=AXIS2_PLACEMENT_3D('',#4256,#3144,#3145);
#2813=AXIS2_PLACEMENT_3D('',#4257,#3146,#3147);
#2814=AXIS2_PLACEMENT_3D('',#4259,#3149,#3150);
#2815=AXIS2_PLACEMENT_3D('',#6826,#3207,#3208);
#2816=AXIS2_PLACEMENT_3D('',#6828,#3209,#3210);
#2817=AXIS2_PLACEMENT_3D('',#6851,#3211,#3212);
#2818=AXIS2_PLACEMENT_3D('',#6895,#3213,#3214);
#2819=AXIS2_PLACEMENT_3D('',#6939,#3215,#3216);
#2820=AXIS2_PLACEMENT_3D('',#6983,#3217,#3218);
#2821=AXIS2_PLACEMENT_3D('',#7027,#3219,#3220);
#2822=AXIS2_PLACEMENT_3D('',#7071,#3221,#3222);
#2823=AXIS2_PLACEMENT_3D('',#7115,#3223,#3224);
#2824=AXIS2_PLACEMENT_3D('',#7159,#3225,#3226);
#2825=AXIS2_PLACEMENT_3D('',#7203,#3227,#3228);
#2826=AXIS2_PLACEMENT_3D('',#7247,#3229,#3230);
#2827=AXIS2_PLACEMENT_3D('',#7291,#3231,#3232);
#2828=AXIS2_PLACEMENT_3D('',#7335,#3233,#3234);
#2829=AXIS2_PLACEMENT_3D('',#7379,#3235,#3236);
#2830=AXIS2_PLACEMENT_3D('',#7380,#3237,#3238);
#2831=AXIS2_PLACEMENT_3D('',#8792,#3239,#3240);
#2832=AXIS2_PLACEMENT_3D('',#8793,#3241,#3242);
#2833=AXIS2_PLACEMENT_3D('',#8794,#3243,#3244);
#2834=AXIS2_PLACEMENT_3D('',#8795,#3245,#3246);
#2835=AXIS2_PLACEMENT_3D('',#8796,#3247,#3248);
#2836=AXIS2_PLACEMENT_3D('',#8797,#3249,#3250);
#2837=AXIS2_PLACEMENT_3D('',#8798,#3251,#3252);
#2838=AXIS2_PLACEMENT_3D('',#8799,#3253,#3254);
#2839=AXIS2_PLACEMENT_3D('',#8800,#3255,#3256);
#2840=AXIS2_PLACEMENT_3D('',#8801,#3257,#3258);
#2841=AXIS2_PLACEMENT_3D('',#8802,#3259,#3260);
#2842=AXIS2_PLACEMENT_3D('',#8803,#3261,#3262);
#2843=AXIS2_PLACEMENT_3D('',#8804,#3263,#3264);
#2844=AXIS2_PLACEMENT_3D('',#8805,#3265,#3266);
#2845=AXIS2_PLACEMENT_3D('',#8806,#3267,#3268);
#2846=AXIS2_PLACEMENT_3D('',#8807,#3269,#3270);
#2847=AXIS2_PLACEMENT_3D('',#8835,#3271,#3272);
#2848=AXIS2_PLACEMENT_3D('',#8978,#3275,#3276);
#2849=AXIS2_PLACEMENT_3D('',#9041,#3277,#3278);
#2850=AXIS2_PLACEMENT_3D('',#9043,#3279,#3280);
#2851=AXIS2_PLACEMENT_3D('',#9045,#3282,#3283);
#2852=AXIS2_PLACEMENT_3D('',#9047,#3284,#3285);
#2853=AXIS2_PLACEMENT_3D('',#9048,#3286,#3287);
#2854=AXIS2_PLACEMENT_3D('',#9050,#3288,#3289);
#2855=AXIS2_PLACEMENT_3D('',#9052,#3291,#3292);
#2856=AXIS2_PLACEMENT_3D('',#9058,#3296,#3297);
#2857=AXIS2_PLACEMENT_3D('',#9062,#3300,#3301);
#2858=AXIS2_PLACEMENT_3D('',#9066,#3304,#3305);
#2859=AXIS2_PLACEMENT_3D('',#9070,#3308,#3309);
#2860=AXIS2_PLACEMENT_3D('',#9074,#3312,#3313);
#2861=AXIS2_PLACEMENT_3D('',#9076,#3315,#3316);
#2862=AXIS2_PLACEMENT_3D('',#9077,#3317,#3318);
#2863=AXIS2_PLACEMENT_3D('',#9078,#3319,#3320);
#2864=AXIS2_PLACEMENT_3D('',#9079,#3321,#3322);
#2865=AXIS2_PLACEMENT_3D('',#9083,#3325,#3326);
#2866=AXIS2_PLACEMENT_3D('',#9084,#3327,#3328);
#2867=AXIS2_PLACEMENT_3D('',#9088,#3331,#3332);
#2868=AXIS2_PLACEMENT_3D('',#9090,#3334,#3335);
#2869=AXIS2_PLACEMENT_3D('',#9091,#3336,#3337);
#2870=AXIS2_PLACEMENT_3D('',#9093,#3338,#3339);
#2871=AXIS2_PLACEMENT_3D('',#9096,#3341,#3342);
#2872=AXIS2_PLACEMENT_3D('',#9097,#3343,#3344);
#2873=AXIS2_PLACEMENT_3D('',#9099,#3345,#3346);
#2874=AXIS2_PLACEMENT_3D('',#9102,#3348,#3349);
#2875=AXIS2_PLACEMENT_3D('',#9103,#3350,#3351);
#2876=AXIS2_PLACEMENT_3D('',#9105,#3352,#3353);
#2877=AXIS2_PLACEMENT_3D('',#9106,#3354,#3355);
#2878=AXIS2_PLACEMENT_3D('',#9119,#3362,#3363);
#2879=AXIS2_PLACEMENT_3D('',#9125,#3367,#3368);
#2880=AXIS2_PLACEMENT_3D('',#9131,#3372,#3373);
#2881=AXIS2_PLACEMENT_3D('',#9141,#3379,#3380);
#2882=AXIS2_PLACEMENT_3D('',#9153,#3387,#3388);
#2883=AXIS2_PLACEMENT_3D('',#9161,#3393,#3394);
#2884=AXIS2_PLACEMENT_3D('',#9171,#3400,#3401);
#2885=AXIS2_PLACEMENT_3D('',#9173,#3403,#3404);
#2886=AXIS2_PLACEMENT_3D('',#9183,#3410,#3411);
#2887=AXIS2_PLACEMENT_3D('',#9185,#3413,#3414);
#2888=AXIS2_PLACEMENT_3D('',#9187,#3416,#3417);
#2889=AXIS2_PLACEMENT_3D('',#9193,#3421,#3422);
#2890=AXIS2_PLACEMENT_3D('',#9197,#3424,#3425);
#2891=AXIS2_PLACEMENT_3D('',#9198,#3426,#3427);
#2892=AXIS2_PLACEMENT_3D('',#9199,#3428,#3429);
#2893=AXIS2_PLACEMENT_3D('',#9202,#3432,#3433);
#2894=AXIS2_PLACEMENT_3D('',#9203,#3434,#3435);
#2895=AXIS2_PLACEMENT_3D('',#9204,#3436,#3437);
#2896=AXIS2_PLACEMENT_3D('',#9205,#3438,#3439);
#2897=AXIS2_PLACEMENT_3D('',#9206,#3440,#3441);
#2898=AXIS2_PLACEMENT_3D('',#9208,#3443,#3444);
#2899=AXIS2_PLACEMENT_3D('',#9210,#3446,#3447);
#2900=AXIS2_PLACEMENT_3D('',#9211,#3448,#3449);
#2901=AXIS2_PLACEMENT_3D('',#9215,#3452,#3453);
#2902=AXIS2_PLACEMENT_3D('',#9219,#3456,#3457);
#2903=AXIS2_PLACEMENT_3D('',#9220,#3458,#3459);
#2904=AXIS2_PLACEMENT_3D('',#9221,#3460,#3461);
#2905=AXIS2_PLACEMENT_3D('',#9222,#3462,#3463);
#2906=DIRECTION('axis',(0.,0.,1.));
#2907=DIRECTION('refdir',(1.,0.,0.));
#2908=DIRECTION('center_axis',(-5.59751492754203E-33,6.1232340136107E-17,
1.));
#2909=DIRECTION('ref_axis',(1.,9.14143557979313E-17,0.));
#2910=DIRECTION('center_axis',(0.707106781186547,0.0687157060087241,-0.703760010051525));
#2911=DIRECTION('ref_axis',(-0.705427441385618,0.,-0.708782142086086));
#2912=DIRECTION('',(0.,-0.995266950870692,-0.09717868338558));
#2913=DIRECTION('center_axis',(0.707106781186547,0.0687157060087241,-0.703760010051525));
#2914=DIRECTION('ref_axis',(0.700460314762648,0.0680698111524835,0.71043778633479));
#2915=DIRECTION('',(0.,0.995266950870692,0.09717868338558));
#2916=DIRECTION('',(0.476195331899042,-0.782017333775919,0.402103090701332));
#2917=DIRECTION('',(0.673249441919446,-0.369707718662715,0.640352552674201));
#2918=DIRECTION('center_axis',(0.,-0.457278534400207,-0.889323530542625));
#2919=DIRECTION('ref_axis',(-1.,0.,0.));
#2920=DIRECTION('',(1.,0.,0.));
#2921=DIRECTION('',(-0.476195331899051,-0.782017333775915,0.40210309070133));
#2922=DIRECTION('',(-1.,0.,0.));
#2923=DIRECTION('center_axis',(0.,-0.866025403784438,-0.500000000000001));
#2924=DIRECTION('ref_axis',(0.,0.500000000000001,-0.866025403784438));
#2925=DIRECTION('',(0.,0.500000000000001,-0.866025403784438));
#2926=DIRECTION('',(1.,0.,0.));
#2927=DIRECTION('',(0.,-0.500000000000001,0.866025403784438));
#2928=DIRECTION('center_axis',(0.707106781186547,-0.612372435695794,-0.353553390593274));
#2929=DIRECTION('ref_axis',(-0.447213595499958,0.,-0.894427190999916));
#2930=DIRECTION('',(0.673249441919446,0.735915747733599,0.071855418674258));
#2931=DIRECTION('',(-0.643495681301894,-0.350023736363361,-0.680732467367352));
#2932=DIRECTION('',(0.,-0.5,0.866025403784439));
#2933=DIRECTION('',(0.707106781186548,0.612372435695794,0.353553390593274));
#2934=DIRECTION('center_axis',(0.,0.09717868338558,-0.995266950870692));
#2935=DIRECTION('ref_axis',(0.,-0.995266950870692,-0.09717868338558));
#2936=DIRECTION('center_axis',(0.,0.09717868338558,-0.995266950870692));
#2937=DIRECTION('ref_axis',(3.3999024138619E-15,0.995266950870692,0.09717868338558));
#2938=DIRECTION('center_axis',(0.,0.09717868338558,-0.995266950870692));
#2939=DIRECTION('ref_axis',(0.,-0.995266950870693,-0.09717868338558));
#2940=DIRECTION('',(0.,-0.995266950870692,-0.09717868338558));
#2941=DIRECTION('',(-1.,0.,0.));
#2942=DIRECTION('center_axis',(0.707106781186547,0.0687157060087241,-0.703760010051525));
#2943=DIRECTION('ref_axis',(-0.705427441385618,0.,-0.708782142086086));
#2944=DIRECTION('',(0.,0.995266950870692,0.09717868338558));
#2945=DIRECTION('center_axis',(0.707106781186547,0.0687157060087241,-0.703760010051525));
#2946=DIRECTION('ref_axis',(0.700460314762648,0.0680698111524834,0.71043778633479));
#2947=DIRECTION('',(0.,-0.995266950870692,-0.09717868338558));
#2948=DIRECTION('',(-0.705427441385618,-8.03005191654683E-16,-0.708782142086086));
#2949=DIRECTION('',(-0.557687294808208,-0.557687294808208,-0.6147924547512));
#2950=DIRECTION('center_axis',(0.,0.740668172458348,-0.671871013147025));
#2951=DIRECTION('ref_axis',(-1.,0.,0.));
#2952=DIRECTION('',(1.,0.,0.));
#2953=DIRECTION('',(0.557687294808207,-0.557687294808208,-0.6147924547512));
#2954=DIRECTION('',(-1.,0.,0.));
#2955=DIRECTION('center_axis',(0.,0.09717868338558,-0.995266950870692));
#2956=DIRECTION('ref_axis',(0.,-0.995266950870692,-0.09717868338558));
#2957=DIRECTION('',(-0.705427441385617,0.705427441385618,0.068878515375137));
#2958=DIRECTION('',(1.,0.,0.));
#2959=DIRECTION('',(0.705427441385617,-0.705427441385617,-0.068878515375137));
#2960=DIRECTION('center_axis',(0.,0.09717868338558,-0.995266950870692));
#2961=DIRECTION('ref_axis',(0.,-0.995266950870693,-0.09717868338558));
#2962=DIRECTION('center_axis',(0.,0.09717868338558,-0.995266950870692));
#2963=DIRECTION('ref_axis',(3.3999024138619E-15,-0.995266950870692,-0.09717868338558));
#2964=DIRECTION('center_axis',(0.707106781186548,0.707106781186547,-8.01107114064486E-16));
#2965=DIRECTION('ref_axis',(-1.13293654562357E-15,0.,-1.));
#2966=DIRECTION('',(0.,1.13293654562357E-15,1.));
#2967=DIRECTION('',(0.707106781186547,-0.707106781186547,0.));
#2968=DIRECTION('',(0.,0.,-1.));
#2969=DIRECTION('',(0.595189895870007,-0.595189895870007,0.539905524799015));
#2970=DIRECTION('center_axis',(0.,-0.671871013147023,-0.74066817245835));
#2971=DIRECTION('ref_axis',(-1.,0.,0.));
#2972=DIRECTION('',(-1.,0.,0.));
#2973=DIRECTION('',(0.293301925175545,0.708093485628943,-0.642322034728821));
#2974=DIRECTION('center_axis',(-0.518118220189421,-0.446912501596821,-0.72926176769677));
#2975=DIRECTION('ref_axis',(-0.815202288624115,0.,0.579176336379521));
#2976=DIRECTION('',(-0.705427441385617,0.705427441385617,0.068878515375137));
#2977=DIRECTION('center_axis',(-0.518118220189421,-0.446912501596821,-0.72926176769677));
#2978=DIRECTION('ref_axis',(-0.552213661200445,-0.476322158006342,0.68423480924006));
#2979=DIRECTION('',(-0.815202288624115,0.,0.579176336379521));
#2980=DIRECTION('center_axis',(-0.707106781186548,0.612372435695795,0.353553390593273));
#2981=DIRECTION('ref_axis',(0.447213595499958,0.,0.894427190999916));
#2982=DIRECTION('',(0.707106781186543,0.612372435695798,0.353553390593277));
#2983=DIRECTION('',(0.,0.5,-0.866025403784439));
#2984=DIRECTION('',(-0.707106781186547,-0.612372435695795,-0.353553390593273));
#2985=DIRECTION('',(0.,-0.5,0.866025403784439));
#2986=DIRECTION('',(0.707106781186549,0.612372435695794,0.353553390593273));
#2987=DIRECTION('center_axis',(1.,0.,0.));
#2988=DIRECTION('ref_axis',(0.,1.,0.));
#2989=DIRECTION('center_axis',(-1.,0.,0.));
#2990=DIRECTION('ref_axis',(0.,1.,0.));
#2991=DIRECTION('',(1.02506568763663E-15,-0.457278534400216,-0.88932353054262));
#2992=DIRECTION('',(0.691691510137084,0.625437559715765,0.361096543463198));
#2993=DIRECTION('center_axis',(0.,0.889323530542621,-0.457278534400214));
#2994=DIRECTION('ref_axis',(0.,0.457278534400214,0.889323530542621));
#2995=DIRECTION('',(1.,0.,0.));
#2996=DIRECTION('center_axis',(1.,0.,0.));
#2997=DIRECTION('ref_axis',(0.,1.,0.));
#2998=DIRECTION('',(0.,0.995266950870692,0.09717868338558));
#2999=DIRECTION('',(0.,-2.22044604925031E-16,-1.));
#3000=DIRECTION('center_axis',(0.,-0.995266950870692,-0.09717868338558));
#3001=DIRECTION('ref_axis',(-0.707106781186547,0.0687157060087251,-0.703760010051525));
#3002=DIRECTION('center_axis',(1.,0.,0.));
#3003=DIRECTION('ref_axis',(0.,0.88400002613576,-0.467486848790397));
#3004=DIRECTION('center_axis',(-1.,0.,0.));
#3005=DIRECTION('ref_axis',(0.,0.88400002613576,-0.467486848790397));
#3006=DIRECTION('',(-1.,0.,0.));
#3007=DIRECTION('center_axis',(-1.,0.,0.));
#3008=DIRECTION('ref_axis',(0.,0.88400002613576,-0.467486848790397));
#3009=DIRECTION('',(1.,0.,0.));
#3010=DIRECTION('center_axis',(1.,0.,0.));
#3011=DIRECTION('ref_axis',(0.,1.,0.));
#3012=DIRECTION('center_axis',(1.,0.,0.));
#3013=DIRECTION('ref_axis',(0.,1.,0.));
#3014=DIRECTION('',(1.,0.,0.));
#3015=DIRECTION('center_axis',(-1.,0.,0.));
#3016=DIRECTION('ref_axis',(0.,1.,0.));
#3017=DIRECTION('center_axis',(1.,0.,0.));
#3018=DIRECTION('ref_axis',(0.,1.,0.));
#3019=DIRECTION('',(0.,0.,1.));
#3020=DIRECTION('center_axis',(-1.,0.,0.));
#3021=DIRECTION('ref_axis',(0.,0.458273916664222,0.888811013267294));
#3022=DIRECTION('center_axis',(-1.,0.,0.));
#3023=DIRECTION('ref_axis',(0.,1.,0.));
#3024=DIRECTION('center_axis',(-1.,0.,0.));
#3025=DIRECTION('ref_axis',(0.,-0.459273101808674,0.888295118727464));
#3026=DIRECTION('',(0.,0.,-1.));
#3027=DIRECTION('center_axis',(-1.,0.,0.));
#3028=DIRECTION('ref_axis',(0.,-0.883496582644555,-0.468437603588133));
#3029=DIRECTION('center_axis',(1.,0.,0.));
#3030=DIRECTION('ref_axis',(0.,0.458273916664222,0.888811013267294));
#3031=DIRECTION('',(-1.,0.,0.));
#3032=DIRECTION('center_axis',(-1.,0.,0.));
#3033=DIRECTION('ref_axis',(0.,0.458273916664222,0.888811013267294));
#3034=DIRECTION('',(1.,0.,0.));
#3035=DIRECTION('center_axis',(1.,0.,0.));
#3036=DIRECTION('ref_axis',(0.,1.,0.));
#3037=DIRECTION('center_axis',(1.,0.,0.));
#3038=DIRECTION('ref_axis',(0.,1.,0.));
#3039=DIRECTION('',(-1.,0.,0.));
#3040=DIRECTION('center_axis',(1.,0.,0.));
#3041=DIRECTION('ref_axis',(0.,-0.883496582644555,-0.468437603588133));
#3042=DIRECTION('',(-1.,0.,0.));
#3043=DIRECTION('center_axis',(-1.,0.,0.));
#3044=DIRECTION('ref_axis',(0.,-0.883496582644555,-0.468437603588133));
#3045=DIRECTION('center_axis',(1.,0.,0.));
#3046=DIRECTION('ref_axis',(0.,-0.459273101808674,0.888295118727464));
#3047=DIRECTION('center_axis',(-1.,0.,0.));
#3048=DIRECTION('ref_axis',(0.,-0.459273101808674,0.888295118727464));
#3049=DIRECTION('',(1.,0.,0.));
#3050=DIRECTION('center_axis',(0.,-1.,0.));
#3051=DIRECTION('ref_axis',(0.,0.,-1.));
#3052=DIRECTION('',(0.,0.,1.));
#3053=DIRECTION('center_axis',(0.,0.866025403784439,0.5));
#3054=DIRECTION('ref_axis',(0.,0.5,-0.866025403784439));
#3055=DIRECTION('',(1.,0.,0.));
#3056=DIRECTION('center_axis',(1.,0.,0.));
#3057=DIRECTION('ref_axis',(0.,-1.,0.));
#3058=DIRECTION('center_axis',(1.,0.,0.));
#3059=DIRECTION('ref_axis',(0.,1.,0.));
#3060=DIRECTION('center_axis',(-1.,0.,0.));
#3061=DIRECTION('ref_axis',(0.,-1.,0.));
#3062=DIRECTION('center_axis',(1.,0.,0.));
#3063=DIRECTION('ref_axis',(0.,1.,0.));
#3064=DIRECTION('',(1.,0.,0.));
#3065=DIRECTION('center_axis',(1.,0.,0.));
#3066=DIRECTION('ref_axis',(0.,1.,0.));
#3067=DIRECTION('center_axis',(0.,1.,-1.13293654562357E-15));
#3068=DIRECTION('ref_axis',(0.,1.13293654562357E-15,1.));
#3069=DIRECTION('',(0.,-1.13293654562357E-15,-1.));
#3070=DIRECTION('center_axis',(-0.707106781186548,-0.707106781186548,0.));
#3071=DIRECTION('ref_axis',(0.,0.,1.));
#3072=DIRECTION('',(0.,0.,1.));
#3073=DIRECTION('',(-0.707106781186548,0.707106781186548,0.));
#3074=DIRECTION('',(0.,0.,-1.));
#3075=DIRECTION('',(0.,2.22044604925031E-16,1.));
#3076=DIRECTION('center_axis',(1.,0.,0.));
#3077=DIRECTION('ref_axis',(0.,-1.,0.));
#3078=DIRECTION('center_axis',(1.,0.,0.));
#3079=DIRECTION('ref_axis',(0.,-1.,0.));
#3080=DIRECTION('center_axis',(-1.,0.,0.));
#3081=DIRECTION('ref_axis',(0.,-1.,0.));
#3082=DIRECTION('center_axis',(-1.,0.,0.));
#3083=DIRECTION('ref_axis',(0.,1.,0.));
#3084=DIRECTION('',(-1.,0.,0.));
#3085=DIRECTION('center_axis',(0.,-1.,0.));
#3086=DIRECTION('ref_axis',(0.,0.,1.));
#3087=DIRECTION('center_axis',(0.,1.,0.));
#3088=DIRECTION('ref_axis',(0.,0.,1.));
#3089=DIRECTION('',(0.,0.,-1.));
#3090=DIRECTION('center_axis',(1.,0.,0.));
#3091=DIRECTION('ref_axis',(0.,1.,0.));
#3092=DIRECTION('',(0.,0.,1.));
#3093=DIRECTION('center_axis',(0.,-2.22044604925031E-16,-1.));
#3094=DIRECTION('ref_axis',(0.86066296582387,0.509175077217316,-1.13059578858391E-16));
#3095=DIRECTION('',(0.,-2.22044604925031E-16,-1.));
#3096=DIRECTION('center_axis',(0.,2.22044604925031E-16,1.));
#3097=DIRECTION('ref_axis',(0.86066296582387,0.509175077217316,-1.13059578858391E-16));
#3098=DIRECTION('',(0.,2.22044604925031E-16,1.));
#3099=DIRECTION('center_axis',(-1.,0.,0.));
#3100=DIRECTION('ref_axis',(0.,0.,1.));
#3101=DIRECTION('',(0.,2.22044604925031E-16,1.));
#3102=DIRECTION('',(0.,-1.,2.22044604925031E-16));
#3103=DIRECTION('center_axis',(-1.,0.,0.));
#3104=DIRECTION('ref_axis',(0.,1.,0.));
#3105=DIRECTION('center_axis',(0.,2.22044604925031E-16,1.));
#3106=DIRECTION('ref_axis',(0.86066296582387,-0.509175077217316,1.13059578858391E-16));
#3107=DIRECTION('',(0.,-2.22044604925031E-16,-1.));
#3108=DIRECTION('center_axis',(0.,2.22044604925031E-16,1.));
#3109=DIRECTION('ref_axis',(0.86066296582387,-0.509175077217316,1.13059578858391E-16));
#3110=DIRECTION('center_axis',(0.,2.22044604925031E-16,1.));
#3111=DIRECTION('ref_axis',(-1.,0.,0.));
#3112=DIRECTION('center_axis',(0.,2.22044604925031E-16,1.));
#3113=DIRECTION('ref_axis',(-1.,0.,0.));
#3114=DIRECTION('',(0.,-2.22044604925031E-16,-1.));
#3115=DIRECTION('center_axis',(0.,2.22044604925031E-16,1.));
#3116=DIRECTION('ref_axis',(-1.,0.,0.));
#3117=DIRECTION('center_axis',(-1.,0.,0.));
#3118=DIRECTION('ref_axis',(0.,-1.,2.22044604925031E-16));
#3119=DIRECTION('',(0.,2.22044604925031E-16,1.));
#3120=DIRECTION('',(0.,-1.,2.22044604925031E-16));
#3121=DIRECTION('',(0.,2.22044604925031E-16,1.));
#3122=DIRECTION('',(0.,-1.,0.));
#3123=DIRECTION('center_axis',(1.08845394571094E-16,-1.,2.22044604925031E-16));
#3124=DIRECTION('ref_axis',(1.,1.08845394571094E-16,-2.41685326354477E-32));
#3125=DIRECTION('',(1.,0.,0.));
#3126=DIRECTION('',(0.,2.22044604925031E-16,1.));
#3127=DIRECTION('',(1.,1.08845394571094E-16,-2.41685326354477E-32));
#3128=DIRECTION('center_axis',(0.,0.,-1.));
#3129=DIRECTION('ref_axis',(-1.,0.,0.));
#3130=DIRECTION('center_axis',(0.,2.22044604925031E-16,1.));
#3131=DIRECTION('ref_axis',(-1.,0.,0.));
#3132=DIRECTION('center_axis',(0.,0.,-1.));
#3133=DIRECTION('ref_axis',(1.,0.,0.));
#3134=DIRECTION('center_axis',(0.,0.,-1.));
#3135=DIRECTION('ref_axis',(1.,0.,0.));
#3136=DIRECTION('center_axis',(0.,0.,-1.));
#3137=DIRECTION('ref_axis',(1.,0.,0.));
#3138=DIRECTION('center_axis',(0.,0.450353884543537,-0.892850143460002));
#3139=DIRECTION('ref_axis',(5.18569861793634E-15,0.892850143460002,0.450353884543537));
#3140=DIRECTION('center_axis',(0.,0.548053963737174,0.836442976437708));
#3141=DIRECTION('ref_axis',(6.90903672364387E-16,-0.836442976437708,0.548053963737174));
#3142=DIRECTION('center_axis',(0.,-0.450353884543539,0.892850143460001));
#3143=DIRECTION('ref_axis',(5.71575983454868E-15,-0.892850143460001,-0.450353884543539));
#3144=DIRECTION('center_axis',(0.,-0.548053963737173,-0.836442976437709));
#3145=DIRECTION('ref_axis',(2.54015895709247E-15,0.836442976437709,-0.548053963737173));
#3146=DIRECTION('center_axis',(-1.11022302462516E-16,-1.11022302462516E-16,
-1.));
#3147=DIRECTION('ref_axis',(0.707106781186548,0.707106781186548,-1.57009245868378E-16));
#3148=DIRECTION('',(0.707106781186548,0.707106781186548,-1.57009245868378E-16));
#3149=DIRECTION('center_axis',(0.707106781186548,-0.707106781186547,0.));
#3150=DIRECTION('ref_axis',(0.,0.,-1.));
#3151=DIRECTION('',(0.,0.,-1.));
#3152=DIRECTION('',(-0.707106781186547,-0.707106781186548,0.));
#3153=DIRECTION('',(0.,0.,-1.));
#3154=DIRECTION('',(0.,0.,-1.));
#3155=DIRECTION('',(0.,0.,-1.));
#3156=DIRECTION('',(0.,0.,-1.));
#3157=DIRECTION('',(0.,0.,-1.));
#3158=DIRECTION('',(0.,0.,-1.));
#3159=DIRECTION('',(0.,0.,-1.));
#3160=DIRECTION('',(0.,0.,-1.));
#3161=DIRECTION('',(0.,0.,-1.));
#3162=DIRECTION('',(0.,0.,-1.));
#3163=DIRECTION('',(0.,0.,-1.));
#3164=DIRECTION('',(0.,0.,-1.));
#3165=DIRECTION('',(0.,0.,-1.));
#3166=DIRECTION('',(0.,0.,-1.));
#3167=DIRECTION('',(0.,0.,-1.));
#3168=DIRECTION('',(0.,0.,-1.));
#3169=DIRECTION('',(0.,0.,-1.));
#3170=DIRECTION('',(0.,0.,-1.));
#3171=DIRECTION('',(0.,0.,-1.));
#3172=DIRECTION('',(0.,0.,-1.));
#3173=DIRECTION('',(0.,0.,-1.));
#3174=DIRECTION('',(0.,0.,-1.));
#3175=DIRECTION('',(0.,0.,-1.));
#3176=DIRECTION('',(0.,0.,-1.));
#3177=DIRECTION('',(0.,0.,-1.));
#3178=DIRECTION('',(0.,0.,-1.));
#3179=DIRECTION('',(0.,0.,1.));
#3180=DIRECTION('',(0.,0.,1.));
#3181=DIRECTION('',(0.,0.,1.));
#3182=DIRECTION('',(0.,0.,1.));
#3183=DIRECTION('',(0.,0.,1.));
#3184=DIRECTION('',(0.,0.,1.));
#3185=DIRECTION('',(0.,0.,1.));
#3186=DIRECTION('',(0.,0.,1.));
#3187=DIRECTION('',(0.,0.,1.));
#3188=DIRECTION('',(0.,0.,1.));
#3189=DIRECTION('',(0.,0.,1.));
#3190=DIRECTION('',(0.,0.,1.));
#3191=DIRECTION('',(0.,0.,1.));
#3192=DIRECTION('',(0.,0.,1.));
#3193=DIRECTION('',(0.,0.,1.));
#3194=DIRECTION('',(0.,0.,1.));
#3195=DIRECTION('',(0.,0.,1.));
#3196=DIRECTION('',(0.,0.,1.));
#3197=DIRECTION('',(0.,0.,1.));
#3198=DIRECTION('',(0.,0.,1.));
#3199=DIRECTION('',(0.,0.,1.));
#3200=DIRECTION('',(0.,0.,1.));
#3201=DIRECTION('',(0.,0.,1.));
#3202=DIRECTION('',(0.,0.,1.));
#3203=DIRECTION('',(0.,0.,1.));
#3204=DIRECTION('',(0.,0.,1.));
#3205=DIRECTION('',(-0.707106781186547,-0.707106781186548,0.));
#3206=DIRECTION('',(0.,0.,1.));
#3207=DIRECTION('center_axis',(0.,0.,1.));
#3208=DIRECTION('ref_axis',(1.,9.16523690503193E-14,0.));
#3209=DIRECTION('center_axis',(0.,0.,-1.));
#3210=DIRECTION('ref_axis',(1.,9.16523690503193E-14,0.));
#3211=DIRECTION('center_axis',(0.,0.,1.));
#3212=DIRECTION('ref_axis',(0.707106781186548,-0.707106781186547,0.));
#3213=DIRECTION('center_axis',(0.,0.,1.));
#3214=DIRECTION('ref_axis',(0.707106782780644,-0.707106779592451,0.));
#3215=DIRECTION('center_axis',(0.,0.,1.));
#3216=DIRECTION('ref_axis',(0.707106781186548,-0.707106781186547,0.));
#3217=DIRECTION('center_axis',(0.,0.,1.));
#3218=DIRECTION('ref_axis',(0.707106782346163,-0.707106780026932,0.));
#3219=DIRECTION('center_axis',(0.,0.,1.));
#3220=DIRECTION('ref_axis',(0.707106781186548,-0.707106781186547,0.));
#3221=DIRECTION('center_axis',(0.,0.,1.));
#3222=DIRECTION('ref_axis',(0.707106781186548,-0.707106781186547,0.));
#3223=DIRECTION('center_axis',(0.,0.,1.));
#3224=DIRECTION('ref_axis',(0.707106781186548,-0.707106781186547,0.));
#3225=DIRECTION('center_axis',(0.,0.,1.));
#3226=DIRECTION('ref_axis',(0.707106781186548,-0.707106781186547,0.));
#3227=DIRECTION('center_axis',(0.,0.,1.));
#3228=DIRECTION('ref_axis',(0.707106780093111,-0.707106782279984,0.));
#3229=DIRECTION('center_axis',(0.,0.,1.));
#3230=DIRECTION('ref_axis',(0.707106781186548,-0.707106781186547,0.));
#3231=DIRECTION('center_axis',(0.,0.,1.));
#3232=DIRECTION('ref_axis',(0.707106781186548,-0.707106781186547,0.));
#3233=DIRECTION('center_axis',(0.,0.,1.));
#3234=DIRECTION('ref_axis',(0.707106781186548,-0.707106781186547,0.));
#3235=DIRECTION('center_axis',(0.,0.,1.));
#3236=DIRECTION('ref_axis',(0.707106781186548,-0.707106781186548,0.));
#3237=DIRECTION('center_axis',(0.,0.,1.));
#3238=DIRECTION('ref_axis',(1.,0.,0.));
#3239=DIRECTION('center_axis',(0.,0.,1.));
#3240=DIRECTION('ref_axis',(1.,0.,0.));
#3241=DIRECTION('center_axis',(0.,0.,1.));
#3242=DIRECTION('ref_axis',(1.,0.,0.));
#3243=DIRECTION('center_axis',(0.,0.,1.));
#3244=DIRECTION('ref_axis',(1.,0.,0.));
#3245=DIRECTION('center_axis',(0.,0.,1.));
#3246=DIRECTION('ref_axis',(0.707106781195472,-0.707106781177623,0.));
#3247=DIRECTION('center_axis',(0.,0.,1.));
#3248=DIRECTION('ref_axis',(0.707106781186547,-0.707106781186548,0.));
#3249=DIRECTION('center_axis',(0.,0.,1.));
#3250=DIRECTION('ref_axis',(0.707106778952584,-0.707106783420511,0.));
#3251=DIRECTION('center_axis',(0.,0.,1.));
#3252=DIRECTION('ref_axis',(0.707106781186547,-0.707106781186548,0.));
#3253=DIRECTION('center_axis',(0.,0.,1.));
#3254=DIRECTION('ref_axis',(0.707106781186547,-0.707106781186548,0.));
#3255=DIRECTION('center_axis',(0.,0.,1.));
#3256=DIRECTION('ref_axis',(0.707106781186547,-0.707106781186548,0.));
#3257=DIRECTION('center_axis',(0.,0.,1.));
#3258=DIRECTION('ref_axis',(0.707106781186547,-0.707106781186548,0.));
#3259=DIRECTION('center_axis',(0.,0.,1.));
#3260=DIRECTION('ref_axis',(0.707106781186549,-0.707106781186546,0.));
#3261=DIRECTION('center_axis',(0.,0.,1.));
#3262=DIRECTION('ref_axis',(0.707106782992728,-0.707106779380367,0.));
#3263=DIRECTION('center_axis',(0.,0.,1.));
#3264=DIRECTION('ref_axis',(0.707106781186547,-0.707106781186548,0.));
#3265=DIRECTION('center_axis',(0.,0.,1.));
#3266=DIRECTION('ref_axis',(0.707106780344276,-0.707106782028819,0.));
#3267=DIRECTION('center_axis',(0.,0.,1.));
#3268=DIRECTION('ref_axis',(0.707106781186546,-0.707106781186549,0.));
#3269=DIRECTION('center_axis',(0.,0.,1.));
#3270=DIRECTION('ref_axis',(0.207414992941883,-0.978253045332811,0.));
#3271=DIRECTION('center_axis',(0.707106781186548,-0.707106781186547,1.57009245868377E-16));
#3272=DIRECTION('ref_axis',(2.22044604925031E-16,0.,-1.));
#3273=DIRECTION('',(0.,2.22044604925031E-16,1.));
#3274=DIRECTION('',(0.707106781186547,0.707106781186548,-1.57009245868377E-16));
#3275=DIRECTION('center_axis',(0.,0.,1.));
#3276=DIRECTION('ref_axis',(-0.107782821955952,-0.994174463206137,0.));
#3277=DIRECTION('center_axis',(1.,0.,0.));
#3278=DIRECTION('ref_axis',(0.,1.,0.));
#3279=DIRECTION('center_axis',(1.,0.,4.07889322034067E-32));
#3280=DIRECTION('ref_axis',(0.,1.,0.));
#3281=DIRECTION('',(-1.,0.,0.));
#3282=DIRECTION('center_axis',(1.,0.,4.07889322034067E-32));
#3283=DIRECTION('ref_axis',(0.,1.,0.));
#3284=DIRECTION('center_axis',(-1.,0.,-4.07889322034067E-32));
#3285=DIRECTION('ref_axis',(0.,1.,0.));
#3286=DIRECTION('center_axis',(1.,0.,0.));
#3287=DIRECTION('ref_axis',(0.,1.,0.));
#3288=DIRECTION('center_axis',(1.,0.,0.));
#3289=DIRECTION('ref_axis',(0.,1.,0.));
#3290=DIRECTION('',(1.,0.,0.));
#3291=DIRECTION('center_axis',(0.,-0.450353884543539,0.892850143460001));
#3292=DIRECTION('ref_axis',(1.83694540641873E-32,-0.892850143460001,-0.450353884543539));
#3293=DIRECTION('',(1.,0.,0.));
#3294=DIRECTION('',(1.83694540641873E-32,-0.892850143460001,-0.450353884543539));
#3295=DIRECTION('',(1.,0.,0.));
#3296=DIRECTION('center_axis',(0.,-0.998407848280711,0.0564071670222935));
#3297=DIRECTION('ref_axis',(4.07239900348711E-32,-0.0564071670222935,-0.998407848280711));
#3298=DIRECTION('',(4.07239900348711E-32,-0.0564071670222935,-0.998407848280711));
#3299=DIRECTION('',(1.,0.,0.));
#3300=DIRECTION('center_axis',(0.,-0.548053963737173,-0.836442976437709));
#3301=DIRECTION('ref_axis',(2.23545359706839E-32,0.836442976437709,-0.548053963737173));
#3302=DIRECTION('',(2.23545359706839E-32,0.836442976437709,-0.548053963737173));
#3303=DIRECTION('',(1.,0.,0.));
#3304=DIRECTION('center_axis',(0.,0.450353884543537,-0.892850143460002));
#3305=DIRECTION('ref_axis',(-1.83694540641872E-32,0.892850143460002,0.450353884543537));
#3306=DIRECTION('',(-1.83694540641872E-32,0.892850143460002,0.450353884543537));
#3307=DIRECTION('',(1.,0.,0.));
#3308=DIRECTION('center_axis',(0.,0.548053963737174,0.836442976437708));
#3309=DIRECTION('ref_axis',(-2.23545359706839E-32,-0.836442976437708,0.548053963737174));
#3310=DIRECTION('',(1.,0.,0.));
#3311=DIRECTION('',(-2.23545359706839E-32,-0.836442976437708,0.548053963737174));
#3312=DIRECTION('center_axis',(0.,0.998407848280711,-0.0564071670222935));
#3313=DIRECTION('ref_axis',(-4.07239900348711E-32,0.0564071670222936,0.998407848280711));
#3314=DIRECTION('',(-4.07239900348711E-32,0.0564071670222935,0.998407848280711));
#3315=DIRECTION('center_axis',(1.,0.,0.));
#3316=DIRECTION('ref_axis',(0.,0.,-1.));
#3317=DIRECTION('center_axis',(0.,2.22044604925031E-16,1.));
#3318=DIRECTION('ref_axis',(-1.,0.,0.));
#3319=DIRECTION('center_axis',(0.,2.22044604925031E-16,1.));
#3320=DIRECTION('ref_axis',(-1.,0.,0.));
#3321=DIRECTION('center_axis',(0.,2.22044604925031E-16,1.));
#3322=DIRECTION('ref_axis',(-1.,0.,0.));
#3323=DIRECTION('',(0.,1.,-2.22044604925031E-16));
#3324=DIRECTION('',(-1.,-1.63268091856641E-16,3.62527989531715E-32));
#3325=DIRECTION('center_axis',(0.,0.,1.));
#3326=DIRECTION('ref_axis',(1.,0.,0.));
#3327=DIRECTION('center_axis',(0.,0.,-1.));
#3328=DIRECTION('ref_axis',(-1.,0.,0.));
#3329=DIRECTION('',(-1.,-1.63268091856641E-16,3.62527989531715E-32));
#3330=DIRECTION('',(0.,1.,-2.22044604925031E-16));
#3331=DIRECTION('center_axis',(1.,0.,0.));
#3332=DIRECTION('ref_axis',(0.,1.,-2.22044604925031E-16));
#3333=DIRECTION('',(0.,2.22044604925031E-16,1.));
#3334=DIRECTION('center_axis',(-1.63268091856641E-16,1.,-2.22044604925031E-16));
#3335=DIRECTION('ref_axis',(-1.,-1.63268091856641E-16,3.62527989531715E-32));
#3336=DIRECTION('center_axis',(1.,0.,0.));
#3337=DIRECTION('ref_axis',(0.,1.,0.));
#3338=DIRECTION('center_axis',(-1.,0.,0.));
#3339=DIRECTION('ref_axis',(0.,1.,0.));
#3340=DIRECTION('',(-0.707106781186548,0.707106781186548,-8.65956056235493E-17));
#3341=DIRECTION('center_axis',(1.,0.,0.));
#3342=DIRECTION('ref_axis',(0.,1.,0.));
#3343=DIRECTION('center_axis',(-1.,0.,0.));
#3344=DIRECTION('ref_axis',(0.,1.,0.));
#3345=DIRECTION('center_axis',(-1.,0.,0.));
#3346=DIRECTION('ref_axis',(0.,1.,0.));
#3347=DIRECTION('',(1.,0.,0.));
#3348=DIRECTION('center_axis',(1.,0.,0.));
#3349=DIRECTION('ref_axis',(0.,1.,0.));
#3350=DIRECTION('center_axis',(-1.,0.,0.));
#3351=DIRECTION('ref_axis',(0.,0.,1.));
#3352=DIRECTION('center_axis',(1.,0.,0.));
#3353=DIRECTION('ref_axis',(0.,1.,0.));
#3354=DIRECTION('center_axis',(-0.707106781186547,0.0687157060087241,-0.703760010051525));
#3355=DIRECTION('ref_axis',(-0.705427441385618,0.,0.708782142086086));
#3356=DIRECTION('',(0.,-0.995266950870692,-0.09717868338558));
#3357=DIRECTION('',(-0.557687294808204,0.557687294808206,0.614792454751205));
#3358=DIRECTION('',(-0.705427441385618,8.03005191654683E-16,0.708782142086086));
#3359=DIRECTION('',(0.,0.995266950870692,0.09717868338558));
#3360=DIRECTION('',(0.673249441919446,0.369707718662715,-0.640352552674201));
#3361=DIRECTION('',(0.47619533189904,0.78201733377592,-0.402103090701333));
#3362=DIRECTION('center_axis',(0.,0.740668172458352,-0.671871013147021));
#3363=DIRECTION('ref_axis',(-1.,0.,0.));
#3364=DIRECTION('',(-1.,0.,0.));
#3365=DIRECTION('',(-0.557687294808206,0.557687294808206,0.614792454751204));
#3366=DIRECTION('',(1.,0.,0.));
#3367=DIRECTION('center_axis',(0.,-0.457278534400207,-0.889323530542625));
#3368=DIRECTION('ref_axis',(-1.,0.,0.));
#3369=DIRECTION('',(-1.,0.,0.));
#3370=DIRECTION('',(0.476195331899052,0.782017333775915,-0.40210309070133));
#3371=DIRECTION('',(1.,0.,0.));
#3372=DIRECTION('center_axis',(-0.707106781186548,-0.707106781186548,0.));
#3373=DIRECTION('ref_axis',(0.,0.,1.));
#3374=DIRECTION('',(0.705427441385617,-0.705427441385617,-0.068878515375137));
#3375=DIRECTION('',(-0.595189895870006,0.595189895870006,-0.539905524799019));
#3376=DIRECTION('',(0.,0.,1.));
#3377=DIRECTION('',(-0.707106781186547,0.707106781186547,0.));
#3378=DIRECTION('',(0.,-1.13293654562357E-15,-1.));
#3379=DIRECTION('center_axis',(0.,0.09717868338558,-0.995266950870692));
#3380=DIRECTION('ref_axis',(0.,0.995266950870692,0.09717868338558));
#3381=DIRECTION('',(-0.673249441919446,-0.735915747733599,-0.071855418674258));
#3382=DIRECTION('',(-1.,0.,0.));
#3383=DIRECTION('',(0.641269561336845,-0.763683935197204,-0.0745667273290429));
#3384=DIRECTION('',(0.,0.995266950870692,0.09717868338558));
#3385=DIRECTION('',(-0.703752127454631,-0.707083020848729,-0.0690401675151228));
#3386=DIRECTION('',(1.,0.,0.));
#3387=DIRECTION('center_axis',(-0.707106781186548,0.612372435695795,0.353553390593273));
#3388=DIRECTION('ref_axis',(0.447213595499957,0.,0.894427190999916));
#3389=DIRECTION('',(0.,-0.500000000000001,0.866025403784438));
#3390=DIRECTION('',(-0.707106781186548,-0.612372435695794,-0.353553390593274));
#3391=DIRECTION('',(0.,0.5,-0.866025403784439));
#3392=DIRECTION('',(0.643495681301893,0.350023736363359,0.680732467367354));
#3393=DIRECTION('center_axis',(0.709189706026722,0.626988832299601,-0.322389461734274));
#3394=DIRECTION('ref_axis',(-0.413835396115569,0.,-0.910351725939963));
#3395=DIRECTION('',(-0.658645911757891,0.426112753830458,-0.620172140576824));
#3396=DIRECTION('',(0.,0.457278534400211,0.889323530542623));
#3397=DIRECTION('',(-0.641269561336843,0.383657838999431,-0.664514869869095));
#3398=DIRECTION('',(0.658645911757893,-0.752318306250238,-0.0142382936262081));
#3399=DIRECTION('',(0.,0.457278534400211,0.889323530542623));
#3400=DIRECTION('center_axis',(0.,0.889323530542623,-0.457278534400211));
#3401=DIRECTION('ref_axis',(0.,0.457278534400211,0.889323530542623));
#3402=DIRECTION('',(1.,0.,0.));
#3403=DIRECTION('center_axis',(0.59882699917199,-0.538086987668243,-0.593185147120851));
#3404=DIRECTION('ref_axis',(-0.703752127454629,0.,-0.710445594752394));
#3405=DIRECTION('',(-0.705260530333188,-0.705260530333188,-0.0722161249881218));
#3406=DIRECTION('',(0.703752127454629,0.,0.710445594752394));
#3407=DIRECTION('',(0.,0.740668172458347,-0.671871013147027));
#3408=DIRECTION('',(0.705260530333187,0.00333803273902981,0.708940365539715));
#3409=DIRECTION('',(0.,0.740668172458347,-0.671871013147027));
#3410=DIRECTION('center_axis',(0.,-0.671871013147027,-0.740668172458347));
#3411=DIRECTION('ref_axis',(-1.,0.,0.));
#3412=DIRECTION('',(-1.,0.,0.));
#3413=DIRECTION('center_axis',(0.707106781186549,0.068715706008724,-0.703760010051524));
#3414=DIRECTION('ref_axis',(-0.705427441385616,0.,-0.708782142086088));
#3415=DIRECTION('',(0.,-0.995266950870692,-0.09717868338558));
#3416=DIRECTION('center_axis',(0.707106781186547,0.612372435695795,0.353553390593274));
#3417=DIRECTION('ref_axis',(0.447213595499958,0.,-0.894427190999916));
#3418=DIRECTION('',(0.70710678118655,-0.612372435695792,-0.353553390593273));
#3419=DIRECTION('',(0.,0.5,-0.866025403784439));
#3420=DIRECTION('',(0.,-0.5,0.866025403784439));
#3421=DIRECTION('center_axis',(-1.,0.,0.));
#3422=DIRECTION('ref_axis',(0.,-1.,0.));
#3423=DIRECTION('',(0.707106781186547,0.707106781186547,0.));
#3424=DIRECTION('center_axis',(-1.,0.,0.));
#3425=DIRECTION('ref_axis',(0.,-1.,0.));
#3426=DIRECTION('center_axis',(1.,0.,0.));
#3427=DIRECTION('ref_axis',(0.,-1.,0.));
#3428=DIRECTION('center_axis',(0.707106781186548,-0.707106781186548,0.));
#3429=DIRECTION('ref_axis',(0.,0.,-1.));
#3430=DIRECTION('',(0.,0.,-1.));
#3431=DIRECTION('',(0.,0.,1.));
#3432=DIRECTION('center_axis',(1.,0.,0.));
#3433=DIRECTION('ref_axis',(0.,0.,-1.));
#3434=DIRECTION('center_axis',(1.,0.,0.));
#3435=DIRECTION('ref_axis',(0.,-1.,0.));
#3436=DIRECTION('center_axis',(1.,0.,0.));
#3437=DIRECTION('ref_axis',(0.,1.,0.));
#3438=DIRECTION('center_axis',(-1.,0.,0.));
#3439=DIRECTION('ref_axis',(0.,-1.,0.));
#3440=DIRECTION('center_axis',(0.,0.866025403784439,0.5));
#3441=DIRECTION('ref_axis',(0.,-0.5,0.866025403784439));
#3442=DIRECTION('',(-1.,0.,0.));
#3443=DIRECTION('center_axis',(1.,0.,0.));
#3444=DIRECTION('ref_axis',(0.,1.,0.));
#3445=DIRECTION('',(1.,0.,0.));
#3446=DIRECTION('center_axis',(0.,-1.,0.));
#3447=DIRECTION('ref_axis',(0.,0.,-1.));
#3448=DIRECTION('center_axis',(0.,-0.866025403784438,-0.500000000000001));
#3449=DIRECTION('ref_axis',(0.,-0.500000000000001,0.866025403784438));
#3450=DIRECTION('',(0.,0.500000000000001,-0.866025403784438));
#3451=DIRECTION('',(-1.,0.,0.));
#3452=DIRECTION('center_axis',(0.,1.,-1.13293654562357E-15));
#3453=DIRECTION('ref_axis',(0.,-1.13293654562357E-15,-1.));
#3454=DIRECTION('',(-1.,0.,0.));
#3455=DIRECTION('',(0.,1.13293654562357E-15,1.));
#3456=DIRECTION('center_axis',(-1.,0.,0.));
#3457=DIRECTION('ref_axis',(0.,1.,0.));
#3458=DIRECTION('center_axis',(-1.,0.,0.));
#3459=DIRECTION('ref_axis',(0.,1.,0.));
#3460=DIRECTION('center_axis',(1.,0.,0.));
#3461=DIRECTION('ref_axis',(0.,0.,-1.));
#3462=DIRECTION('center_axis',(1.,0.,0.));
#3463=DIRECTION('ref_axis',(0.,1.,0.));
#3464=DIRECTION('',(-1.,0.,0.));
#3465=CARTESIAN_POINT('',(0.,0.,0.));
#3466=CARTESIAN_POINT('Ctrl Pts',(11.877249999752,5.10447718803475E-16,
105.322675613577));
#3467=CARTESIAN_POINT('Ctrl Pts',(11.877249999752,11.877249999752,105.322675613577));
#3468=CARTESIAN_POINT('Ctrl Pts',(-1.08575115737831E-15,11.877249999752,
105.322675613577));
#3469=CARTESIAN_POINT('Ctrl Pts',(-11.877249999752,11.877249999752,105.322675613577));
#3470=CARTESIAN_POINT('Ctrl Pts',(-11.877249999752,-1.66105459595314E-15,
105.322675613577));
#3471=CARTESIAN_POINT('Ctrl Pts',(-11.877249999752,-11.877249999752,105.322675613577));
#3472=CARTESIAN_POINT('Ctrl Pts',(1.08575115737831E-15,-11.877249999752,
105.322675613577));
#3473=CARTESIAN_POINT('Ctrl Pts',(11.877249999752,-11.877249999752,105.322675613577));
#3474=CARTESIAN_POINT('Ctrl Pts',(11.877249999752,5.10447718803475E-16,
105.322675613577));
#3475=CARTESIAN_POINT('Ctrl Pts',(11.7564997726604,4.80454501827826E-16,
105.426599039018));
#3476=CARTESIAN_POINT('Ctrl Pts',(11.7564997726604,11.7564997726604,105.426599039018));
#3477=CARTESIAN_POINT('Ctrl Pts',(-1.04939446586796E-15,11.7564997726604,
105.426599039018));
#3478=CARTESIAN_POINT('Ctrl Pts',(-11.7564997726604,11.7564997726604,105.426599039018));
#3479=CARTESIAN_POINT('Ctrl Pts',(-11.7564997726604,-1.61833442990809E-15,
105.426599039018));
#3480=CARTESIAN_POINT('Ctrl Pts',(-11.7564997726604,-11.7564997726604,105.426599039018));
#3481=CARTESIAN_POINT('Ctrl Pts',(1.04939446586796E-15,-11.7564997726604,
105.426599039018));
#3482=CARTESIAN_POINT('Ctrl Pts',(11.7564997726604,-11.7564997726604,105.426599039018));
#3483=CARTESIAN_POINT('Ctrl Pts',(11.7564997726604,4.80454501827826E-16,
105.426599039018));
#3484=CARTESIAN_POINT('Ctrl Pts',(11.5126414873811,4.2220900256347E-16,
105.630012924159));
#3485=CARTESIAN_POINT('Ctrl Pts',(11.5126414873811,11.5126414873811,105.630012924159));
#3486=CARTESIAN_POINT('Ctrl Pts',(-9.78693458400206E-16,11.5126414873811,
105.630012924159));
#3487=CARTESIAN_POINT('Ctrl Pts',(-11.5126414873811,11.5126414873811,105.630012924159));
#3488=CARTESIAN_POINT('Ctrl Pts',(-11.5126414873811,-1.53517791423694E-15,
105.630012924159));
#3489=CARTESIAN_POINT('Ctrl Pts',(-11.5126414873811,-11.5126414873811,105.630012924159));
#3490=CARTESIAN_POINT('Ctrl Pts',(9.78693458400206E-16,-11.5126414873811,
105.630012924159));
#3491=CARTESIAN_POINT('Ctrl Pts',(11.5126414873811,-11.5126414873811,105.630012924159));
#3492=CARTESIAN_POINT('Ctrl Pts',(11.5126414873811,4.2220900256347E-16,
105.630012924159));
#3493=CARTESIAN_POINT('Ctrl Pts',(11.1397806896251,3.40063466576215E-16,
105.921835086752));
#3494=CARTESIAN_POINT('Ctrl Pts',(11.1397806896251,11.1397806896251,105.921835086752));
#3495=CARTESIAN_POINT('Ctrl Pts',(-8.78678968493825E-16,11.1397806896251,
105.921835086752));
#3496=CARTESIAN_POINT('Ctrl Pts',(-11.1397806896251,11.1397806896251,105.921835086752));
#3497=CARTESIAN_POINT('Ctrl Pts',(-11.1397806896251,-1.41729447041143E-15,
105.921835086752));
#3498=CARTESIAN_POINT('Ctrl Pts',(-11.1397806896251,-11.1397806896251,105.921835086752));
#3499=CARTESIAN_POINT('Ctrl Pts',(8.78678968493825E-16,-11.1397806896251,
105.921835086752));
#3500=CARTESIAN_POINT('Ctrl Pts',(11.1397806896251,-11.1397806896251,105.921835086752));
#3501=CARTESIAN_POINT('Ctrl Pts',(11.1397806896251,3.40063466576215E-16,
105.921835086752));
#3502=CARTESIAN_POINT('Ctrl Pts',(10.6282524132627,2.41154144978698E-16,
106.283894393247));
#3503=CARTESIAN_POINT('Ctrl Pts',(10.6282524132627,10.6282524132627,106.283894393247));
#3504=CARTESIAN_POINT('Ctrl Pts',(-7.57599908291543E-16,10.6282524132627,
106.283894393247));
#3505=CARTESIAN_POINT('Ctrl Pts',(-10.6282524132627,10.6282524132627,106.283894393247));
#3506=CARTESIAN_POINT('Ctrl Pts',(-10.6282524132627,-1.27404567160439E-15,
106.283894393247));
#3507=CARTESIAN_POINT('Ctrl Pts',(-10.6282524132627,-10.6282524132627,106.283894393247));
#3508=CARTESIAN_POINT('Ctrl Pts',(7.57599908291543E-16,-10.6282524132627,
106.283894393247));
#3509=CARTESIAN_POINT('Ctrl Pts',(10.6282524132627,-10.6282524132627,106.283894393247));
#3510=CARTESIAN_POINT('Ctrl Pts',(10.6282524132627,2.41154144978698E-16,
106.283894393247));
#3511=CARTESIAN_POINT('Ctrl Pts',(9.96326347030663,1.36403776951767E-16,
106.688378123885));
#3512=CARTESIAN_POINT('Ctrl Pts',(9.96326347030663,9.96326347030663,106.688378123885));
#3513=CARTESIAN_POINT('Ctrl Pts',(-6.28082054890695E-16,9.96326347030663,
106.688378123885));
#3514=CARTESIAN_POINT('Ctrl Pts',(-9.96326347030663,9.96326347030663,106.688378123885));
#3515=CARTESIAN_POINT('Ctrl Pts',(-9.96326347030663,-1.11976033282962E-15,
106.688378123885));
#3516=CARTESIAN_POINT('Ctrl Pts',(-9.96326347030663,-9.96326347030663,106.688378123885));
#3517=CARTESIAN_POINT('Ctrl Pts',(6.28082054890695E-16,-9.96326347030663,
106.688378123885));
#3518=CARTESIAN_POINT('Ctrl Pts',(9.96326347030663,-9.96326347030663,106.688378123885));
#3519=CARTESIAN_POINT('Ctrl Pts',(9.96326347030663,1.36403776951767E-16,
106.688378123885));
#3520=CARTESIAN_POINT('Ctrl Pts',(9.27047141753719,5.21821899531248E-17,
107.040589139384));
#3521=CARTESIAN_POINT('Ctrl Pts',(9.27047141753719,9.27047141753719,107.040589139384));
#3522=CARTESIAN_POINT('Ctrl Pts',(-5.2229376319134E-16,9.27047141753719,
107.040589139384));
#3523=CARTESIAN_POINT('Ctrl Pts',(-9.27047141753719,9.27047141753719,107.040589139384));
#3524=CARTESIAN_POINT('Ctrl Pts',(-9.27047141753719,-9.92405336429555E-16,
107.040589139384));
#3525=CARTESIAN_POINT('Ctrl Pts',(-9.27047141753719,-9.27047141753719,107.040589139384));
#3526=CARTESIAN_POINT('Ctrl Pts',(5.2229376319134E-16,-9.27047141753719,
107.040589139384));
#3527=CARTESIAN_POINT('Ctrl Pts',(9.27047141753719,-9.27047141753719,107.040589139384));
#3528=CARTESIAN_POINT('Ctrl Pts',(9.27047141753719,5.21821899531248E-17,
107.040589139384));
#3529=CARTESIAN_POINT('Ctrl Pts',(8.54770269191778,-9.90573800545209E-18,
107.336440916978));
#3530=CARTESIAN_POINT('Ctrl Pts',(8.54770269191778,8.54770269191778,107.336440916978));
#3531=CARTESIAN_POINT('Ctrl Pts',(-4.42090138557225E-16,8.54770269191778,
107.336440916978));
#3532=CARTESIAN_POINT('Ctrl Pts',(-8.54770269191778,8.54770269191778,107.336440916978));
#3533=CARTESIAN_POINT('Ctrl Pts',(-8.54770269191778,-8.94086015119903E-16,
107.336440916978));
#3534=CARTESIAN_POINT('Ctrl Pts',(-8.54770269191778,-8.54770269191778,107.336440916978));
#3535=CARTESIAN_POINT('Ctrl Pts',(4.42090138557225E-16,-8.54770269191778,
107.336440916978));
#3536=CARTESIAN_POINT('Ctrl Pts',(8.54770269191778,-8.54770269191778,107.336440916978));
#3537=CARTESIAN_POINT('Ctrl Pts',(8.54770269191778,-9.90573800545209E-18,
107.336440916978));
#3538=CARTESIAN_POINT('Ctrl Pts',(7.7939472782625,-4.91142493199008E-17,
107.574034523911));
#3539=CARTESIAN_POINT('Ctrl Pts',(7.7939472782625,7.7939472782625,107.574034523911));
#3540=CARTESIAN_POINT('Ctrl Pts',(-3.88333214688919E-16,7.7939472782625,
107.574034523911));
#3541=CARTESIAN_POINT('Ctrl Pts',(-7.7939472782625,7.7939472782625,107.574034523911));
#3542=CARTESIAN_POINT('Ctrl Pts',(-7.7939472782625,-8.25780678697739E-16,
107.574034523911));
#3543=CARTESIAN_POINT('Ctrl Pts',(-7.7939472782625,-7.7939472782625,107.574034523911));
#3544=CARTESIAN_POINT('Ctrl Pts',(3.88333214688919E-16,-7.7939472782625,
107.574034523911));
#3545=CARTESIAN_POINT('Ctrl Pts',(7.7939472782625,-7.7939472782625,107.574034523911));
#3546=CARTESIAN_POINT('Ctrl Pts',(7.7939472782625,-4.91142493199008E-17,
107.574034523911));
#3547=CARTESIAN_POINT('Ctrl Pts',(7.0106339093952,-6.64982671086621E-17,
107.756056125301));
#3548=CARTESIAN_POINT('Ctrl Pts',(7.0106339093952,7.0106339093952,107.756056125301));
#3549=CARTESIAN_POINT('Ctrl Pts',(-3.59803588291717E-16,7.0106339093952,
107.756056125301));
#3550=CARTESIAN_POINT('Ctrl Pts',(-7.0106339093952,7.0106339093952,107.756056125301));
#3551=CARTESIAN_POINT('Ctrl Pts',(-7.0106339093952,-7.86105443692097E-16,
107.756056125301));
#3552=CARTESIAN_POINT('Ctrl Pts',(-7.0106339093952,-7.0106339093952,107.756056125301));
#3553=CARTESIAN_POINT('Ctrl Pts',(3.59803588291717E-16,-7.0106339093952,
107.756056125301));
#3554=CARTESIAN_POINT('Ctrl Pts',(7.0106339093952,-7.0106339093952,107.756056125301));
#3555=CARTESIAN_POINT('Ctrl Pts',(7.0106339093952,-6.64982671086621E-17,
107.756056125301));
#3556=CARTESIAN_POINT('Ctrl Pts',(6.20007820863193,-6.37675614057774E-17,
107.886859331898));
#3557=CARTESIAN_POINT('Ctrl Pts',(6.20007820863193,6.20007820863193,107.886859331898));
#3558=CARTESIAN_POINT('Ctrl Pts',(-3.54524907557359E-16,6.20007820863193,
107.886859331898));
#3559=CARTESIAN_POINT('Ctrl Pts',(-6.20007820863193,6.20007820863193,107.886859331898));
#3560=CARTESIAN_POINT('Ctrl Pts',(-6.20007820863193,-7.72817376520495E-16,
107.886859331898));
#3561=CARTESIAN_POINT('Ctrl Pts',(-6.20007820863193,-6.20007820863193,107.886859331898));
#3562=CARTESIAN_POINT('Ctrl Pts',(3.54524907557359E-16,-6.20007820863193,
107.886859331898));
#3563=CARTESIAN_POINT('Ctrl Pts',(6.20007820863193,-6.20007820863193,107.886859331898));
#3564=CARTESIAN_POINT('Ctrl Pts',(6.20007820863193,-6.37675614057774E-17,
107.886859331898));
#3565=CARTESIAN_POINT('Ctrl Pts',(5.53167039938214,-4.68428773892073E-17,
107.953968929944));
#3566=CARTESIAN_POINT('Ctrl Pts',(5.53167039938213,5.53167039938213,107.953968929944));
#3567=CARTESIAN_POINT('Ctrl Pts',(-3.67340313839965E-16,5.53167039938214,
107.953968929944));
#3568=CARTESIAN_POINT('Ctrl Pts',(-5.53167039938213,5.53167039938213,107.953968929944));
#3569=CARTESIAN_POINT('Ctrl Pts',(-5.53167039938214,-7.81523505069138E-16,
107.953968929944));
#3570=CARTESIAN_POINT('Ctrl Pts',(-5.53167039938213,-5.53167039938213,107.953968929944));
#3571=CARTESIAN_POINT('Ctrl Pts',(3.67340313839966E-16,-5.53167039938214,
107.953968929944));
#3572=CARTESIAN_POINT('Ctrl Pts',(5.53167039938213,-5.53167039938213,107.953968929944));
#3573=CARTESIAN_POINT('Ctrl Pts',(5.53167039938214,-4.68428773892073E-17,
107.953968929944));
#3574=CARTESIAN_POINT('Ctrl Pts',(5.01985528338139,-2.63897188017482E-17,
107.9845426371));
#3575=CARTESIAN_POINT('Ctrl Pts',(5.01985528338139,5.01985528338139,107.9845426371));
#3576=CARTESIAN_POINT('Ctrl Pts',(-3.85921372791626E-16,5.01985528338139,
107.9845426371));
#3577=CARTESIAN_POINT('Ctrl Pts',(-5.01985528338139,5.01985528338139,107.9845426371));
#3578=CARTESIAN_POINT('Ctrl Pts',(-5.01985528338139,-7.98232464385001E-16,
107.9845426371));
#3579=CARTESIAN_POINT('Ctrl Pts',(-5.01985528338139,-5.01985528338139,107.9845426371));
#3580=CARTESIAN_POINT('Ctrl Pts',(3.85921372791626E-16,-5.01985528338139,
107.9845426371));
#3581=CARTESIAN_POINT('Ctrl Pts',(5.01985528338139,-5.01985528338139,107.9845426371));
#3582=CARTESIAN_POINT('Ctrl Pts',(5.01985528338139,-2.63897188017482E-17,
107.9845426371));
#3583=CARTESIAN_POINT('Ctrl Pts',(4.67405085252075,-9.36198017225241E-18,
107.996287249864));
#3584=CARTESIAN_POINT('Ctrl Pts',(4.67405085252075,4.67405085252075,107.996287249864));
#3585=CARTESIAN_POINT('Ctrl Pts',(-4.02229961297609E-16,4.67405085252075,
107.996287249864));
#3586=CARTESIAN_POINT('Ctrl Pts',(-4.67405085252075,4.67405085252075,107.996287249864));
#3587=CARTESIAN_POINT('Ctrl Pts',(-4.67405085252075,-8.13821902767471E-16,
107.996287249864));
#3588=CARTESIAN_POINT('Ctrl Pts',(-4.67405085252075,-4.67405085252075,107.996287249864));
#3589=CARTESIAN_POINT('Ctrl Pts',(4.02229961297609E-16,-4.67405085252075,
107.996287249864));
#3590=CARTESIAN_POINT('Ctrl Pts',(4.67405085252075,-4.67405085252075,107.996287249864));
#3591=CARTESIAN_POINT('Ctrl Pts',(4.67405085252075,-9.36198017225241E-18,
107.996287249864));
#3592=CARTESIAN_POINT('Ctrl Pts',(4.5,0.,108.));
#3593=CARTESIAN_POINT('Ctrl Pts',(4.5,4.5,108.));
#3594=CARTESIAN_POINT('Ctrl Pts',(-4.11364601090691E-16,4.5,108.));
#3595=CARTESIAN_POINT('Ctrl Pts',(-4.5,4.5,108.));
#3596=CARTESIAN_POINT('Ctrl Pts',(-4.5,-8.22729202181382E-16,108.));
#3597=CARTESIAN_POINT('Ctrl Pts',(-4.5,-4.5,108.));
#3598=CARTESIAN_POINT('Ctrl Pts',(4.11364601090691E-16,-4.5,108.));
#3599=CARTESIAN_POINT('Ctrl Pts',(4.5,-4.5,108.));
#3600=CARTESIAN_POINT('Ctrl Pts',(4.5,0.,108.));
#3601=CARTESIAN_POINT('',(11.78225,4.87136906970547E-16,105.403641973019));
#3602=CARTESIAN_POINT('',(11.7778048033754,4.86060094569863E-16,105.407391804801));
#3603=CARTESIAN_POINT('Ctrl Pts',(11.78225,4.87136906970544E-16,105.403641973019));
#3604=CARTESIAN_POINT('Ctrl Pts',(11.7813610869792,4.86921451232113E-16,
105.40439217684));
#3605=CARTESIAN_POINT('Ctrl Pts',(11.7804721108076,4.86706042121949E-16,
105.405142261931));
#3606=CARTESIAN_POINT('Ctrl Pts',(11.7795830714839,4.86490679640921E-16,
105.40589222829));
#3607=CARTESIAN_POINT('Ctrl Pts',(11.7786939690069,4.86275363789921E-16,
105.406642075914));
#3608=CARTESIAN_POINT('Ctrl Pts',(11.7778048033754,4.86060094569862E-16,
105.407391804801));
#3609=CARTESIAN_POINT('',(9.40644487071765,7.09259330855037,105.403641973018));
#3610=CARTESIAN_POINT('Ctrl Pts',(9.40773193436896,7.09337683431203,105.403641973019));
#3611=CARTESIAN_POINT('Ctrl Pts',(9.88970689115341,6.45414797358466,105.403641973019));
#3612=CARTESIAN_POINT('Ctrl Pts',(10.306417299169,5.76594585837394,105.40364197305));
#3613=CARTESIAN_POINT('Ctrl Pts',(11.0219036062883,4.25366121582235,105.40364197305));
#3614=CARTESIAN_POINT('Ctrl Pts',(11.3054288624747,3.42976254025778,105.403641973019));
#3615=CARTESIAN_POINT('Ctrl Pts',(11.6861845901231,1.73467073904068,105.403641973019));
#3616=CARTESIAN_POINT('Ctrl Pts',(11.78225,0.868664367841121,105.403641973019));
#3617=CARTESIAN_POINT('Ctrl Pts',(11.78225,-1.2490009027033E-14,105.403641973019));
#3618=CARTESIAN_POINT('',(-3.25411831446506,10.8881148093202,105.742115642379));
#3619=CARTESIAN_POINT('Ctrl Pts',(-3.25411831446506,10.8881148093202,105.742115642379));
#3620=CARTESIAN_POINT('Ctrl Pts',(-3.07055331430628,10.9493748790657,105.737460823852));
#3621=CARTESIAN_POINT('Ctrl Pts',(-2.88531618893988,11.0059275873099,105.732803020254));
#3622=CARTESIAN_POINT('Ctrl Pts',(-2.69856959665525,11.0576531913413,105.728140652253));
#3623=CARTESIAN_POINT('Ctrl Pts',(-2.5182031965906,11.1076115915251,105.723637573927));
#3624=CARTESIAN_POINT('Ctrl Pts',(-2.33642859411379,11.1530669787664,105.719130237755));
#3625=CARTESIAN_POINT('Ctrl Pts',(-2.15340723929943,11.1940051658996,105.714617220812));
#3626=CARTESIAN_POINT('Ctrl Pts',(-1.88890332693137,11.2531693583676,105.708094972961));
#3627=CARTESIAN_POINT('Ctrl Pts',(-1.62271871383856,11.3026948224973,105.701583685085));
#3628=CARTESIAN_POINT('Ctrl Pts',(-1.3553832954644,11.3426946790528,105.695079271607));
#3629=CARTESIAN_POINT('Ctrl Pts',(-1.08458627270357,11.3832124755049,105.688490635446));
#3630=CARTESIAN_POINT('Ctrl Pts',(-0.812607903065986,11.4139565039513,105.681909052862));
#3631=CARTESIAN_POINT('Ctrl Pts',(-0.539977656440916,11.434995375253,105.675330277505));
#3632=CARTESIAN_POINT('Ctrl Pts',(-0.264847081731143,11.4562271968287,105.668691167328));
#3633=CARTESIAN_POINT('Ctrl Pts',(0.0109479806571203,11.4675751366142,105.662054916105));
#3634=CARTESIAN_POINT('Ctrl Pts',(0.286876177494727,11.4690584789611,105.655417159577));
#3635=CARTESIAN_POINT('Ctrl Pts',(0.562465573382805,11.4705399999726,105.64878755328));
#3636=CARTESIAN_POINT('Ctrl Pts',(0.838188403090465,11.4621811621338,105.642156445372));
#3637=CARTESIAN_POINT('Ctrl Pts',(1.11351875211325,11.4439494241543,105.635519487652));
#3638=CARTESIAN_POINT('Ctrl Pts',(1.3860022039978,11.4259062011092,105.628951155624));
#3639=CARTESIAN_POINT('Ctrl Pts',(1.65810184830467,11.3981931531537,105.62237709413));
#3640=CARTESIAN_POINT('Ctrl Pts',(1.92930222521066,11.3607282162753,105.615793088458));
#3641=CARTESIAN_POINT('Ctrl Pts',(2.02412271237967,11.3476292537772,105.613491105575));
#3642=CARTESIAN_POINT('Ctrl Pts',(2.11883317732968,11.3333377388211,105.611187907086));
#3643=CARTESIAN_POINT('Ctrl Pts',(2.21341121521178,11.3178486963665,105.608883312855));
#3644=CARTESIAN_POINT('Ctrl Pts',(2.23464953546799,11.3143704972889,105.608365796194));
#3645=CARTESIAN_POINT('Ctrl Pts',(2.25588117688829,11.3108319078997,105.607848209151));
#3646=CARTESIAN_POINT('Ctrl Pts',(2.27710587597317,11.3072329638202,105.607330549685));
#3647=CARTESIAN_POINT('Ctrl Pts',(2.54963786900717,11.2610213591752,105.60068363491));
#3648=CARTESIAN_POINT('Ctrl Pts',(2.82009929568346,11.2050201627483,105.594047333753));
#3649=CARTESIAN_POINT('Ctrl Pts',(3.087956655928,11.1394786874917,105.587417413693));
#3650=CARTESIAN_POINT('Ctrl Pts',(3.35766443262781,11.0734844375784,105.580741692714));
#3651=CARTESIAN_POINT('Ctrl Pts',(3.62473266922514,10.9978175413001,105.574072441301));
#3652=CARTESIAN_POINT('Ctrl Pts',(3.88861783550944,10.9126791589614,105.567405338608));
#3653=CARTESIAN_POINT('Ctrl Pts',(4.15245966571112,10.8275547583255,105.560739330807));
#3654=CARTESIAN_POINT('Ctrl Pts',(4.41312010815857,10.7329618289322,105.554075471021));
#3655=CARTESIAN_POINT('Ctrl Pts',(4.67004747445293,10.6290502736777,105.54740944053));
#3656=CARTESIAN_POINT('Ctrl Pts',(4.91284598818054,10.5308529833741,105.541109985866));
#3657=CARTESIAN_POINT('Ctrl Pts',(5.15231109857306,10.4243332724588,105.534808592674));
#3658=CARTESIAN_POINT('Ctrl Pts',(5.38796255622829,10.3095774487453,105.528501616251));
#3659=CARTESIAN_POINT('Ctrl Pts',(5.63838474933975,10.1876286802861,105.521799315814));
#3660=CARTESIAN_POINT('Ctrl Pts',(5.88450087484872,10.0563789918623,105.515090710291));
#3661=CARTESIAN_POINT('Ctrl Pts',(6.12592764387848,9.91616991476858,105.508371425769));
#3662=CARTESIAN_POINT('Ctrl Pts',(6.15353775559235,9.90013528738482,105.507602993183));
#3663=CARTESIAN_POINT('Ctrl Pts',(6.18108650380099,9.88398343707226,105.50683442093));
#3664=CARTESIAN_POINT('Ctrl Pts',(6.20857328903775,9.86771484006568,105.506065702467));
#3665=CARTESIAN_POINT('Ctrl Pts',(6.44615506238334,9.72709737267638,105.49942129156));
#3666=CARTESIAN_POINT('Ctrl Pts',(6.67833972209618,9.57821713855096,105.492787462109));
#3667=CARTESIAN_POINT('Ctrl Pts',(6.90481911065358,9.42152399709723,105.486160072952));
#3668=CARTESIAN_POINT('Ctrl Pts',(7.13991608887712,9.25886864775716,105.479280510206));
#3669=CARTESIAN_POINT('Ctrl Pts',(7.36886596690689,9.08779440995448,105.472407887189));
#3670=CARTESIAN_POINT('Ctrl Pts',(7.59130329097778,8.90875029323409,105.465537571808));
#3671=CARTESIAN_POINT('Ctrl Pts',(7.8103422055776,8.73244162221528,105.458772221478));
#3672=CARTESIAN_POINT('Ctrl Pts',(8.02306645738101,8.54840419616521,105.45200910881));
#3673=CARTESIAN_POINT('Ctrl Pts',(8.22909994778876,8.35702081275261,105.445243810792));
#3674=CARTESIAN_POINT('Ctrl Pts',(8.43992838182401,8.16118343240539,105.438321066416));
#3675=CARTESIAN_POINT('Ctrl Pts',(8.64375166900731,7.95765391429632,105.431396033789));
#3676=CARTESIAN_POINT('Ctrl Pts',(8.84012981116554,7.74679977256022,105.424463973847));
#3677=CARTESIAN_POINT('Ctrl Pts',(9.03650795332378,7.53594563082413,105.417531913906));
#3678=CARTESIAN_POINT('Ctrl Pts',(9.22544150515911,7.31776640941382,105.41059282665));
#3679=CARTESIAN_POINT('Ctrl Pts',(9.40644487071764,7.09259330855037,105.403641973018));
#3680=CARTESIAN_POINT('',(-10.3664657438547,3.78228324978592,105.992511159028));
#3681=CARTESIAN_POINT('Ctrl Pts',(-3.25470018861802,10.887435435113,105.742115636365));
#3682=CARTESIAN_POINT('Ctrl Pts',(-3.78228594948697,10.359849674244,106.01618899188));
#3683=CARTESIAN_POINT('Ctrl Pts',(-4.32532735816476,9.81680826556622,106.223431680809));
#3684=CARTESIAN_POINT('Ctrl Pts',(-5.17662041798192,8.96551520574906,106.448946058098));
#3685=CARTESIAN_POINT('Ctrl Pts',(-5.47488777475892,8.66724784897205,106.509989322473));
#3686=CARTESIAN_POINT('Ctrl Pts',(-6.01339332593993,8.12874229779105,106.590752106034));
#3687=CARTESIAN_POINT('Ctrl Pts',(-6.25398483988682,7.88815078383169,106.616382259422));
#3688=CARTESIAN_POINT('Ctrl Pts',(-6.62064323572339,7.52149238799512,106.640319202363));
#3689=CARTESIAN_POINT('Ctrl Pts',(-6.74701219027688,7.39512343345409,106.6458354759));
#3690=CARTESIAN_POINT('Ctrl Pts',(-6.97500510808857,7.1671305156424,106.650915580076));
#3691=CARTESIAN_POINT('Ctrl Pts',(-7.07673962199271,7.06539600173826,106.651432907243));
#3692=CARTESIAN_POINT('Ctrl Pts',(-7.29279705534434,6.84933856838664,106.648820394276));
#3693=CARTESIAN_POINT('Ctrl Pts',(-7.40721900156571,6.73491662216501,106.645225802875));
#3694=CARTESIAN_POINT('Ctrl Pts',(-7.70989854140451,6.43223708232621,106.629821275186));
#3695=CARTESIAN_POINT('Ctrl Pts',(-7.89835688870009,6.24377873503089,106.614177100891));
#3696=CARTESIAN_POINT('Ctrl Pts',(-8.6515736785782,5.49056194515278,106.526648768143));
#3697=CARTESIAN_POINT('Ctrl Pts',(-9.21639739366147,4.92573823006951,106.4043718834));
#3698=CARTESIAN_POINT('Ctrl Pts',(-9.96783600637455,4.17429961735643,106.150914878963));
#3699=CARTESIAN_POINT('Ctrl Pts',(-10.1642700895184,3.9778655342126,106.075910019531));
#3700=CARTESIAN_POINT('Ctrl Pts',(-10.3586720454494,3.78346357828161,105.992511159149));
#3701=CARTESIAN_POINT('',(5.2225149408483,-8.6037509410208,106.614084431921));
#3702=CARTESIAN_POINT('Ctrl Pts',(5.22251494092116,-8.60375094097238,106.614084431923));
#3703=CARTESIAN_POINT('Ctrl Pts',(5.01720751756098,-8.74026136122568,106.608265259605));
#3704=CARTESIAN_POINT('Ctrl Pts',(4.80719255631669,-8.86885846622222,106.602453600138));
#3705=CARTESIAN_POINT('Ctrl Pts',(4.59299181629372,-8.98946769963367,106.596645656597));
#3706=CARTESIAN_POINT('Ctrl Pts',(4.37587328977341,-9.11171984050038,106.590758598767));
#3707=CARTESIAN_POINT('Ctrl Pts',(4.15445370303738,-9.22576533400095,106.584875358788));
#3708=CARTESIAN_POINT('Ctrl Pts',(3.92923818495743,-9.33148923451712,106.578991982444));
#3709=CARTESIAN_POINT('Ctrl Pts',(3.70180038806712,-9.4382563490439,106.573050552807));
#3710=CARTESIAN_POINT('Ctrl Pts',(3.47049084905358,-9.53653716758565,106.567108984101));
#3711=CARTESIAN_POINT('Ctrl Pts',(3.23579868478466,-9.62617058273857,106.561163203896));
#3712=CARTESIAN_POINT('Ctrl Pts',(3.00136289260766,-9.71570608449833,106.555223918719));
#3713=CARTESIAN_POINT('Ctrl Pts',(2.76355127161087,-9.79661333184758,106.549280431238));
#3714=CARTESIAN_POINT('Ctrl Pts',(2.52282894997898,-9.86868493980204,106.543328682351));
#3715=CARTESIAN_POINT('Ctrl Pts',(2.2846165492448,-9.94000508427065,106.537438990106));
#3716=CARTESIAN_POINT('Ctrl Pts',(2.043553238117,-10.0026730724541,106.531541207834));
#3717=CARTESIAN_POINT('Ctrl Pts',(1.80007663426982,-10.0564387836067,106.525631402076));
#3718=CARTESIAN_POINT('Ctrl Pts',(1.73402117004627,-10.0710254788101,106.524028065424));
#3719=CARTESIAN_POINT('Ctrl Pts',(1.66778802992164,-10.0849566372753,106.522423843792));
#3720=CARTESIAN_POINT('Ctrl Pts',(1.60138587098952,-10.0982266020122,106.520818658633));
#3721=CARTESIAN_POINT('Ctrl Pts',(1.56784434657265,-10.1049296197061,106.520007836243));
#3722=CARTESIAN_POINT('Ctrl Pts',(1.53427616695019,-10.1114606349426,106.519197166003));
#3723=CARTESIAN_POINT('Ctrl Pts',(1.5006825840121,-10.1178193852608,106.518386638019));
#3724=CARTESIAN_POINT('Ctrl Pts',(1.25553755870364,-10.1642215808991,106.512471910096));
#3725=CARTESIAN_POINT('Ctrl Pts',(1.0090418112048,-10.201454217706,106.506564757594));
#3726=CARTESIAN_POINT('Ctrl Pts',(0.761737352672801,-10.2296402178811,106.50066133631));
#3727=CARTESIAN_POINT('Ctrl Pts',(0.500358208650633,-10.2594303504284,106.494421937266));
#3728=CARTESIAN_POINT('Ctrl Pts',(0.238075162533245,-10.2791153372137,106.48818670623));
#3729=CARTESIAN_POINT('Ctrl Pts',(-0.0244955371391375,-10.2887833119674,
106.481951104581));
#3730=CARTESIAN_POINT('Ctrl Pts',(-0.278715167864069,-10.2981437964952,
106.475913826429));
#3731=CARTESIAN_POINT('Ctrl Pts',(-0.53320521602663,-10.2981140541842,106.469876200864));
#3732=CARTESIAN_POINT('Ctrl Pts',(-0.787417750045762,-10.2887215027132,
106.463834108688));
#3733=CARTESIAN_POINT('Ctrl Pts',(-1.05415653779782,-10.2788661358135,106.457494294058));
#3734=CARTESIAN_POINT('Ctrl Pts',(-1.32059058550025,-10.2587030491896,106.451149561789));
#3735=CARTESIAN_POINT('Ctrl Pts',(-1.58608784215428,-10.2282021947327,106.444795153265));
#3736=CARTESIAN_POINT('Ctrl Pts',(-1.83544842971393,-10.1995551530106,106.438826959608));
#3737=CARTESIAN_POINT('Ctrl Pts',(-2.08398324460891,-10.1617882855324,106.432850230178));
#3738=CARTESIAN_POINT('Ctrl Pts',(-2.33115924505757,-10.1148253489246,106.426861022359));
#3739=CARTESIAN_POINT('Ctrl Pts',(-2.34715454474125,-10.1117862745658,106.426473447619));
#3740=CARTESIAN_POINT('Ctrl Pts',(-2.36314414893187,-10.108708672705,106.426085820625));
#3741=CARTESIAN_POINT('Ctrl Pts',(-2.37912791083648,-10.105592515434,106.425698140306));
#3742=CARTESIAN_POINT('Ctrl Pts',(-2.44699291734476,-10.0923617106501,106.424052099312));
#3743=CARTESIAN_POINT('Ctrl Pts',(-2.51468623716971,-10.0784488085307,106.422406706031));
#3744=CARTESIAN_POINT('Ctrl Pts',(-2.582197154545,-10.0638555931042,106.420761880555));
#3745=CARTESIAN_POINT('Ctrl Pts',(-2.82865731066926,-10.0105805630469,106.414757163696));
#3746=CARTESIAN_POINT('Ctrl Pts',(-3.07268638691816,-9.94824284102669,106.408760014195));
#3747=CARTESIAN_POINT('Ctrl Pts',(-3.31389228132804,-9.87717063703822,106.40276654419));
#3748=CARTESIAN_POINT('Ctrl Pts',(-3.56163287397865,-9.80417296017726,106.396610700384));
#3749=CARTESIAN_POINT('Ctrl Pts',(-3.80639580844468,-9.72196111614787,106.390458738142));
#3750=CARTESIAN_POINT('Ctrl Pts',(-4.047753663238,-9.63083489233771,106.384306444975));
#3751=CARTESIAN_POINT('Ctrl Pts',(-4.28816810817411,-9.54006485903922,106.378178199643));
#3752=CARTESIAN_POINT('Ctrl Pts',(-4.5252046051542,-9.4404497129832,106.372049625968));
#3753=CARTESIAN_POINT('Ctrl Pts',(-4.75842967234645,-9.33223374161994,106.365916560658));
#3754=CARTESIAN_POINT('Ctrl Pts',(-4.99302753658961,-9.22338079513158,106.359747395224));
#3755=CARTESIAN_POINT('Ctrl Pts',(-5.22376957744304,-9.10582527532182,106.353573685123));
#3756=CARTESIAN_POINT('Ctrl Pts',(-5.45019457040502,-8.97976660450125,106.347391193111));
#3757=CARTESIAN_POINT('Ctrl Pts',(-5.676619563367,-8.85370793368068,106.3412087011));
#3758=CARTESIAN_POINT('Ctrl Pts',(-5.89872811566338,-8.71914586925722,106.335017427178));
#3759=CARTESIAN_POINT('Ctrl Pts',(-6.11602991797858,-8.57623416119648,106.328813134097));
#3760=CARTESIAN_POINT('Ctrl Pts',(-6.2037223064801,-8.51856197950653,106.326309384596));
#3761=CARTESIAN_POINT('Ctrl Pts',(-6.29050335383966,-8.45961379681833,106.323807171199));
#3762=CARTESIAN_POINT('Ctrl Pts',(-6.37634608549187,-8.39940969957258,106.3213062218));
#3763=CARTESIAN_POINT('Ctrl Pts',(-6.58685777816708,-8.25177149918849,106.315173156354));
#3764=CARTESIAN_POINT('Ctrl Pts',(-6.79172788425134,-8.09658405550209,106.309047692275));
#3765=CARTESIAN_POINT('Ctrl Pts',(-6.99059125788484,-7.93430198142135,106.302925816672));
#3766=CARTESIAN_POINT('Ctrl Pts',(-7.1922866459953,-7.76970884736636,106.296716759403));
#3767=CARTESIAN_POINT('Ctrl Pts',(-7.38780357082555,-7.59781725004457,106.290511393545));
#3768=CARTESIAN_POINT('Ctrl Pts',(-7.57673916020127,-7.41905263569864,106.284305532307));
#3769=CARTESIAN_POINT('Ctrl Pts',(-7.7656577241647,-7.24030413023548,106.278100230294));
#3770=CARTESIAN_POINT('Ctrl Pts',(-7.94799667570452,-7.0546834053239,106.27189443299));
#3771=CARTESIAN_POINT('Ctrl Pts',(-8.12332322715405,-6.86257322857432,106.265683954735));
#3772=CARTESIAN_POINT('Ctrl Pts',(-8.29640763675445,-6.67291982898354,106.259552898411));
#3773=CARTESIAN_POINT('Ctrl Pts',(-8.46265829996573,-6.47694140394158,106.253417280093));
#3774=CARTESIAN_POINT('Ctrl Pts',(-8.62162236638401,-6.27497179308806,106.247273072656));
#3775=CARTESIAN_POINT('Ctrl Pts',(-8.76824349810905,-6.08868432835065,106.241605938766));
#3776=CARTESIAN_POINT('Ctrl Pts',(-8.90866558982989,-5.89729933424558,106.235931497798));
#3777=CARTESIAN_POINT('Ctrl Pts',(-9.04250018949504,-5.70105750218507,106.23024658974));
#3778=CARTESIAN_POINT('Ctrl Pts',(-9.12212644151125,-5.58430143450999,106.226864296053));
#3779=CARTESIAN_POINT('Ctrl Pts',(-9.19926553963727,-5.4660524637869,106.223484857998));
#3780=CARTESIAN_POINT('Ctrl Pts',(-9.27385738527545,-5.34637822005114,106.22010762523));
#3781=CARTESIAN_POINT('Ctrl Pts',(-9.40884917736053,-5.12979904185677,106.213995714474));
#3782=CARTESIAN_POINT('Ctrl Pts',(-9.5355008185998,-4.90855397094077,106.207891026377));
#3783=CARTESIAN_POINT('Ctrl Pts',(-9.65385334414584,-4.68317364269644,106.201789706214));
#3784=CARTESIAN_POINT('Ctrl Pts',(-9.77502614993871,-4.45242261632093,106.195542994708));
#3785=CARTESIAN_POINT('Ctrl Pts',(-9.88749987839063,-4.21733646272995,106.189299813562));
#3786=CARTESIAN_POINT('Ctrl Pts',(-9.99127600784855,-3.97844998119673,106.183056025863));
#3787=CARTESIAN_POINT('Ctrl Pts',(-10.0959346710445,-3.73753195945667,106.176759139698));
#3788=CARTESIAN_POINT('Ctrl Pts',(-10.1917473688357,-3.49274812716657,106.17046163662));
#3789=CARTESIAN_POINT('Ctrl Pts',(-10.278669388113,-3.24462000782874,106.164159273271));
#3790=CARTESIAN_POINT('Ctrl Pts',(-10.3659089110926,-2.99558554051204,106.157833889015));
#3791=CARTESIAN_POINT('Ctrl Pts',(-10.4441928603829,-2.74318169593862,106.151503608916));
#3792=CARTESIAN_POINT('Ctrl Pts',(-10.5134269308339,-2.48791758135613,106.145164142943));
#3793=CARTESIAN_POINT('Ctrl Pts',(-10.5682885254443,-2.28564439011388,106.14014070275));
#3794=CARTESIAN_POINT('Ctrl Pts',(-10.6174666861876,-2.08157473960576,106.135111494658));
#3795=CARTESIAN_POINT('Ctrl Pts',(-10.6608916113676,-1.87595778613893,106.130074384117));
#3796=CARTESIAN_POINT('Ctrl Pts',(-10.7157060808733,-1.61641135793106,106.123716133849));
#3797=CARTESIAN_POINT('Ctrl Pts',(-10.761157880972,-1.35533326427841,106.117368111718));
#3798=CARTESIAN_POINT('Ctrl Pts',(-10.7972590695806,-1.09326663660462,106.111026121876));
#3799=CARTESIAN_POINT('Ctrl Pts',(-10.8336830730432,-0.828856623479798,
106.104627422307));
#3800=CARTESIAN_POINT('Ctrl Pts',(-10.8605886793495,-0.563439715199987,
106.09823486339));
#3801=CARTESIAN_POINT('Ctrl Pts',(-10.8779400795756,-0.297551937130167,
106.091844135709));
#3802=CARTESIAN_POINT('Ctrl Pts',(-10.8952973790393,-0.031573760870874,
106.085451235268));
#3803=CARTESIAN_POINT('Ctrl Pts',(-10.9030941051039,0.23487624589026,106.079060167307));
#3804=CARTESIAN_POINT('Ctrl Pts',(-10.9012441128803,0.501273826325707,106.07266661801));
#3805=CARTESIAN_POINT('Ctrl Pts',(-10.8994070101183,0.765815333338493,106.066317614528));
#3806=CARTESIAN_POINT('Ctrl Pts',(-10.8880572198264,1.03030577324598,106.059966164165));
#3807=CARTESIAN_POINT('Ctrl Pts',(-10.8670593490628,1.29423441104211,106.053608042645));
#3808=CARTESIAN_POINT('Ctrl Pts',(-10.8464332840766,1.55348970869608,106.047362503317));
#3809=CARTESIAN_POINT('Ctrl Pts',(-10.8164977754201,1.81220349589343,106.041110526989));
#3810=CARTESIAN_POINT('Ctrl Pts',(-10.7770747522797,2.06988538196834,106.034848109828));
#3811=CARTESIAN_POINT('Ctrl Pts',(-10.7634801173992,2.1587444008215,106.032688577961));
#3812=CARTESIAN_POINT('Ctrl Pts',(-10.7487568384757,2.24748061670224,106.030527804526));
#3813=CARTESIAN_POINT('Ctrl Pts',(-10.732896207924,2.33607355411765,106.02836562534));
#3814=CARTESIAN_POINT('Ctrl Pts',(-10.6947779400265,2.54899127584608,106.023169203597));
#3815=CARTESIAN_POINT('Ctrl Pts',(-10.6502018347509,2.76046559364005,106.017979616059));
#3816=CARTESIAN_POINT('Ctrl Pts',(-10.5991454647302,2.97022478904506,106.012794674825));
#3817=CARTESIAN_POINT('Ctrl Pts',(-10.5377150283204,3.22260463722946,106.006556213246));
#3818=CARTESIAN_POINT('Ctrl Pts',(-10.4669051823965,3.47250196299114,106.000324477949));
#3819=CARTESIAN_POINT('Ctrl Pts',(-10.3871401448843,3.71948674203208,105.994095658021));
#3820=CARTESIAN_POINT('Ctrl Pts',(-10.3803762926437,3.74043036098131,105.993567471501));
#3821=CARTESIAN_POINT('Ctrl Pts',(-10.3735480166736,3.76135303572497,105.993039305943));
#3822=CARTESIAN_POINT('Ctrl Pts',(-10.3666555587016,3.78225450298805,105.992511159025));
#3823=CARTESIAN_POINT('',(10.06475,1.56913507864983E-16,106.614084431921));
#3824=CARTESIAN_POINT('Ctrl Pts',(10.06475,5.55111512312578E-16,106.614084431921));
#3825=CARTESIAN_POINT('Ctrl Pts',(10.06475,-1.3105796545071,106.614084431921));
#3826=CARTESIAN_POINT('Ctrl Pts',(9.80876465051448,-2.6086294531958,106.614084431922));
#3827=CARTESIAN_POINT('Ctrl Pts',(8.81364054804489,-5.03354267719287,106.614084431922));
#3828=CARTESIAN_POINT('Ctrl Pts',(8.08401572386291,-6.13722261039962,106.614084431922));
#3829=CARTESIAN_POINT('Ctrl Pts',(6.58069455497974,-7.66040238599929,106.614084431922));
#3830=CARTESIAN_POINT('Ctrl Pts',(5.92853167912009,-8.17519565282275,106.614084431921));
#3831=CARTESIAN_POINT('Ctrl Pts',(5.2225149408483,-8.6037509410208,106.614084431921));
#3832=CARTESIAN_POINT('',(4.5,0.,108.));
#3833=CARTESIAN_POINT('Ctrl Pts',(10.0647499999998,1.56913507864949E-16,
106.614084431921));
#3834=CARTESIAN_POINT('Ctrl Pts',(10.0431333583573,1.53785710040105E-16,
106.626462683063));
#3835=CARTESIAN_POINT('Ctrl Pts',(9.88633185806302,1.31322689706382E-16,
106.71562576296));
#3836=CARTESIAN_POINT('Ctrl Pts',(9.5909271124093,9.20484563238855E-17,
106.875146751896));
#3837=CARTESIAN_POINT('Ctrl Pts',(9.14907612966849,4.17539829478434E-17,
107.090280016195));
#3838=CARTESIAN_POINT('Ctrl Pts',(8.54770269191778,-9.90573800545209E-18,
107.336440916978));
#3839=CARTESIAN_POINT('Ctrl Pts',(7.7939472782625,-4.91142493199008E-17,
107.574034523911));
#3840=CARTESIAN_POINT('Ctrl Pts',(7.0106339093952,-6.64982671086621E-17,
107.756056125301));
#3841=CARTESIAN_POINT('Ctrl Pts',(6.20007820863193,-6.37675614057774E-17,
107.886859331898));
#3842=CARTESIAN_POINT('Ctrl Pts',(5.53167039938214,-4.68428773892073E-17,
107.953968929944));
#3843=CARTESIAN_POINT('Ctrl Pts',(5.01985528338139,-2.63897188017482E-17,
107.9845426371));
#3844=CARTESIAN_POINT('Ctrl Pts',(4.67405085252075,-9.36198017225241E-18,
107.996287249864));
#3845=CARTESIAN_POINT('Ctrl Pts',(4.5,0.,108.));
#3846=CARTESIAN_POINT('Origin',(3.76046300067786E-32,-4.11364601090691E-16,
108.));
#3847=CARTESIAN_POINT('',(9.03669687297323,4.4313995744568,106.614084431921));
#3848=CARTESIAN_POINT('Ctrl Pts',(9.03669687297323,4.4313995744568,106.614084431921));
#3849=CARTESIAN_POINT('Ctrl Pts',(9.05738543390769,4.38921058861575,106.614084431921));
#3850=CARTESIAN_POINT('Ctrl Pts',(9.07778510538503,4.34686335027031,106.614084431922));
#3851=CARTESIAN_POINT('Ctrl Pts',(9.41523939167274,3.63360450853461,106.614084431922));
#3852=CARTESIAN_POINT('Ctrl Pts',(9.65743513705451,2.92980564210907,106.614084431922));
#3853=CARTESIAN_POINT('Ctrl Pts',(9.98268805640843,1.4818075770456,106.614084431922));
#3854=CARTESIAN_POINT('Ctrl Pts',(10.06475,0.742039058604015,106.614084431921));
#3855=CARTESIAN_POINT('Ctrl Pts',(10.06475,-1.30451205393456E-14,106.614084431921));
#3856=CARTESIAN_POINT('Ctrl Pts',(11.7778048033754,2.4980018054066E-15,
105.407391804801));
#3857=CARTESIAN_POINT('Ctrl Pts',(11.5894335889919,1.23527803771373,105.566223113478));
#3858=CARTESIAN_POINT('Ctrl Pts',(11.1936186849476,2.26865408905472,105.726799093432));
#3859=CARTESIAN_POINT('Ctrl Pts',(10.4116817791384,3.59935695627996,106.016010314627));
#3860=CARTESIAN_POINT('Ctrl Pts',(10.0572426755967,4.01083321920273,106.140030784918));
#3861=CARTESIAN_POINT('Ctrl Pts',(9.64264606699886,4.32792340036464,106.306836843345));
#3862=CARTESIAN_POINT('Ctrl Pts',(9.49275871006605,4.42594496644433,106.368744914362));
#3863=CARTESIAN_POINT('Ctrl Pts',(9.28576969698728,4.47811842603125,106.469864355012));
#3864=CARTESIAN_POINT('Ctrl Pts',(9.22956991543724,4.48435601500915,106.49887255561));
#3865=CARTESIAN_POINT('Ctrl Pts',(9.12528148487045,4.47294215686656,106.557530198834));
#3866=CARTESIAN_POINT('Ctrl Pts',(9.07900800889264,4.45761972185142,106.585720115745));
#3867=CARTESIAN_POINT('Ctrl Pts',(9.03669687297009,4.43139957445507,106.614084431923));
#3868=CARTESIAN_POINT('Origin',(12.75,12.9936144735612,31.8033656388303));
#3869=CARTESIAN_POINT('',(13.,23.1526832306045,33.046494354348));
#3870=CARTESIAN_POINT('',(13.,11.8321595661992,31.9411491160883));
#3871=CARTESIAN_POINT('',(13.,12.9693198027148,32.052182376548));
#3872=CARTESIAN_POINT('',(12.5,14.3321595661992,31.6828733928653));
#3873=CARTESIAN_POINT('Origin',(6.5,11.8321595661992,25.410237992883));
#3874=CARTESIAN_POINT('',(12.5,23.9248863496541,32.6195151230847));
#3875=CARTESIAN_POINT('',(12.5,13.0179091444076,31.5545489011127));
#3876=CARTESIAN_POINT('',(12.9552579023469,23.1772528742188,33.0039384832841));
#3877=CARTESIAN_POINT('',(12.5,23.9248863496541,32.6195151230847));
#3878=CARTESIAN_POINT('',(20.4756041820763,19.0475352784558,40.1568191800569));
#3879=CARTESIAN_POINT('Origin',(13.,23.5510696119365,32.8117268031844));
#3880=CARTESIAN_POINT('',(20.955257902347,23.9248863496541,32.6195151230847));
#3881=CARTESIAN_POINT('',(13.,23.9248863496541,32.6195151230847));
#3882=CARTESIAN_POINT('',(20.5,23.1772528742188,33.0039384832841));
#3883=CARTESIAN_POINT('',(15.4608809278043,14.9019124887879,37.2590103363855));
#3884=CARTESIAN_POINT('',(13.,23.1772528742188,33.0039384832841));
#3885=CARTESIAN_POINT('Origin',(13.,10.0233937586588,55.787090787037));
#3886=CARTESIAN_POINT('',(20.5,10.0233937586588,55.787090787037));
#3887=CARTESIAN_POINT('',(20.5,10.2229189571544,55.4415030058524));
#3888=CARTESIAN_POINT('',(13.,10.0233937586588,55.787090787037));
#3889=CARTESIAN_POINT('',(13.,10.0233937586588,55.787090787037));
#3890=CARTESIAN_POINT('',(13.,14.5700447240303,47.9120603107315));
#3891=CARTESIAN_POINT('Origin',(21.75,11.3054507118849,56.0665030058524));
#3892=CARTESIAN_POINT('',(22.0894841953061,25.1646868433648,32.7405702626472));
#3893=CARTESIAN_POINT('',(17.3323818275323,19.9647916365532,32.2328482193312));
#3894=CARTESIAN_POINT('',(23.,25.6599537942354,33.7037743498172));
#3895=CARTESIAN_POINT('',(23.8187750555939,26.1053191828893,34.5699289799239));
#3896=CARTESIAN_POINT('',(23.,12.1884572681199,57.037090787037));
#3897=CARTESIAN_POINT('',(23.,12.1884572681199,57.037090787037));
#3898=CARTESIAN_POINT('',(20.5,10.0233937586588,55.787090787037));
#3899=CARTESIAN_POINT('Origin',(13.,26.1599537942355,32.8377489460328));
#3900=CARTESIAN_POINT('',(9.62962962962964,17.5291252832581,31.9950277540051));
#3901=CARTESIAN_POINT('Origin',(6.5,11.8321595661992,31.4387713373802));
#3902=CARTESIAN_POINT('',(7.,18.7349939951952,32.1127697664967));
#3903=CARTESIAN_POINT('Origin',(0.,6.72428103176808E-15,30.2834695490053));
#3904=CARTESIAN_POINT('',(7.,25.1646868433648,32.7405702626472));
#3905=CARTESIAN_POINT('',(7.,15.0727149063939,31.7551818251621));
#3906=CARTESIAN_POINT('',(13.,25.1646868433648,32.7405702626472));
#3907=CARTESIAN_POINT('Origin',(12.75,12.9936144735612,31.8033656388303));
#3908=CARTESIAN_POINT('',(12.5,-19.3976334754354,28.3894686678449));
#3909=CARTESIAN_POINT('',(12.5,-14.3321595661992,28.8840657051453));
#3910=CARTESIAN_POINT('',(12.5,13.0179091444076,31.5545489011127));
#3911=CARTESIAN_POINT('',(13.,-11.8321595661992,29.6305455393385));
#3912=CARTESIAN_POINT('Origin',(6.5,-11.8321595661992,23.0996344161332));
#3913=CARTESIAN_POINT('',(13.,-18.9,28.9404357882458));
#3914=CARTESIAN_POINT('',(13.,12.9693198027148,32.052182376548));
#3915=CARTESIAN_POINT('',(12.9976334754353,-18.9,28.9380580095377));
#3916=CARTESIAN_POINT('',(13.5279278921635,-18.9,29.4708742718121));
#3917=CARTESIAN_POINT('',(12.9976334754353,-18.9,28.9380580095377));
#3918=CARTESIAN_POINT('Origin',(13.,-19.1488167377177,28.6637633386913));
#3919=CARTESIAN_POINT('',(20.5,-18.9,28.9380580095377));
#3920=CARTESIAN_POINT('',(13.,-18.9,28.9380580095377));
#3921=CARTESIAN_POINT('',(20.9976334754353,-19.3976334754354,28.3894686678449));
#3922=CARTESIAN_POINT('',(18.2929451670372,-16.6929451670372,31.3711072669972));
#3923=CARTESIAN_POINT('',(13.,-19.3976334754354,28.3894686678449));
#3924=CARTESIAN_POINT('Origin',(13.,26.1599537942355,32.8377489460328));
#3925=CARTESIAN_POINT('',(22.0047330491293,-20.4047330491293,28.2911346374382));
#3926=CARTESIAN_POINT('',(7.71061906042521,-6.11061906042521,29.6868236798307));
#3927=CARTESIAN_POINT('',(10.5156038098638,-20.4047330491293,28.2911346374382));
#3928=CARTESIAN_POINT('',(13.,-20.4047330491293,28.2911346374382));
#3929=CARTESIAN_POINT('',(8.30501200463247,-18.194141243898,28.5069786388364));
#3930=CARTESIAN_POINT('',(-1.91485008475525,-7.97427915451029,29.504854375954));
#3931=CARTESIAN_POINT('',(9.62962962962964,-17.5291252832581,28.5719113440054));
#3932=CARTESIAN_POINT('Origin',(0.,6.72428103176808E-15,30.2834695490053));
#3933=CARTESIAN_POINT('Origin',(6.5,-11.8321595661992,29.1281677606304));
#3934=CARTESIAN_POINT('Origin',(21.75,-20.15,37.7767906900413));
#3935=CARTESIAN_POINT('',(20.5,-18.9,48.037090787037));
#3936=CARTESIAN_POINT('',(20.5,-18.9,37.7767906900413));
#3937=CARTESIAN_POINT('',(23.,-21.4,48.037090787037));
#3938=CARTESIAN_POINT('',(20.5,-18.9,48.037090787037));
#3939=CARTESIAN_POINT('',(23.,-21.4,29.1939559540526));
#3940=CARTESIAN_POINT('',(23.,-21.4,48.037090787037));
#3941=CARTESIAN_POINT('',(22.0042891666596,-20.4042891666596,28.2907319851092));
#3942=CARTESIAN_POINT('Origin',(13.,-20.9023665245646,28.7425452957454));
#3943=CARTESIAN_POINT('',(10.1033507406314,-21.4,29.1939559540526));
#3944=CARTESIAN_POINT('',(13.,-21.4,29.1939559540526));
#3945=CARTESIAN_POINT('',(10.1033507406314,-21.4,29.1939559540526));
#3946=CARTESIAN_POINT('Origin',(-2.24488892314838,-8.34967569648438,29.9693906484039));
#3947=CARTESIAN_POINT('',(10.1,-21.4,29.1963365529667));
#3948=CARTESIAN_POINT('',(7.31447067951485,-18.6144706795148,29.4683179260645));
#3949=CARTESIAN_POINT('',(-2.57492776154151,-8.72507223845848,30.4339269208538));
#3950=CARTESIAN_POINT('Origin',(0.,5.16421242626112E-15,23.2575451585717));
#3951=CARTESIAN_POINT('',(7.01581478180805,-21.4,31.3875559844076));
#3952=CARTESIAN_POINT('Origin',(5.5,12.677466876863,55.1901012993047));
#3953=CARTESIAN_POINT('',(5.,13.0804456959799,53.49212151022));
#3954=CARTESIAN_POINT('',(6.,13.9464710997643,53.99212151022));
#3955=CARTESIAN_POINT('',(5.,13.0804456959799,53.49212151022));
#3956=CARTESIAN_POINT('',(6.,24.834620255556,35.1332939720007));
#3957=CARTESIAN_POINT('',(6.,13.1104795787552,55.4401012993047));
#3958=CARTESIAN_POINT('',(5.,23.9685948517715,34.6332939720007));
#3959=CARTESIAN_POINT('',(6.,24.834620255556,35.1332939720007));
#3960=CARTESIAN_POINT('',(5.,12.2444541749707,54.9401012993047));
#3961=CARTESIAN_POINT('Ctrl Pts',(5.,11.3224318642581,56.537090787171));
#3962=CARTESIAN_POINT('Ctrl Pts',(5.,11.908436474832,55.5221010281874));
#3963=CARTESIAN_POINT('Ctrl Pts',(5.,12.494441085406,54.5071112692037));
#3964=CARTESIAN_POINT('Ctrl Pts',(5.,13.0804456959799,53.49212151022));
#3965=CARTESIAN_POINT('Ctrl Pts',(5.33333333333334,11.6111069988529,56.7037574538377));
#3966=CARTESIAN_POINT('Ctrl Pts',(5.33333333333334,12.1971116094268,55.688767694854));
#3967=CARTESIAN_POINT('Ctrl Pts',(5.33333333333334,12.7831162200008,54.6737779358704));
#3968=CARTESIAN_POINT('Ctrl Pts',(5.33333333333334,13.3691208305747,53.6587881768867));
#3969=CARTESIAN_POINT('Ctrl Pts',(5.66666666666667,11.8997821334477,56.8704241205044));
#3970=CARTESIAN_POINT('Ctrl Pts',(5.66666666666667,12.4857867440216,55.8554343615207));
#3971=CARTESIAN_POINT('Ctrl Pts',(5.66666666666667,13.0717913545956,54.840444602537));
#3972=CARTESIAN_POINT('Ctrl Pts',(5.66666666666667,13.6577959651695,53.8254548435534));
#3973=CARTESIAN_POINT('Ctrl Pts',(6.,12.1884572680425,57.037090787171));
#3974=CARTESIAN_POINT('Ctrl Pts',(6.,12.7744618786165,56.0221010281874));
#3975=CARTESIAN_POINT('Ctrl Pts',(6.,13.3604664891904,55.0071112692037));
#3976=CARTESIAN_POINT('Ctrl Pts',(6.,13.9464710997643,53.99212151022));
#3977=CARTESIAN_POINT('',(5.19206011001183,11.4887607986593,56.6331208420429));
#3978=CARTESIAN_POINT('Ctrl Pts',(5.1920601084499,11.4887607972293,56.633120841396));
#3979=CARTESIAN_POINT('Ctrl Pts',(5.18686041688866,11.5365703398335,56.5399129013963));
#3980=CARTESIAN_POINT('Ctrl Pts',(5.1816130817634,11.5843160911891,56.4467201639525));
#3981=CARTESIAN_POINT('Ctrl Pts',(5.17631993506792,11.6319939390737,56.3535534156297));
#3982=CARTESIAN_POINT('Ctrl Pts',(5.12231760506877,12.1184181822018,55.4030372525003));
#3983=CARTESIAN_POINT('Ctrl Pts',(5.06303000113364,12.6024199928203,54.4461463176835));
#3984=CARTESIAN_POINT('Ctrl Pts',(5.,13.0804456959799,53.49212151022));
#3985=CARTESIAN_POINT('',(6.,12.1884572681199,57.037090787037));
#3986=CARTESIAN_POINT('',(5.,11.3224318643355,56.537090787037));
#3987=CARTESIAN_POINT('Ctrl Pts',(6.,12.1884572680425,57.037090787171));
#3988=CARTESIAN_POINT('Ctrl Pts',(6.,12.7744618786165,56.0221010281874));
#3989=CARTESIAN_POINT('Ctrl Pts',(6.,13.3604664891904,55.0071112692037));
#3990=CARTESIAN_POINT('Ctrl Pts',(6.,13.9464710997643,53.99212151022));
#3991=CARTESIAN_POINT('Origin',(5.5,-3.39999999999999,48.037090787037));
#3992=CARTESIAN_POINT('',(5.99999999954717,10.3923048459361,59.6030895349518));
#3993=CARTESIAN_POINT('',(5.31336780984639,10.7595595875196,58.0000008642476));
#3994=CARTESIAN_POINT('Ctrl Pts',(5.99999999966192,10.3923048456085,59.6030895348164));
#3995=CARTESIAN_POINT('Ctrl Pts',(5.765564190621,10.5276564230557,59.0768353899841));
#3996=CARTESIAN_POINT('Ctrl Pts',(5.5354748115124,10.6498770132987,58.5418583252205));
#3997=CARTESIAN_POINT('Ctrl Pts',(5.31336780984694,10.7595595875148,58.0000008642515));
#3998=CARTESIAN_POINT('Origin',(6.,-3.39999999999999,48.037090787037));
#3999=CARTESIAN_POINT('Ctrl Pts',(5.31336780985116,10.7595595875221,58.0000008642484));
#4000=CARTESIAN_POINT('Ctrl Pts',(5.31320537253194,10.7603045007798,57.9986598925233));
#4001=CARTESIAN_POINT('Ctrl Pts',(5.31304305124442,10.761049346951,57.9973188717896));
#4002=CARTESIAN_POINT('Ctrl Pts',(5.25849021956402,11.0115496105944,57.5462630300804));
#4003=CARTESIAN_POINT('Ctrl Pts',(5.21759597238439,11.2539665777276,57.0908680867654));
#4004=CARTESIAN_POINT('Ctrl Pts',(5.19206011001183,11.4887607986594,56.6331208420429));
#4005=CARTESIAN_POINT('Ctrl Pts',(5.04312570960856,24.1964555194257,34.2404884109504));
#4006=CARTESIAN_POINT('Ctrl Pts',(5.13582279744648,24.4419682195303,33.8232506411312));
#4007=CARTESIAN_POINT('Ctrl Pts',(5.69640110487433,24.9685547139588,32.9978348467234));
#4008=CARTESIAN_POINT('Ctrl Pts',(6.53747077218512,25.1646868433648,32.7405702626472));
#4009=CARTESIAN_POINT('Ctrl Pts',(7.,25.1646868433648,32.7405702626472));
#4010=CARTESIAN_POINT('Ctrl Pts',(5.36208380640571,24.4848620862099,34.4070000199193));
#4011=CARTESIAN_POINT('Ctrl Pts',(5.42388186496432,24.6966350534131,34.0455336148306));
#4012=CARTESIAN_POINT('Ctrl Pts',(5.87420676887154,25.1589020887175,33.3026361353672));
#4013=CARTESIAN_POINT('Ctrl Pts',(6.60171570824819,25.3297758269883,33.0616382917039));
#4014=CARTESIAN_POINT('Ctrl Pts',(7.,25.3297758269883,33.0616382917039));
#4015=CARTESIAN_POINT('Ctrl Pts',(5.68104190320285,24.773268652994,34.5735116288882));
#4016=CARTESIAN_POINT('Ctrl Pts',(5.71194093248216,24.9513018872959,34.2678165885299));
#4017=CARTESIAN_POINT('Ctrl Pts',(6.05201243286874,25.3492494634761,33.6074374240109));
#4018=CARTESIAN_POINT('Ctrl Pts',(6.66596064431125,25.4948648106119,33.3827063207605));
#4019=CARTESIAN_POINT('Ctrl Pts',(7.,25.4948648106119,33.3827063207605));
#4020=CARTESIAN_POINT('Ctrl Pts',(6.,25.0616752197782,34.7400232378571));
#4021=CARTESIAN_POINT('Ctrl Pts',(6.,25.2059687211788,34.4900995622293));
#4022=CARTESIAN_POINT('Ctrl Pts',(6.22981809686595,25.5395968382348,33.9122387126547));
#4023=CARTESIAN_POINT('Ctrl Pts',(6.73020558037432,25.6599537942355,33.7037743498172));
#4024=CARTESIAN_POINT('Ctrl Pts',(7.,25.6599537942355,33.7037743498172));
#4025=CARTESIAN_POINT('',(7.,25.6599537942355,33.7037743498172));
#4026=CARTESIAN_POINT('',(7.,25.6599537942355,33.7037743498172));
#4027=CARTESIAN_POINT('',(5.04312570960856,24.1964555194257,34.2404884109504));
#4028=CARTESIAN_POINT('Ctrl Pts',(7.,25.1646868433648,32.7405702626472));
#4029=CARTESIAN_POINT('Ctrl Pts',(6.53747077218512,25.1646868433648,32.7405702626472));
#4030=CARTESIAN_POINT('Ctrl Pts',(5.69640110487433,24.9685547139588,32.9978348467234));
#4031=CARTESIAN_POINT('Ctrl Pts',(5.13582279744648,24.4419682195303,33.8232506411312));
#4032=CARTESIAN_POINT('Ctrl Pts',(5.04312570960856,24.1964555194257,34.2404884109504));
#4033=CARTESIAN_POINT('',(6.,25.0616752197782,34.7400232378571));
#4034=CARTESIAN_POINT('',(5.04312570960856,24.1964555194257,34.2404884109504));
#4035=CARTESIAN_POINT('Ctrl Pts',(6.,25.0616752197782,34.7400232378571));
#4036=CARTESIAN_POINT('Ctrl Pts',(6.,25.2059687211788,34.4900995622293));
#4037=CARTESIAN_POINT('Ctrl Pts',(6.22981809686595,25.5395968382348,33.9122387126547));
#4038=CARTESIAN_POINT('Ctrl Pts',(6.73020558037432,25.6599537942355,33.7037743498172));
#4039=CARTESIAN_POINT('Ctrl Pts',(7.,25.6599537942355,33.7037743498172));
#4040=CARTESIAN_POINT('Origin',(13.,25.4123203188001,33.2221723062322));
#4041=CARTESIAN_POINT('',(13.,25.6599537942355,33.7037743498172));
#4042=CARTESIAN_POINT('Ctrl Pts',(5.,23.9685948517715,34.6332939720007));
#4043=CARTESIAN_POINT('Ctrl Pts',(5.,24.0442798398456,34.5022037272862));
#4044=CARTESIAN_POINT('Ctrl Pts',(5.01414057221397,24.1196869875265,34.3709530713458));
#4045=CARTESIAN_POINT('Ctrl Pts',(5.04312570960856,24.1964555194257,34.2404884109504));
#4046=CARTESIAN_POINT('Ctrl Pts',(5.33333333333333,24.2572699863663,34.7999606386674));
#4047=CARTESIAN_POINT('Ctrl Pts',(5.33333333333333,24.3329549744404,34.6688703939528));
#4048=CARTESIAN_POINT('Ctrl Pts',(5.34276038147598,24.4084547355857,34.5376732084211));
#4049=CARTESIAN_POINT('Ctrl Pts',(5.36208380640571,24.4848620862099,34.4070000199193));
#4050=CARTESIAN_POINT('Ctrl Pts',(5.66666666666667,24.5459451209612,34.966627305334));
#4051=CARTESIAN_POINT('Ctrl Pts',(5.66666666666667,24.6216301090352,34.8355370606195));
#4052=CARTESIAN_POINT('Ctrl Pts',(5.67138019073799,24.6972224836449,34.7043933454963));
#4053=CARTESIAN_POINT('Ctrl Pts',(5.68104190320286,24.773268652994,34.5735116288882));
#4054=CARTESIAN_POINT('Ctrl Pts',(6.,24.834620255556,35.1332939720007));
#4055=CARTESIAN_POINT('Ctrl Pts',(6.,24.91030524363,35.0022037272862));
#4056=CARTESIAN_POINT('Ctrl Pts',(6.,24.9859902317041,34.8711134825716));
#4057=CARTESIAN_POINT('Ctrl Pts',(6.,25.0616752197782,34.7400232378571));
#4058=CARTESIAN_POINT('Ctrl Pts',(5.04312570960856,24.1964555194257,34.2404884109504));
#4059=CARTESIAN_POINT('Ctrl Pts',(5.01414057221397,24.1196869875265,34.3709530713458));
#4060=CARTESIAN_POINT('Ctrl Pts',(5.,24.0442798398456,34.5022037272862));
#4061=CARTESIAN_POINT('Ctrl Pts',(5.,23.9685948517715,34.6332939720007));
#4062=CARTESIAN_POINT('Ctrl Pts',(6.,24.834620255556,35.1332939720007));
#4063=CARTESIAN_POINT('Ctrl Pts',(6.,24.91030524363,35.0022037272862));
#4064=CARTESIAN_POINT('Ctrl Pts',(6.,24.9859902317041,34.8711134825716));
#4065=CARTESIAN_POINT('Ctrl Pts',(6.,25.0616752197782,34.7400232378571));
#4066=CARTESIAN_POINT('Origin',(5.,2.37997689711773,47.1155233705448));
#4067=CARTESIAN_POINT('',(5.,19.3649167310371,34.1837870551754));
#4068=CARTESIAN_POINT('',(5.,14.8783575396228,33.7457157269035));
#4069=CARTESIAN_POINT('',(5.,19.3649167310371,40.));
#4070=CARTESIAN_POINT('',(5.,19.3649167310371,3.14914920179813E-14));
#4071=CARTESIAN_POINT('Ctrl Pts',(5.,13.0804456959722,53.4921215102362));
#4072=CARTESIAN_POINT('Ctrl Pts',(5.,15.6685496128863,48.0527319956505));
#4073=CARTESIAN_POINT('Ctrl Pts',(5.,19.3649167310371,40.));
#4074=CARTESIAN_POINT('Origin',(7.,14.8783575396228,33.7457157269035));
#4075=CARTESIAN_POINT('Ctrl Pts',(5.,19.3649167310371,34.1837870551754));
#4076=CARTESIAN_POINT('Ctrl Pts',(5.,19.3649167310371,33.9309343693141));
#4077=CARTESIAN_POINT('Ctrl Pts',(5.05039046486061,19.3521156205039,33.6617996032157));
#4078=CARTESIAN_POINT('Ctrl Pts',(5.25143789270332,19.2985290376553,33.1664816819213));
#4079=CARTESIAN_POINT('Ctrl Pts',(5.40201778735775,19.257462234362,32.9402977241065));
#4080=CARTESIAN_POINT('Ctrl Pts',(5.75376654695074,19.1554078125782,32.5703659137162));
#4081=CARTESIAN_POINT('Ctrl Pts',(5.98251658367755,19.0860715588003,32.405448919397));
#4082=CARTESIAN_POINT('Ctrl Pts',(6.4803904119708,18.9228214692507,32.1812926654349));
#4083=CARTESIAN_POINT('Ctrl Pts',(6.74936335743048,18.8286399551798,32.1219134350248));
#4084=CARTESIAN_POINT('Ctrl Pts',(7.,18.7349939951952,32.1127697664967));
#4085=CARTESIAN_POINT('Origin',(13.,6.16950557107276,33.9863056443766));
#4086=CARTESIAN_POINT('',(23.,7.16950557107276,33.9863056443766));
#4087=CARTESIAN_POINT('',(23.,6.73241766348881,33.1597888712789));
#4088=CARTESIAN_POINT('Origin',(23.,6.16950557107276,33.9863056443766));
#4089=CARTESIAN_POINT('',(13.,6.73241766348881,33.1597888712789));
#4090=CARTESIAN_POINT('',(13.,6.73241766348881,33.1597888712789));
#4091=CARTESIAN_POINT('',(13.,7.16950557107276,33.9863056443766));
#4092=CARTESIAN_POINT('Origin',(13.,6.16950557107276,33.9863056443766));
#4093=CARTESIAN_POINT('',(13.,7.16950557107276,33.9863056443766));
#4094=CARTESIAN_POINT('Origin',(13.,-3.39999999999999,48.037090787037));
#4095=CARTESIAN_POINT('',(23.,-13.5003836156058,33.1380219967535));
#4096=CARTESIAN_POINT('Origin',(23.,-3.39999999999999,48.037090787037));
#4097=CARTESIAN_POINT('',(13.,-13.5003836156058,33.1380219967535));
#4098=CARTESIAN_POINT('',(13.,-13.5003836156058,33.1380219967535));
#4099=CARTESIAN_POINT('Origin',(13.,-3.39999999999999,48.037090787037));
#4100=CARTESIAN_POINT('Origin',(23.,-3.38487281072192,33.3684147515094));
#4101=CARTESIAN_POINT('',(23.,7.16950557107276,34.5955669476352));
#4102=CARTESIAN_POINT('',(23.,7.16950557107276,36.6997387159817));
#4103=CARTESIAN_POINT('',(23.,5.5895355364623,35.4102047560838));
#4104=CARTESIAN_POINT('Origin',(23.,6.16950557107276,34.5955669476352));
#4105=CARTESIAN_POINT('',(23.,-12.3611147566065,35.3900190975538));
#4106=CARTESIAN_POINT('Origin',(23.,-3.39999999999999,48.037090787037));
#4107=CARTESIAN_POINT('',(23.,-13.9392511925166,34.5740789885548));
#4108=CARTESIAN_POINT('Origin',(23.,-12.9392511925166,34.5740789885548));
#4109=CARTESIAN_POINT('',(23.,-13.9392511925166,33.9657480406581));
#4110=CARTESIAN_POINT('',(23.,-13.9392511925166,36.6716086458766));
#4111=CARTESIAN_POINT('Origin',(23.,-12.9392511925166,33.9657480406581));
#4112=CARTESIAN_POINT('Origin',(13.,6.16950557107276,34.5955669476352));
#4113=CARTESIAN_POINT('',(13.,7.16950557107276,34.5955669476352));
#4114=CARTESIAN_POINT('',(13.,7.16950557107276,34.5955669476352));
#4115=CARTESIAN_POINT('',(13.,5.5895355364623,35.4102047560838));
#4116=CARTESIAN_POINT('Origin',(13.,6.16950557107276,34.5955669476352));
#4117=CARTESIAN_POINT('',(13.,5.58953553646229,35.4102047560838));
#4118=CARTESIAN_POINT('Origin',(13.,-3.39999999999999,48.037090787037));
#4119=CARTESIAN_POINT('',(13.,-12.3611147566065,35.3900190975538));
#4120=CARTESIAN_POINT('Origin',(13.,-3.39999999999999,48.037090787037));
#4121=CARTESIAN_POINT('',(13.,-12.3611147566065,35.3900190975538));
#4122=CARTESIAN_POINT('Origin',(13.,-12.9392511925166,33.9657480406581));
#4123=CARTESIAN_POINT('',(13.,-13.9392511925166,33.9657480406581));
#4124=CARTESIAN_POINT('',(13.,-13.9392511925166,33.9657480406581));
#4125=CARTESIAN_POINT('Origin',(13.,-12.9392511925166,33.9657480406581));
#4126=CARTESIAN_POINT('Origin',(13.,-12.9392511925166,34.5740789885548));
#4127=CARTESIAN_POINT('',(13.,-13.9392511925166,34.5740789885548));
#4128=CARTESIAN_POINT('Origin',(13.,-12.9392511925166,34.5740789885548));
#4129=CARTESIAN_POINT('',(13.,-13.9392511925166,34.5740789885548));
#4130=CARTESIAN_POINT('Origin',(13.,-13.9392511925166,36.6716086458766));
#4131=CARTESIAN_POINT('',(13.,-13.9392511925166,32.8358045390051));
#4132=CARTESIAN_POINT('Origin',(13.,12.1884572681199,57.037090787037));
#4133=CARTESIAN_POINT('',(13.,12.1884572681199,57.037090787037));
#4134=CARTESIAN_POINT('Origin',(21.75,-3.39999999999999,48.037090787037));
#4135=CARTESIAN_POINT('Origin',(23.,-3.39999999999999,48.037090787037));
#4136=CARTESIAN_POINT('Origin',(20.5,-3.39999999999999,48.037090787037));
#4137=CARTESIAN_POINT('Origin',(13.,-3.39999999999999,48.037090787037));
#4138=CARTESIAN_POINT('',(13.,-18.9,48.037090787037));
#4139=CARTESIAN_POINT('',(13.,-18.9,48.037090787037));
#4140=CARTESIAN_POINT('Origin',(13.,-3.39999999999999,48.037090787037));
#4141=CARTESIAN_POINT('Origin',(13.,-18.9,28.4380580095377));
#4142=CARTESIAN_POINT('',(13.,-18.9,28.7190292208357));
#4143=CARTESIAN_POINT('Origin',(7.55,-18.85,37.6547396622987));
#4144=CARTESIAN_POINT('',(10.1,-21.4,48.037090787037));
#4145=CARTESIAN_POINT('',(10.1,-21.4,37.6547396622987));
#4146=CARTESIAN_POINT('',(5.,-16.3,48.037090787037));
#4147=CARTESIAN_POINT('',(10.1,-21.4,48.037090787037));
#4148=CARTESIAN_POINT('',(5.,-16.3,46.6383250650461));
#4149=CARTESIAN_POINT('',(5.,-16.3,37.6547396622987));
#4150=CARTESIAN_POINT('',(7.31447067951484,-18.6144706795148,40.0000012665987));
#4151=CARTESIAN_POINT('Ctrl Pts',(7.31447067951484,-18.6144706795148,40.0000012665987));
#4152=CARTESIAN_POINT('Ctrl Pts',(6.06508157214831,-17.3650815721483,43.644476586334));
#4153=CARTESIAN_POINT('Ctrl Pts',(5.00000023906752,-16.3000002390675,46.6383252351482));
#4154=CARTESIAN_POINT('',(7.31447067951485,-18.6144706795148,3.97880552237583E-14));
#4155=CARTESIAN_POINT('Origin',(7.55,-3.39999999999999,48.037090787037));
#4156=CARTESIAN_POINT('',(10.1,-6.47996913572907,65.7716274351414));
#4157=CARTESIAN_POINT('',(5.,-10.9087121146357,58.5265732518454));
#4158=CARTESIAN_POINT('Ctrl Pts',(5.,-10.9087121146357,58.5265732518454));
#4159=CARTESIAN_POINT('Ctrl Pts',(6.06311360028594,-10.4214347948595,60.1828027766255));
#4160=CARTESIAN_POINT('Ctrl Pts',(7.18976154912176,-9.71148197159544,61.8138714329172));
#4161=CARTESIAN_POINT('Ctrl Pts',(8.90146529158356,-8.1015818851216,64.1933553947818));
#4162=CARTESIAN_POINT('Ctrl Pts',(9.53917490618247,-7.35409883124329,65.0505968029207));
#4163=CARTESIAN_POINT('Ctrl Pts',(10.1,-6.47996913572903,65.7716274351413));
#4164=CARTESIAN_POINT('Origin',(5.,-3.39999999999999,48.037090787037));
#4165=CARTESIAN_POINT('Origin',(10.1,-3.39999999999999,48.037090787037));
#4166=CARTESIAN_POINT('Origin',(13.,-3.39999999999999,48.037090787037));
#4167=CARTESIAN_POINT('Ctrl Pts',(10.0999999999999,-6.47996913572906,65.7716274351414));
#4168=CARTESIAN_POINT('Ctrl Pts',(10.4893231432166,-5.87315085247411,65.8770139823349));
#4169=CARTESIAN_POINT('Ctrl Pts',(10.8288411938943,-5.22212004356886,65.9574537227772));
#4170=CARTESIAN_POINT('Ctrl Pts',(11.4060596740999,-3.81187170453975,66.047391203504));
#4171=CARTESIAN_POINT('Ctrl Pts',(11.6332046913611,-3.04632423331031,66.0500501478421));
#4172=CARTESIAN_POINT('Ctrl Pts',(11.9301788076695,-1.51075356694889,65.9541926564318));
#4173=CARTESIAN_POINT('Ctrl Pts',(12.,-0.740737032756406,65.8555450665483));
#4174=CARTESIAN_POINT('Ctrl Pts',(12.,0.838743927770535,65.5517295170148));
#4175=CARTESIAN_POINT('Ctrl Pts',(11.9109071906619,1.68288652936204,65.3262908850453));
#4176=CARTESIAN_POINT('Ctrl Pts',(11.5615371151906,3.32154733558756,64.7575266930795));
#4177=CARTESIAN_POINT('Ctrl Pts',(11.3014721591689,4.11614267953342,64.4142929905417));
#4178=CARTESIAN_POINT('Ctrl Pts',(10.3095519525584,6.35426972492241,63.2579580006081));
#4179=CARTESIAN_POINT('Ctrl Pts',(9.35865478269296,7.64948479301948,62.3106847089174));
#4180=CARTESIAN_POINT('Ctrl Pts',(7.63971071577292,9.30101984642974,60.8216434475563));
#4181=CARTESIAN_POINT('Ctrl Pts',(6.85934032649308,9.89616447665921,60.1947305482714));
#4182=CARTESIAN_POINT('Ctrl Pts',(5.99999999934489,10.3923048457915,59.6030895351243));
#4183=CARTESIAN_POINT('',(13.,-21.4,48.037090787037));
#4184=CARTESIAN_POINT('Origin',(13.,-21.4,28.1939559540526));
#4185=CARTESIAN_POINT('Origin',(13.,7.16950557107276,33.4670684128928));
#4186=CARTESIAN_POINT('',(13.,7.16950557107276,31.2335344225133));
#4187=CARTESIAN_POINT('Origin',(5.,2.37997689711773,47.1155233705448));
#4188=CARTESIAN_POINT('',(5.,-10.9087121146357,58.0000008642673));
#4189=CARTESIAN_POINT('',(5.,-10.9087121146357,58.0000008642673));
#4190=CARTESIAN_POINT('Ctrl Pts',(5.,-16.3000000000001,46.6383250650459));
#4191=CARTESIAN_POINT('Ctrl Pts',(5.,-13.1357781986685,53.4447963128979));
#4192=CARTESIAN_POINT('Ctrl Pts',(5.,-10.9087121146357,58.0000008642673));
#4193=CARTESIAN_POINT('Origin',(6.5,11.8321595661992,3.31663231176284E-14));
#4194=CARTESIAN_POINT('',(13.,11.8321595661992,3.28998695917184E-14));
#4195=CARTESIAN_POINT('',(13.,11.8321595661992,3.31663231176284E-14));
#4196=CARTESIAN_POINT('',(9.62962962962964,17.5291252832581,3.19013426157126E-14));
#4197=CARTESIAN_POINT('Origin',(6.5,11.8321595661992,3.31663231176284E-14));
#4198=CARTESIAN_POINT('',(9.62962962962964,17.5291252832581,3.19013426157126E-14));
#4199=CARTESIAN_POINT('Origin',(13.,-4.44089209850063E-15,29.0000004321337));
#4200=CARTESIAN_POINT('',(13.,-11.8321595661992,3.81544039842916E-14));
#4201=CARTESIAN_POINT('',(13.,-11.8321595661992,3.84208575102017E-14));
#4202=CARTESIAN_POINT('',(13.,-5.44009286863974E-15,3.5527136788005E-14));
#4203=CARTESIAN_POINT('',(13.,-8.04999999999999,48.037090787037));
#4204=CARTESIAN_POINT('Origin',(13.,-3.39999999999999,48.037090787037));
#4205=CARTESIAN_POINT('Origin',(6.5,-11.8321595661992,3.84208575102017E-14));
#4206=CARTESIAN_POINT('',(9.62962962962964,-17.5291252832581,3.96858380121175E-14));
#4207=CARTESIAN_POINT('',(9.62962962962964,-17.5291252832581,3.96858380121175E-14));
#4208=CARTESIAN_POINT('Origin',(6.5,-11.8321595661992,3.84208575102017E-14));
#4209=CARTESIAN_POINT('Origin',(0.,0.,3.57935903139151E-14));
#4210=CARTESIAN_POINT('',(-19.470647493047,4.57098306729565,40.));
#4211=CARTESIAN_POINT('Origin',(0.,8.88178419700125E-15,40.));
#4212=CARTESIAN_POINT('',(-19.470647493047,4.57098306729564,-1.01496212929667E-15));
#4213=CARTESIAN_POINT('',(-19.470647493047,4.57098306729564,3.36263071993392E-14));
#4214=CARTESIAN_POINT('Origin',(0.,0.,3.57935903139151E-14));
#4215=CARTESIAN_POINT('Origin',(10.2,8.9,3.38173933300823E-14));
#4216=CARTESIAN_POINT('',(10.2,8.9,3.38173933300823E-14));
#4217=CARTESIAN_POINT('',(10.2,8.90000000000001,40.));
#4218=CARTESIAN_POINT('',(10.2,8.90000000000001,23.5577616852724));
#4219=CARTESIAN_POINT('',(10.2,-8.9,3.77697872977478E-14));
#4220=CARTESIAN_POINT('',(10.2,8.9,3.38173933300823E-14));
#4221=CARTESIAN_POINT('',(10.2,-8.89999999999999,40.));
#4222=CARTESIAN_POINT('',(10.2,-8.9,3.77697872977478E-14));
#4223=CARTESIAN_POINT('',(10.2,1.18998844855887,40.));
#4224=CARTESIAN_POINT('Origin',(-10.2,8.9,3.38173933300823E-14));
#4225=CARTESIAN_POINT('',(-10.2,8.90000000000001,40.));
#4226=CARTESIAN_POINT('',(5.,8.90000000000001,40.));
#4227=CARTESIAN_POINT('',(-10.2,8.9,3.38173933300823E-14));
#4228=CARTESIAN_POINT('',(-10.2,8.9,3.38173933300823E-14));
#4229=CARTESIAN_POINT('',(-10.2,8.9,3.38173933300823E-14));
#4230=CARTESIAN_POINT('Origin',(0.,0.,49.0000007301569));
#4231=CARTESIAN_POINT('',(-4.57098306729564,19.470647493047,40.));
#4232=CARTESIAN_POINT('Origin',(0.,8.88178419700125E-15,40.));
#4233=CARTESIAN_POINT('Ctrl Pts',(-4.57098262587649,19.4706479344661,40.0000005266865));
#4234=CARTESIAN_POINT('Ctrl Pts',(-12.0208152801713,12.0208152801713,52.4875015220679));
#4235=CARTESIAN_POINT('Ctrl Pts',(-19.4706479344661,4.57098262587649,40.0000005266865));
#4236=CARTESIAN_POINT('',(-11.7614835716889,2.38065205204208,58.0000008642673));
#4237=CARTESIAN_POINT('Origin',(0.,0.,58.0000008642673));
#4238=CARTESIAN_POINT('',(-2.38065205204208,11.7614835716889,58.0000008642673));
#4239=CARTESIAN_POINT('Origin',(0.,0.,58.0000008642673));
#4240=CARTESIAN_POINT('Origin',(0.,0.,58.0000008642673));
#4241=CARTESIAN_POINT('',(-18.6208161346656,-3.72566693064545,42.272780387378));
#4242=CARTESIAN_POINT('',(-17.7769080739505,1.42920577608084,44.872899752096));
#4243=CARTESIAN_POINT('Origin',(4.44089209850063E-15,-4.28523222006473,
41.9905354848133));
#4244=CARTESIAN_POINT('',(-15.1711944866257,1.75487270672629,50.6372101517551));
#4245=CARTESIAN_POINT('Ctrl Pts',(-17.7769080739505,1.42920577608084,44.872899752096));
#4246=CARTESIAN_POINT('Ctrl Pts',(-16.3760584815307,1.6049169897432,47.9829913240074));
#4247=CARTESIAN_POINT('Ctrl Pts',(-15.1711944866257,1.75487270672629,50.6372101517551));
#4248=CARTESIAN_POINT('',(-13.5209342094626,-3.07433306935454,53.8014011866961));
#4249=CARTESIAN_POINT('Origin',(-4.44089209850063E-15,4.69693758838881,
48.7095111150148));
#4250=CARTESIAN_POINT('',(-12.5670294979743,-8.22920577608082,51.201281821978));
#4251=CARTESIAN_POINT('Origin',(0.,-3.11026683336925,53.7832761851728));
#4252=CARTESIAN_POINT('',(-15.3621627223741,-8.55487270672628,45.436971422319));
#4253=CARTESIAN_POINT('Ctrl Pts',(-12.5670294979743,-8.22920577608083,51.201281821978));
#4254=CARTESIAN_POINT('Ctrl Pts',(-13.8489938844356,-8.37574298674032,48.6075706162764));
#4255=CARTESIAN_POINT('Ctrl Pts',(-15.3621627223741,-8.55487270672628,45.436971422319));
#4256=CARTESIAN_POINT('Origin',(4.44089209850063E-15,6.38765424428125,35.6463325450266));
#4257=CARTESIAN_POINT('Origin',(-28.2842714581961,-2.10734225625231E-7,
58.0000008642674));
#4258=CARTESIAN_POINT('',(7.07106802259971,21.2132036463307,58.0000008642673));
#4259=CARTESIAN_POINT('Origin',(-7.07106781186548,7.0710678118655,83.0000012367964));
#4260=CARTESIAN_POINT('',(-11.7614835716889,2.38065205204208,67.));
#4261=CARTESIAN_POINT('',(-11.7614835716889,2.38065205204208,58.0000008642673));
#4262=CARTESIAN_POINT('',(-10.3773710601841,3.76476456354672,67.));
#4263=CARTESIAN_POINT('',(-4.07106781186548,10.0710678118655,67.));
#4264=CARTESIAN_POINT('',(-11.4768262631711,2.66530936055982,67.4862222998978));
#4265=CARTESIAN_POINT('Ctrl Pts',(-11.4768262631733,2.66530936055767,67.4862222998989));
#4266=CARTESIAN_POINT('Ctrl Pts',(-11.1150775987253,3.02705802500569,67.3124342454195));
#4267=CARTESIAN_POINT('Ctrl Pts',(-10.7482137108728,3.39392191285816,67.1487972746264));
#4268=CARTESIAN_POINT('Ctrl Pts',(-10.3773710601841,3.76476456354685,67.0000000000001));
#4269=CARTESIAN_POINT('',(-11.4768262631713,2.66530936055931,67.7958731451918));
#4270=CARTESIAN_POINT('',(-11.476826263171,2.66530936055999,58.0000008642673));
#4271=CARTESIAN_POINT('',(-7.87704317234998,6.26509245134663,68.5755869640529));
#4272=CARTESIAN_POINT('Ctrl Pts',(-7.87704317204332,6.26509245168766,68.5755869640331));
#4273=CARTESIAN_POINT('Ctrl Pts',(-8.64114277362193,5.50099285010905,68.5558682238641));
#4274=CARTESIAN_POINT('Ctrl Pts',(-9.38951619077688,4.75261943295409,68.435199684018));
#4275=CARTESIAN_POINT('Ctrl Pts',(-10.5780976803489,3.56403794338205,68.1165270667413));
#4276=CARTESIAN_POINT('Ctrl Pts',(-11.014263366128,3.12787225760296,67.9720303195994));
#4277=CARTESIAN_POINT('Ctrl Pts',(-11.4562116650658,2.68592395866514,67.8037589766211));
#4278=CARTESIAN_POINT('Ctrl Pts',(-11.4665200637316,2.67561555999938,67.7998217555077));
#4279=CARTESIAN_POINT('Ctrl Pts',(-11.4768262631733,2.66530936055771,67.7958731451909));
#4280=CARTESIAN_POINT('',(-7.87704317206618,6.26509245166474,69.282790223334));
#4281=CARTESIAN_POINT('',(-7.87704317206567,6.2650924516653,61.454230324285));
#4282=CARTESIAN_POINT('',(-11.476826263171,2.66530936055999,70.4862222998978));
#4283=CARTESIAN_POINT('Ctrl Pts',(-11.4768262631733,2.66530936055768,70.4862222998989));
#4284=CARTESIAN_POINT('Ctrl Pts',(-11.03708940838,3.10504621535098,70.2749678572764));
#4285=CARTESIAN_POINT('Ctrl Pts',(-10.5910879406309,3.55104768310002,70.0793896510599));
#4286=CARTESIAN_POINT('Ctrl Pts',(-9.40761173408972,4.73452388964124,69.6272066770932));
#4287=CARTESIAN_POINT('Ctrl Pts',(-8.66374854108568,5.4783870826453,69.4103854991571));
#4288=CARTESIAN_POINT('Ctrl Pts',(-7.89579972754946,6.24633589618152,69.2857894657349));
#4289=CARTESIAN_POINT('Ctrl Pts',(-7.88642204168382,6.25571358204716,69.2842826071532));
#4290=CARTESIAN_POINT('Ctrl Pts',(-7.87704317204327,6.26509245168771,69.2827902233304));
#4291=CARTESIAN_POINT('',(-11.476826263171,2.66530936055998,70.7958731451918));
#4292=CARTESIAN_POINT('',(-11.476826263171,2.66530936055999,58.0000008642673));
#4293=CARTESIAN_POINT('',(-7.87704317248259,6.265092451198,71.5755869640624));
#4294=CARTESIAN_POINT('Ctrl Pts',(-7.87704317204334,6.26509245168763,71.5755869640331));
#4295=CARTESIAN_POINT('Ctrl Pts',(-8.64114277362192,5.50099285010906,71.5558682238641));
#4296=CARTESIAN_POINT('Ctrl Pts',(-9.38951619077682,4.75261943295416,71.435199684018));
#4297=CARTESIAN_POINT('Ctrl Pts',(-10.578097680349,3.56403794338202,71.1165270667413));
#4298=CARTESIAN_POINT('Ctrl Pts',(-11.0142633661281,3.12787225760287,70.9720303195993));
#4299=CARTESIAN_POINT('Ctrl Pts',(-11.4562116650624,2.68592395866854,70.8037589766224));
#4300=CARTESIAN_POINT('Ctrl Pts',(-11.4665200637247,2.67561556000623,70.7998217555103));
#4301=CARTESIAN_POINT('Ctrl Pts',(-11.4768262631733,2.6653093605577,70.7958731451909));
#4302=CARTESIAN_POINT('',(-7.87704317209903,6.26509245162792,72.2827902233364));
#4303=CARTESIAN_POINT('',(-7.87704317206567,6.2650924516653,61.454230324285));
#4304=CARTESIAN_POINT('',(-11.4768262274202,2.66530942866567,73.4862222963914));
#4305=CARTESIAN_POINT('Ctrl Pts',(-11.47682621586,2.66530940787094,73.4862222771691));
#4306=CARTESIAN_POINT('Ctrl Pts',(-11.0370893607782,3.10504626295281,73.2749678357482));
#4307=CARTESIAN_POINT('Ctrl Pts',(-10.591087940631,3.5510476831,73.0793896510599));
#4308=CARTESIAN_POINT('Ctrl Pts',(-9.40761173408969,4.73452388964128,72.6272066770932));
#4309=CARTESIAN_POINT('Ctrl Pts',(-8.66374854108566,5.47838708264532,72.4103854991571));
#4310=CARTESIAN_POINT('Ctrl Pts',(-7.89579972754377,6.24633589618721,72.2857894657339));
#4311=CARTESIAN_POINT('Ctrl Pts',(-7.88642204168098,6.25571358204999,72.2842826071527));
#4312=CARTESIAN_POINT('Ctrl Pts',(-7.87704317204327,6.26509245168771,72.2827902233304));
#4313=CARTESIAN_POINT('',(-11.4768262628229,2.66530936122302,73.7958731451577));
#4314=CARTESIAN_POINT('',(-11.476826263171,2.66530936055999,58.0000008642673));
#4315=CARTESIAN_POINT('',(-7.87704317237714,6.26509245131619,74.5755869640548));
#4316=CARTESIAN_POINT('Ctrl Pts',(-7.87704317204334,6.26509245168763,74.5755869640331));
#4317=CARTESIAN_POINT('Ctrl Pts',(-8.64114277362192,5.50099285010906,74.5558682238641));
#4318=CARTESIAN_POINT('Ctrl Pts',(-9.38951619077682,4.75261943295416,74.435199684018));
#4319=CARTESIAN_POINT('Ctrl Pts',(-10.5780976803489,3.56403794338208,74.1165270667413));
#4320=CARTESIAN_POINT('Ctrl Pts',(-11.014263366128,3.12787225760302,73.9720303195994));
#4321=CARTESIAN_POINT('Ctrl Pts',(-11.4562116650659,2.6859239586651,73.8037589766211));
#4322=CARTESIAN_POINT('Ctrl Pts',(-11.4665200637317,2.6756155599993,73.7998217555076));
#4323=CARTESIAN_POINT('Ctrl Pts',(-11.4768262631733,2.6653093605577,73.7958731451909));
#4324=CARTESIAN_POINT('',(-7.87704317225371,6.26509245145454,75.2827902233474));
#4325=CARTESIAN_POINT('',(-7.87704317206567,6.2650924516653,61.454230324285));
#4326=CARTESIAN_POINT('',(-11.4768262631711,2.66530936055983,76.4862222998978));
#4327=CARTESIAN_POINT('Ctrl Pts',(-11.4768262631733,2.66530936055768,76.4862222998989));
#4328=CARTESIAN_POINT('Ctrl Pts',(-11.0370894083799,3.10504621535109,76.2749678572763));
#4329=CARTESIAN_POINT('Ctrl Pts',(-10.5910879406309,3.55104768310008,76.0793896510599));
#4330=CARTESIAN_POINT('Ctrl Pts',(-9.40761173408977,4.73452388964119,75.6272066770932));
#4331=CARTESIAN_POINT('Ctrl Pts',(-8.6637485410857,5.47838708264528,75.4103854991571));
#4332=CARTESIAN_POINT('Ctrl Pts',(-7.89579972754372,6.24633589618726,75.2857894657339));
#4333=CARTESIAN_POINT('Ctrl Pts',(-7.88642204168096,6.25571358205002,75.2842826071527));
#4334=CARTESIAN_POINT('Ctrl Pts',(-7.87704317204327,6.26509245168771,75.2827902233304));
#4335=CARTESIAN_POINT('',(-11.476826263171,2.66530936056,76.7958731451918));
#4336=CARTESIAN_POINT('',(-11.476826263171,2.66530936055999,58.0000008642673));
#4337=CARTESIAN_POINT('',(-7.87704317217166,6.26509245154651,77.5755869640401));
#4338=CARTESIAN_POINT('Ctrl Pts',(-7.87704317204329,6.26509245168768,77.5755869640331));
#4339=CARTESIAN_POINT('Ctrl Pts',(-8.64114277362193,5.50099285010905,77.5558682238641));
#4340=CARTESIAN_POINT('Ctrl Pts',(-9.38951619077693,4.75261943295407,77.435199684018));
#4341=CARTESIAN_POINT('Ctrl Pts',(-10.5780976803488,3.56403794338223,77.1165270667413));
#4342=CARTESIAN_POINT('Ctrl Pts',(-11.0142633661276,3.12787225760331,76.9720303195995));
#4343=CARTESIAN_POINT('Ctrl Pts',(-11.45621166507,2.68592395866096,76.8037589766196));
#4344=CARTESIAN_POINT('Ctrl Pts',(-11.4665200637399,2.67561555999103,76.7998217555044));
#4345=CARTESIAN_POINT('Ctrl Pts',(-11.4768262631733,2.6653093605577,76.7958731451909));
#4346=CARTESIAN_POINT('',(-7.87704317244876,6.26509245123591,78.2827902233614));
#4347=CARTESIAN_POINT('',(-7.87704317206567,6.2650924516653,61.454230324285));
#4348=CARTESIAN_POINT('',(-11.4768262631716,2.66530936055875,79.4862222998978));
#4349=CARTESIAN_POINT('Ctrl Pts',(-11.4768262631733,2.66530936055766,79.4862222998989));
#4350=CARTESIAN_POINT('Ctrl Pts',(-11.0370894083802,3.10504621535079,79.2749678572764));
#4351=CARTESIAN_POINT('Ctrl Pts',(-10.591087940631,3.55104768309993,79.07938965106));
#4352=CARTESIAN_POINT('Ctrl Pts',(-9.40761173408973,4.73452388964123,78.6272066770932));
#4353=CARTESIAN_POINT('Ctrl Pts',(-8.66374854108569,5.47838708264528,78.4103854991571));
#4354=CARTESIAN_POINT('Ctrl Pts',(-7.89579972754694,6.24633589618403,78.2857894657344));
#4355=CARTESIAN_POINT('Ctrl Pts',(-7.88642204168256,6.25571358204841,78.284282607153));
#4356=CARTESIAN_POINT('Ctrl Pts',(-7.87704317204327,6.26509245168771,78.2827902233304));
#4357=CARTESIAN_POINT('',(-11.4768262631712,2.66530936055959,79.7958731451918));
#4358=CARTESIAN_POINT('',(-11.476826263171,2.66530936055999,58.0000008642673));
#4359=CARTESIAN_POINT('',(-7.87704317207495,6.2650924516549,80.5755869640332));
#4360=CARTESIAN_POINT('Ctrl Pts',(-7.87704317204334,6.26509245168764,80.5755869640331));
#4361=CARTESIAN_POINT('Ctrl Pts',(-8.64114277362196,5.50099285010902,80.5558682238641));
#4362=CARTESIAN_POINT('Ctrl Pts',(-9.38951619077693,4.75261943295403,80.435199684018));
#4363=CARTESIAN_POINT('Ctrl Pts',(-10.5780976803491,3.56403794338188,80.1165270667412));
#4364=CARTESIAN_POINT('Ctrl Pts',(-11.0142633661284,3.12787225760258,79.9720303195992));
#4365=CARTESIAN_POINT('Ctrl Pts',(-11.4562116650503,2.68592395868072,79.8037589766271));
#4366=CARTESIAN_POINT('Ctrl Pts',(-11.4665200637003,2.67561556003063,79.7998217555196));
#4367=CARTESIAN_POINT('Ctrl Pts',(-11.4768262631733,2.66530936055763,79.7958731451909));
#4368=CARTESIAN_POINT('',(-7.87704317245143,6.26509245123292,81.2827902233616));
#4369=CARTESIAN_POINT('',(-7.87704317206567,6.2650924516653,61.454230324285));
#4370=CARTESIAN_POINT('',(-11.4768262631726,2.66530936055694,82.4862222998979));
#4371=CARTESIAN_POINT('Ctrl Pts',(-11.4768262631733,2.66530936055763,82.4862222998989));
#4372=CARTESIAN_POINT('Ctrl Pts',(-11.0370894083802,3.10504621535075,82.2749678572765));
#4373=CARTESIAN_POINT('Ctrl Pts',(-10.5910879406311,3.5510476830999,82.07938965106));
#4374=CARTESIAN_POINT('Ctrl Pts',(-9.40761173408965,4.73452388964131,81.6272066770932));
#4375=CARTESIAN_POINT('Ctrl Pts',(-8.66374854108566,5.47838708264531,81.4103854991571));
#4376=CARTESIAN_POINT('Ctrl Pts',(-7.89579972754747,6.24633589618351,81.2857894657345));
#4377=CARTESIAN_POINT('Ctrl Pts',(-7.8864220416828,6.25571358204818,81.284282607153));
#4378=CARTESIAN_POINT('Ctrl Pts',(-7.87704317204322,6.26509245168776,81.2827902233304));
#4379=CARTESIAN_POINT('',(-11.476826263172,2.665309360558,82.7958731451919));
#4380=CARTESIAN_POINT('',(-11.476826263171,2.66530936055999,58.0000008642673));
#4381=CARTESIAN_POINT('',(-7.87704317206571,6.26509245166526,83.5755869640325));
#4382=CARTESIAN_POINT('Ctrl Pts',(-7.87704317204329,6.26509245168769,83.5755869640331));
#4383=CARTESIAN_POINT('Ctrl Pts',(-8.64114277362196,5.50099285010902,83.5558682238641));
#4384=CARTESIAN_POINT('Ctrl Pts',(-9.38951619077702,4.75261943295399,83.435199684018));
#4385=CARTESIAN_POINT('Ctrl Pts',(-10.5780976803487,3.56403794338229,83.1165270667413));
#4386=CARTESIAN_POINT('Ctrl Pts',(-11.0142633661275,3.12787225760346,82.9720303195996));
#4387=CARTESIAN_POINT('Ctrl Pts',(-11.4562116650619,2.68592395866909,82.8037589766227));
#4388=CARTESIAN_POINT('Ctrl Pts',(-11.4665200637236,2.67561556000735,82.7998217555107));
#4389=CARTESIAN_POINT('Ctrl Pts',(-11.4768262631733,2.66530936055764,82.7958731451909));
#4390=CARTESIAN_POINT('',(-7.87704317225799,6.26509245144974,84.2827902233477));
#4391=CARTESIAN_POINT('',(-7.87704317206567,6.2650924516653,61.454230324285));
#4392=CARTESIAN_POINT('',(-11.4768262631728,2.6653093605566,85.486222299898));
#4393=CARTESIAN_POINT('Ctrl Pts',(-11.4768262631733,2.66530936055769,85.4862222998989));
#4394=CARTESIAN_POINT('Ctrl Pts',(-11.0370894083807,3.10504621535025,85.2749678572767));
#4395=CARTESIAN_POINT('Ctrl Pts',(-10.5910879406312,3.55104768309972,85.07938965106));
#4396=CARTESIAN_POINT('Ctrl Pts',(-9.40761173408948,4.73452388964148,84.6272066770931));
#4397=CARTESIAN_POINT('Ctrl Pts',(-8.6637485410856,5.47838708264537,84.4103854991571));
#4398=CARTESIAN_POINT('Ctrl Pts',(-7.89579972754242,6.24633589618855,84.2857894657337));
#4399=CARTESIAN_POINT('Ctrl Pts',(-7.88642204168025,6.25571358205072,84.2842826071526));
#4400=CARTESIAN_POINT('Ctrl Pts',(-7.87704317204316,6.26509245168782,84.2827902233304));
#4401=CARTESIAN_POINT('',(-11.4768262631728,2.6653093605565,85.795873145192));
#4402=CARTESIAN_POINT('',(-11.476826263171,2.66530936055999,58.0000008642673));
#4403=CARTESIAN_POINT('',(-7.87704317206591,6.26509245166504,86.5755869640326));
#4404=CARTESIAN_POINT('Ctrl Pts',(-7.87704317204334,6.26509245168764,86.5755869640331));
#4405=CARTESIAN_POINT('Ctrl Pts',(-8.64114277362197,5.50099285010901,86.5558682238641));
#4406=CARTESIAN_POINT('Ctrl Pts',(-9.38951619077693,4.75261943295403,86.435199684018));
#4407=CARTESIAN_POINT('Ctrl Pts',(-10.5780976803491,3.56403794338188,86.1165270667412));
#4408=CARTESIAN_POINT('Ctrl Pts',(-11.0142633661284,3.12787225760258,85.9720303195992));
#4409=CARTESIAN_POINT('Ctrl Pts',(-11.4562116650619,2.6859239586691,85.8037589766226));
#4410=CARTESIAN_POINT('Ctrl Pts',(-11.4665200637237,2.67561556000729,85.7998217555107));
#4411=CARTESIAN_POINT('Ctrl Pts',(-11.4768262631733,2.66530936055771,85.7958731451909));
#4412=CARTESIAN_POINT('',(-7.87704317210071,6.26509245162604,87.2827902233365));
#4413=CARTESIAN_POINT('',(-7.87704317206567,6.2650924516653,61.454230324285));
#4414=CARTESIAN_POINT('',(-11.4768262631719,2.66530936055821,88.4862222998979));
#4415=CARTESIAN_POINT('Ctrl Pts',(-11.4768262631733,2.66530936055772,88.4862222998989));
#4416=CARTESIAN_POINT('Ctrl Pts',(-11.0370894083808,3.10504621535015,88.2749678572767));
#4417=CARTESIAN_POINT('Ctrl Pts',(-10.5910879406313,3.55104768309974,88.0793896510601));
#4418=CARTESIAN_POINT('Ctrl Pts',(-9.40761173408984,4.73452388964116,87.6272066770933));
#4419=CARTESIAN_POINT('Ctrl Pts',(-8.66374854108572,5.47838708264526,87.4103854991571));
#4420=CARTESIAN_POINT('Ctrl Pts',(-7.89579972754126,6.24633589618972,87.2857894657335));
#4421=CARTESIAN_POINT('Ctrl Pts',(-7.88642204167973,6.25571358205125,87.2842826071525));
#4422=CARTESIAN_POINT('Ctrl Pts',(-7.87704317204326,6.26509245168772,87.2827902233304));
#4423=CARTESIAN_POINT('',(-11.4768262631725,2.66530936055717,88.7958731451919));
#4424=CARTESIAN_POINT('',(-11.476826263171,2.66530936055999,58.0000008642673));
#4425=CARTESIAN_POINT('',(-7.87704317208958,6.26509245163851,89.5755869640342));
#4426=CARTESIAN_POINT('Ctrl Pts',(-7.87704317204339,6.26509245168758,89.5755869640331));
#4427=CARTESIAN_POINT('Ctrl Pts',(-8.64114277362194,5.50099285010903,89.5558682238641));
#4428=CARTESIAN_POINT('Ctrl Pts',(-9.38951619077681,4.75261943295415,89.435199684018));
#4429=CARTESIAN_POINT('Ctrl Pts',(-10.5780976803491,3.56403794338188,89.1165270667412));
#4430=CARTESIAN_POINT('Ctrl Pts',(-11.0142633661284,3.12787225760257,88.9720303195992));
#4431=CARTESIAN_POINT('Ctrl Pts',(-11.4562116650692,2.68592395866185,88.8037589766199));
#4432=CARTESIAN_POINT('Ctrl Pts',(-11.4665200637383,2.67561555999271,88.7998217555051));
#4433=CARTESIAN_POINT('Ctrl Pts',(-11.4768262631733,2.66530936055771,88.7958731451909));
#4434=CARTESIAN_POINT('',(-7.87704317206628,6.26509245166462,90.282790223334));
#4435=CARTESIAN_POINT('',(-7.87704317206567,6.2650924516653,61.454230324285));
#4436=CARTESIAN_POINT('',(-11.4768262631712,2.66530936055967,91.4862222998978));
#4437=CARTESIAN_POINT('Ctrl Pts',(-11.4768262631733,2.66530936055763,91.4862222998989));
#4438=CARTESIAN_POINT('Ctrl Pts',(-11.0370894083798,3.10504621535116,91.2749678572763));
#4439=CARTESIAN_POINT('Ctrl Pts',(-10.5910879406309,3.55104768310011,91.0793896510599));
#4440=CARTESIAN_POINT('Ctrl Pts',(-9.40761173408984,4.73452388964115,90.6272066770933));
#4441=CARTESIAN_POINT('Ctrl Pts',(-8.66374854108572,5.47838708264526,90.4103854991571));
#4442=CARTESIAN_POINT('Ctrl Pts',(-7.89579972755774,6.24633589617323,90.2857894657362));
#4443=CARTESIAN_POINT('Ctrl Pts',(-7.88642204168798,6.255713582043,90.2842826071539));
#4444=CARTESIAN_POINT('Ctrl Pts',(-7.87704317204331,6.26509245168767,90.2827902233304));
#4445=CARTESIAN_POINT('',(-11.4768262631715,2.66530936055898,91.7958731451918));
#4446=CARTESIAN_POINT('',(-11.476826263171,2.66530936055999,58.0000008642673));
#4447=CARTESIAN_POINT('',(-7.87704317222731,6.26509245148413,92.5755869640441));
#4448=CARTESIAN_POINT('Ctrl Pts',(-7.87704317204333,6.26509245168765,92.5755869640331));
#4449=CARTESIAN_POINT('Ctrl Pts',(-8.64114277362202,5.50099285010896,92.5558682238641));
#4450=CARTESIAN_POINT('Ctrl Pts',(-9.38951619077717,4.75261943295389,92.4351996840179));
#4451=CARTESIAN_POINT('Ctrl Pts',(-10.5780976803485,3.56403794338258,92.1165270667414));
#4452=CARTESIAN_POINT('Ctrl Pts',(-11.0142633661269,3.12787225760402,91.9720303195998));
#4453=CARTESIAN_POINT('Ctrl Pts',(-11.4562116650853,2.68592395864562,91.8037589766138));
#4454=CARTESIAN_POINT('Ctrl Pts',(-11.4665200637707,2.67561555996028,91.7998217554926));
#4455=CARTESIAN_POINT('Ctrl Pts',(-11.4768262631733,2.66530936055772,91.7958731451909));
#4456=CARTESIAN_POINT('',(-7.87704315144326,6.26509247478037,93.2827902218573));
#4457=CARTESIAN_POINT('',(-7.87704317206567,6.2650924516653,61.454230324285));
#4458=CARTESIAN_POINT('',(-11.476826263171,2.66530936055997,94.4862222998978));
#4459=CARTESIAN_POINT('Ctrl Pts',(-11.4768262631733,2.66530936055764,94.4862222998989));
#4460=CARTESIAN_POINT('Ctrl Pts',(-11.0370894083802,3.10504621535076,94.2749678572765));
#4461=CARTESIAN_POINT('Ctrl Pts',(-10.591087940631,3.55104768309991,94.07938965106));
#4462=CARTESIAN_POINT('Ctrl Pts',(-9.40761173408983,4.73452388964112,93.6272066770933));
#4463=CARTESIAN_POINT('Ctrl Pts',(-8.66374854108573,5.47838708264525,93.4103854991571));
#4464=CARTESIAN_POINT('Ctrl Pts',(-7.89579972754648,6.24633589618449,93.2857894657344));
#4465=CARTESIAN_POINT('Ctrl Pts',(-7.88642204168235,6.25571358204862,93.284282607153));
#4466=CARTESIAN_POINT('Ctrl Pts',(-7.87704317204331,6.26509245168767,93.2827902233304));
#4467=CARTESIAN_POINT('',(-11.476826263171,2.66530936055989,94.7958731451918));
#4468=CARTESIAN_POINT('',(-11.476826263171,2.66530936055999,58.0000008642673));
#4469=CARTESIAN_POINT('',(-7.87704317243067,6.26509245125619,95.5755869640587));
#4470=CARTESIAN_POINT('Ctrl Pts',(-7.87704317204338,6.2650924516876,95.5755869640331));
#4471=CARTESIAN_POINT('Ctrl Pts',(-8.64114277362203,5.50099285010895,95.5558682238641));
#4472=CARTESIAN_POINT('Ctrl Pts',(-9.38951619077708,4.75261943295393,95.4351996840179));
#4473=CARTESIAN_POINT('Ctrl Pts',(-10.5780976803488,3.56403794338217,95.1165270667413));
#4474=CARTESIAN_POINT('Ctrl Pts',(-11.0142633661278,3.12787225760313,94.9720303195994));
#4475=CARTESIAN_POINT('Ctrl Pts',(-11.4562116650458,2.68592395868512,94.8037589766288));
#4476=CARTESIAN_POINT('Ctrl Pts',(-11.4665200636914,2.67561556003953,94.7998217555231));
#4477=CARTESIAN_POINT('Ctrl Pts',(-11.4768262631734,2.6653093605575,94.7958731451909));
#4478=CARTESIAN_POINT('',(-7.87704317207095,6.26509245165939,96.2827902233343));
#4479=CARTESIAN_POINT('',(-7.87704317206567,6.2650924516653,61.454230324285));
#4480=CARTESIAN_POINT('',(-11.4768262573618,2.66530937162656,97.486222299328));
#4481=CARTESIAN_POINT('Ctrl Pts',(-11.4768262554834,2.66530936824761,97.4862222962046));
#4482=CARTESIAN_POINT('Ctrl Pts',(-11.0370894006437,3.10504622308728,97.2749678537776));
#4483=CARTESIAN_POINT('Ctrl Pts',(-10.5910879406312,3.55104768309978,97.07938965106));
#4484=CARTESIAN_POINT('Ctrl Pts',(-9.40761173408992,4.73452388964106,96.6272066770933));
#4485=CARTESIAN_POINT('Ctrl Pts',(-8.66374854108578,5.47838708264518,96.4103854991571));
#4486=CARTESIAN_POINT('Ctrl Pts',(-7.89579972754748,6.24633589618349,96.2857894657345));
#4487=CARTESIAN_POINT('Ctrl Pts',(-7.88642204168283,6.25571358204815,96.284282607153));
#4488=CARTESIAN_POINT('Ctrl Pts',(-7.87704317204326,6.26509245168772,96.2827902233304));
#4489=CARTESIAN_POINT('',(-11.4768262515735,2.66530938265336,97.7958731440543));
#4490=CARTESIAN_POINT('',(-11.476826263171,2.66530936055999,58.0000008642673));
#4491=CARTESIAN_POINT('',(-7.87704317246545,6.26509245121721,98.5755869640612));
#4492=CARTESIAN_POINT('Ctrl Pts',(-7.87704317204334,6.26509245168763,98.5755869640331));
#4493=CARTESIAN_POINT('Ctrl Pts',(-8.64114277362197,5.500992850109,98.5558682238641));
#4494=CARTESIAN_POINT('Ctrl Pts',(-9.38951619077695,4.75261943295402,98.435199684018));
#4495=CARTESIAN_POINT('Ctrl Pts',(-10.5780976803491,3.56403794338189,98.1165270667412));
#4496=CARTESIAN_POINT('Ctrl Pts',(-11.0142633661284,3.12787225760258,97.9720303195992));
#4497=CARTESIAN_POINT('Ctrl Pts',(-11.4562116650385,2.68592395869247,97.8037589766315));
#4498=CARTESIAN_POINT('Ctrl Pts',(-11.4665200481815,2.67561557554941,97.7998217614531));
#4499=CARTESIAN_POINT('Ctrl Pts',(-11.4768262476804,2.66530937605057,97.7958731511267));
#4500=CARTESIAN_POINT('',(-7.87704317214843,6.26509245157254,99.2827902233399));
#4501=CARTESIAN_POINT('',(-7.87704317206567,6.2650924516653,61.454230324285));
#4502=CARTESIAN_POINT('',(-11.476826263171,2.66530936055997,100.486222299898));
#4503=CARTESIAN_POINT('Ctrl Pts',(-11.4768262631733,2.66530936055763,100.486222299899));
#4504=CARTESIAN_POINT('Ctrl Pts',(-11.0370894083798,3.10504621535119,100.274967857276));
#4505=CARTESIAN_POINT('Ctrl Pts',(-10.5910879406309,3.55104768310018,100.07938965106));
#4506=CARTESIAN_POINT('Ctrl Pts',(-9.40761173408986,4.73452388964118,99.6272066770933));
#4507=CARTESIAN_POINT('Ctrl Pts',(-8.66374854108571,5.47838708264527,99.4103854991571));
#4508=CARTESIAN_POINT('Ctrl Pts',(-7.89579972754742,6.24633589618355,99.2857894657345));
#4509=CARTESIAN_POINT('Ctrl Pts',(-7.88642204168277,6.25571358204821,99.284282607153));
#4510=CARTESIAN_POINT('Ctrl Pts',(-7.8770431720432,6.26509245168777,99.2827902233304));
#4511=CARTESIAN_POINT('',(-11.476826263171,2.66530936055998,100.795873145192));
#4512=CARTESIAN_POINT('',(-11.476826263171,2.66530936055999,58.0000008642673));
#4513=CARTESIAN_POINT('',(-7.87704317228543,6.26509245141898,101.575586964048));
#4514=CARTESIAN_POINT('Ctrl Pts',(-7.87704317204338,6.26509245168759,101.575586964033));
#4515=CARTESIAN_POINT('Ctrl Pts',(-8.64114277362203,5.50099285010894,101.555868223864));
#4516=CARTESIAN_POINT('Ctrl Pts',(-9.38951619077702,4.75261943295391,101.435199684018));
#4517=CARTESIAN_POINT('Ctrl Pts',(-10.5780976803491,3.56403794338187,101.116527066741));
#4518=CARTESIAN_POINT('Ctrl Pts',(-11.0142633661283,3.12787225760262,100.972030319599));
#4519=CARTESIAN_POINT('Ctrl Pts',(-11.4562116650544,2.68592395867652,100.803758976625));
#4520=CARTESIAN_POINT('Ctrl Pts',(-11.4665200637087,2.67561556002227,100.799821755516));
#4521=CARTESIAN_POINT('Ctrl Pts',(-11.4768262631733,2.66530936055765,100.795873145191));
#4522=CARTESIAN_POINT('',(-7.87704317234664,6.26509245135037,102.282790223354));
#4523=CARTESIAN_POINT('',(-7.87704317206567,6.2650924516653,61.454230324285));
#4524=CARTESIAN_POINT('',(-11.4768262631715,2.66530936055909,103.486222299898));
#4525=CARTESIAN_POINT('Ctrl Pts',(-11.4768262631733,2.6653093605577,103.486222299899));
#4526=CARTESIAN_POINT('Ctrl Pts',(-11.0370894083805,3.10504621535045,103.274967857277));
#4527=CARTESIAN_POINT('Ctrl Pts',(-10.5910879406312,3.55104768309978,103.07938965106));
#4528=CARTESIAN_POINT('Ctrl Pts',(-9.40761173408975,4.73452388964123,102.627206677093));
#4529=CARTESIAN_POINT('Ctrl Pts',(-8.66374854108572,5.47838708264524,102.410385499157));
#4530=CARTESIAN_POINT('Ctrl Pts',(-7.89579972754731,6.24633589618366,102.285789465735));
#4531=CARTESIAN_POINT('Ctrl Pts',(-7.88642204168274,6.25571358204824,102.284282607153));
#4532=CARTESIAN_POINT('Ctrl Pts',(-7.87704317204325,6.26509245168772,102.28279022333));
#4533=CARTESIAN_POINT('',(-11.4768262631711,2.66530936055973,103.795873145192));
#4534=CARTESIAN_POINT('',(-11.476826263171,2.66530936055999,58.0000008642673));
#4535=CARTESIAN_POINT('',(-7.87704317211281,6.26509245161246,104.575586964036));
#4536=CARTESIAN_POINT('Ctrl Pts',(-7.87704317204322,6.26509245168775,104.575586964033));
#4537=CARTESIAN_POINT('Ctrl Pts',(-8.64114277362176,5.50099285010922,104.555868223864));
#4538=CARTESIAN_POINT('Ctrl Pts',(-9.38951619077652,4.75261943295437,104.435199684018));
#4539=CARTESIAN_POINT('Ctrl Pts',(-10.578097680349,3.56403794338185,104.116527066741));
#4540=CARTESIAN_POINT('Ctrl Pts',(-11.0142633661282,3.12787225760267,103.972030319599));
#4541=CARTESIAN_POINT('Ctrl Pts',(-11.4562116650384,2.68592395869249,103.803758976632));
#4542=CARTESIAN_POINT('Ctrl Pts',(-11.4665200636764,2.67561556005459,103.799821755529));
#4543=CARTESIAN_POINT('Ctrl Pts',(-11.4768262631734,2.6653093605576,103.795873145191));
#4544=CARTESIAN_POINT('',(-7.87704317248227,6.26509245119836,105.282790223364));
#4545=CARTESIAN_POINT('',(-7.87704317206567,6.2650924516653,61.454230324285));
#4546=CARTESIAN_POINT('Ctrl Pts',(-10.3586720454496,3.7834635782814,105.992511159157));
#4547=CARTESIAN_POINT('Ctrl Pts',(-10.2866424449218,3.85549317880918,105.963717621192));
#4548=CARTESIAN_POINT('Ctrl Pts',(-10.2145271343217,3.92760848940928,105.935513175694));
#4549=CARTESIAN_POINT('Ctrl Pts',(-9.40761173408967,4.73452388964128,105.627206677093));
#4550=CARTESIAN_POINT('Ctrl Pts',(-8.66374854108567,5.47838708264531,105.410385499157));
#4551=CARTESIAN_POINT('Ctrl Pts',(-7.89579972754632,6.24633589618466,105.285789465734));
#4552=CARTESIAN_POINT('Ctrl Pts',(-7.88642204168227,6.25571358204871,105.284282607153));
#4553=CARTESIAN_POINT('Ctrl Pts',(-7.8770431720433,6.26509245168767,105.28279022333));
#4554=CARTESIAN_POINT('',(-6.26509245166472,7.8770431720662,105.174413035967));
#4555=CARTESIAN_POINT('Ctrl Pts',(-6.26509245168768,7.8770431720433,105.174413035967));
#4556=CARTESIAN_POINT('Ctrl Pts',(-5.48692033934299,8.65521528438799,105.194494938455));
#4557=CARTESIAN_POINT('Ctrl Pts',(-4.7251579333136,9.41697769041738,105.319297440573));
#4558=CARTESIAN_POINT('Ctrl Pts',(-3.72572012630205,10.4164154974289,105.591118341517));
#4559=CARTESIAN_POINT('Ctrl Pts',(-3.48962907605913,10.6525065476718,105.663297258051));
#4560=CARTESIAN_POINT('Ctrl Pts',(-3.25470018861802,10.887435435113,105.742115636365));
#4561=CARTESIAN_POINT('',(-6.26509245163733,7.87704317209063,104.467209776664));
#4562=CARTESIAN_POINT('',(-6.2650924516653,7.87704317206567,61.454230324285));
#4563=CARTESIAN_POINT('',(-2.66530936055803,11.476826263172,103.263777700102));
#4564=CARTESIAN_POINT('Ctrl Pts',(-2.6653093605578,11.4768262631732,103.263777700101));
#4565=CARTESIAN_POINT('Ctrl Pts',(-3.12506892040645,11.0170667033245,103.484651271414));
#4566=CARTESIAN_POINT('Ctrl Pts',(-3.59177137772328,10.5503642460077,103.688434063003));
#4567=CARTESIAN_POINT('Ctrl Pts',(-4.7855587720179,9.35657685171305,104.138398804236));
#4568=CARTESIAN_POINT('Ctrl Pts',(-5.51811027117658,8.6240253525544,104.348348531676));
#4569=CARTESIAN_POINT('Ctrl Pts',(-6.26509245168802,7.87704317204296,104.46720977667));
#4570=CARTESIAN_POINT('',(-2.66530936055699,11.4768262631726,102.954126854808));
#4571=CARTESIAN_POINT('',(-2.66530936055999,11.476826263171,58.0000008642673));
#4572=CARTESIAN_POINT('',(-6.26509245162752,7.87704317209938,102.174413035965));
#4573=CARTESIAN_POINT('Ctrl Pts',(-6.26509245168784,7.87704317204314,102.174413035967));
#4574=CARTESIAN_POINT('Ctrl Pts',(-5.48692033934307,8.65521528438791,102.194494938455));
#4575=CARTESIAN_POINT('Ctrl Pts',(-4.72515793331361,9.41697769041742,102.319297440573));
#4576=CARTESIAN_POINT('Ctrl Pts',(-3.52661501877068,10.6155206049603,102.645269714752));
#4577=CARTESIAN_POINT('Ctrl Pts',(-3.09371014032134,11.0484254834096,102.789993825147));
#4578=CARTESIAN_POINT('Ctrl Pts',(-2.66530936055779,11.4768262631732,102.954126854809));
#4579=CARTESIAN_POINT('',(-6.26509245166514,7.87704317206582,101.467209776666));
#4580=CARTESIAN_POINT('',(-6.2650924516653,7.87704317206567,61.454230324285));
#4581=CARTESIAN_POINT('',(-2.6653093605596,11.4768262631712,100.263777700102));
#4582=CARTESIAN_POINT('Ctrl Pts',(-2.66530936055775,11.4768262631732,100.263777700101));
#4583=CARTESIAN_POINT('Ctrl Pts',(-3.12506892040791,11.0170667033231,100.484651271415));
#4584=CARTESIAN_POINT('Ctrl Pts',(-3.59177137772372,10.5503642460074,100.688434063003));
#4585=CARTESIAN_POINT('Ctrl Pts',(-4.7855587720167,9.35657685171438,101.138398804235));
#4586=CARTESIAN_POINT('Ctrl Pts',(-5.51811027117594,8.62402535255504,101.348348531676));
#4587=CARTESIAN_POINT('Ctrl Pts',(-6.26509245168777,7.87704317204321,101.46720977667));
#4588=CARTESIAN_POINT('',(-2.66530936055882,11.4768262631716,99.9541268548082));
#4589=CARTESIAN_POINT('',(-2.66530936055999,11.476826263171,58.0000008642673));
#4590=CARTESIAN_POINT('',(-6.26509245145361,7.87704317225454,99.174413035954));
#4591=CARTESIAN_POINT('Ctrl Pts',(-6.26509245168768,7.87704317204329,99.1744130359669));
#4592=CARTESIAN_POINT('Ctrl Pts',(-5.48692033934292,8.65521528438805,99.194494938455));
#4593=CARTESIAN_POINT('Ctrl Pts',(-4.72515793331344,9.41697769041754,99.3192974405734));
#4594=CARTESIAN_POINT('Ctrl Pts',(-3.52661501877146,10.6155206049595,99.6452697147513));
#4595=CARTESIAN_POINT('Ctrl Pts',(-3.09371014032344,11.0484254834075,99.789993825146));
#4596=CARTESIAN_POINT('Ctrl Pts',(-2.66530936055754,11.4768262631734,99.9541268548092));
#4597=CARTESIAN_POINT('',(-6.26509245166526,7.87704317206572,98.4672097766661));
#4598=CARTESIAN_POINT('',(-6.2650924516653,7.87704317206567,61.454230324285));
#4599=CARTESIAN_POINT('',(-2.66530936055999,11.476826263171,97.2637777001022));
#4600=CARTESIAN_POINT('Ctrl Pts',(-2.66530936055771,11.4768262631733,97.2637777001011));
#4601=CARTESIAN_POINT('Ctrl Pts',(-3.12506892040894,11.017066703322,97.4846512714155));
#4602=CARTESIAN_POINT('Ctrl Pts',(-3.59177137772422,10.5503642460069,97.6884340630036));
#4603=CARTESIAN_POINT('Ctrl Pts',(-4.78555877201683,9.35657685171431,98.1383988042352));
#4604=CARTESIAN_POINT('Ctrl Pts',(-5.51811027117601,8.62402535255496,98.3483485316762));
#4605=CARTESIAN_POINT('Ctrl Pts',(-6.2650924516878,7.87704317204317,98.4672097766696));
#4606=CARTESIAN_POINT('',(-2.66530936055991,11.476826263171,96.9541268548082));
#4607=CARTESIAN_POINT('',(-2.66530936055999,11.476826263171,58.0000008642673));
#4608=CARTESIAN_POINT('',(-6.2650924512353,7.87704317244931,96.17441303594));
#4609=CARTESIAN_POINT('Ctrl Pts',(-6.26509245168773,7.87704317204324,96.1744130359669));
#4610=CARTESIAN_POINT('Ctrl Pts',(-5.48692033934298,8.65521528438799,96.194494938455));
#4611=CARTESIAN_POINT('Ctrl Pts',(-4.72515793331355,9.41697769041748,96.3192974405734));
#4612=CARTESIAN_POINT('Ctrl Pts',(-3.52661501877135,10.6155206049597,96.6452697147513));
#4613=CARTESIAN_POINT('Ctrl Pts',(-3.09371014032306,11.0484254834079,96.7899938251461));
#4614=CARTESIAN_POINT('Ctrl Pts',(-2.66530936055762,11.4768262631734,96.9541268548091));
#4615=CARTESIAN_POINT('',(-6.26509245165548,7.87704317207444,95.4672097766654));
#4616=CARTESIAN_POINT('',(-6.2650924516653,7.87704317206567,61.454230324285));
#4617=CARTESIAN_POINT('',(-2.66530936318459,11.4768262617933,94.2637777002374));
#4618=CARTESIAN_POINT('Ctrl Pts',(-2.66530936055775,11.4768262631732,94.2637777001012));
#4619=CARTESIAN_POINT('Ctrl Pts',(-3.12506892040711,11.0170667033239,94.4846512714147));
#4620=CARTESIAN_POINT('Ctrl Pts',(-3.59177137772333,10.5503642460077,94.6884340630033));
#4621=CARTESIAN_POINT('Ctrl Pts',(-4.78555877201715,9.35657685171384,95.1383988042354));
#4622=CARTESIAN_POINT('Ctrl Pts',(-5.51811027117612,8.62402535255486,95.3483485316762));
#4623=CARTESIAN_POINT('Ctrl Pts',(-6.26509245168778,7.87704317204321,95.4672097766696));
#4624=CARTESIAN_POINT('',(-2.66530940793731,11.4768262383011,93.9541268572474));
#4625=CARTESIAN_POINT('',(-2.66530936055999,11.476826263171,58.0000008642673));
#4626=CARTESIAN_POINT('',(-6.26509245123349,7.87704317245092,93.1744130359399));
#4627=CARTESIAN_POINT('Ctrl Pts',(-6.26509245168779,7.87704317204318,93.1744130359669));
#4628=CARTESIAN_POINT('Ctrl Pts',(-5.486920339343,8.65521528438797,93.194494938455));
#4629=CARTESIAN_POINT('Ctrl Pts',(-4.72515793331349,9.41697769041749,93.3192974405734));
#4630=CARTESIAN_POINT('Ctrl Pts',(-3.52661501877119,10.6155206049598,93.6452697147514));
#4631=CARTESIAN_POINT('Ctrl Pts',(-3.09371017373837,11.0484254499926,93.7899938134363));
#4632=CARTESIAN_POINT('Ctrl Pts',(-2.66530939377827,11.4768262299527,93.9541268420813));
#4633=CARTESIAN_POINT('',(-6.26509245154949,7.877043172169,92.4672097766586));
#4634=CARTESIAN_POINT('',(-6.2650924516653,7.87704317206567,61.454230324285));
#4635=CARTESIAN_POINT('',(-2.66530936055994,11.476826263171,91.2637777001022));
#4636=CARTESIAN_POINT('Ctrl Pts',(-2.66530936055769,11.4768262631733,91.2637777001011));
#4637=CARTESIAN_POINT('Ctrl Pts',(-3.12506892040701,11.017066703324,91.4846512714146));
#4638=CARTESIAN_POINT('Ctrl Pts',(-3.59177137772317,10.5503642460078,91.6884340630033));
#4639=CARTESIAN_POINT('Ctrl Pts',(-4.78555877201718,9.35657685171375,92.1383988042354));
#4640=CARTESIAN_POINT('Ctrl Pts',(-5.5181102711761,8.62402535255488,92.3483485316762));
#4641=CARTESIAN_POINT('Ctrl Pts',(-6.26509245168772,7.87704317204326,92.4672097766696));
#4642=CARTESIAN_POINT('',(-2.66530936056001,11.476826263171,90.9541268548082));
#4643=CARTESIAN_POINT('',(-2.66530936055999,11.476826263171,58.0000008642673));
#4644=CARTESIAN_POINT('',(-6.26509245145074,7.8770431722571,90.1744130359538));
#4645=CARTESIAN_POINT('Ctrl Pts',(-6.2650924516877,7.87704317204328,90.1744130359669));
#4646=CARTESIAN_POINT('Ctrl Pts',(-5.48692033934293,8.65521528438805,90.194494938455));
#4647=CARTESIAN_POINT('Ctrl Pts',(-4.72515793331344,9.41697769041755,90.3192974405734));
#4648=CARTESIAN_POINT('Ctrl Pts',(-3.52661501877093,10.6155206049601,90.6452697147514));
#4649=CARTESIAN_POINT('Ctrl Pts',(-3.09371014032211,11.0484254834089,90.7899938251465));
#4650=CARTESIAN_POINT('Ctrl Pts',(-2.66530936055772,11.4768262631733,90.9541268548091));
#4651=CARTESIAN_POINT('',(-6.26509245131989,7.87704317237383,89.467209776644));
#4652=CARTESIAN_POINT('',(-6.2650924516653,7.87704317206567,61.454230324285));
#4653=CARTESIAN_POINT('',(-2.66530936055923,11.4768262631714,88.2637777001022));
#4654=CARTESIAN_POINT('Ctrl Pts',(-2.66530936055767,11.4768262631733,88.2637777001011));
#4655=CARTESIAN_POINT('Ctrl Pts',(-3.1250689204077,11.0170667033233,88.4846512714149));
#4656=CARTESIAN_POINT('Ctrl Pts',(-3.59177137772339,10.5503642460076,88.6884340630033));
#4657=CARTESIAN_POINT('Ctrl Pts',(-4.78555877201712,9.35657685171384,89.1383988042354));
#4658=CARTESIAN_POINT('Ctrl Pts',(-5.51811027117604,8.62402535255494,89.3483485316762));
#4659=CARTESIAN_POINT('Ctrl Pts',(-6.26509245168767,7.87704317204331,89.4672097766696));
#4660=CARTESIAN_POINT('',(-2.66530936055979,11.4768262631711,87.9541268548082));
#4661=CARTESIAN_POINT('',(-2.66530936055999,11.476826263171,58.0000008642673));
#4662=CARTESIAN_POINT('',(-6.26509245162648,7.87704317210031,87.174413035965));
#4663=CARTESIAN_POINT('Ctrl Pts',(-6.26509245168775,7.87704317204323,87.1744130359669));
#4664=CARTESIAN_POINT('Ctrl Pts',(-5.48692033934303,8.65521528438795,87.194494938455));
#4665=CARTESIAN_POINT('Ctrl Pts',(-4.72515793331362,9.41697769041738,87.3192974405734));
#4666=CARTESIAN_POINT('Ctrl Pts',(-3.52661501877119,10.6155206049598,87.6452697147514));
#4667=CARTESIAN_POINT('Ctrl Pts',(-3.09371014032277,11.0484254834082,87.7899938251462));
#4668=CARTESIAN_POINT('Ctrl Pts',(-2.66530936055761,11.4768262631734,87.9541268548091));
#4669=CARTESIAN_POINT('',(-6.26509245119773,7.87704317248282,86.4672097766362));
#4670=CARTESIAN_POINT('',(-6.2650924516653,7.87704317206567,61.454230324285));
#4671=CARTESIAN_POINT('',(-2.66530936055748,11.4768262631723,85.2637777001021));
#4672=CARTESIAN_POINT('Ctrl Pts',(-2.66530936055775,11.4768262631732,85.2637777001012));
#4673=CARTESIAN_POINT('Ctrl Pts',(-3.12506892040673,11.0170667033242,85.4846512714145));
#4674=CARTESIAN_POINT('Ctrl Pts',(-3.59177137772305,10.5503642460079,85.6884340630032));
#4675=CARTESIAN_POINT('Ctrl Pts',(-4.78555877201694,9.35657685171402,86.1383988042353));
#4676=CARTESIAN_POINT('Ctrl Pts',(-5.51811027117597,8.62402535255501,86.3483485316762));
#4677=CARTESIAN_POINT('Ctrl Pts',(-6.26509245168767,7.8770431720433,86.4672097766696));
#4678=CARTESIAN_POINT('',(-2.66530936055857,11.4768262631717,84.9541268548082));
#4679=CARTESIAN_POINT('',(-2.66530936055999,11.476826263171,58.0000008642673));
#4680=CARTESIAN_POINT('',(-6.26509245166467,7.87704317206624,84.1744130359674));
#4681=CARTESIAN_POINT('Ctrl Pts',(-6.26509245168765,7.87704317204333,84.1744130359669));
#4682=CARTESIAN_POINT('Ctrl Pts',(-5.48692033934296,8.65521528438802,84.194494938455));
#4683=CARTESIAN_POINT('Ctrl Pts',(-4.72515793331356,9.41697769041743,84.3192974405734));
#4684=CARTESIAN_POINT('Ctrl Pts',(-3.52661501877106,10.6155206049599,84.6452697147514));
#4685=CARTESIAN_POINT('Ctrl Pts',(-3.09371014032243,11.0484254834085,84.7899938251464));
#4686=CARTESIAN_POINT('Ctrl Pts',(-2.66530936055766,11.4768262631733,84.9541268548091));
#4687=CARTESIAN_POINT('',(-6.26509245134273,7.87704317235346,83.4672097766454));
#4688=CARTESIAN_POINT('',(-6.2650924516653,7.87704317206567,61.454230324285));
#4689=CARTESIAN_POINT('',(-2.66530936055649,11.4768262631728,82.2637777001021));
#4690=CARTESIAN_POINT('Ctrl Pts',(-2.66530936055775,11.4768262631732,82.2637777001012));
#4691=CARTESIAN_POINT('Ctrl Pts',(-3.12506892040709,11.0170667033239,82.4846512714146));
#4692=CARTESIAN_POINT('Ctrl Pts',(-3.59177137772318,10.5503642460078,82.6884340630033));
#4693=CARTESIAN_POINT('Ctrl Pts',(-4.78555877201693,9.35657685171402,83.1383988042353));
#4694=CARTESIAN_POINT('Ctrl Pts',(-5.51811027117597,8.62402535255501,83.3483485316762));
#4695=CARTESIAN_POINT('Ctrl Pts',(-6.26509245168767,7.87704317204331,83.4672097766696));
#4696=CARTESIAN_POINT('',(-2.66530936055681,11.4768262631727,81.9541268548081));
#4697=CARTESIAN_POINT('',(-2.66530936055999,11.476826263171,58.0000008642673));
#4698=CARTESIAN_POINT('',(-6.26509247617937,7.87704315019512,81.1744130375335));
#4699=CARTESIAN_POINT('Ctrl Pts',(-6.26509245168766,7.87704317204332,81.1744130359669));
#4700=CARTESIAN_POINT('Ctrl Pts',(-5.4869203393429,8.65521528438808,81.194494938455));
#4701=CARTESIAN_POINT('Ctrl Pts',(-4.7251579333134,9.41697769041759,81.3192974405734));
#4702=CARTESIAN_POINT('Ctrl Pts',(-3.52661501877107,10.6155206049599,81.6452697147514));
#4703=CARTESIAN_POINT('Ctrl Pts',(-3.09371014032244,11.0484254834085,81.7899938251464));
#4704=CARTESIAN_POINT('Ctrl Pts',(-2.66530936055767,11.4768262631733,81.9541268548091));
#4705=CARTESIAN_POINT('',(-6.26509245156726,7.87704317215315,80.4672097766598));
#4706=CARTESIAN_POINT('',(-6.2650924516653,7.87704317206567,61.454230324285));
#4707=CARTESIAN_POINT('',(-2.66530936055763,11.4768262631722,79.2637777001021));
#4708=CARTESIAN_POINT('Ctrl Pts',(-2.6653093605578,11.4768262631732,79.2637777001012));
#4709=CARTESIAN_POINT('Ctrl Pts',(-3.12506892040698,11.017066703324,79.4846512714146));
#4710=CARTESIAN_POINT('Ctrl Pts',(-3.59177137772313,10.5503642460079,79.6884340630032));
#4711=CARTESIAN_POINT('Ctrl Pts',(-4.78555877201678,9.3565768517142,80.1383988042352));
#4712=CARTESIAN_POINT('Ctrl Pts',(-5.51811027117587,8.6240253525551,80.3483485316762));
#4713=CARTESIAN_POINT('Ctrl Pts',(-6.26509245168762,7.87704317204336,80.4672097766696));
#4714=CARTESIAN_POINT('',(-2.66530936055671,11.4768262631727,78.9541268548081));
#4715=CARTESIAN_POINT('',(-2.66530936055999,11.476826263171,58.0000008642673));
#4716=CARTESIAN_POINT('',(-6.2650924516593,7.87704317207103,78.1744130359671));
#4717=CARTESIAN_POINT('Ctrl Pts',(-6.26509245168766,7.87704317204332,78.1744130359669));
#4718=CARTESIAN_POINT('Ctrl Pts',(-5.48692033934303,8.65521528438796,78.194494938455));
#4719=CARTESIAN_POINT('Ctrl Pts',(-4.72515793331371,9.41697769041729,78.3192974405733));
#4720=CARTESIAN_POINT('Ctrl Pts',(-3.52661501877106,10.6155206049599,78.6452697147514));
#4721=CARTESIAN_POINT('Ctrl Pts',(-3.09371014032242,11.0484254834086,78.7899938251464));
#4722=CARTESIAN_POINT('Ctrl Pts',(-2.66530936055767,11.4768262631733,78.9541268548091));
#4723=CARTESIAN_POINT('',(-6.26509245165862,7.87704317207163,77.4672097766656));
#4724=CARTESIAN_POINT('',(-6.2650924516653,7.87704317206567,61.454230324285));
#4725=CARTESIAN_POINT('',(-2.66530936055929,11.4768262631714,76.2637777001022));
#4726=CARTESIAN_POINT('Ctrl Pts',(-2.66530936055777,11.4768262631732,76.2637777001012));
#4727=CARTESIAN_POINT('Ctrl Pts',(-3.1250689204073,11.0170667033237,76.4846512714147));
#4728=CARTESIAN_POINT('Ctrl Pts',(-3.59177137772326,10.5503642460077,76.6884340630033));
#4729=CARTESIAN_POINT('Ctrl Pts',(-4.78555877201693,9.35657685171403,77.1383988042353));
#4730=CARTESIAN_POINT('Ctrl Pts',(-5.51811027117597,8.62402535255501,77.3483485316762));
#4731=CARTESIAN_POINT('Ctrl Pts',(-6.26509245168767,7.8770431720433,77.4672097766696));
#4732=CARTESIAN_POINT('',(-2.66530936055842,11.4768262631718,75.9541268548081));
#4733=CARTESIAN_POINT('',(-2.66530936055999,11.476826263171,58.0000008642673));
#4734=CARTESIAN_POINT('',(-6.26509245157188,7.87704317214902,75.1744130359615));
#4735=CARTESIAN_POINT('Ctrl Pts',(-6.2650924516877,7.87704317204327,75.1744130359669));
#4736=CARTESIAN_POINT('Ctrl Pts',(-5.48692033934304,8.65521528438794,75.194494938455));
#4737=CARTESIAN_POINT('Ctrl Pts',(-4.72515793331369,9.41697769041728,75.3192974405733));
#4738=CARTESIAN_POINT('Ctrl Pts',(-3.52661501877119,10.6155206049598,75.6452697147514));
#4739=CARTESIAN_POINT('Ctrl Pts',(-3.0937101403228,11.0484254834082,75.7899938251462));
#4740=CARTESIAN_POINT('Ctrl Pts',(-2.66530936055763,11.4768262631734,75.9541268548091));
#4741=CARTESIAN_POINT('',(-6.26509248536422,7.87704314200073,74.4672097788188));
#4742=CARTESIAN_POINT('',(-6.2650924516653,7.87704317206567,61.454230324285));
#4743=CARTESIAN_POINT('',(-2.66530936056,11.476826263171,73.2637777001022));
#4744=CARTESIAN_POINT('Ctrl Pts',(-2.66530936055771,11.4768262631733,73.2637777001011));
#4745=CARTESIAN_POINT('Ctrl Pts',(-3.12506892040758,11.0170667033234,73.4846512714149));
#4746=CARTESIAN_POINT('Ctrl Pts',(-3.59177137772337,10.5503642460076,73.6884340630033));
#4747=CARTESIAN_POINT('Ctrl Pts',(-4.78555877201701,9.35657685171394,74.1383988042353));
#4748=CARTESIAN_POINT('Ctrl Pts',(-5.518110271176,8.62402535255498,74.3483485316762));
#4749=CARTESIAN_POINT('Ctrl Pts',(-6.26509245168767,7.8770431720433,74.4672097766696));
#4750=CARTESIAN_POINT('',(-2.66530936055975,11.4768262631711,72.9541268548082));
#4751=CARTESIAN_POINT('',(-2.66530936055999,11.476826263171,58.0000008642673));
#4752=CARTESIAN_POINT('',(-6.26509245134933,7.87704317234757,72.1744130359473));
#4753=CARTESIAN_POINT('Ctrl Pts',(-6.26509245168771,7.87704317204327,72.1744130359669));
#4754=CARTESIAN_POINT('Ctrl Pts',(-5.48692033934304,8.65521528438794,72.194494938455));
#4755=CARTESIAN_POINT('Ctrl Pts',(-4.72515793331369,9.41697769041729,72.3192974405733));
#4756=CARTESIAN_POINT('Ctrl Pts',(-3.52661501877112,10.6155206049599,72.6452697147514));
#4757=CARTESIAN_POINT('Ctrl Pts',(-3.09371014032264,11.0484254834083,72.7899938251463));
#4758=CARTESIAN_POINT('Ctrl Pts',(-2.66530936055766,11.4768262631733,72.9541268548091));
#4759=CARTESIAN_POINT('',(-6.26509245166475,7.87704317206616,71.467209776666));
#4760=CARTESIAN_POINT('',(-6.2650924516653,7.87704317206567,61.454230324285));
#4761=CARTESIAN_POINT('',(-2.66530936079408,11.4768262630481,70.2637777001143));
#4762=CARTESIAN_POINT('Ctrl Pts',(-2.66530936055772,11.4768262631733,70.2637777001011));
#4763=CARTESIAN_POINT('Ctrl Pts',(-3.12506892040797,11.017066703323,70.4846512714151));
#4764=CARTESIAN_POINT('Ctrl Pts',(-3.59177137772356,10.5503642460074,70.6884340630034));
#4765=CARTESIAN_POINT('Ctrl Pts',(-4.78555877201687,9.35657685171413,71.1383988042353));
#4766=CARTESIAN_POINT('Ctrl Pts',(-5.51811027117594,8.62402535255503,71.3483485316762));
#4767=CARTESIAN_POINT('Ctrl Pts',(-6.26509245168767,7.8770431720433,71.4672097766696));
#4768=CARTESIAN_POINT('',(-2.66530936055999,11.476826263171,69.9541268548082));
#4769=CARTESIAN_POINT('',(-2.66530936055999,11.476826263171,58.0000008642673));
#4770=CARTESIAN_POINT('',(-6.26509245119828,7.87704317248233,69.1744130359376));
#4771=CARTESIAN_POINT('Ctrl Pts',(-6.26509245168771,7.87704317204327,69.1744130359669));
#4772=CARTESIAN_POINT('Ctrl Pts',(-5.48692033934307,8.65521528438791,69.194494938455));
#4773=CARTESIAN_POINT('Ctrl Pts',(-4.72515793331377,9.41697769041721,69.3192974405733));
#4774=CARTESIAN_POINT('Ctrl Pts',(-3.52661501877099,10.61552060496,69.6452697147514));
#4775=CARTESIAN_POINT('Ctrl Pts',(-3.09371014032229,11.0484254834087,69.7899938251464));
#4776=CARTESIAN_POINT('Ctrl Pts',(-2.66530936055768,11.4768262631733,69.9541268548091));
#4777=CARTESIAN_POINT('',(-6.26509245162897,7.87704317209808,68.4672097766637));
#4778=CARTESIAN_POINT('',(-6.2650924516653,7.87704317206567,61.454230324285));
#4779=CARTESIAN_POINT('',(-2.66530936055994,11.476826263171,67.2637777001022));
#4780=CARTESIAN_POINT('Ctrl Pts',(-2.6653093605577,11.4768262631733,67.2637777001011));
#4781=CARTESIAN_POINT('Ctrl Pts',(-3.12506892040797,11.017066703323,67.4846512714151));
#4782=CARTESIAN_POINT('Ctrl Pts',(-3.59177137772352,10.5503642460075,67.6884340630034));
#4783=CARTESIAN_POINT('Ctrl Pts',(-4.78555877201691,9.35657685171406,68.1383988042353));
#4784=CARTESIAN_POINT('Ctrl Pts',(-5.51811027117596,8.62402535255502,68.3483485316762));
#4785=CARTESIAN_POINT('Ctrl Pts',(-6.26509245168767,7.87704317204331,68.4672097766696));
#4786=CARTESIAN_POINT('',(-2.66530936055999,11.476826263171,67.));
#4787=CARTESIAN_POINT('',(-2.66530936055999,11.476826263171,58.0000008642673));
#4788=CARTESIAN_POINT('',(-2.38065205204208,11.7614835716889,67.));
#4789=CARTESIAN_POINT('',(-4.07106781186548,10.0710678118655,67.));
#4790=CARTESIAN_POINT('',(-2.38065205204208,11.7614835716889,58.0000008642673));
#4791=CARTESIAN_POINT('Ctrl Pts',(-9.46113286461181,3.43309735961421,66.4374018495406));
#4792=CARTESIAN_POINT('Ctrl Pts',(-9.92970020598162,2.14179175177795,66.5025687825508));
#4793=CARTESIAN_POINT('Ctrl Pts',(-10.3307135262537,-0.634019804752052,
66.6329026485711));
#4794=CARTESIAN_POINT('Ctrl Pts',(-9.22440587968936,-4.69654661828169,66.8284034476015));
#4795=CARTESIAN_POINT('Ctrl Pts',(-6.59248291996216,-7.9768586143316,67.023904246632));
#4796=CARTESIAN_POINT('Ctrl Pts',(-2.45681619197352,-10.1673866921692,67.2411273566658));
#4797=CARTESIAN_POINT('Ctrl Pts',(1.81679492473083,-10.1997101009418,67.4366281556962));
#4798=CARTESIAN_POINT('Ctrl Pts',(5.64657553098258,-8.57089797413695,67.6321289547267));
#4799=CARTESIAN_POINT('Ctrl Pts',(8.40297551106955,-6.04402651310544,67.8059074427537));
#4800=CARTESIAN_POINT('Ctrl Pts',(10.1141959233871,-2.19800775598057,68.0014082417842));
#4801=CARTESIAN_POINT('Ctrl Pts',(10.1532592599621,2.00958377408614,68.1969090408147));
#4802=CARTESIAN_POINT('Ctrl Pts',(8.51369151005914,5.88590260406955,68.3924098398451));
#4803=CARTESIAN_POINT('Ctrl Pts',(5.46674064814975,8.78842295397788,68.5879106388756));
#4804=CARTESIAN_POINT('Ctrl Pts',(1.51635131080157,10.239192336095,68.7834114379061));
#4805=CARTESIAN_POINT('Ctrl Pts',(-2.68549181905279,9.99564602307719,68.9789122369365));
#4806=CARTESIAN_POINT('Ctrl Pts',(-5.1899918092188,8.73213622826037,69.1092461029567));
#4807=CARTESIAN_POINT('Ctrl Pts',(-6.26509245168771,7.87704317204327,69.1744130359669));
#4808=CARTESIAN_POINT('Ctrl Pts',(-9.99945513056652,3.62794202135002,66.7679452703187));
#4809=CARTESIAN_POINT('Ctrl Pts',(-10.4946159275506,2.26316334161741,66.8331122033289));
#4810=CARTESIAN_POINT('Ctrl Pts',(-10.9183117646718,-0.670559240167127,
66.9634460693492));
#4811=CARTESIAN_POINT('Ctrl Pts',(-9.74888863595052,-4.96411811575385,67.1589468683796));
#4812=CARTESIAN_POINT('Ctrl Pts',(-6.967106776961,-8.43089838318003,67.3544476674101));
#4813=CARTESIAN_POINT('Ctrl Pts',(-2.5960959447246,-10.7458368586686,67.5716707774439));
#4814=CARTESIAN_POINT('Ctrl Pts',(1.92060645005129,-10.7798022163177,67.7671715764743));
#4815=CARTESIAN_POINT('Ctrl Pts',(5.96815612557892,-9.05816445560481,67.9626723755048));
#4816=CARTESIAN_POINT('Ctrl Pts',(8.88122823367869,-6.38743367529861,68.1364508635318));
#4817=CARTESIAN_POINT('Ctrl Pts',(10.6896086303161,-2.32256852692095,68.3319516625623));
#4818=CARTESIAN_POINT('Ctrl Pts',(10.730700342501,2.12435931017631,68.5274524615927));
#4819=CARTESIAN_POINT('Ctrl Pts',(8.99769298525124,6.22109386386684,68.7229532606232));
#4820=CARTESIAN_POINT('Ctrl Pts',(5.77729313934857,9.28857397893951,68.9184540596536));
#4821=CARTESIAN_POINT('Ctrl Pts',(1.60213262900555,10.8216836658716,69.1139548586841));
#4822=CARTESIAN_POINT('Ctrl Pts',(-2.83870682785931,10.5640906920382,69.3094556577145));
#4823=CARTESIAN_POINT('Ctrl Pts',(-5.48560861130885,9.22859517705271,69.4397895237348));
#4824=CARTESIAN_POINT('Ctrl Pts',(-6.62182335454652,8.32481361230825,69.504956456745));
#4825=CARTESIAN_POINT('Ctrl Pts',(-10.5377654459565,3.82282306379754,67.0984866817126));
#4826=CARTESIAN_POINT('Ctrl Pts',(-11.0595246389097,2.38457293552252,67.1636536147228));
#4827=CARTESIAN_POINT('Ctrl Pts',(-11.505913621686,-0.7070594754555,67.2939874807431));
#4828=CARTESIAN_POINT('Ctrl Pts',(-10.2733903277968,-5.23165511120874,67.4894882797735));
#4829=CARTESIAN_POINT('Ctrl Pts',(-7.34176171943687,-8.8849140173425,67.684989078804));
#4830=CARTESIAN_POINT('Ctrl Pts',(-2.73541463165829,-11.3242788859915,67.9022121888378));
#4831=CARTESIAN_POINT('Ctrl Pts',(2.02437942448689,-11.3599024460326,68.0977129878682));
#4832=CARTESIAN_POINT('Ctrl Pts',(6.28970479831793,-9.54545339583264,68.2932137868987));
#4833=CARTESIAN_POINT('Ctrl Pts',(9.35945897331107,-6.73087349429825,68.4669922749257));
#4834=CARTESIAN_POINT('Ctrl Pts',(11.2650141474773,-2.44716799293982,68.6624930739562));
#4835=CARTESIAN_POINT('Ctrl Pts',(11.3081502263896,2.23909648116731,68.8579938729866));
#4836=CARTESIAN_POINT('Ctrl Pts',(9.48171782089701,6.55625345495125,69.0534946720171));
#4837=CARTESIAN_POINT('Ctrl Pts',(6.08787968087743,9.7887052568992,69.2489954710476));
#4838=CARTESIAN_POINT('Ctrl Pts',(1.68795303583297,11.4041704170945,69.444496270078));
#4839=CARTESIAN_POINT('Ctrl Pts',(-2.99188414868044,11.1325467350208,69.6399970691084));
#4840=CARTESIAN_POINT('Ctrl Pts',(-5.78119282956531,9.72507490253566,69.7703309351287));
#4841=CARTESIAN_POINT('Ctrl Pts',(-6.97852503365513,8.77260879817094,69.8354978681389));
#4842=CARTESIAN_POINT('Ctrl Pts',(-11.0760682399521,4.01772664655852,67.4290270390245));
#4843=CARTESIAN_POINT('Ctrl Pts',(-11.6244288880579,2.50600609092356,67.4941939720347));
#4844=CARTESIAN_POINT('Ctrl Pts',(-12.0935176101751,-0.743535376484921,
67.624527838055));
#4845=CARTESIAN_POINT('Ctrl Pts',(-10.7979036691035,-5.49917064425537,67.8200286370854));
#4846=CARTESIAN_POINT('Ctrl Pts',(-7.71643587964357,-9.33891458524974,68.0155294361158));
#4847=CARTESIAN_POINT('Ctrl Pts',(-2.87475745323207,-11.9027157506366,68.2327525461497));
#4848=CARTESIAN_POINT('Ctrl Pts',(2.12812845533642,-11.9400075997012,68.4282533451801));
#4849=CARTESIAN_POINT('Ctrl Pts',(6.61123359836195,-10.0327561783382,68.6237541442106));
#4850=CARTESIAN_POINT('Ctrl Pts',(9.83767597840616,-7.07433351333429,68.7975326322376));
#4851=CARTESIAN_POINT('Ctrl Pts',(11.8404150898489,-2.57179144755538,68.9930334312681));
#4852=CARTESIAN_POINT('Ctrl Pts',(11.8856054583292,2.35380982093753,69.1885342302985));
#4853=CARTESIAN_POINT('Ctrl Pts',(9.96575705895621,6.89139332831646,69.384035029329));
#4854=CARTESIAN_POINT('Ctrl Pts',(6.39848729333121,10.2888241834429,69.5795358283594));
#4855=CARTESIAN_POINT('Ctrl Pts',(1.77379768290501,11.9866542129947,69.7750366273899));
#4856=CARTESIAN_POINT('Ctrl Pts',(-3.14503805088943,11.7010097258241,69.9705374264203));
#4857=CARTESIAN_POINT('Ctrl Pts',(-6.07675676956712,10.2215674270036,70.1008712924406));
#4858=CARTESIAN_POINT('Ctrl Pts',(-7.33520850679659,9.2204192542617,70.1660382254508));
#4859=CARTESIAN_POINT('',(-6.79086026897023,-7.42855365261634,67.));
#4860=CARTESIAN_POINT('Ctrl Pts',(-6.79096388777101,-7.42802288103118,67.));
#4861=CARTESIAN_POINT('Ctrl Pts',(-6.99590303414557,-7.2692799124632,67.));
#4862=CARTESIAN_POINT('Ctrl Pts',(-7.19481193203827,-7.10248570330729,67.0000000000915));
#4863=CARTESIAN_POINT('Ctrl Pts',(-7.38728983857673,-6.92807469077093,67.0000000002573));
#4864=CARTESIAN_POINT('Ctrl Pts',(-7.49801291708715,-6.82774460831398,67.0000000003526));
#4865=CARTESIAN_POINT('Ctrl Pts',(-7.60660737598264,-6.72489320569776,67.0000000004723));
#4866=CARTESIAN_POINT('Ctrl Pts',(-7.7129920235581,-6.61959709838482,67.0000000006104));
#4867=CARTESIAN_POINT('Ctrl Pts',(-7.8950362890192,-6.43941553132082,67.0000000008469));
#4868=CARTESIAN_POINT('Ctrl Pts',(-8.07020164753208,-6.25248347219084,67.000000001123));
#4869=CARTESIAN_POINT('Ctrl Pts',(-8.23814885327271,-6.05924501099601,67.0000000014439));
#4870=CARTESIAN_POINT('Ctrl Pts',(-8.40637338857937,-5.86568745703422,67.0000000017653));
#4871=CARTESIAN_POINT('Ctrl Pts',(-8.56735643165251,-5.66580223782463,67.0000000021316));
#4872=CARTESIAN_POINT('Ctrl Pts',(-8.72072670658218,-5.45999314051174,67.0000000025318));
#4873=CARTESIAN_POINT('Ctrl Pts',(-8.87303928030492,-5.25560338296808,67.0000000029292));
#4874=CARTESIAN_POINT('Ctrl Pts',(-9.01784419538048,-5.04537070664804,67.0000000033598));
#4875=CARTESIAN_POINT('Ctrl Pts',(-9.15474058711981,-4.82965540378887,67.0000000037978));
#4876=CARTESIAN_POINT('Ctrl Pts',(-9.18177350024943,-4.78705813026814,67.0000000038843));
#4877=CARTESIAN_POINT('Ctrl Pts',(-9.20849789586499,-4.74424696725671,67.000000003971));
#4878=CARTESIAN_POINT('Ctrl Pts',(-9.23491048918363,-4.70122454961183,67.0000000040577));
#4879=CARTESIAN_POINT('Ctrl Pts',(-9.27942358436414,-4.62871894789302,67.0000000042039));
#4880=CARTESIAN_POINT('Ctrl Pts',(-9.32305111879615,-4.55561334997851,67.0000000043499));
#4881=CARTESIAN_POINT('Ctrl Pts',(-9.36578630765577,-4.48192583111659,67.0000000044945));
#4882=CARTESIAN_POINT('Ctrl Pts',(-9.49157927363908,-4.26502327842067,67.0000000049201));
#4883=CARTESIAN_POINT('Ctrl Pts',(-9.60920427255252,-4.04383814703867,67.0000000053137));
#4884=CARTESIAN_POINT('Ctrl Pts',(-9.71862299559058,-3.81891870750993,67.0000000056987));
#4885=CARTESIAN_POINT('Ctrl Pts',(-9.82969586379595,-3.59059903268689,67.0000000060895));
#4886=CARTESIAN_POINT('Ctrl Pts',(-9.93231278898725,-3.35843084451179,67.0000000064714));
#4887=CARTESIAN_POINT('Ctrl Pts',(-10.026398465212,-3.12294722141101,67.0000000068543));
#4888=CARTESIAN_POINT('Ctrl Pts',(-10.1217579440259,-2.88427544405701,67.0000000072422));
#4889=CARTESIAN_POINT('Ctrl Pts',(-10.2083539587505,-2.64219734184161,67.0000000076312));
#4890=CARTESIAN_POINT('Ctrl Pts',(-10.2860670128206,-2.39723398958039,67.0000000080166));
#4891=CARTESIAN_POINT('Ctrl Pts',(-10.3638770611843,-2.15196489657084,67.0000000084025));
#4892=CARTESIAN_POINT('Ctrl Pts',(-10.4327822484972,-1.90380274909526,67.0000000087849));
#4893=CARTESIAN_POINT('Ctrl Pts',(-10.4926170027528,-1.65324522253178,67.0000000091453));
#4894=CARTESIAN_POINT('Ctrl Pts',(-10.5519851295018,-1.40464169469962,67.0000000095029));
#4895=CARTESIAN_POINT('Ctrl Pts',(-10.6024239639981,-1.1536793857203,67.0000000098388));
#4896=CARTESIAN_POINT('Ctrl Pts',(-10.643723219353,-0.900828590649059,67.0000000101223));
#4897=CARTESIAN_POINT('Ctrl Pts',(-10.6569870256047,-0.819622188073793,
67.0000000102133));
#4898=CARTESIAN_POINT('Ctrl Pts',(-10.6693077314114,-0.73822091145144,67.0000000102988));
#4899=CARTESIAN_POINT('Ctrl Pts',(-10.6806772377008,-0.656640150935195,
67.0000000103775));
#4900=CARTESIAN_POINT('Ctrl Pts',(-10.6817133109266,-0.649205910647314,
67.0000000103847));
#4901=CARTESIAN_POINT('Ctrl Pts',(-10.6827414848125,-0.641770179852617,
67.0000000103918));
#4902=CARTESIAN_POINT('Ctrl Pts',(-10.6837617597128,-0.634332970171635,
67.0000000103989));
#4903=CARTESIAN_POINT('Ctrl Pts',(-10.7186450205761,-0.380054319071596,
67.0000000106402));
#4904=CARTESIAN_POINT('Ctrl Pts',(-10.7441749914082,-0.124949507896347,
67.0000000108185));
#4905=CARTESIAN_POINT('Ctrl Pts',(-10.7605354065958,0.130473328922573,67.00000001096));
#4906=CARTESIAN_POINT('Ctrl Pts',(-10.7771356634972,0.389640633728063,67.0000000111036));
#4907=CARTESIAN_POINT('Ctrl Pts',(-10.784295663777,0.649135876751115,67.0000000112094));
#4908=CARTESIAN_POINT('Ctrl Pts',(-10.7821589821675,0.908451410359718,67.0000000112919));
#4909=CARTESIAN_POINT('Ctrl Pts',(-10.7799935265043,1.17125906888694,67.0000000113756));
#4910=CARTESIAN_POINT('Ctrl Pts',(-10.7682794332887,1.43388272989828,67.0000000114353));
#4911=CARTESIAN_POINT('Ctrl Pts',(-10.7471150279218,1.69580915685255,67.0000000114735));
#4912=CARTESIAN_POINT('Ctrl Pts',(-10.7259173128287,1.95814781828363,67.0000000115117));
#4913=CARTESIAN_POINT('Ctrl Pts',(-10.6952395443664,2.21978768886725,67.0000000115283));
#4914=CARTESIAN_POINT('Ctrl Pts',(-10.655128579751,2.48021896110911,67.0000000115132));
#4915=CARTESIAN_POINT('Ctrl Pts',(-10.6152969083657,2.73883684661413,67.0000000114983));
#4916=CARTESIAN_POINT('Ctrl Pts',(-10.5661629134319,2.99626354096602,67.0000000114522));
#4917=CARTESIAN_POINT('Ctrl Pts',(-10.5077214801102,3.25199606344841,67.0000000113539));
#4918=CARTESIAN_POINT('Ctrl Pts',(-10.4850487032492,3.35120934568279,67.0000000113157));
#4919=CARTESIAN_POINT('Ctrl Pts',(-10.4609745128852,3.45016754589748,67.0000000112696));
#4920=CARTESIAN_POINT('Ctrl Pts',(-10.4354965383478,3.5488408251452,67.0000000112139));
#4921=CARTESIAN_POINT('Ctrl Pts',(-10.4168533389803,3.62104380244876,67.0000000111731));
#4922=CARTESIAN_POINT('Ctrl Pts',(-10.397477088969,3.69302209166999,67.0000000111314));
#4923=CARTESIAN_POINT('Ctrl Pts',(-10.3773711001776,3.76476443440905,67.0000000110836));
#4924=CARTESIAN_POINT('Ctrl Pts',(-6.79096388777181,-7.42802288103236,67.0000000000008));
#4925=CARTESIAN_POINT('Ctrl Pts',(-6.66704304608998,-7.54140928429867,67.0079680822115));
#4926=CARTESIAN_POINT('Ctrl Pts',(-6.54027310778027,-7.65169485908479,67.0159361644221));
#4927=CARTESIAN_POINT('Ctrl Pts',(-6.41078673738594,-7.75871916000004,67.0239042466328));
#4928=CARTESIAN_POINT('Ctrl Pts',(-5.35178290156628,-8.63401703768414,67.0890711796429));
#4929=CARTESIAN_POINT('Ctrl Pts',(-4.11108288316951,-9.29117546103552,67.1542381126531));
#4930=CARTESIAN_POINT('Ctrl Pts',(-2.79159557027063,-9.6713121899181,67.2194050456633));
#4931=CARTESIAN_POINT('Ctrl Pts',(-1.03227915307218,-10.1781611617615,67.3062942896768));
#4932=CARTESIAN_POINT('Ctrl Pts',(0.867103565463335,-10.192527121216,67.3931835336903));
#4933=CARTESIAN_POINT('Ctrl Pts',(2.63498094756842,-9.71470477383266,67.4800727777038));
#4934=CARTESIAN_POINT('Ctrl Pts',(3.518919638621,-9.47579360014098,67.5235173997106));
#4935=CARTESIAN_POINT('Ctrl Pts',(4.36998199556596,-9.11383534973985,67.5669620217174));
#4936=CARTESIAN_POINT('Ctrl Pts',(5.1562594077417,-8.64397325339597,67.6104066437241));
#4937=CARTESIAN_POINT('Ctrl Pts',(6.33567552600523,-7.93918010888018,67.6755735767343));
#4938=CARTESIAN_POINT('Ctrl Pts',(7.36932551853798,-6.99160331099323,67.7407405097444));
#4939=CARTESIAN_POINT('Ctrl Pts',(8.1713539168573,-5.87681178586221,67.8059074427546));
#4940=CARTESIAN_POINT('Ctrl Pts',(8.97338231517666,-4.76202026073115,67.8710743757647));
#4941=CARTESIAN_POINT('Ctrl Pts',(9.54378911928258,-3.48001400835599,67.9362413087749));
#4942=CARTESIAN_POINT('Ctrl Pts',(9.83550307743138,-2.13774562715718,68.001408241785));
#4943=CARTESIAN_POINT('Ctrl Pts',(10.1272170355802,-0.795477245958421,68.0665751747952));
#4944=CARTESIAN_POINT('Ctrl Pts',(10.1402381477719,0.607053264063984,68.1317421078053));
#4945=CARTESIAN_POINT('Ctrl Pts',(9.87348741221718,1.95437165740583,68.1969090408155));
#4946=CARTESIAN_POINT('Ctrl Pts',(9.60673667666249,3.30169005074773,68.2620759738256));
#4947=CARTESIAN_POINT('Ctrl Pts',(9.06021409336142,4.59379632740907,68.3272429068358));
#4948=CARTESIAN_POINT('Ctrl Pts',(8.27912765805923,5.72360285739119,68.3924098398459));
#4949=CARTESIAN_POINT('Ctrl Pts',(7.49804122275705,6.85340938737332,68.4575767728561));
#4950=CARTESIAN_POINT('Ctrl Pts',(6.48239093545375,7.82091617067624,68.5227437058662));
#4951=CARTESIAN_POINT('Ctrl Pts',(5.31616756891063,8.54646445934725,68.5879106388764));
#4952=CARTESIAN_POINT('Ctrl Pts',(4.14994420236756,9.27201274801823,68.6530775718865));
#4953=CARTESIAN_POINT('Ctrl Pts',(2.83314775658467,9.75560254205731,68.7182445048967));
#4954=CARTESIAN_POINT('Ctrl Pts',(1.47444234538408,9.95680638690722,68.7834114379069));
#4955=CARTESIAN_POINT('Ctrl Pts',(0.115736934183439,10.1580102317571,68.848578370917));
#4956=CARTESIAN_POINT('Ctrl Pts',(-1.2848774424349,10.0768281274179,68.9137453039271));
#4957=CARTESIAN_POINT('Ctrl Pts',(-2.61130962828567,9.72035962654396,68.9789122369373));
#4958=CARTESIAN_POINT('Ctrl Pts',(-3.93774181392383,9.3638911257272,69.044079169937));
#4959=CARTESIAN_POINT('Ctrl Pts',(-5.1899918088182,8.73213622846407,69.1092461029367));
#4960=CARTESIAN_POINT('Ctrl Pts',(-6.26509245117172,7.87704317245548,69.1744130359364));
#4961=CARTESIAN_POINT('Ctrl Pts',(-2.66539025534739,11.4770680245881,69.9541268548082));
#4962=CARTESIAN_POINT('Ctrl Pts',(-1.23050958963288,11.8098801472729,69.8944301123351));
#4963=CARTESIAN_POINT('Ctrl Pts',(0.267701599418882,11.8716826258338,69.834733369862));
#4964=CARTESIAN_POINT('Ctrl Pts',(1.72477332901005,11.6560751268726,69.7750366273889));
#4965=CARTESIAN_POINT('Ctrl Pts',(3.31536088637992,11.4207108698091,69.7098696943787));
#4966=CARTESIAN_POINT('Ctrl Pts',(4.85692408985509,10.8547675266252,69.6447027613686));
#4967=CARTESIAN_POINT('Ctrl Pts',(6.22225065253009,10.005557379179,69.5795358283584));
#4968=CARTESIAN_POINT('Ctrl Pts',(7.58757721520509,9.15634723173275,69.5143688953483));
#4969=CARTESIAN_POINT('Ctrl Pts',(8.77666713707991,8.0238702800241,69.4492019623381));
#4970=CARTESIAN_POINT('Ctrl Pts',(9.69118683124612,6.70136788627339,69.384035029328));
#4971=CARTESIAN_POINT('Ctrl Pts',(10.6057065254123,5.37886549252269,69.3188680963178));
#4972=CARTESIAN_POINT('Ctrl Pts',(11.2456559918699,3.86633765672993,69.2537011633077));
#4973=CARTESIAN_POINT('Ctrl Pts',(11.5580989970187,2.28914019408486,69.1885342302975));
#4974=CARTESIAN_POINT('Ctrl Pts',(11.8705420021674,0.711942731439782,69.1233672972874));
#4975=CARTESIAN_POINT('Ctrl Pts',(11.8554785460073,-0.929924358057613,69.0582003642772));
#4976=CARTESIAN_POINT('Ctrl Pts',(11.5141569660201,-2.50128158043602,68.9930334312671));
#4977=CARTESIAN_POINT('Ctrl Pts',(11.172835386033,-4.07263880281443,68.9278664982569));
#4978=CARTESIAN_POINT('Ctrl Pts',(10.5052556822189,-5.57348615807385,68.8626995652468));
#4979=CARTESIAN_POINT('Ctrl Pts',(9.56650788405357,-6.8786140853917,68.7975326322366));
#4980=CARTESIAN_POINT('Ctrl Pts',(8.6277600858883,-8.18374201270955,68.7323656992265));
#4981=CARTESIAN_POINT('Ctrl Pts',(7.41784419337191,-9.29315051208583,68.6671987662163));
#4982=CARTESIAN_POINT('Ctrl Pts',(6.03725680776038,-10.1183641961089,68.6020318332062));
#4983=CARTESIAN_POINT('Ctrl Pts',(5.11686521735269,-10.6685066521243,68.5585872111994));
#4984=CARTESIAN_POINT('Ctrl Pts',(4.12061963001383,-11.092340301316,68.5151425891927));
#4985=CARTESIAN_POINT('Ctrl Pts',(3.08587176374586,-11.3721337082538,68.4716979671859));
#4986=CARTESIAN_POINT('Ctrl Pts',(1.01637603120994,-11.9317205221295,68.3848087231724));
#4987=CARTESIAN_POINT('Ctrl Pts',(-1.2071288170424,-11.9151463669897,68.2979194791588));
#4988=CARTESIAN_POINT('Ctrl Pts',(-3.26672882090157,-11.3220314626986,68.2110302351453));
#4989=CARTESIAN_POINT('Ctrl Pts',(-4.81142882379596,-10.8771952844803,68.1458633021351));
#4990=CARTESIAN_POINT('Ctrl Pts',(-6.2639323517192,-10.1080549348643,68.080696369125));
#4991=CARTESIAN_POINT('Ctrl Pts',(-7.50376208059074,-9.08352743655736,68.0155294361148));
#4992=CARTESIAN_POINT('Ctrl Pts',(-8.74359180946227,-8.05899993825042,67.9503625031047));
#4993=CARTESIAN_POINT('Ctrl Pts',(-9.7707477392821,-6.77908529125249,67.8851955700945));
#4994=CARTESIAN_POINT('Ctrl Pts',(-10.5002613610373,-5.3465220897919,67.8200286370844));
#4995=CARTESIAN_POINT('Ctrl Pts',(-11.2297749827924,-3.91395888833131,67.7548617040742));
#4996=CARTESIAN_POINT('Ctrl Pts',(-11.6616462964829,-2.32874713240806,67.6896947710641));
#4997=CARTESIAN_POINT('Ctrl Pts',(-11.7603097727988,-0.723755887594443,
67.624527838054));
#4998=CARTESIAN_POINT('Ctrl Pts',(-11.830108491044,0.411682836701114,67.5784259920019));
#4999=CARTESIAN_POINT('Ctrl Pts',(-11.7331451397445,1.55702069340569,67.5323241459498));
#5000=CARTESIAN_POINT('Ctrl Pts',(-11.4762854317262,2.66522841808743,67.4862222998978));
#5001=CARTESIAN_POINT('Ctrl Pts',(-7.87704317204327,6.26509245168771,69.2827902233304));
#5002=CARTESIAN_POINT('Ctrl Pts',(-8.78043976777036,5.12926021283507,69.351638385536));
#5003=CARTESIAN_POINT('Ctrl Pts',(-10.087965514593,2.46115877866516,69.4893347099473));
#5004=CARTESIAN_POINT('Ctrl Pts',(-10.1906486916679,-1.99350541793666,69.6958791965642));
#5005=CARTESIAN_POINT('Ctrl Pts',(-8.41558066213426,-6.08384607934953,69.9024236831811));
#5006=CARTESIAN_POINT('Ctrl Pts',(-5.46031767829168,-8.71803486976241,70.0860187823961));
#5007=CARTESIAN_POINT('Ctrl Pts',(-1.35348627128018,-10.3064286912083,70.292563269013));
#5008=CARTESIAN_POINT('Ctrl Pts',(2.66595149839418,-10.0474552229402,70.476158368228));
#5009=CARTESIAN_POINT('Ctrl Pts',(6.96626585379258,-7.71449146413999,70.7056522422467));
#5010=CARTESIAN_POINT('Ctrl Pts',(9.9876599197784,-3.67768906095784,70.9351461162655));
#5011=CARTESIAN_POINT('Ctrl Pts',(10.3057041818058,1.35467996580012,71.1646399902843));
#5012=CARTESIAN_POINT('Ctrl Pts',(8.54515040472189,5.91906760672585,71.3941338643031));
#5013=CARTESIAN_POINT('Ctrl Pts',(5.65358917271683,8.7232349335804,71.5777289635181));
#5014=CARTESIAN_POINT('Ctrl Pts',(1.49707377876145,10.1763930638968,71.784273450135));
#5015=CARTESIAN_POINT('Ctrl Pts',(-2.46022266366723,10.0896107417356,71.96786854935));
#5016=CARTESIAN_POINT('Ctrl Pts',(-5.12926021283507,8.78043976777036,72.1055648737613));
#5017=CARTESIAN_POINT('Ctrl Pts',(-6.2650924516877,7.87704317204327,72.1744130359669));
#5018=CARTESIAN_POINT('Ctrl Pts',(-8.32539021782028,6.62109839373445,69.6133336441085));
#5019=CARTESIAN_POINT('Ctrl Pts',(-9.28012120085773,5.42061665335939,69.6821818063141));
#5020=CARTESIAN_POINT('Ctrl Pts',(-10.6618982829698,2.60068919618733,69.8198781307254));
#5021=CARTESIAN_POINT('Ctrl Pts',(-10.7702172692018,-2.10736809492914,70.0264226173423));
#5022=CARTESIAN_POINT('Ctrl Pts',(-8.89399231196585,-6.43029216600457,70.2329671039592));
#5023=CARTESIAN_POINT('Ctrl Pts',(-5.77050806857471,-9.21418180499997,70.4165622031742));
#5024=CARTESIAN_POINT('Ctrl Pts',(-1.43000046428222,-10.8927370482261,70.6231066897911));
#5025=CARTESIAN_POINT('Ctrl Pts',(2.81805738766804,-10.618847775496,70.8067017890061));
#5026=CARTESIAN_POINT('Ctrl Pts',(7.36287311906976,-8.1529834507742,71.0361956630248));
#5027=CARTESIAN_POINT('Ctrl Pts',(10.5559431306727,-3.88642227950768,71.2656895370436));
#5028=CARTESIAN_POINT('Ctrl Pts',(10.8918466927036,1.43221053835264,71.4951834110624));
#5029=CARTESIAN_POINT('Ctrl Pts',(9.03093979353371,6.25614679627265,71.7246772850812));
#5030=CARTESIAN_POINT('Ctrl Pts',(5.97477289857542,9.21968654726997,71.9082723842962));
#5031=CARTESIAN_POINT('Ctrl Pts',(1.58176145323077,10.7553113950401,72.1148168709131));
#5032=CARTESIAN_POINT('Ctrl Pts',(-2.60062832831854,10.6634106383856,72.2984119701281));
#5033=CARTESIAN_POINT('Ctrl Pts',(-5.42142472706049,9.27964909241738,72.4361082945393));
#5034=CARTESIAN_POINT('Ctrl Pts',(-6.62182335454652,8.32481361230825,72.504956456745));
#5035=CARTESIAN_POINT('Ctrl Pts',(-8.77371435821666,6.97713502316819,69.9438750555024));
#5036=CARTESIAN_POINT('Ctrl Pts',(-9.77978413101871,5.71200706795295,70.012723217708));
#5037=CARTESIAN_POINT('Ctrl Pts',(-11.2358228808771,2.74025824996304,70.1504195421193));
#5038=CARTESIAN_POINT('Ctrl Pts',(-11.3497946082831,-2.22119228195717,70.3569640287362));
#5039=CARTESIAN_POINT('Ctrl Pts',(-9.37242808081608,-6.77670697798104,70.5635085153531));
#5040=CARTESIAN_POINT('Ctrl Pts',(-6.0807322309815,-9.71030901833958,70.7471036145681));
#5041=CARTESIAN_POINT('Ctrl Pts',(-1.50655399229928,-11.4790414415863,70.953648101185));
#5042=CARTESIAN_POINT('Ctrl Pts',(2.97012541101242,-11.1902516396904,71.1372432004));
#5043=CARTESIAN_POINT('Ctrl Pts',(7.75945187808995,-8.59150281692989,71.3667370744188));
#5044=CARTESIAN_POINT('Ctrl Pts',(11.1242135298978,-4.09519388598467,71.5962309484375));
#5045=CARTESIAN_POINT('Ctrl Pts',(11.4779955524812,1.50970209907033,71.8257248224563));
#5046=CARTESIAN_POINT('Ctrl Pts',(9.51675266386879,6.59319419687361,72.0552186964751));
#5047=CARTESIAN_POINT('Ctrl Pts',(6.29599045576507,9.71611770835843,72.2388137956901));
#5048=CARTESIAN_POINT('Ctrl Pts',(1.6664879718134,11.3342252013884,72.445358282307));
#5049=CARTESIAN_POINT('Ctrl Pts',(-2.74099592171433,11.2372210647296,72.628953381522));
#5050=CARTESIAN_POINT('Ctrl Pts',(-5.71355646764384,9.77887896955456,72.7666497059332));
#5051=CARTESIAN_POINT('Ctrl Pts',(-6.97852503365513,8.77260879817094,72.8354978681389));
#5052=CARTESIAN_POINT('Ctrl Pts',(-9.22202419606037,7.3331906282203,70.2744154128143));
#5053=CARTESIAN_POINT('Ctrl Pts',(-10.2794354793635,6.00341850934446,70.3432635750199));
#5054=CARTESIAN_POINT('Ctrl Pts',(-11.8097422971843,2.87985125366128,70.4809598994312));
#5055=CARTESIAN_POINT('Ctrl Pts',(-11.9293772714945,-2.33499256170376,70.6875043860481));
#5056=CARTESIAN_POINT('Ctrl Pts',(-9.85087872510124,-7.12310231439823,70.894048872665));
#5057=CARTESIAN_POINT('Ctrl Pts',(-6.39097729108803,-10.2064238972479,71.07764397188));
#5058=CARTESIAN_POINT('Ctrl Pts',(-1.58313191590319,-12.0653432596352,71.2841884584969));
#5059=CARTESIAN_POINT('Ctrl Pts',(3.12216990695493,-11.761662412867,71.4677835577119));
#5060=CARTESIAN_POINT('Ctrl Pts',(8.15601286987753,-9.03003908888501,71.6972774317307));
#5061=CARTESIAN_POINT('Ctrl Pts',(11.6924758680576,-4.3039892741895,71.9267713057494));
#5062=CARTESIAN_POINT('Ctrl Pts',(12.0641482379815,1.5871694350349,72.1562651797682));
#5063=CARTESIAN_POINT('Ctrl Pts',(10.0025800108056,6.93022180449005,72.385759053787));
#5064=CARTESIAN_POINT('Ctrl Pts',(6.61722894640764,10.212536081681,72.569354153002));
#5065=CARTESIAN_POINT('Ctrl Pts',(1.75123857884506,11.9131360856557,72.7758986396189));
#5066=CARTESIAN_POINT('Ctrl Pts',(-2.88133986115171,11.8110379139479,72.9594937388339));
#5067=CARTESIAN_POINT('Ctrl Pts',(-6.00566781291063,10.2781215060782,73.0971900632451));
#5068=CARTESIAN_POINT('Ctrl Pts',(-7.33520850679658,9.2204192542617,73.1660382254508));
#5069=CARTESIAN_POINT('Ctrl Pts',(-7.87704317206615,6.26509245166471,69.282790223334));
#5070=CARTESIAN_POINT('Ctrl Pts',(-8.78043976778317,5.12926021281715,69.3516383855391));
#5071=CARTESIAN_POINT('Ctrl Pts',(-9.43420264118757,3.79520949574103,69.4204865477442));
#5072=CARTESIAN_POINT('Ctrl Pts',(-9.77819794073661,2.38574010444151,69.4893347099494));
#5073=CARTESIAN_POINT('Ctrl Pts',(-10.1221932402882,0.976270713131551,69.558182872155));
#5074=CARTESIAN_POINT('Ctrl Pts',(-10.1564209659798,-0.508617352402946,
69.6270310343606));
#5075=CARTESIAN_POINT('Ctrl Pts',(-9.87769015723662,-1.93278482873925,69.6958791965663));
#5076=CARTESIAN_POINT('Ctrl Pts',(-9.5989593484934,-3.35695230507554,69.7647273587719));
#5077=CARTESIAN_POINT('Ctrl Pts',(-9.00727000531532,-4.72039919221364,69.8335755209775));
#5078=CARTESIAN_POINT('Ctrl Pts',(-8.15731352425558,-5.89603303398529,69.9024236831832));
#5079=CARTESIAN_POINT('Ctrl Pts',(-7.30735704319587,-7.0716668757569,69.9712718453888));
#5080=CARTESIAN_POINT('Ctrl Pts',(-6.19913342425453,-8.05948767216206,70.0401200075944));
#5081=CARTESIAN_POINT('Ctrl Pts',(-4.93447769527543,-8.77229475501341,70.1089681698001));
#5082=CARTESIAN_POINT('Ctrl Pts',(-4.09137387595599,-9.24749947691433,70.1548669446038));
#5083=CARTESIAN_POINT('Ctrl Pts',(-3.17874467439752,-9.60047588168022,70.2007657194076));
#5084=CARTESIAN_POINT('Ctrl Pts',(-2.23537205921889,-9.8142123625018,70.2466644942113));
#5085=CARTESIAN_POINT('Ctrl Pts',(-0.348626828861681,-10.2416853241449,
70.3384620438188));
#5086=CARTESIAN_POINT('Ctrl Pts',(1.66109205597619,-10.1121985900109,70.4302595934263));
#5087=CARTESIAN_POINT('Ctrl Pts',(3.47774884569547,-9.44691267628587,70.5220571430338));
#5088=CARTESIAN_POINT('Ctrl Pts',(4.38607724055512,-9.11426971942338,70.5679559178376));
#5089=CARTESIAN_POINT('Ctrl Pts',(5.24614011163514,-8.64767696766314,70.6138546926413));
#5090=CARTESIAN_POINT('Ctrl Pts',(6.0209416300876,-8.06749497294408,70.6597534674451));
#5091=CARTESIAN_POINT('Ctrl Pts',(7.57054466699249,-6.90713098350597,70.7515510170526));
#5092=CARTESIAN_POINT('Ctrl Pts',(8.77910229338723,-5.29241002223254,70.8433485666601));
#5093=CARTESIAN_POINT('Ctrl Pts',(9.4469899589901,-3.47857573624387,70.9351461162676));
#5094=CARTESIAN_POINT('Ctrl Pts',(10.114877624593,-1.66474145025525,71.0269436658751));
#5095=CARTESIAN_POINT('Ctrl Pts',(10.242095329404,0.348206160448618,71.1187412154826));
#5096=CARTESIAN_POINT('Ctrl Pts',(9.81502022378511,2.2363587349305,71.2105387650901));
#5097=CARTESIAN_POINT('Ctrl Pts',(9.60148267097567,3.18043502217149,71.2564375398939));
#5098=CARTESIAN_POINT('Ctrl Pts',(9.24937191555876,4.09331255035699,71.3023363146977));
#5099=CARTESIAN_POINT('Ctrl Pts',(8.77366797594697,4.93557817971862,71.3482350895014));
#5100=CARTESIAN_POINT('Ctrl Pts',(7.82226009672342,6.62010943844184,71.4400326391089));
#5101=CARTESIAN_POINT('Ctrl Pts',(6.37647948072039,8.0221931018696,71.5318301887164));
#5102=CARTESIAN_POINT('Ctrl Pts',(4.66299249199142,8.92011969495796,71.6236277383239));
#5103=CARTESIAN_POINT('Ctrl Pts',(3.80624899762692,9.36908299150215,71.6695265131277));
#5104=CARTESIAN_POINT('Ctrl Pts',(2.88257891008095,9.69200702046148,71.7154252879314));
#5105=CARTESIAN_POINT('Ctrl Pts',(1.93264721331034,9.87708320562095,71.7613240627352));
#5106=CARTESIAN_POINT('Ctrl Pts',(0.50774966815445,10.1546974833602,71.8301722249408));
#5107=CARTESIAN_POINT('Ctrl Pts',(-0.976236497756854,10.1221541125497,71.8990203871465));
#5108=CARTESIAN_POINT('Ctrl Pts',(-2.3854889680047,9.77858968365302,71.9678685493521));
#5109=CARTESIAN_POINT('Ctrl Pts',(-3.79474143810461,9.43502525479241,72.0367167115505));
#5110=CARTESIAN_POINT('Ctrl Pts',(-5.12926021255677,8.78043976791089,72.1055648737489));
#5111=CARTESIAN_POINT('Ctrl Pts',(-6.26509245133229,7.87704317233054,72.1744130359473));
#5112=CARTESIAN_POINT('Ctrl Pts',(-2.66504141420353,11.4775806998242,72.9541268548082));
#5113=CARTESIAN_POINT('Ctrl Pts',(-1.05388939413991,11.8510692782178,72.8870676539441));
#5114=CARTESIAN_POINT('Ctrl Pts',(0.636437744434307,11.8791717520054,72.82000845308));
#5115=CARTESIAN_POINT('Ctrl Pts',(2.26117880835756,11.5628062676882,72.752949252216));
#5116=CARTESIAN_POINT('Ctrl Pts',(3.37323536803209,11.3462694176624,72.7070504774122));
#5117=CARTESIAN_POINT('Ctrl Pts',(4.45456656082361,10.9683583056681,72.6611517026085));
#5118=CARTESIAN_POINT('Ctrl Pts',(5.45756661138442,10.4428913745727,72.6152529278047));
#5119=CARTESIAN_POINT('Ctrl Pts',(7.46356671250602,9.39195751238185,72.5234553781972));
#5120=CARTESIAN_POINT('Ctrl Pts',(9.15624224470473,7.75080037378664,72.4316578285897));
#5121=CARTESIAN_POINT('Ctrl Pts',(10.2702189493511,5.77893402906706,72.3398602789822));
#5122=CARTESIAN_POINT('Ctrl Pts',(10.8272073016743,4.79300085670728,72.2939615041784));
#5123=CARTESIAN_POINT('Ctrl Pts',(11.2395209471095,3.7243903828164,72.2480627293747));
#5124=CARTESIAN_POINT('Ctrl Pts',(11.489618552738,2.61923948627425,72.2021639545709));
#5125=CARTESIAN_POINT('Ctrl Pts',(11.989813763995,0.408937693189956,72.1103664049634));
#5126=CARTESIAN_POINT('Ctrl Pts',(11.8411448160254,-1.94752579049944,72.0185688553559));
#5127=CARTESIAN_POINT('Ctrl Pts',(11.0595177424047,-4.0709674952831,71.9267713057484));
#5128=CARTESIAN_POINT('Ctrl Pts',(10.2778906687841,-6.19440920006678,71.8349737561409));
#5129=CARTESIAN_POINT('Ctrl Pts',(8.86330546951224,-8.08482912594471,71.7431762065334));
#5130=CARTESIAN_POINT('Ctrl Pts',(7.04941894630914,-9.44340198763245,71.6513786569259));
#5131=CARTESIAN_POINT('Ctrl Pts',(6.14247568470759,-10.1226884184763,71.6054798821221));
#5132=CARTESIAN_POINT('Ctrl Pts',(5.13570709212321,-10.6690130832726,71.5595811073184));
#5133=CARTESIAN_POINT('Ctrl Pts',(4.07241954516218,-11.0585362637009,71.5136823325146));
#5134=CARTESIAN_POINT('Ctrl Pts',(1.94584445124011,-11.8375826245573,71.4218847829071));
#5135=CARTESIAN_POINT('Ctrl Pts',(-0.406806460188596,-11.9894230479414,
71.3300872332996));
#5136=CARTESIAN_POINT('Ctrl Pts',(-2.61557020849717,-11.489245600214,71.2382896836921));
#5137=CARTESIAN_POINT('Ctrl Pts',(-3.71995208265146,-11.2391568763503,71.1923909088884));
#5138=CARTESIAN_POINT('Ctrl Pts',(-4.78836216602571,-10.8260636847088,71.1464921340846));
#5139=CARTESIAN_POINT('Ctrl Pts',(-5.77539835945153,-10.2698756114389,71.1005933592808));
#5140=CARTESIAN_POINT('Ctrl Pts',(-7.25595264959027,-9.43559350153409,71.0317451970752));
#5141=CARTESIAN_POINT('Ctrl Pts',(-8.55341568734503,-8.27934790796564,70.9628970348696));
#5142=CARTESIAN_POINT('Ctrl Pts',(-9.54856363062125,-6.90320681906578,70.894048872664));
#5143=CARTESIAN_POINT('Ctrl Pts',(-10.5437115738975,-5.52706573016592,70.8252007104583));
#5144=CARTESIAN_POINT('Ctrl Pts',(-11.2365444226951,-3.93102914593467,70.7563525482527));
#5145=CARTESIAN_POINT('Ctrl Pts',(-11.5630216847089,-2.263870217925,70.6875043860471));
#5146=CARTESIAN_POINT('Ctrl Pts',(-11.8811808641419,-0.639187649686804,
70.6204103573306));
#5147=CARTESIAN_POINT('Ctrl Pts',(-11.8514148677799,1.05303927942572,70.5533163286142));
#5148=CARTESIAN_POINT('Ctrl Pts',(-11.4771647312033,2.66531318999828,70.4862222998978));
#5149=CARTESIAN_POINT('Ctrl Pts',(-7.87704317204327,6.26509245168771,72.2827902233304));
#5150=CARTESIAN_POINT('Ctrl Pts',(-8.78043976777036,5.12926021283507,72.351638385536));
#5151=CARTESIAN_POINT('Ctrl Pts',(-10.0879608596183,2.46116030999826,72.4893347099473));
#5152=CARTESIAN_POINT('Ctrl Pts',(-10.1906452086885,-1.99350252859959,72.6958791965642));
#5153=CARTESIAN_POINT('Ctrl Pts',(-8.41557713618562,-6.08383119996735,72.9024236831811));
#5154=CARTESIAN_POINT('Ctrl Pts',(-5.46031895938631,-8.71803858861311,73.0860187823961));
#5155=CARTESIAN_POINT('Ctrl Pts',(-1.35349102786244,-10.3064125008354,73.292563269013));
#5156=CARTESIAN_POINT('Ctrl Pts',(2.66595279099441,-10.0474724825321,73.476158368228));
#5157=CARTESIAN_POINT('Ctrl Pts',(6.96626822547842,-7.71450028507025,73.7056522422468));
#5158=CARTESIAN_POINT('Ctrl Pts',(9.98766096676697,-3.67768975552745,73.9351461162655));
#5159=CARTESIAN_POINT('Ctrl Pts',(10.3057112787262,1.35468347918303,74.1646399902843));
#5160=CARTESIAN_POINT('Ctrl Pts',(8.54516217692781,5.91907753492363,74.3941338643031));
#5161=CARTESIAN_POINT('Ctrl Pts',(5.65357419882625,8.72321974391929,74.5777289635181));
#5162=CARTESIAN_POINT('Ctrl Pts',(1.49707527364718,10.1763926098594,74.784273450135));
#5163=CARTESIAN_POINT('Ctrl Pts',(-2.4602237998024,10.0896024469949,74.96786854935));
#5164=CARTESIAN_POINT('Ctrl Pts',(-5.12926021283507,8.78043976777036,75.1055648737613));
#5165=CARTESIAN_POINT('Ctrl Pts',(-6.2650924516877,7.87704317204327,75.1744130359669));
#5166=CARTESIAN_POINT('Ctrl Pts',(-8.32539021782028,6.62109839373445,72.6133336441085));
#5167=CARTESIAN_POINT('Ctrl Pts',(-9.28012120085773,5.4206166533594,72.6821818063141));
#5168=CARTESIAN_POINT('Ctrl Pts',(-10.6618933633728,2.60069081533378,72.8198781307254));
#5169=CARTESIAN_POINT('Ctrl Pts',(-10.7702135883773,-2.10736504053899,73.0264226173423));
#5170=CARTESIAN_POINT('Ctrl Pts',(-8.89398858639359,-6.43027643950991,73.2329671039591));
#5171=CARTESIAN_POINT('Ctrl Pts',(-5.77050942281583,-9.21418573517672,73.4165622031742));
#5172=CARTESIAN_POINT('Ctrl Pts',(-1.43000549273195,-10.8927199371773,73.6231066897911));
#5173=CARTESIAN_POINT('Ctrl Pts',(2.81805875395711,-10.6188660169768,73.8067017890061));
#5174=CARTESIAN_POINT('Ctrl Pts',(7.3628756255799,-8.15299277372091,74.0361956630248));
#5175=CARTESIAN_POINT('Ctrl Pts',(10.5559442370614,-3.88642301412399,74.2656895370436));
#5176=CARTESIAN_POINT('Ctrl Pts',(10.8918541933299,1.43221425133347,74.4951834110624));
#5177=CARTESIAN_POINT('Ctrl Pts',(9.03095223530145,6.25615728923903,74.7246772850812));
#5178=CARTESIAN_POINT('Ctrl Pts',(5.97475707407733,9.21967049259625,74.9082723842962));
#5179=CARTESIAN_POINT('Ctrl Pts',(1.58176303364032,10.755310915188,75.1148168709131));
#5180=CARTESIAN_POINT('Ctrl Pts',(-2.6006295282472,10.6634018717899,75.2984119701281));
#5181=CARTESIAN_POINT('Ctrl Pts',(-5.42142472706049,9.27964909241739,75.4361082945393));
#5182=CARTESIAN_POINT('Ctrl Pts',(-6.62182335454652,8.32481361230825,75.504956456745));
#5183=CARTESIAN_POINT('Ctrl Pts',(-8.77371435821666,6.9771350231682,72.9438750555024));
#5184=CARTESIAN_POINT('Ctrl Pts',(-9.77978413101871,5.71200706795295,73.012723217708));
#5185=CARTESIAN_POINT('Ctrl Pts',(-11.235817696551,2.74025995635357,73.1504195421193));
#5186=CARTESIAN_POINT('Ctrl Pts',(-11.349790729446,-2.22118906313237,73.3569640287362));
#5187=CARTESIAN_POINT('Ctrl Pts',(-9.37242415527998,-6.77669040504074,73.5635085153531));
#5188=CARTESIAN_POINT('Ctrl Pts',(-6.08073365788436,-9.71031316013551,73.7471036145681));
#5189=CARTESIAN_POINT('Ctrl Pts',(-1.50655929193003,-11.4790234097972,73.9536481011849));
#5190=CARTESIAN_POINT('Ctrl Pts',(2.97012685162835,-11.1902708628483,74.1372432004));
#5191=CARTESIAN_POINT('Ctrl Pts',(7.75945451993408,-8.59151264148181,74.3667370744187));
#5192=CARTESIAN_POINT('Ctrl Pts',(11.1242146958913,-4.09519465999683,74.5962309484375));
#5193=CARTESIAN_POINT('Ctrl Pts',(11.4780034566223,1.50970601226453,74.8257248224563));
#5194=CARTESIAN_POINT('Ctrl Pts',(9.51676577479402,6.59320525512793,75.0552186964751));
#5195=CARTESIAN_POINT('Ctrl Pts',(6.29597378011728,9.71610078907442,75.2388137956901));
#5196=CARTESIAN_POINT('Ctrl Pts',(1.66648963721902,11.334224695779,75.445358282307));
#5197=CARTESIAN_POINT('Ctrl Pts',(-2.74099718597033,11.2372118262647,75.628953381522));
#5198=CARTESIAN_POINT('Ctrl Pts',(-5.71355646764384,9.77887896955456,75.7666497059332));
#5199=CARTESIAN_POINT('Ctrl Pts',(-6.97852503365512,8.77260879817094,75.8354978681389));
#5200=CARTESIAN_POINT('Ctrl Pts',(-9.22202419606037,7.3331906282203,73.2744154128143));
#5201=CARTESIAN_POINT('Ctrl Pts',(-10.2794354793635,6.00341850934447,73.3432635750199));
#5202=CARTESIAN_POINT('Ctrl Pts',(-11.8097368480573,2.87985304690505,73.4809598994312));
#5203=CARTESIAN_POINT('Ctrl Pts',(-11.929373194532,-2.33498917886945,73.687504386048));
#5204=CARTESIAN_POINT('Ctrl Pts',(-9.8508745993727,-7.12308489547127,73.8940488726649));
#5205=CARTESIAN_POINT('Ctrl Pts',(-6.39097879031881,-10.2064282508662,74.07764397188));
#5206=CARTESIAN_POINT('Ctrl Pts',(-1.5831374862465,-12.0653243070644,74.2841884584968));
#5207=CARTESIAN_POINT('Ctrl Pts',(3.12217142234172,-11.7616826175576,74.4677835577119));
#5208=CARTESIAN_POINT('Ctrl Pts',(8.1560156474097,-9.03004941475971,74.6972774317306));
#5209=CARTESIAN_POINT('Ctrl Pts',(11.6924770937986,-4.30399008714988,74.9267713057494));
#5210=CARTESIAN_POINT('Ctrl Pts',(12.0641565455064,1.58717354886829,75.1562651797682));
#5211=CARTESIAN_POINT('Ctrl Pts',(10.0025937906087,6.93023342839366,75.3857590537869));
#5212=CARTESIAN_POINT('Ctrl Pts',(6.61721141924209,10.2125182980612,75.569354153002));
#5213=CARTESIAN_POINT('Ctrl Pts',(1.75124032888382,11.9131355543304,75.7758986396189));
#5214=CARTESIAN_POINT('Ctrl Pts',(-2.88134119010031,11.8110282036051,75.9594937388339));
#5215=CARTESIAN_POINT('Ctrl Pts',(-6.00566781291063,10.2781215060782,76.0971900632451));
#5216=CARTESIAN_POINT('Ctrl Pts',(-7.33520850679658,9.2204192542617,76.1660382254508));
#5217=CARTESIAN_POINT('Ctrl Pts',(-7.87704317209701,6.26509245162591,72.2827902233364));
#5218=CARTESIAN_POINT('Ctrl Pts',(-8.78043976779805,5.12926021278677,72.3516383855407));
#5219=CARTESIAN_POINT('Ctrl Pts',(-9.43420031370413,3.79521026139155,72.420486547745));
#5220=CARTESIAN_POINT('Ctrl Pts',(-9.77819464483813,2.38574147927537,72.4893347099494));
#5221=CARTESIAN_POINT('Ctrl Pts',(-10.1221889759786,0.976272697132662,72.558182872155));
#5222=CARTESIAN_POINT('Ctrl Pts',(-10.1564170923353,-0.508614915733841,
72.6270310343606));
#5223=CARTESIAN_POINT('Ctrl Pts',(-9.87768647176313,-1.93278016739531,72.6958791965663));
#5224=CARTESIAN_POINT('Ctrl Pts',(-9.59895585119092,-3.35694541905673,72.7647273587719));
#5225=CARTESIAN_POINT('Ctrl Pts',(-9.00726649368977,-4.72038830951312,72.8335755209775));
#5226=CARTESIAN_POINT('Ctrl Pts',(-8.15731090678914,-5.89602364011256,72.9024236831832));
#5227=CARTESIAN_POINT('Ctrl Pts',(-7.3073553198885,-7.07165897071201,72.9712718453888));
#5228=CARTESIAN_POINT('Ctrl Pts',(-6.19913350358836,-8.05948674145453,73.0401200075944));
#5229=CARTESIAN_POINT('Ctrl Pts',(-4.93447919076326,-8.77229263219611,73.1089681698));
#5230=CARTESIAN_POINT('Ctrl Pts',(-4.09137631554651,-9.24749655935717,73.1548669446038));
#5231=CARTESIAN_POINT('Ctrl Pts',(-3.17874788631866,-9.60046853985115,73.2007657194075));
#5232=CARTESIAN_POINT('Ctrl Pts',(-2.23537528192857,-9.81420485865518,73.2466644942113));
#5233=CARTESIAN_POINT('Ctrl Pts',(-0.348630073148384,-10.2416774962633,
73.3384620438188));
#5234=CARTESIAN_POINT('Ctrl Pts',(1.66109183628075,-10.1122074871116,73.4302595934263));
#5235=CARTESIAN_POINT('Ctrl Pts',(3.47774992195328,-9.44692489807095,73.5220571430338));
#5236=CARTESIAN_POINT('Ctrl Pts',(4.38607896478955,-9.11428360355064,73.5679559178376));
#5237=CARTESIAN_POINT('Ctrl Pts',(5.24614205168666,-8.6476891640581,73.6138546926413));
#5238=CARTESIAN_POINT('Ctrl Pts',(6.02094362570404,-8.06750550242679,73.6597534674451));
#5239=CARTESIAN_POINT('Ctrl Pts',(7.57054677373881,-6.90713817916417,73.7515510170526));
#5240=CARTESIAN_POINT('Ctrl Pts',(8.77910387025466,-5.29241396734648,73.8433485666601));
#5241=CARTESIAN_POINT('Ctrl Pts',(9.44699248090448,-3.47857721449517,73.9351461162676));
#5242=CARTESIAN_POINT('Ctrl Pts',(10.1148810915543,-1.66474046164387,74.0269436658751));
#5243=CARTESIAN_POINT('Ctrl Pts',(10.242101216338,0.348208832241044,74.1187412154826));
#5244=CARTESIAN_POINT('Ctrl Pts',(9.81502816411955,2.23636367840062,74.2105387650901));
#5245=CARTESIAN_POINT('Ctrl Pts',(9.6014916380103,3.1804411014804,74.2564375398939));
#5246=CARTESIAN_POINT('Ctrl Pts',(9.24938181765047,4.09331991262888,74.3023363146977));
#5247=CARTESIAN_POINT('Ctrl Pts',(8.77367627256871,4.93558430414423,74.3482350895014));
#5248=CARTESIAN_POINT('Ctrl Pts',(7.82226518240518,6.62011308717494,74.4400326391089));
#5249=CARTESIAN_POINT('Ctrl Pts',(6.37647119335388,8.02218419167326,74.5318301887164));
#5250=CARTESIAN_POINT('Ctrl Pts',(4.66298462657958,8.9201109645625,74.6236277383239));
#5251=CARTESIAN_POINT('Ctrl Pts',(3.80624134319243,9.36907435100713,74.6695265131277));
#5252=CARTESIAN_POINT('Ctrl Pts',(2.88257491537453,9.69200165454948,74.7154252879314));
#5253=CARTESIAN_POINT('Ctrl Pts',(1.93264515133869,9.87707902038844,74.7613240627352));
#5254=CARTESIAN_POINT('Ctrl Pts',(0.507750505284949,10.1546950691469,74.8301722249408));
#5255=CARTESIAN_POINT('Ctrl Pts',(-0.976236647259181,10.1221487580727,74.8990203871465));
#5256=CARTESIAN_POINT('Ctrl Pts',(-2.38548932678963,9.77858493272935,74.9678685493521));
#5257=CARTESIAN_POINT('Ctrl Pts',(-3.79474200626919,9.43502110739841,75.0367167115552));
#5258=CARTESIAN_POINT('Ctrl Pts',(-5.12926021274047,8.78043976782079,75.1055648737584));
#5259=CARTESIAN_POINT('Ctrl Pts',(-6.26509245156683,7.87704317214399,75.1744130359615));
#5260=CARTESIAN_POINT('Ctrl Pts',(-2.66504181275262,11.477575091292,75.9541268548081));
#5261=CARTESIAN_POINT('Ctrl Pts',(-1.05388951153428,11.8510631851642,75.8870676539441));
#5262=CARTESIAN_POINT('Ctrl Pts',(0.636438636547133,11.8791688720448,75.82000845308));
#5263=CARTESIAN_POINT('Ctrl Pts',(2.26117639505673,11.5628013680023,75.752949252216));
#5264=CARTESIAN_POINT('Ctrl Pts',(3.37323069233608,11.3462631355723,75.7070504774122));
#5265=CARTESIAN_POINT('Ctrl Pts',(4.45455760130443,10.9683481897348,75.6611517026085));
#5266=CARTESIAN_POINT('Ctrl Pts',(5.45755740489717,10.4428811533708,75.6152529278047));
#5267=CARTESIAN_POINT('Ctrl Pts',(7.46355701208263,9.39194708064292,75.5234553781972));
#5268=CARTESIAN_POINT('Ctrl Pts',(9.15624819776569,7.75080464580938,75.4316578285897));
#5269=CARTESIAN_POINT('Ctrl Pts',(10.270228660966,5.77894119965833,75.3398602789822));
#5270=CARTESIAN_POINT('Ctrl Pts',(10.8272188925662,4.79300947658279,75.2939615041784));
#5271=CARTESIAN_POINT('Ctrl Pts',(11.2395314435457,3.72439750067789,75.2480627293747));
#5272=CARTESIAN_POINT('Ctrl Pts',(11.4896278474181,2.61924527434011,75.2021639545709));
#5273=CARTESIAN_POINT('Ctrl Pts',(11.9898206551631,0.408940821664591,75.1103664049634));
#5274=CARTESIAN_POINT('Ctrl Pts',(11.84114887448,-1.94752463274236,75.0185688553559));
#5275=CARTESIAN_POINT('Ctrl Pts',(11.0595206948607,-4.07096922546764,74.9267713057484));
#5276=CARTESIAN_POINT('Ctrl Pts',(10.2778925152415,-6.19441381819291,74.8349737561409));
#5277=CARTESIAN_POINT('Ctrl Pts',(8.86330793668618,-8.08483754923653,74.7431762065334));
#5278=CARTESIAN_POINT('Ctrl Pts',(7.04942128381649,-9.44341431366373,74.6513786569259));
#5279=CARTESIAN_POINT('Ctrl Pts',(6.14247795738163,-10.1227026958773,74.6054798821221));
#5280=CARTESIAN_POINT('Ctrl Pts',(5.13570911236816,-10.6690293364369,74.5595811073184));
#5281=CARTESIAN_POINT('Ctrl Pts',(4.07242080664356,-11.0585505709354,74.5136823325146));
#5282=CARTESIAN_POINT('Ctrl Pts',(1.94584419519439,-11.8375930399325,74.4218847829071));
#5283=CARTESIAN_POINT('Ctrl Pts',(-0.406810259099357,-11.9894138846859,
74.3300872332996));
#5284=CARTESIAN_POINT('Ctrl Pts',(-2.61557398210737,-11.4892368162858,74.2382896836921));
#5285=CARTESIAN_POINT('Ctrl Pts',(-3.7199558436114,-11.2391482820858,74.1923909088883));
#5286=CARTESIAN_POINT('Ctrl Pts',(-4.78836502229399,-10.8260602695973,74.1464921340846));
#5287=CARTESIAN_POINT('Ctrl Pts',(-5.77540011040889,-10.2698731265648,74.1005933592808));
#5288=CARTESIAN_POINT('Ctrl Pts',(-7.25595274258121,-9.4355924120161,74.0317451970752));
#5289=CARTESIAN_POINT('Ctrl Pts',(-8.55341367097622,-8.27933865374317,73.9628970348696));
#5290=CARTESIAN_POINT('Ctrl Pts',(-9.54856056770022,-6.90319582183986,73.8940488726639));
#5291=CARTESIAN_POINT('Ctrl Pts',(-10.5437074644242,-5.52705298993654,73.8252007104583));
#5292=CARTESIAN_POINT('Ctrl Pts',(-11.2365403294772,-3.93102108440283,73.7563525482527));
#5293=CARTESIAN_POINT('Ctrl Pts',(-11.5630173709246,-2.26386476067368,73.687504386047));
#5294=CARTESIAN_POINT('Ctrl Pts',(-11.8811763401796,-0.639184706011921,
73.620410356325));
#5295=CARTESIAN_POINT('Ctrl Pts',(-11.851409898302,1.05304168160743,73.5533163266029));
#5296=CARTESIAN_POINT('Ctrl Pts',(-11.4771607726463,2.66531492655628,73.4862222968809));
#5297=CARTESIAN_POINT('Ctrl Pts',(-7.87704317204327,6.26509245168771,75.2827902233304));
#5298=CARTESIAN_POINT('Ctrl Pts',(-8.78043976777035,5.12926021283509,75.351638385536));
#5299=CARTESIAN_POINT('Ctrl Pts',(-10.0879563396431,2.46116186806536,75.4893347099473));
#5300=CARTESIAN_POINT('Ctrl Pts',(-10.1906417900042,-1.99349957081261,75.6958791965642));
#5301=CARTESIAN_POINT('Ctrl Pts',(-8.41557372688035,-6.08381680695402,75.9024236831811));
#5302=CARTESIAN_POINT('Ctrl Pts',(-5.46032019103336,-8.71804186093527,76.0860187823961));
#5303=CARTESIAN_POINT('Ctrl Pts',(-1.35349562156311,-10.3063970054656,76.292563269013));
#5304=CARTESIAN_POINT('Ctrl Pts',(2.66595404273077,-10.0474890273189,76.476158368228));
#5305=CARTESIAN_POINT('Ctrl Pts',(6.96627057384501,-7.71450898391391,76.7056522422467));
#5306=CARTESIAN_POINT('Ctrl Pts',(9.98766211382947,-3.67769050965904,76.9351461162656));
#5307=CARTESIAN_POINT('Ctrl Pts',(10.3057182794166,1.35468690576974,77.1646399902843));
#5308=CARTESIAN_POINT('Ctrl Pts',(8.54517345845946,5.91908694531215,77.3941338643031));
#5309=CARTESIAN_POINT('Ctrl Pts',(5.65355984395538,8.72320510344364,77.5777289635181));
#5310=CARTESIAN_POINT('Ctrl Pts',(1.49707653934877,10.1763919365355,77.784273450135));
#5311=CARTESIAN_POINT('Ctrl Pts',(-2.46022491909304,10.0895944337486,77.96786854935));
#5312=CARTESIAN_POINT('Ctrl Pts',(-5.12926021283501,8.78043976777039,78.1055648737613));
#5313=CARTESIAN_POINT('Ctrl Pts',(-6.26509245168764,7.87704317204332,78.1744130359669));
#5314=CARTESIAN_POINT('Ctrl Pts',(-8.32539021782027,6.62109839373445,75.6133336441085));
#5315=CARTESIAN_POINT('Ctrl Pts',(-9.28012120085772,5.42061665335941,75.6821818063141));
#5316=CARTESIAN_POINT('Ctrl Pts',(-10.6618885864555,2.60069246271827,75.8198781307254));
#5317=CARTESIAN_POINT('Ctrl Pts',(-10.7702099755103,-2.10736191381769,76.0264226173422));
#5318=CARTESIAN_POINT('Ctrl Pts',(-8.89398498408036,-6.43026122706441,76.2329671039592));
#5319=CARTESIAN_POINT('Ctrl Pts',(-5.77051072481537,-9.21418919342813,76.4165622031742));
#5320=CARTESIAN_POINT('Ctrl Pts',(-1.4300103489997,-10.8927035606504,76.623106689791));
#5321=CARTESIAN_POINT('Ctrl Pts',(2.81806007703355,-10.6188835029945,76.8067017890061));
#5322=CARTESIAN_POINT('Ctrl Pts',(7.36287810744396,-8.15300196763674,77.0361956630248));
#5323=CARTESIAN_POINT('Ctrl Pts',(10.5559454492207,-3.88642381168029,77.2656895370436));
#5324=CARTESIAN_POINT('Ctrl Pts',(10.8918615922522,1.43221787258008,77.4951834110624));
#5325=CARTESIAN_POINT('Ctrl Pts',(9.03096415850106,6.25616723492367,77.7246772850812));
#5326=CARTESIAN_POINT('Ctrl Pts',(5.97474190378337,9.21965501837945,77.9082723842962));
#5327=CARTESIAN_POINT('Ctrl Pts',(1.58176437183309,10.7553102035578,78.114816870913));
#5328=CARTESIAN_POINT('Ctrl Pts',(-2.60063071039601,10.6633934026986,78.2984119701281));
#5329=CARTESIAN_POINT('Ctrl Pts',(-5.42142472706043,9.27964909241742,78.4361082945394));
#5330=CARTESIAN_POINT('Ctrl Pts',(-6.62182335454646,8.3248136123083,78.504956456745));
#5331=CARTESIAN_POINT('Ctrl Pts',(-8.77371435821666,6.9771350231682,75.9438750555024));
#5332=CARTESIAN_POINT('Ctrl Pts',(-9.7797841310187,5.71200706795296,76.012723217708));
#5333=CARTESIAN_POINT('Ctrl Pts',(-11.2358126625847,2.74026169249832,76.1504195421193));
#5334=CARTESIAN_POINT('Ctrl Pts',(-11.3497869222264,-2.2211857680845,76.3569640287361));
#5335=CARTESIAN_POINT('Ctrl Pts',(-9.37242035961688,-6.77667437381891,76.5635085153531));
#5336=CARTESIAN_POINT('Ctrl Pts',(-6.08073502975205,-9.71031680460414,76.7471036145681));
#5337=CARTESIAN_POINT('Ctrl Pts',(-1.50656441008485,-11.4790061520567,76.953648101185));
#5338=CARTESIAN_POINT('Ctrl Pts',(2.97012824667607,-11.1902892898857,77.1372432004));
#5339=CARTESIAN_POINT('Ctrl Pts',(7.75945713579993,-8.59152233005944,77.3667370744187));
#5340=CARTESIAN_POINT('Ctrl Pts',(11.1242159733502,-4.09519550033338,77.5962309484376));
#5341=CARTESIAN_POINT('Ctrl Pts',(11.4780112535898,1.50970982878293,77.8257248224563));
#5342=CARTESIAN_POINT('Ctrl Pts',(9.51677833926345,6.59321573662548,78.0552186964751));
#5343=CARTESIAN_POINT('Ctrl Pts',(6.29595779386146,9.71608448151155,78.2388137956901));
#5344=CARTESIAN_POINT('Ctrl Pts',(1.66649104738146,11.3342239459095,78.4453582823069));
#5345=CARTESIAN_POINT('Ctrl Pts',(-2.74099843149906,11.237202901317,78.628953381522));
#5346=CARTESIAN_POINT('Ctrl Pts',(-5.71355646764378,9.7788789695546,78.7666497059332));
#5347=CARTESIAN_POINT('Ctrl Pts',(-6.97852503365506,8.77260879817099,78.8354978681389));
#5348=CARTESIAN_POINT('Ctrl Pts',(-9.22202419606036,7.3331906282203,76.2744154128143));
#5349=CARTESIAN_POINT('Ctrl Pts',(-10.2794354793635,6.00341850934448,76.3432635750199));
#5350=CARTESIAN_POINT('Ctrl Pts',(-11.8097315569702,2.87985487142757,76.4809598994312));
#5351=CARTESIAN_POINT('Ctrl Pts',(-11.9293691928449,-2.33498571591283,76.687504386048));
#5352=CARTESIAN_POINT('Ctrl Pts',(-9.85087061012985,-7.12306804592454,76.8940488726649));
#5353=CARTESIAN_POINT('Ctrl Pts',(-6.39098023172121,-10.2064320817518,77.07764397188));
#5354=CARTESIAN_POINT('Ctrl Pts',(-1.58314286582427,-12.0653061680745,77.2841884584968));
#5355=CARTESIAN_POINT('Ctrl Pts',(3.12217288979988,-11.7617019854702,77.4677835577119));
#5356=CARTESIAN_POINT('Ctrl Pts',(8.15601839762765,-9.03005959771733,77.6972774317306));
#5357=CARTESIAN_POINT('Ctrl Pts',(11.6924784366982,-4.30399096982338,77.9267713057494));
#5358=CARTESIAN_POINT('Ctrl Pts',(12.0641647403911,1.5871775610818,78.1562651797682));
#5359=CARTESIAN_POINT('Ctrl Pts',(10.0026069960727,6.93024444606355,78.3857590537869));
#5360=CARTESIAN_POINT('Ctrl Pts',(6.61719461665858,10.212501157422,78.5693541530019));
#5361=CARTESIAN_POINT('Ctrl Pts',(1.75124181065738,11.9131347662693,78.7758986396188));
#5362=CARTESIAN_POINT('Ctrl Pts',(-2.88134249936598,11.8110188227944,78.9594937388339));
#5363=CARTESIAN_POINT('Ctrl Pts',(-6.00566781291056,10.2781215060782,79.0971900632451));
#5364=CARTESIAN_POINT('Ctrl Pts',(-7.33520850679651,9.22041925426176,79.1660382254508));
#5365=CARTESIAN_POINT('Ctrl Pts',(-7.87704317224235,6.26509245144317,75.2827902233474));
#5366=CARTESIAN_POINT('Ctrl Pts',(-8.78043976786819,5.12926021264367,75.3516383855481));
#5367=CARTESIAN_POINT('Ctrl Pts',(-9.43419805373501,3.79521104034946,75.4204865477487));
#5368=CARTESIAN_POINT('Ctrl Pts',(-9.77819143840524,2.38574288111226,75.4893347099494));
#5369=CARTESIAN_POINT('Ctrl Pts',(-10.1221848231004,0.976274721772991,75.558182872155));
#5370=CARTESIAN_POINT('Ctrl Pts',(-10.1564133065541,-0.508612424520172,
75.6270310343606));
#5371=CARTESIAN_POINT('Ctrl Pts',(-9.87768287109352,-1.93277553702391,75.6958791965662));
#5372=CARTESIAN_POINT('Ctrl Pts',(-9.59895243563297,-3.35693864952764,75.7647273587719));
#5373=CARTESIAN_POINT('Ctrl Pts',(-9.00726308125815,-4.72037772824193,75.8335755209775));
#5374=CARTESIAN_POINT('Ctrl Pts',(-8.15730836609923,-5.89601446522073,75.9024236831831));
#5375=CARTESIAN_POINT('Ctrl Pts',(-7.30735365094031,-7.07165120219953,75.9712718453888));
#5376=CARTESIAN_POINT('Ctrl Pts',(-6.19913357499725,-8.05948559744288,76.0401200075944));
#5377=CARTESIAN_POINT('Ctrl Pts',(-4.9344806307257,-8.77229038444637,76.1089681698001));
#5378=CARTESIAN_POINT('Ctrl Pts',(-4.091378667878,-9.24749357578204,76.1548669446038));
#5379=CARTESIAN_POINT('Ctrl Pts',(-3.1787509857732,-9.60046138567778,76.2007657194076));
#5380=CARTESIAN_POINT('Ctrl Pts',(-2.23537839234537,-9.81419759409604,76.2466644942113));
#5381=CARTESIAN_POINT('Ctrl Pts',(-0.348633205489718,-10.2416700109326,
76.3384620438188));
#5382=CARTESIAN_POINT('Ctrl Pts',(1.66109162665788,-10.1122160218591,76.4302595934263));
#5383=CARTESIAN_POINT('Ctrl Pts',(3.47775097900464,-9.44693668059313,76.5220571430338));
#5384=CARTESIAN_POINT('Ctrl Pts',(4.38608065517802,-9.11429700996013,76.5679559178376));
#5385=CARTESIAN_POINT('Ctrl Pts',(5.24614396140118,-8.64770100127897,76.6138546926413));
#5386=CARTESIAN_POINT('Ctrl Pts',(6.02094560154899,-8.06751576387445,76.6597534674451));
#5387=CARTESIAN_POINT('Ctrl Pts',(7.5705488818446,-6.9071452890654,76.7515510170526));
#5388=CARTESIAN_POINT('Ctrl Pts',(8.77910549783882,-5.29241789936286,76.8433485666601));
#5389=CARTESIAN_POINT('Ctrl Pts',(9.44699503895337,-3.47857872142549,76.9351461162676));
#5390=CARTESIAN_POINT('Ctrl Pts',(10.1148845800679,-1.66473954348811,77.0269436658751));
#5391=CARTESIAN_POINT('Ctrl Pts',(10.2421070463028,0.348211422684135,77.1187412154826));
#5392=CARTESIAN_POINT('Ctrl Pts',(9.81503591612569,2.23636842195329,77.2105387650901));
#5393=CARTESIAN_POINT('Ctrl Pts',(9.60150035103714,3.18044692158787,77.2564375398939));
#5394=CARTESIAN_POINT('Ctrl Pts',(9.24939138684559,4.09332692949669,77.3023363146977));
#5395=CARTESIAN_POINT('Ctrl Pts',(8.77368427617579,4.9355901146136,77.3482350895014));
#5396=CARTESIAN_POINT('Ctrl Pts',(7.8222700548362,6.62011648484742,77.4400326391089));
#5397=CARTESIAN_POINT('Ctrl Pts',(6.37646324758368,8.02217556391363,77.5318301887164));
#5398=CARTESIAN_POINT('Ctrl Pts',(4.6629770363934,8.92010246674086,77.6236277383239));
#5399=CARTESIAN_POINT('Ctrl Pts',(3.80623393079825,9.36906591815447,77.6695265131276));
#5400=CARTESIAN_POINT('Ctrl Pts',(2.88257097421867,9.69199632550834,77.7154252879314));
#5401=CARTESIAN_POINT('Ctrl Pts',(1.93264305442661,9.87707481964196,77.7613240627352));
#5402=CARTESIAN_POINT('Ctrl Pts',(0.50775117473851,10.1546925608424,77.8301722249408));
#5403=CARTESIAN_POINT('Ctrl Pts',(-0.97623687217774,10.1221434972973,77.8990203871465));
#5404=CARTESIAN_POINT('Ctrl Pts',(-2.38548971907157,9.77858029903005,77.9678685493521));
#5405=CARTESIAN_POINT('Ctrl Pts',(-3.79474256595262,9.43501710076595,78.0367167115571));
#5406=CARTESIAN_POINT('Ctrl Pts',(-5.12926021281264,8.78043976778539,78.1055648737621));
#5407=CARTESIAN_POINT('Ctrl Pts',(-6.26509245165898,7.8770431720707,78.1744130359671));
#5408=CARTESIAN_POINT('Ctrl Pts',(-2.66504225446806,11.477569617456,78.9541268548081));
#5409=CARTESIAN_POINT('Ctrl Pts',(-1.05388972265971,11.8510571905776,78.887067653944));
#5410=CARTESIAN_POINT('Ctrl Pts',(0.636439336419306,11.8791658843058,78.82000845308));
#5411=CARTESIAN_POINT('Ctrl Pts',(2.26117394085497,11.5627964501506,78.7529492522159));
#5412=CARTESIAN_POINT('Ctrl Pts',(3.37322607932396,11.3462568966518,78.7070504774122));
#5413=CARTESIAN_POINT('Ctrl Pts',(4.45454892510186,10.968338316908,78.6611517026084));
#5414=CARTESIAN_POINT('Ctrl Pts',(5.45754852057158,10.4428712044657,78.6152529278047));
#5415=CARTESIAN_POINT('Ctrl Pts',(7.46354771151102,9.39193697958097,78.5234553781972));
#5416=CARTESIAN_POINT('Ctrl Pts',(9.15625390121785,7.75080862390198,78.4316578285897));
#5417=CARTESIAN_POINT('Ctrl Pts',(10.2702380296049,5.77894800268074,78.3398602789822));
#5418=CARTESIAN_POINT('Ctrl Pts',(10.8272300937985,4.79301769207012,78.2939615041784));
#5419=CARTESIAN_POINT('Ctrl Pts',(11.2395416426621,3.72440431507395,78.2480627293747));
#5420=CARTESIAN_POINT('Ctrl Pts',(11.4896369216583,2.61925082834953,78.2021639545709));
#5421=CARTESIAN_POINT('Ctrl Pts',(11.9898274796508,0.408943854900699,78.1103664049634));
#5422=CARTESIAN_POINT('Ctrl Pts',(11.8411529581736,-1.94752355746101,78.0185688553559));
#5423=CARTESIAN_POINT('Ctrl Pts',(11.0595236896211,-4.07097098922053,77.9267713057484));
#5424=CARTESIAN_POINT('Ctrl Pts',(10.2778944210685,-6.19441842098005,77.8349737561409));
#5425=CARTESIAN_POINT('Ctrl Pts',(8.86331040544047,-8.08484587213735,77.7431762065334));
#5426=CARTESIAN_POINT('Ctrl Pts',(7.04942359814391,-9.44342632592377,77.6513786569259));
#5427=CARTESIAN_POINT('Ctrl Pts',(6.14248019449564,-10.122716552817,77.6054798821221));
#5428=CARTESIAN_POINT('Ctrl Pts',(5.13571109293022,-10.6690450303675,77.5595811073184));
#5429=CARTESIAN_POINT('Ctrl Pts',(4.07242204558466,-11.0585643639515,77.5136823325146));
#5430=CARTESIAN_POINT('Ctrl Pts',(1.94584395089353,-11.8376030311195,77.4218847829071));
#5431=CARTESIAN_POINT('Ctrl Pts',(-0.406813926918197,-11.9894051224217,
77.3300872332996));
#5432=CARTESIAN_POINT('Ctrl Pts',(-2.61557762423211,-11.4892283124639,77.2382896836921));
#5433=CARTESIAN_POINT('Ctrl Pts',(-3.71995947288905,-11.239139907485,77.1923909088883));
#5434=CARTESIAN_POINT('Ctrl Pts',(-4.78836777642154,-10.8260567771911,77.1464921340846));
#5435=CARTESIAN_POINT('Ctrl Pts',(-5.77540179638183,-10.2698704954321,77.1005933592808));
#5436=CARTESIAN_POINT('Ctrl Pts',(-7.2559528263223,-9.43559107279358,77.0317451970752));
#5437=CARTESIAN_POINT('Ctrl Pts',(-8.55341171822536,-8.27932955935853,76.9628970348696));
#5438=CARTESIAN_POINT('Ctrl Pts',(-9.54855759462934,-6.90318508097251,76.8940488726639));
#5439=CARTESIAN_POINT('Ctrl Pts',(-10.5437034710333,-5.52704060258648,76.8252007104583));
#5440=CARTESIAN_POINT('Ctrl Pts',(-11.2365363319382,-3.93101315924951,76.7563525482527));
#5441=CARTESIAN_POINT('Ctrl Pts',(-11.5630131564116,-2.26385933969105,76.6875043860471));
#5442=CARTESIAN_POINT('Ctrl Pts',(-11.8811719094519,-0.639181749749571,
76.6204103573306));
#5443=CARTESIAN_POINT('Ctrl Pts',(-11.8514050596702,1.05304403064738,76.5533163286142));
#5444=CARTESIAN_POINT('Ctrl Pts',(-11.4771569543449,2.66531655093916,76.4862222998978));
#5445=CARTESIAN_POINT('Ctrl Pts',(-7.87704317204327,6.26509245168771,78.2827902233304));
#5446=CARTESIAN_POINT('Ctrl Pts',(-8.78043976825914,5.12926021222054,78.3516383855733));
#5447=CARTESIAN_POINT('Ctrl Pts',(-10.0879519492278,2.4611634485882,78.489334710059));
#5448=CARTESIAN_POINT('Ctrl Pts',(-10.1906384342203,-1.99349655942309,78.6958791967877));
#5449=CARTESIAN_POINT('Ctrl Pts',(-8.41557042360397,-6.08380287339174,78.9024236835163));
#5450=CARTESIAN_POINT('Ctrl Pts',(-5.46032136740815,-8.71804473380156,79.0860187828307));
#5451=CARTESIAN_POINT('Ctrl Pts',(-1.35350004843308,-10.3063821553025,79.2925632695593));
#5452=CARTESIAN_POINT('Ctrl Pts',(2.66595527174634,-10.047504901446,79.4761583688737));
#5453=CARTESIAN_POINT('Ctrl Pts',(6.9662729128487,-7.71451754678153,79.7056522430166));
#5454=CARTESIAN_POINT('Ctrl Pts',(9.98766336074135,-3.67769130093508,79.9351461171596));
#5455=CARTESIAN_POINT('Ctrl Pts',(10.3057251803554,1.35469026504344,80.1646399913025));
#5456=CARTESIAN_POINT('Ctrl Pts',(8.54518426989357,5.91909589341295,80.3941338654454));
#5457=CARTESIAN_POINT('Ctrl Pts',(5.65354604383786,8.72319098989589,80.5777289647598));
#5458=CARTESIAN_POINT('Ctrl Pts',(1.49707757100159,10.1763910717975,80.7842734514884));
#5459=CARTESIAN_POINT('Ctrl Pts',(-2.46022605506878,10.0895866760335,80.9678685508028));
#5460=CARTESIAN_POINT('Ctrl Pts',(-5.1292602409919,8.7804397514518,81.1055648752886));
#5461=CARTESIAN_POINT('Ctrl Pts',(-6.26509247749888,7.87704315151407,81.1744130375314));
#5462=CARTESIAN_POINT('Ctrl Pts',(-8.32539021782027,6.62109839373445,78.6133336441085));
#5463=CARTESIAN_POINT('Ctrl Pts',(-9.28012120137428,5.42061665270988,78.6821818063514));
#5464=CARTESIAN_POINT('Ctrl Pts',(-10.6618839464688,2.60069413381979,78.8198781308371));
#5465=CARTESIAN_POINT('Ctrl Pts',(-10.7702064291261,-2.10735873045685,79.0264226175658));
#5466=CARTESIAN_POINT('Ctrl Pts',(-8.89398149380892,-6.43024650021842,79.2329671042944));
#5467=CARTESIAN_POINT('Ctrl Pts',(-5.77051196841522,-9.21419222950396,79.4165622036088));
#5468=CARTESIAN_POINT('Ctrl Pts',(-1.43001502891402,-10.8926878660168,79.6231066903374));
#5469=CARTESIAN_POINT('Ctrl Pts',(2.81806137607412,-10.618900280205,79.8067017896518));
#5470=CARTESIAN_POINT('Ctrl Pts',(7.36288057941143,-8.15301101784144,80.0361956637947));
#5471=CARTESIAN_POINT('Ctrl Pts',(10.5559467669123,-3.88642464848407,80.2656895379376));
#5472=CARTESIAN_POINT('Ctrl Pts',(10.8918688857482,1.43222142268373,80.4951834120806));
#5473=CARTESIAN_POINT('Ctrl Pts',(9.03097558487746,6.25617669200713,80.7246772862235));
#5474=CARTESIAN_POINT('Ctrl Pts',(5.97472731977236,9.21964010109259,80.9082723855379));
#5475=CARTESIAN_POINT('Ctrl Pts',(1.58176546266667,10.7553092896075,81.1148168722665));
#5476=CARTESIAN_POINT('Ctrl Pts',(-2.6006319102002,10.6633852036702,81.2984119715808));
#5477=CARTESIAN_POINT('Ctrl Pts',(-5.42142475681818,9.27964907516931,81.4361082960666));
#5478=CARTESIAN_POINT('Ctrl Pts',(-6.62182338182493,8.32481359061013,81.5049564583095));
#5479=CARTESIAN_POINT('Ctrl Pts',(-8.77371435821666,6.9771350231682,78.9438750555024));
#5480=CARTESIAN_POINT('Ctrl Pts',(-9.77978413156304,5.71200706726846,79.0127232177453));
#5481=CARTESIAN_POINT('Ctrl Pts',(-11.2358077729194,2.74026345363313,79.150419542231));
#5482=CARTESIAN_POINT('Ctrl Pts',(-11.3497831850694,-2.2211824133497,79.3569640289596));
#5483=CARTESIAN_POINT('Ctrl Pts',(-9.37241668200696,-6.77665885433434,79.5635085156883));
#5484=CARTESIAN_POINT('Ctrl Pts',(-6.08073634009314,-9.71032000417261,79.7471036150027));
#5485=CARTESIAN_POINT('Ctrl Pts',(-1.50656934236979,-11.4789896129037,79.9536481017313));
#5486=CARTESIAN_POINT('Ctrl Pts',(2.97012961636628,-11.1903069699685,80.1372432010457));
#5487=CARTESIAN_POINT('Ctrl Pts',(7.7594597412303,-8.59153186719191,80.3667370751886));
#5488=CARTESIAN_POINT('Ctrl Pts',(11.1242173620223,-4.09519638202664,80.5962309493315));
#5489=CARTESIAN_POINT('Ctrl Pts',(11.4780189394602,1.50971357032489,80.8257248234745));
#5490=CARTESIAN_POINT('Ctrl Pts',(9.51679038019004,6.59322570320585,81.0552186976174));
#5491=CARTESIAN_POINT('Ctrl Pts',(6.29594242542184,9.71606876087415,81.2388137969318));
#5492=CARTESIAN_POINT('Ctrl Pts',(1.66649219688041,11.3342229828228,81.4453582836604));
#5493=CARTESIAN_POINT('Ctrl Pts',(-2.74099969564196,11.237194260967,81.6289533829748));
#5494=CARTESIAN_POINT('Ctrl Pts',(-5.71355649900245,9.77887895137707,81.7666497074605));
#5495=CARTESIAN_POINT('Ctrl Pts',(-6.97852506240085,8.77260877530399,81.8354978697034));
#5496=CARTESIAN_POINT('Ctrl Pts',(-9.22202419606036,7.3331906282203,79.2744154128143));
#5497=CARTESIAN_POINT('Ctrl Pts',(-10.2794354799356,6.003418508625,79.3432635750572));
#5498=CARTESIAN_POINT('Ctrl Pts',(-11.8097264175547,2.87985672222118,79.4809598995429));
#5499=CARTESIAN_POINT('Ctrl Pts',(-11.9293652647989,-2.33498219021472,79.6875043862716));
#5500=CARTESIAN_POINT('Ctrl Pts',(-9.85086674495035,-7.12305173424551,79.8940488730002));
#5501=CARTESIAN_POINT('Ctrl Pts',(-6.39098160847058,-10.2064354450092,80.0776439723146));
#5502=CARTESIAN_POINT('Ctrl Pts',(-1.58314805001985,-12.0652887843714,80.2841884590432));
#5503=CARTESIAN_POINT('Ctrl Pts',(3.12217433057414,-11.7617205682813,80.4677835583576));
#5504=CARTESIAN_POINT('Ctrl Pts',(8.15602113686758,-9.03006962149647,80.6972774325005));
#5505=CARTESIAN_POINT('Ctrl Pts',(11.6924798964908,-4.30399189596706,80.9267713066434));
#5506=CARTESIAN_POINT('Ctrl Pts',(12.0641728185109,1.5871814944829,81.1562651807864));
#5507=CARTESIAN_POINT('Ctrl Pts',(10.0026196512786,6.9302549224984,81.3857590549293));
#5508=CARTESIAN_POINT('Ctrl Pts',(6.61717846342685,10.2124846336993,81.5693541542437));
#5509=CARTESIAN_POINT('Ctrl Pts',(1.75124301846743,11.9131337541001,81.7758986409723));
#5510=CARTESIAN_POINT('Ctrl Pts',(-2.88134382819672,11.8110097411181,81.9594937402867));
#5511=CARTESIAN_POINT('Ctrl Pts',(-6.0056678458702,10.2781214869713,82.0971900647724));
#5512=CARTESIAN_POINT('Ctrl Pts',(-7.33520853700968,9.22041923022599,82.1660382270153));
#5513=CARTESIAN_POINT('Ctrl Pts',(-7.87704317242562,6.26509245121274,78.2827902233614));
#5514=CARTESIAN_POINT('Ctrl Pts',(-8.78043976844536,5.12926021184873,78.3516383855946));
#5515=CARTESIAN_POINT('Ctrl Pts',(-9.43419585879499,3.79521183020839,78.4204865478279));
#5516=CARTESIAN_POINT('Ctrl Pts',(-9.77818831815453,2.38574430482868,78.4893347100611));
#5517=CARTESIAN_POINT('Ctrl Pts',(-10.1221807775623,0.976276779251518,78.558182872304));
#5518=CARTESIAN_POINT('Ctrl Pts',(-10.1564096058931,-0.508609890086146,
78.6270310345469));
#5519=CARTESIAN_POINT('Ctrl Pts',(-9.87767935162237,-1.93277094375,78.6958791967898));
#5520=CARTESIAN_POINT('Ctrl Pts',(-9.59894909735163,-3.35693199741383,78.7647273590326));
#5521=CARTESIAN_POINT('Ctrl Pts',(-9.0072597604793,-4.72036743540388,78.8335755212755));
#5522=CARTESIAN_POINT('Ctrl Pts',(-8.15730589400622,-5.89600550322591,78.9024236835184));
#5523=CARTESIAN_POINT('Ctrl Pts',(-7.30735202753313,-7.07164357104797,78.9712718457613));
#5524=CARTESIAN_POINT('Ctrl Pts',(-6.19913363145927,-8.05948426870202,79.0401200080042));
#5525=CARTESIAN_POINT('Ctrl Pts',(-4.9344820092344,-8.77228803206395,79.1089681702471));
#5526=CARTESIAN_POINT('Ctrl Pts',(-4.09138092775119,-9.24749054097188,79.1548669450757));
#5527=CARTESIAN_POINT('Ctrl Pts',(-3.17875396797865,-9.60045441241665,79.2007657199042));
#5528=CARTESIAN_POINT('Ctrl Pts',(-2.2353813847819,-9.81419055555845,79.2466644947328));
#5529=CARTESIAN_POINT('Ctrl Pts',(-0.348636218388347,-10.2416628418421,
79.33846204439));
#5530=CARTESIAN_POINT('Ctrl Pts',(1.66109144170208,-10.1122242149137,79.4302595940472));
#5531=CARTESIAN_POINT('Ctrl Pts',(3.47775203269326,-9.44694804469354,79.5220571437044));
#5532=CARTESIAN_POINT('Ctrl Pts',(4.38608232818887,-9.11430995958344,79.567955918533));
#5533=CARTESIAN_POINT('Ctrl Pts',(5.24614585640968,-8.64771248865036,79.6138546933615));
#5534=CARTESIAN_POINT('Ctrl Pts',(6.02094757174979,-8.06752575830512,79.6597534681901));
#5535=CARTESIAN_POINT('Ctrl Pts',(7.57055100242998,-6.90715229761465,79.7515510178473));
#5536=CARTESIAN_POINT('Ctrl Pts',(8.77910718158742,-5.29242179927554,79.8433485675045));
#5537=CARTESIAN_POINT('Ctrl Pts',(9.44699763508901,-3.47858023690991,79.9351461171616));
#5538=CARTESIAN_POINT('Ctrl Pts',(10.1148880885906,-1.66473867454427,80.0269436668188));
#5539=CARTESIAN_POINT('Ctrl Pts',(10.2421128164363,0.348213951847864,80.118741216476));
#5540=CARTESIAN_POINT('Ctrl Pts',(9.81504348292817,2.23637299487753,80.2105387661332));
#5541=CARTESIAN_POINT('Ctrl Pts',(9.60150881617412,3.18045251639237,80.2564375409617));
#5542=CARTESIAN_POINT('Ctrl Pts',(9.24940063408162,4.09333364206659,80.3023363157903));
#5543=CARTESIAN_POINT('Ctrl Pts',(8.77369199384856,4.9355956505564,80.3482350906189));
#5544=CARTESIAN_POINT('Ctrl Pts',(7.82227471338243,6.62011966753604,80.4400326402761));
#5545=CARTESIAN_POINT('Ctrl Pts',(6.37645560035405,8.02216721577802,80.5318301899333));
#5546=CARTESIAN_POINT('Ctrl Pts',(4.6629696818371,8.92009420057042,80.6236277395905));
#5547=CARTESIAN_POINT('Ctrl Pts',(3.80622672257864,9.36905769296661,80.669526514419));
#5548=CARTESIAN_POINT('Ctrl Pts',(2.88256706194802,9.69199104450042,80.7154252892476));
#5549=CARTESIAN_POINT('Ctrl Pts',(1.93264090296248,9.87707061584429,80.7613240640762));
#5550=CARTESIAN_POINT('Ctrl Pts',(0.507751664484181,10.1546899728601,80.8301722263191));
#5551=CARTESIAN_POINT('Ctrl Pts',(-0.976237195292728,10.1221383244486,80.899020388562));
#5552=CARTESIAN_POINT('Ctrl Pts',(-2.38549017166219,9.7785757690973,80.9678685508048));
#5553=CARTESIAN_POINT('Ctrl Pts',(-3.79474314803168,9.43501321374601,81.0367167130477));
#5554=CARTESIAN_POINT('Ctrl Pts',(-5.12926024099373,8.78043975145493,81.1055648752906));
#5555=CARTESIAN_POINT('Ctrl Pts',(-6.26509247750112,7.87704315151688,81.1744130375335));
#5556=CARTESIAN_POINT('Ctrl Pts',(-2.66504273552007,11.4775642713632,81.9541268548081));
#5557=CARTESIAN_POINT('Ctrl Pts',(-1.05389002918127,11.8510512893107,81.8870676543911));
#5558=CARTESIAN_POINT('Ctrl Pts',(0.636439841442975,11.8791628033208,81.8200084539741));
#5559=CARTESIAN_POINT('Ctrl Pts',(2.26117142279255,11.5627915287201,81.7529492535571));
#5560=CARTESIAN_POINT('Ctrl Pts',(3.37322150012004,11.3462507139649,81.7070504787285));
#5561=CARTESIAN_POINT('Ctrl Pts',(4.4545404878886,10.9683286872092,81.6611517038999));
#5562=CARTESIAN_POINT('Ctrl Pts',(5.45753991205525,10.4428615267721,81.6152529290713));
#5563=CARTESIAN_POINT('Ctrl Pts',(7.46353876038864,9.39192720589774,81.5234553794141));
#5564=CARTESIAN_POINT('Ctrl Pts',(9.15625935431429,7.7508123502975,81.4316578297569));
#5565=CARTESIAN_POINT('Ctrl Pts',(10.2702470635514,5.77895448429347,81.3398602800997));
#5566=CARTESIAN_POINT('Ctrl Pts',(10.8272409181699,4.79302555129148,81.2939615052711));
#5567=CARTESIAN_POINT('Ctrl Pts',(11.2395515516163,3.72441086568855,81.2480627304426));
#5568=CARTESIAN_POINT('Ctrl Pts',(11.4896457791126,2.61925618258998,81.202163955614));
#5569=CARTESIAN_POINT('Ctrl Pts',(11.9898342341051,0.408946816392844,81.1103664059568));
#5570=CARTESIAN_POINT('Ctrl Pts',(11.8411570652971,-1.94752253978679,81.0185688562996));
#5571=CARTESIAN_POINT('Ctrl Pts',(11.0595267289686,-4.07097276298236,80.9267713066424));
#5572=CARTESIAN_POINT('Ctrl Pts',(10.27789639264,-6.1944229861779,80.8349737569853));
#5573=CARTESIAN_POINT('Ctrl Pts',(8.86331288879096,-8.08485407638935,80.7431762073281));
#5574=CARTESIAN_POINT('Ctrl Pts',(7.04942590582991,-9.44343802560238,80.6513786576709));
#5575=CARTESIAN_POINT('Ctrl Pts',(6.14248241434936,-10.1227300002089,80.6054798828423));
#5576=CARTESIAN_POINT('Ctrl Pts',(5.13571305309079,-10.6690601895658,80.5595811080138));
#5577=CARTESIAN_POINT('Ctrl Pts',(4.07242328053563,-11.0585776671446,80.5136823331852));
#5578=CARTESIAN_POINT('Ctrl Pts',(1.94584373542538,-11.8376126223021,80.421884783528));
#5579=CARTESIAN_POINT('Ctrl Pts',(-0.406817454871311,-11.9893967303471,
80.3300872338708));
#5580=CARTESIAN_POINT('Ctrl Pts',(-2.61558112821462,-11.4892200732179,80.2382896842136));
#5581=CARTESIAN_POINT('Ctrl Pts',(-3.71996296488629,-11.2391317446532,80.192390909385));
#5582=CARTESIAN_POINT('Ctrl Pts',(-4.78837042231962,-10.826053224795,80.1464921345564));
#5583=CARTESIAN_POINT('Ctrl Pts',(-5.77540341042755,-10.2698677418038,80.1005933597279));
#5584=CARTESIAN_POINT('Ctrl Pts',(-7.25595289258945,-9.4355895173169,80.031745197485));
#5585=CARTESIAN_POINT('Ctrl Pts',(-8.55340981876918,-8.27932062578068,79.9628970352421));
#5586=CARTESIAN_POINT('Ctrl Pts',(-9.54855470183374,-6.90317458934089,79.8940488729992));
#5587=CARTESIAN_POINT('Ctrl Pts',(-10.5436995848983,-5.5270285529011,79.8252007107563));
#5588=CARTESIAN_POINT('Ctrl Pts',(-11.2365324248477,-3.93100537155774,79.7563525485134));
#5589=CARTESIAN_POINT('Ctrl Pts',(-11.5630090369484,-2.26385396214686,79.6875043862706));
#5590=CARTESIAN_POINT('Ctrl Pts',(-11.881167583208,-0.639178720021948,79.6204103574797));
#5591=CARTESIAN_POINT('Ctrl Pts',(-11.8514003444621,1.05304647131973,79.5533163286888));
#5592=CARTESIAN_POINT('Ctrl Pts',(-11.4771532212634,2.66531827715051,79.4862222998978));
#5593=CARTESIAN_POINT('Ctrl Pts',(-7.87704317204322,6.26509245168777,81.2827902233304));
#5594=CARTESIAN_POINT('Ctrl Pts',(-8.78043976777031,5.12926021283515,81.351638385536));
#5595=CARTESIAN_POINT('Ctrl Pts',(-10.0878131251626,2.4612052136272,81.4893347099473));
#5596=CARTESIAN_POINT('Ctrl Pts',(-10.1913212980338,-1.99394388679445,81.6958791965642));
#5597=CARTESIAN_POINT('Ctrl Pts',(-8.41557468376874,-6.08414492547621,81.9024236831811));
#5598=CARTESIAN_POINT('Ctrl Pts',(-5.45991012283659,-8.71718990240298,82.0860187823961));
#5599=CARTESIAN_POINT('Ctrl Pts',(-1.35352138353753,-10.3064357135768,82.292563269013));
#5600=CARTESIAN_POINT('Ctrl Pts',(2.66605322931757,-10.0473146751578,82.476158368228));
#5601=CARTESIAN_POINT('Ctrl Pts',(6.9662654125654,-7.71454986825102,82.7056522422468));
#5602=CARTESIAN_POINT('Ctrl Pts',(9.98768106600479,-3.67765665666129,82.9351461162655));
#5603=CARTESIAN_POINT('Ctrl Pts',(10.3057285226964,1.3546856267514,83.1646399902844));
#5604=CARTESIAN_POINT('Ctrl Pts',(8.54519737461297,5.91911019942257,83.394133864303));
#5605=CARTESIAN_POINT('Ctrl Pts',(5.65353211820734,8.72317575053726,83.5777289635181));
#5606=CARTESIAN_POINT('Ctrl Pts',(1.49707894783584,10.1763910471928,83.784273450135));
#5607=CARTESIAN_POINT('Ctrl Pts',(-2.46022735716773,10.0895786511692,83.96786854935));
#5608=CARTESIAN_POINT('Ctrl Pts',(-5.12926021283501,8.78043976777039,84.1055648737613));
#5609=CARTESIAN_POINT('Ctrl Pts',(-6.26509245168764,7.87704317204332,84.1744130359669));
#5610=CARTESIAN_POINT('Ctrl Pts',(-8.32539021782022,6.62109839373452,81.6133336441085));
#5611=CARTESIAN_POINT('Ctrl Pts',(-9.28012120085768,5.42061665335948,81.6821818063141));
#5612=CARTESIAN_POINT('Ctrl Pts',(-10.6617372335828,2.60073827804924,81.8198781307253));
#5613=CARTESIAN_POINT('Ctrl Pts',(-10.7709281004172,-2.10783152852697,82.0264226173422));
#5614=CARTESIAN_POINT('Ctrl Pts',(-8.89398599984649,-6.43060802479408,82.2329671039592));
#5615=CARTESIAN_POINT('Ctrl Pts',(-5.77007736533936,-9.2132887440047,82.4165622031742));
#5616=CARTESIAN_POINT('Ctrl Pts',(-1.43003757789623,-10.8927444739485,82.623106689791));
#5617=CARTESIAN_POINT('Ctrl Pts',(2.81816489795361,-10.6186992264668,82.8067017890061));
#5618=CARTESIAN_POINT('Ctrl Pts',(7.36287265315854,-8.15304517897068,83.0361956630248));
#5619=CARTESIAN_POINT('Ctrl Pts',(10.5559654778335,-3.88638803283828,83.2656895370436));
#5620=CARTESIAN_POINT('Ctrl Pts',(10.8918724185007,1.43221652002127,83.4951834110624));
#5621=CARTESIAN_POINT('Ctrl Pts',(9.03098943478675,6.25619181195924,83.7246772850811));
#5622=CARTESIAN_POINT('Ctrl Pts',(5.97471260314276,9.21962399393106,83.9082723842962));
#5623=CARTESIAN_POINT('Ctrl Pts',(1.58176691828109,10.7553092636025,84.114816870913));
#5624=CARTESIAN_POINT('Ctrl Pts',(-2.60063328557898,10.6633767222786,84.2984119701281));
#5625=CARTESIAN_POINT('Ctrl Pts',(-5.42142472706043,9.27964909241742,84.4361082945393));
#5626=CARTESIAN_POINT('Ctrl Pts',(-6.62182335454645,8.3248136123083,84.5049564567449));
#5627=CARTESIAN_POINT('Ctrl Pts',(-8.77371435821661,6.97713502316827,81.9438750555024));
#5628=CARTESIAN_POINT('Ctrl Pts',(-9.77978413101866,5.71200706795304,82.012723217708));
#5629=CARTESIAN_POINT('Ctrl Pts',(-11.2356531645779,2.74030997972745,82.1504195421193));
#5630=CARTESIAN_POINT('Ctrl Pts',(-11.3505436815915,-2.22168068563442,82.3569640287362));
#5631=CARTESIAN_POINT('Ctrl Pts',(-9.37242141370944,-6.77703983374002,82.5635085153531));
#5632=CARTESIAN_POINT('Ctrl Pts',(-6.08027838144789,-9.70936787832629,82.7471036145681));
#5633=CARTESIAN_POINT('Ctrl Pts',(-1.50659310234947,-11.4790492679644,82.953648101185));
#5634=CARTESIAN_POINT('Ctrl Pts',(2.97023870208681,-11.1900950919982,83.1372432004));
#5635=CARTESIAN_POINT('Ctrl Pts',(7.75945138980822,-8.59156786704236,83.3667370744188));
#5636=CARTESIAN_POINT('Ctrl Pts',(11.1242370785693,-4.0951577950007,83.5962309484375));
#5637=CARTESIAN_POINT('Ctrl Pts',(11.4780226625165,1.50970840404961,83.8257248224563));
#5638=CARTESIAN_POINT('Ctrl Pts',(9.5168049748638,6.59324163750842,84.055218696475));
#5639=CARTESIAN_POINT('Ctrl Pts',(6.29592691727383,9.71605178632108,84.2388137956901));
#5640=CARTESIAN_POINT('Ctrl Pts',(1.66649373075883,11.3342229554834,84.445358282307));
#5641=CARTESIAN_POINT('Ctrl Pts',(-2.74100114479588,11.2371853230521,84.628953381522));
#5642=CARTESIAN_POINT('Ctrl Pts',(-5.71355646764377,9.7788789695546,84.7666497059333));
#5643=CARTESIAN_POINT('Ctrl Pts',(-6.97852503365505,8.772608798171,84.8354978681389));
#5644=CARTESIAN_POINT('Ctrl Pts',(-9.22202419606031,7.33319062822037,82.2744154128143));
#5645=CARTESIAN_POINT('Ctrl Pts',(-10.2794354793635,6.00341850934456,82.3432635750199));
#5646=CARTESIAN_POINT('Ctrl Pts',(-11.8095639091971,2.87990563203946,82.4809598994311));
#5647=CARTESIAN_POINT('Ctrl Pts',(-11.9301645986566,-2.33550593926028,82.6875043860481));
#5648=CARTESIAN_POINT('Ctrl Pts',(-9.85087168827913,-7.12345215637622,82.894048872665));
#5649=CARTESIAN_POINT('Ctrl Pts',(-6.39050029653387,-10.2054346881754,83.07764397188));
#5650=CARTESIAN_POINT('Ctrl Pts',(-1.58317301899455,-12.0653514848337,83.2841884584969));
#5651=CARTESIAN_POINT('Ctrl Pts',(3.12228897975626,-11.7614978682687,83.4677835577119));
#5652=CARTESIAN_POINT('Ctrl Pts',(8.15601236083786,-9.03010745942595,83.6972774317307));
#5653=CARTESIAN_POINT('Ctrl Pts',(11.6925006186327,-4.30395133755108,83.9267713057494));
#5654=CARTESIAN_POINT('Ctrl Pts',(12.0641767317999,1.58717606511733,84.1562651797682));
#5655=CARTESIAN_POINT('Ctrl Pts',(10.0026349904213,6.9302716714365,84.3857590537869));
#5656=CARTESIAN_POINT('Ctrl Pts',(6.61716216340812,10.2124667920356,84.569354153002));
#5657=CARTESIAN_POINT('Ctrl Pts',(1.75124463025481,11.9131337254731,84.7758986396189));
#5658=CARTESIAN_POINT('Ctrl Pts',(-2.88134535146457,11.8110003466834,84.9594937388339));
#5659=CARTESIAN_POINT('Ctrl Pts',(-6.00566781291056,10.2781215060782,85.0971900632452));
#5660=CARTESIAN_POINT('Ctrl Pts',(-7.33520850679651,9.22041925426176,85.1660382254508));
#5661=CARTESIAN_POINT('Ctrl Pts',(-7.87704317242803,6.26509245120972,81.2827902233616));
#5662=CARTESIAN_POINT('Ctrl Pts',(-8.78043976795772,5.12926021246092,81.3516383855575));
#5663=CARTESIAN_POINT('Ctrl Pts',(-9.4341264465183,3.79523271303388,81.4204865477534));
#5664=CARTESIAN_POINT('Ctrl Pts',(-9.7782211479632,2.38569411335979,81.4893347099493));
#5665=CARTESIAN_POINT('Ctrl Pts',(-10.1223158494566,0.976155513487036,81.558182872155));
#5666=CARTESIAN_POINT('Ctrl Pts',(-10.156818573747,-0.508894186654098,81.6270310343606));
#5667=CARTESIAN_POINT('Ctrl Pts',(-9.87811216684795,-1.93311920983849,81.6958791965663));
#5668=CARTESIAN_POINT('Ctrl Pts',(-9.59940575994887,-3.35734423302291,81.7647273587719));
#5669=CARTESIAN_POINT('Ctrl Pts',(-9.0074902218603,-4.72074457925066,81.8335755209775));
#5670=CARTESIAN_POINT('Ctrl Pts',(-8.15734534764103,-5.89614068553848,81.9024236831832));
#5671=CARTESIAN_POINT('Ctrl Pts',(-7.30720047342178,-7.07153679182628,81.9712718453888));
#5672=CARTESIAN_POINT('Ctrl Pts',(-6.19882626307183,-8.05892865817417,82.0401200075944));
#5673=CARTESIAN_POINT('Ctrl Pts',(-4.93419883107176,-8.7717345669482,82.1089681698001));
#5674=CARTESIAN_POINT('Ctrl Pts',(-4.09111387640502,-9.24693850613091,82.1548669446038));
#5675=CARTESIAN_POINT('Ctrl Pts',(-3.17858304544937,-9.60010424194743,82.2007657194076));
#5676=CARTESIAN_POINT('Ctrl Pts',(-2.2352646070742,-9.81395464595687,82.2466644942113));
#5677=CARTESIAN_POINT('Ctrl Pts',(-0.348627730323865,-10.2416554539757,
82.3384620438188));
#5678=CARTESIAN_POINT('Ctrl Pts',(1.66115957610445,-10.1120949347662,82.4302595934263));
#5679=CARTESIAN_POINT('Ctrl Pts',(3.47781192711371,-9.44683747985428,82.5220571430338));
#5680=CARTESIAN_POINT('Ctrl Pts',(4.38613810261831,-9.11420875239834,82.5679559178376));
#5681=CARTESIAN_POINT('Ctrl Pts',(5.24618053926818,-8.64765579101681,82.6138546926414));
#5682=CARTESIAN_POINT('Ctrl Pts',(6.02096987393077,-8.06749426932306,82.6597534674451));
#5683=CARTESIAN_POINT('Ctrl Pts',(7.57054854325599,-6.90717122593553,82.7515510170526));
#5684=CARTESIAN_POINT('Ctrl Pts',(8.77911480463215,-5.29241394129909,82.8433485666601));
#5685=CARTESIAN_POINT('Ctrl Pts',(9.4470074266586,-3.47856684229796,82.9351461162676));
#5686=CARTESIAN_POINT('Ctrl Pts',(10.1149000486851,-1.66471974329679,83.0269436658751));
#5687=CARTESIAN_POINT('Ctrl Pts',(10.2421190313618,0.348217170069029,83.1187412154827));
#5688=CARTESIAN_POINT('Ctrl Pts',(9.81505038609821,2.23637602723707,83.2105387650902));
#5689=CARTESIAN_POINT('Ctrl Pts',(9.60151606346645,3.18045545582104,83.2564375398939));
#5690=CARTESIAN_POINT('Ctrl Pts',(9.24940983384963,4.09334037035559,83.3023363146977));
#5691=CARTESIAN_POINT('Ctrl Pts',(8.77370024273788,4.93560244263824,83.3482350895014));
#5692=CARTESIAN_POINT('Ctrl Pts',(7.82228106051436,6.62012658720359,83.4400326391089));
#5693=CARTESIAN_POINT('Ctrl Pts',(6.37644843231106,8.02215936276141,83.5318301887164));
#5694=CARTESIAN_POINT('Ctrl Pts',(4.66296254279946,8.92008593140101,83.6236277383239));
#5695=CARTESIAN_POINT('Ctrl Pts',(3.80621959804364,9.36904921572082,83.6695265131277));
#5696=CARTESIAN_POINT('Ctrl Pts',(2.88256333796072,9.69198594831106,83.7154252879314));
#5697=CARTESIAN_POINT('Ctrl Pts',(1.93263895141048,9.87706674826284,83.7613240627352));
#5698=CARTESIAN_POINT('Ctrl Pts',(0.507752371585127,10.1546879481905,83.8301722249408));
#5699=CARTESIAN_POINT('Ctrl Pts',(-0.976237492791755,10.1221332996816,83.8990203871464));
#5700=CARTESIAN_POINT('Ctrl Pts',(-2.38549063889726,9.77857125457738,83.9678685493521));
#5701=CARTESIAN_POINT('Ctrl Pts',(-3.7947437849923,9.43500920947568,84.0367167115572));
#5702=CARTESIAN_POINT('Ctrl Pts',(-5.12926021281707,8.78043976778322,84.1055648737623));
#5703=CARTESIAN_POINT('Ctrl Pts',(-6.26509245166464,7.87704317206621,84.1744130359674));
#5704=CARTESIAN_POINT('Ctrl Pts',(-2.66504329936442,11.4775589399188,84.9541268548082));
#5705=CARTESIAN_POINT('Ctrl Pts',(-1.05389034296797,11.8510455853424,84.8870676539441));
#5706=CARTESIAN_POINT('Ctrl Pts',(0.636440576891041,11.8791603794551,84.82000845308));
#5707=CARTESIAN_POINT('Ctrl Pts',(2.26116913871321,11.5627870009049,84.752949252216));
#5708=CARTESIAN_POINT('Ctrl Pts',(3.37321714130542,11.3462447476589,84.7070504774122));
#5709=CARTESIAN_POINT('Ctrl Pts',(4.45453214867268,10.9683187624507,84.6611517026085));
#5710=CARTESIAN_POINT('Ctrl Pts',(5.45753155583522,10.4428518455953,84.6152529278047));
#5711=CARTESIAN_POINT('Ctrl Pts',(7.46353037016034,9.39191801188447,84.5234553781972));
#5712=CARTESIAN_POINT('Ctrl Pts',(9.15626678366665,7.75082045158517,84.4316578285897));
#5713=CARTESIAN_POINT('Ctrl Pts',(10.270256719203,5.77896243646714,84.3398602789822));
#5714=CARTESIAN_POINT('Ctrl Pts',(10.8272516869712,4.79303342890814,84.2939615041784));
#5715=CARTESIAN_POINT('Ctrl Pts',(11.2395600352468,3.72441430764444,84.2480627293747));
#5716=CARTESIAN_POINT('Ctrl Pts',(11.4896538598861,2.61925973329083,84.202163954571));
#5717=CARTESIAN_POINT('Ctrl Pts',(11.9898415091647,0.408950584583578,84.1103664049635));
#5718=CARTESIAN_POINT('Ctrl Pts',(11.8411710638978,-1.94750037648345,84.0185688553559));
#5719=CARTESIAN_POINT('Ctrl Pts',(11.0595381897055,-4.0709570813918,83.9267713057484));
#5720=CARTESIAN_POINT('Ctrl Pts',(10.2779053155132,-6.19441378630013,83.8349737561409));
#5721=CARTESIAN_POINT('Ctrl Pts',(8.86331001239552,-8.08487623504978,83.7431762065334));
#5722=CARTESIAN_POINT('Ctrl Pts',(7.04945200973474,-9.44340116032429,83.6513786569259));
#5723=CARTESIAN_POINT('Ctrl Pts',(6.14252300840434,-10.1226636229615,83.6054798821222));
#5724=CARTESIAN_POINT('Ctrl Pts',(5.13577833218822,-10.66894170473,83.5595811073184));
#5725=CARTESIAN_POINT('Ctrl Pts',(4.07249338148161,-11.0584482272894,83.5136823325146));
#5726=CARTESIAN_POINT('Ctrl Pts',(1.94592348006834,-11.8374612724082,83.4218847829071));
#5727=CARTESIAN_POINT('Ctrl Pts',(-0.406807519306766,-11.9893880806907,
83.3300872332996));
#5728=CARTESIAN_POINT('Ctrl Pts',(-2.61544445318399,-11.4889438918491,83.2382896836921));
#5729=CARTESIAN_POINT('Ctrl Pts',(-3.71976292012258,-11.2387217974284,83.1923909088884));
#5730=CARTESIAN_POINT('Ctrl Pts',(-4.78805787068675,-10.8254069537266,83.1464921340846));
#5731=CARTESIAN_POINT('Ctrl Pts',(-5.7750719801997,-10.2692197943256,83.1005933592809));
#5732=CARTESIAN_POINT('Ctrl Pts',(-7.25559314446913,-9.43493905522421,83.0317451970752));
#5733=CARTESIAN_POINT('Ctrl Pts',(-8.55323241637339,-8.27919560579971,82.9628970348696));
#5734=CARTESIAN_POINT('Ctrl Pts',(-9.54860087072172,-6.90333284490159,82.894048872664));
#5735=CARTESIAN_POINT('Ctrl Pts',(-10.5439693250701,-5.52747008400345,82.8252007104583));
#5736=CARTESIAN_POINT('Ctrl Pts',(-11.2370669618624,-3.9314880116317,82.7563525482527));
#5737=CARTESIAN_POINT('Ctrl Pts',(-11.5635156653487,-2.26426171356265,82.6875043860471));
#5738=CARTESIAN_POINT('Ctrl Pts',(-11.8816470138764,-0.639513491740353,
82.6204103573307));
#5739=CARTESIAN_POINT('Ctrl Pts',(-11.8515745975995,1.05289484130797,82.5533163286143));
#5740=CARTESIAN_POINT('Ctrl Pts',(-11.4772011784007,2.66525294721837,82.4862222998979));
#5741=CARTESIAN_POINT('Ctrl Pts',(-7.87704317204318,6.26509245168783,84.2827902233304));
#5742=CARTESIAN_POINT('Ctrl Pts',(-8.78043976777027,5.12926021283521,84.351638385536));
#5743=CARTESIAN_POINT('Ctrl Pts',(-10.0879435282678,2.4611666828326,84.4893347099473));
#5744=CARTESIAN_POINT('Ctrl Pts',(-10.1906319110221,-1.99349038095623,84.6958791965642));
#5745=CARTESIAN_POINT('Ctrl Pts',(-8.41556413504283,-6.08377623206721,84.9024236831811));
#5746=CARTESIAN_POINT('Ctrl Pts',(-5.46032360863714,-8.71804939482045,85.0860187823961));
#5747=CARTESIAN_POINT('Ctrl Pts',(-1.35350850028589,-10.3063541978325,85.292563269013));
#5748=CARTESIAN_POINT('Ctrl Pts',(2.66595759460143,-10.047534825503,85.476158368228));
#5749=CARTESIAN_POINT('Ctrl Pts',(6.96627749158219,-7.71453432308543,85.7056522422468));
#5750=CARTESIAN_POINT('Ctrl Pts',(9.98766608105748,-3.67769309133071,85.9351461162656));
#5751=CARTESIAN_POINT('Ctrl Pts',(10.3057386969959,1.35469664288764,86.1646399902843));
#5752=CARTESIAN_POINT('Ctrl Pts',(8.54520468717637,5.91911240300328,86.3941338643031));
#5753=CARTESIAN_POINT('Ctrl Pts',(5.65352009532135,8.72316412164858,86.5777289635181));
#5754=CARTESIAN_POINT('Ctrl Pts',(1.49707918727294,10.176388821533,86.784273450135));
#5755=CARTESIAN_POINT('Ctrl Pts',(-2.4602282005552,10.0895719038617,86.96786854935));
#5756=CARTESIAN_POINT('Ctrl Pts',(-5.12926021283511,8.78043976777033,87.1055648737613));
#5757=CARTESIAN_POINT('Ctrl Pts',(-6.26509245168775,7.87704317204323,87.1744130359669));
#5758=CARTESIAN_POINT('Ctrl Pts',(-8.32539021782017,6.62109839373457,84.6133336441085));
#5759=CARTESIAN_POINT('Ctrl Pts',(-9.28012120085764,5.42061665335955,84.6821818063141));
#5760=CARTESIAN_POINT('Ctrl Pts',(-10.6618750468391,2.60069755333995,84.8198781307254));
#5761=CARTESIAN_POINT('Ctrl Pts',(-10.7701995354545,-2.10735219922668,85.0264226173422));
#5762=CARTESIAN_POINT('Ctrl Pts',(-8.89397484929723,-6.43021834209343,85.2329671039592));
#5763=CARTESIAN_POINT('Ctrl Pts',(-5.77051433779526,-9.21419715524937,85.4165622031742));
#5764=CARTESIAN_POINT('Ctrl Pts',(-1.43002396390519,-10.8926583187073,85.6231066897911));
#5765=CARTESIAN_POINT('Ctrl Pts',(2.81806383122968,-10.61893190667,85.8067017890061));
#5766=CARTESIAN_POINT('Ctrl Pts',(7.36288541842457,-8.15302874894465,86.0361956630248));
#5767=CARTESIAN_POINT('Ctrl Pts',(10.5559496416852,-3.88642654173219,86.2656895370436));
#5768=CARTESIAN_POINT('Ctrl Pts',(10.8918831712822,1.43222816280549,86.4951834110624));
#5769=CARTESIAN_POINT('Ctrl Pts',(9.03099716351285,6.25619414064581,86.7246772850812));
#5770=CARTESIAN_POINT('Ctrl Pts',(5.97469989735371,9.21961170274736,86.9082723842961));
#5771=CARTESIAN_POINT('Ctrl Pts',(1.58176717187763,10.755306911255,87.114816870913));
#5772=CARTESIAN_POINT('Ctrl Pts',(-2.60063417621086,10.6633695911477,87.2984119701281));
#5773=CARTESIAN_POINT('Ctrl Pts',(-5.42142472706054,9.27964909241736,87.4361082945393));
#5774=CARTESIAN_POINT('Ctrl Pts',(-6.62182335454657,8.32481361230821,87.504956456745));
#5775=CARTESIAN_POINT('Ctrl Pts',(-8.77371435821656,6.97713502316833,84.9438750555024));
#5776=CARTESIAN_POINT('Ctrl Pts',(-9.77978413101861,5.71200706795311,85.012723217708));
#5777=CARTESIAN_POINT('Ctrl Pts',(-11.235798394406,2.74026705737166,85.1504195421193));
#5778=CARTESIAN_POINT('Ctrl Pts',(-11.349775920573,-2.22117553052068,85.3569640287361));
#5779=CARTESIAN_POINT('Ctrl Pts',(-9.37240968085356,-6.77662918066809,85.5635085153531));
#5780=CARTESIAN_POINT('Ctrl Pts',(-6.08073883665864,-9.71032519519675,85.7471036145681));
#5781=CARTESIAN_POINT('Ctrl Pts',(-1.50657875916977,-11.4789584756769,85.953648101185));
#5782=CARTESIAN_POINT('Ctrl Pts',(2.97013220505232,-11.1903402984208,86.1372432004));
#5783=CARTESIAN_POINT('Ctrl Pts',(7.75946484150585,-8.59155055227898,86.3667370744188));
#5784=CARTESIAN_POINT('Ctrl Pts',(11.1242203916477,-4.09519837686839,86.5962309484375));
#5785=CARTESIAN_POINT('Ctrl Pts',(11.478033993534,1.50972067393022,86.8257248224563));
#5786=CARTESIAN_POINT('Ctrl Pts',(9.51681311941097,6.59324409191336,87.0552186964751));
#5787=CARTESIAN_POINT('Ctrl Pts',(6.29591352804178,9.71603883318989,87.2388137956901));
#5788=CARTESIAN_POINT('Ctrl Pts',(1.66649399801806,11.3342204765578,87.445358282307));
#5789=CARTESIAN_POINT('Ctrl Pts',(-2.74100208316477,11.2371778080852,87.628953381522));
#5790=CARTESIAN_POINT('Ctrl Pts',(-5.71355646764389,9.77887896955454,87.7666497059333));
#5791=CARTESIAN_POINT('Ctrl Pts',(-6.97852503365518,8.7726087981709,87.8354978681389));
#5792=CARTESIAN_POINT('Ctrl Pts',(-9.22202419606025,7.33319062822044,85.2744154128143));
#5793=CARTESIAN_POINT('Ctrl Pts',(-10.2794354793634,6.00341850934463,85.3432635750199));
#5794=CARTESIAN_POINT('Ctrl Pts',(-11.8097165600136,2.87986050945204,85.4809598994312));
#5795=CARTESIAN_POINT('Ctrl Pts',(-11.9293576292404,-2.33497495658744,85.6875043860481));
#5796=CARTESIAN_POINT('Ctrl Pts',(-9.85085938668966,-7.12302054590491,85.894048872665));
#5797=CARTESIAN_POINT('Ctrl Pts',(-6.39098423155723,-10.206440901695,86.07764397188));
#5798=CARTESIAN_POINT('Ctrl Pts',(-1.58315794772061,-12.0652560571796,86.2841884584969));
#5799=CARTESIAN_POINT('Ctrl Pts',(3.12217705364585,-11.7617555984336,86.4677835577119));
#5800=CARTESIAN_POINT('Ctrl Pts',(8.15602649908815,-9.03008926000739,86.6972774317307));
#5801=CARTESIAN_POINT('Ctrl Pts',(11.6924830812448,-4.30399399153644,86.9267713057494));
#5802=CARTESIAN_POINT('Ctrl Pts',(12.0641886408824,1.58718896240604,87.1562651797682));
#5803=CARTESIAN_POINT('Ctrl Pts',(10.0026435505553,6.93027425198402,87.3857590537869));
#5804=CARTESIAN_POINT('Ctrl Pts',(6.61714809036547,10.2124531771945,87.569354153002));
#5805=CARTESIAN_POINT('Ctrl Pts',(1.75124491083574,11.9131311200461,87.7758986396188));
#5806=CARTESIAN_POINT('Ctrl Pts',(-2.88134633790771,11.8109924478732,87.9594937388339));
#5807=CARTESIAN_POINT('Ctrl Pts',(-6.00566781291068,10.2781215060781,88.0971900632452));
#5808=CARTESIAN_POINT('Ctrl Pts',(-7.33520850679664,9.22041925426166,88.1660382254508));
#5809=CARTESIAN_POINT('Ctrl Pts',(-7.87704317224515,6.26509245143965,84.2827902233476));
#5810=CARTESIAN_POINT('Ctrl Pts',(-8.78043976786949,5.12926021264096,84.3516383855482));
#5811=CARTESIAN_POINT('Ctrl Pts',(-9.43419164804764,3.7952134477317,84.4204865477488));
#5812=CARTESIAN_POINT('Ctrl Pts',(-9.77818231860592,2.38574722136932,84.4893347099493));
#5813=CARTESIAN_POINT('Ctrl Pts',(-10.1221729891895,0.976280994903367,84.558182872155));
#5814=CARTESIAN_POINT('Ctrl Pts',(-10.1564024501076,-0.508604693026808,
84.6270310343606));
#5815=CARTESIAN_POINT('Ctrl Pts',(-9.87767255123669,-1.93276184551061,84.6958791965662));
#5816=CARTESIAN_POINT('Ctrl Pts',(-9.59894265236577,-3.35691899799443,84.7647273587719));
#5817=CARTESIAN_POINT('Ctrl Pts',(-9.0072533937058,-4.72034761503189,84.8335755209775));
#5818=CARTESIAN_POINT('Ctrl Pts',(-8.15730116567454,-5.89598814156705,84.9024236831831));
#5819=CARTESIAN_POINT('Ctrl Pts',(-7.30734893764329,-7.07162866810221,84.9712718453888));
#5820=CARTESIAN_POINT('Ctrl Pts',(-6.19913374024077,-8.05948110413502,85.0401200075944));
#5821=CARTESIAN_POINT('Ctrl Pts',(-4.9344846396092,-8.77228303915067,85.1089681698));
#5822=CARTESIAN_POINT('Ctrl Pts',(-4.09138523918819,-9.24748432916109,85.1548669446038));
#5823=CARTESIAN_POINT('Ctrl Pts',(-3.17875965955421,-9.6004409520528,85.2007657194076));
#5824=CARTESIAN_POINT('Ctrl Pts',(-2.23538709855755,-9.81417708628645,85.2466644942113));
#5825=CARTESIAN_POINT('Ctrl Pts',(-0.348641976564165,-10.2416493547538,
85.3384620438188));
#5826=CARTESIAN_POINT('Ctrl Pts',(1.66109107088017,-10.112239668589,85.4302595934263));
#5827=CARTESIAN_POINT('Ctrl Pts',(3.4777540592236,-9.44696963922248,85.5220571430338));
#5828=CARTESIAN_POINT('Ctrl Pts',(4.38608555339528,-9.11433462453924,85.5679559178376));
#5829=CARTESIAN_POINT('Ctrl Pts',(5.24614953279178,-8.64773452405553,85.6138546926413));
#5830=CARTESIAN_POINT('Ctrl Pts',(6.02095142502116,-8.06754504161601,85.6597534674451));
#5831=CARTESIAN_POINT('Ctrl Pts',(7.57055520947996,-6.90716607673693,85.7515510170526));
#5832=CARTESIAN_POINT('Ctrl Pts',(8.77911064527049,-5.2924295840345,85.8433485666601));
#5833=CARTESIAN_POINT('Ctrl Pts',(9.44700288635347,-3.47858339083922,85.9351461162676));
#5834=CARTESIAN_POINT('Ctrl Pts',(10.1148951274364,-1.66473719764396,86.0269436658751));
#5835=CARTESIAN_POINT('Ctrl Pts',(10.2421241738118,0.348218696044099,86.1187412154826));
#5836=CARTESIAN_POINT('Ctrl Pts',(9.81505811998494,2.23638152997138,86.2105387650901));
#5837=CARTESIAN_POINT('Ctrl Pts',(9.60152509307149,3.18046294693502,86.2564375398939));
#5838=CARTESIAN_POINT('Ctrl Pts',(9.24941829110747,4.09334609895847,86.3023363146976));
#5839=CARTESIAN_POINT('Ctrl Pts',(8.77370670714345,4.93560584352796,86.3482350895014));
#5840=CARTESIAN_POINT('Ctrl Pts',(7.82228353921541,6.62012533266693,86.4400326391089));
#5841=CARTESIAN_POINT('Ctrl Pts',(6.3764412432874,8.02215119199008,86.5318301887164));
#5842=CARTESIAN_POINT('Ctrl Pts',(4.66295576448181,8.92007824136,86.6236277383239));
#5843=CARTESIAN_POINT('Ctrl Pts',(3.80621302507897,9.36904176604497,86.6695265131277));
#5844=CARTESIAN_POINT('Ctrl Pts',(2.8825594899568,9.69198058824161,86.7154252879314));
#5845=CARTESIAN_POINT('Ctrl Pts',(1.93263663010048,9.87706218979247,86.7613240627352));
#5846=CARTESIAN_POINT('Ctrl Pts',(0.507752340316098,10.1546845921187,86.8301722249408));
#5847=CARTESIAN_POINT('Ctrl Pts',(-0.976237930120001,10.122128247992,86.8990203871464));
#5848=CARTESIAN_POINT('Ctrl Pts',(-2.38549106840823,9.77856704190569,86.967868549352));
#5849=CARTESIAN_POINT('Ctrl Pts',(-3.79474420666937,9.43500583582598,87.0367167115564));
#5850=CARTESIAN_POINT('Ctrl Pts',(-5.12926021278556,8.78043976779866,87.1055648737607));
#5851=CARTESIAN_POINT('Ctrl Pts',(-6.26509245162439,7.87704317209821,87.174413035965));
#5852=CARTESIAN_POINT('Ctrl Pts',(-2.66504380141925,11.4775539376543,87.9541268548082));
#5853=CARTESIAN_POINT('Ctrl Pts',(-1.05389083171683,11.8510397724181,87.8870676539441));
#5854=CARTESIAN_POINT('Ctrl Pts',(0.636440471060509,11.8791564140999,87.82000845308));
#5855=CARTESIAN_POINT('Ctrl Pts',(2.26116642186699,11.5627816642568,87.752949252216));
#5856=CARTESIAN_POINT('Ctrl Pts',(3.37321263734516,11.3462384724272,87.7070504774122));
#5857=CARTESIAN_POINT('Ctrl Pts',(4.4545244550183,10.9683100406825,87.6611517026085));
#5858=CARTESIAN_POINT('Ctrl Pts',(5.45752362181617,10.4428428424185,87.6152529278047));
#5859=CARTESIAN_POINT('Ctrl Pts',(7.46352195541186,9.39190844589047,87.5234553781972));
#5860=CARTESIAN_POINT('Ctrl Pts',(9.15626968550651,7.75081898328547,87.4316578285897));
#5861=CARTESIAN_POINT('Ctrl Pts',(10.2702642862919,5.7789664185299,87.3398602789822));
#5862=CARTESIAN_POINT('Ctrl Pts',(10.8272615866846,4.79304013615209,87.2939615041784));
#5863=CARTESIAN_POINT('Ctrl Pts',(11.2395706047499,3.7244230782367,87.2480627293747));
#5864=CARTESIAN_POINT('Ctrl Pts',(11.4896629128176,2.61926617603028,87.202163954571));
#5865=CARTESIAN_POINT('Ctrl Pts',(11.9898475289531,0.408952371617526,87.1103664049635));
#5866=CARTESIAN_POINT('Ctrl Pts',(11.8411653050981,-1.94752080995912,87.0185688553559));
#5867=CARTESIAN_POINT('Ctrl Pts',(11.0595328767394,-4.07097645444145,86.9267713057484));
#5868=CARTESIAN_POINT('Ctrl Pts',(10.2779004483807,-6.19443209892386,86.8349737561409));
#5869=CARTESIAN_POINT('Ctrl Pts',(8.8633178155182,-8.08487020631199,86.7431762065334));
#5870=CARTESIAN_POINT('Ctrl Pts',(7.04943041911294,-9.44346059902158,86.6513786569259));
#5871=CARTESIAN_POINT('Ctrl Pts',(6.14248672091033,-10.1227557953764,86.6054798821222));
#5872=CARTESIAN_POINT('Ctrl Pts',(5.13571683182201,-10.6690890630615,86.5595811073184));
#5873=CARTESIAN_POINT('Ctrl Pts',(4.07242565564932,-11.0586029464138,86.5136823325147));
#5874=CARTESIAN_POINT('Ctrl Pts',(1.94584330330394,-11.8376307131183,86.4218847829071));
#5875=CARTESIAN_POINT('Ctrl Pts',(-0.406824197378937,-11.9893809424913,
86.3300872332996));
#5876=CARTESIAN_POINT('Ctrl Pts',(-2.61558781874313,-11.4892043062129,86.2382896836921));
#5877=CARTESIAN_POINT('Ctrl Pts',(-3.71996962942522,-11.2391159880737,86.1923909088884));
#5878=CARTESIAN_POINT('Ctrl Pts',(-4.78837547027764,-10.8260459535216,86.1464921340846));
#5879=CARTESIAN_POINT('Ctrl Pts',(-5.77540649030229,-10.2698618972114,86.1005933592809));
#5880=CARTESIAN_POINT('Ctrl Pts',(-7.25595302033927,-9.43558581274612,86.0317451970752));
#5881=CARTESIAN_POINT('Ctrl Pts',(-8.55340620351373,-8.279303179325,85.9628970348696));
#5882=CARTESIAN_POINT('Ctrl Pts',(-9.54854916885938,-6.90315426439497,85.894048872664));
#5883=CARTESIAN_POINT('Ctrl Pts',(-10.543692134205,-5.52700534946495,85.8252007104583));
#5884=CARTESIAN_POINT('Ctrl Pts',(-11.2365248817218,-3.93099015302601,85.7563525482527));
#5885=CARTESIAN_POINT('Ctrl Pts',(-11.5630010772758,-2.26384331046677,85.6875043860471));
#5886=CARTESIAN_POINT('Ctrl Pts',(-11.8811592174202,-0.639172519763841,
85.6204103573307));
#5887=CARTESIAN_POINT('Ctrl Pts',(-11.851391265147,1.0530514661782,85.5533163286143));
#5888=CARTESIAN_POINT('Ctrl Pts',(-11.4771460443548,2.66532180499368,85.486222299898));
#5889=CARTESIAN_POINT('Ctrl Pts',(-7.87704317204326,6.26509245168772,87.2827902233304));
#5890=CARTESIAN_POINT('Ctrl Pts',(-8.78043976777036,5.12926021283508,87.351638385536));
#5891=CARTESIAN_POINT('Ctrl Pts',(-10.0879394888452,2.46116832821163,87.4893347099473));
#5892=CARTESIAN_POINT('Ctrl Pts',(-10.1906287402707,-1.99348723814296,87.6958791965642));
#5893=CARTESIAN_POINT('Ctrl Pts',(-8.41556113086609,-6.08376348553144,87.9024236831811));
#5894=CARTESIAN_POINT('Ctrl Pts',(-5.46032466128797,-8.71805125607833,88.0860187823961));
#5895=CARTESIAN_POINT('Ctrl Pts',(-1.35351251488517,-10.3063410145168,88.292563269013));
#5896=CARTESIAN_POINT('Ctrl Pts',(2.66595872251595,-10.0475489437524,88.476158368228));
#5897=CARTESIAN_POINT('Ctrl Pts',(6.96627975870858,-7.71454251299418,88.7056522422468));
#5898=CARTESIAN_POINT('Ctrl Pts',(9.98766755666567,-3.67769404686154,88.9351461162655));
#5899=CARTESIAN_POINT('Ctrl Pts',(10.3057453080982,1.35469970403314,89.1646399902843));
#5900=CARTESIAN_POINT('Ctrl Pts',(8.54521431929138,5.91912006094165,89.394133864303));
#5901=CARTESIAN_POINT('Ctrl Pts',(5.65350783631272,8.72315133860636,89.5777289635181));
#5902=CARTESIAN_POINT('Ctrl Pts',(1.49707974978875,10.1763874795548,89.784273450135));
#5903=CARTESIAN_POINT('Ctrl Pts',(-2.46022927460471,10.0895648458968,89.96786854935));
#5904=CARTESIAN_POINT('Ctrl Pts',(-5.12926021283505,8.78043976777037,90.1055648737613));
#5905=CARTESIAN_POINT('Ctrl Pts',(-6.26509245168769,7.87704317204328,90.1744130359669));
#5906=CARTESIAN_POINT('Ctrl Pts',(-8.32539021782027,6.62109839373446,87.6133336441085));
#5907=CARTESIAN_POINT('Ctrl Pts',(-9.28012120085773,5.4206166533594,87.6821818063141));
#5908=CARTESIAN_POINT('Ctrl Pts',(-10.6618707778132,2.60069929294258,87.8198781307253));
#5909=CARTESIAN_POINT('Ctrl Pts',(-10.7701961846389,-2.10734887700101,88.0264226173423));
#5910=CARTESIAN_POINT('Ctrl Pts',(-8.89397167509184,-6.43020486983411,88.2329671039591));
#5911=CARTESIAN_POINT('Ctrl Pts',(-5.7705154506746,-9.21419912218168,88.4165622031742));
#5912=CARTESIAN_POINT('Ctrl Pts',(-1.4300282080114,-10.8926443856994,88.623106689791));
#5913=CARTESIAN_POINT('Ctrl Pts',(2.8180650233605,-10.6189468281284,88.8067017890061));
#5914=CARTESIAN_POINT('Ctrl Pts',(7.36288781442392,-8.15303740497593,89.0361956630248));
#5915=CARTESIAN_POINT('Ctrl Pts',(10.5559512010936,-3.88642755210855,89.2656895370436));
#5916=CARTESIAN_POINT('Ctrl Pts',(10.8918901584576,1.43223139782008,89.4951834110624));
#5917=CARTESIAN_POINT('Ctrl Pts',(9.03100734352828,6.25620223413708,89.7246772850811));
#5918=CARTESIAN_POINT('Ctrl Pts',(5.97468694204573,9.21959819172848,89.9082723842962));
#5919=CARTESIAN_POINT('Ctrl Pts',(1.58176776689338,10.7553054928782,90.114816870913));
#5920=CARTESIAN_POINT('Ctrl Pts',(-2.60063531062447,10.6633621316677,90.2984119701281));
#5921=CARTESIAN_POINT('Ctrl Pts',(-5.42142472706047,9.2796490924174,90.4361082945393));
#5922=CARTESIAN_POINT('Ctrl Pts',(-6.62182335454651,8.32481361230826,90.5049564567449));
#5923=CARTESIAN_POINT('Ctrl Pts',(-8.77371435821665,6.97713502316821,87.9438750555024));
#5924=CARTESIAN_POINT('Ctrl Pts',(-9.77978413101871,5.71200706795295,88.012723217708));
#5925=CARTESIAN_POINT('Ctrl Pts',(-11.2357938956694,2.74026889068513,88.1504195421193));
#5926=CARTESIAN_POINT('Ctrl Pts',(-11.3497723895146,-2.22117202945021,88.3569640287362));
#5927=CARTESIAN_POINT('Ctrl Pts',(-9.372406336272,-6.77661498329985,88.5635085153531));
#5928=CARTESIAN_POINT('Ctrl Pts',(-6.08074000928495,-9.71032726807302,88.7471036145681));
#5929=CARTESIAN_POINT('Ctrl Pts',(-1.50658323212673,-11.4789437929471,88.953648101185));
#5930=CARTESIAN_POINT('Ctrl Pts',(2.9701334620052,-11.1903560228788,89.1372432004));
#5931=CARTESIAN_POINT('Ctrl Pts',(7.75946736686212,-8.59155967402693,89.3667370744188));
#5932=CARTESIAN_POINT('Ctrl Pts',(11.1242220350517,-4.09519944146937,89.5962309484376));
#5933=CARTESIAN_POINT('Ctrl Pts',(11.4780413566115,1.50972408341163,89.8257248224564));
#5934=CARTESIAN_POINT('Ctrl Pts',(9.51682384695167,6.59325262146386,90.055218696475));
#5935=CARTESIAN_POINT('Ctrl Pts',(6.29589987591056,9.71602459456576,90.2388137956901));
#5936=CARTESIAN_POINT('Ctrl Pts',(1.66649462503602,11.3342189818808,90.445358282307));
#5937=CARTESIAN_POINT('Ctrl Pts',(-2.74100327842113,11.2371699470901,90.628953381522));
#5938=CARTESIAN_POINT('Ctrl Pts',(-5.71355646764381,9.77887896955458,90.7666497059333));
#5939=CARTESIAN_POINT('Ctrl Pts',(-6.97852503365511,8.77260879817095,90.8354978681389));
#5940=CARTESIAN_POINT('Ctrl Pts',(-9.22202419606036,7.33319062822031,88.2744154128143));
#5941=CARTESIAN_POINT('Ctrl Pts',(-10.2794354793635,6.00341850934447,88.3432635750199));
#5942=CARTESIAN_POINT('Ctrl Pts',(-11.8097118314942,2.87986243612427,88.4809598994312));
#5943=CARTESIAN_POINT('Ctrl Pts',(-11.9293539178185,-2.33497127706247,88.6875043860481));
#5944=CARTESIAN_POINT('Ctrl Pts',(-9.85085587149764,-7.12300562385091,88.894048872665));
#5945=CARTESIAN_POINT('Ctrl Pts',(-6.39098546359933,-10.2064430807022,89.07764397188));
#5946=CARTESIAN_POINT('Ctrl Pts',(-1.58316264908005,-12.0652406247104,89.2841884584969));
#5947=CARTESIAN_POINT('Ctrl Pts',(3.12217837584176,-11.761772125748,89.4677835577119));
#5948=CARTESIAN_POINT('Ctrl Pts',(8.15602915413749,-9.03009884719326,89.6972774317307));
#5949=CARTESIAN_POINT('Ctrl Pts',(11.6924848087806,-4.30399510993488,89.9267713057494));
#5950=CARTESIAN_POINT('Ctrl Pts',(12.0641963797446,1.58719254676771,90.1562651797682));
#5951=CARTESIAN_POINT('Ctrl Pts',(10.0026548253623,6.93028321794554,90.3857590537869));
#5952=CARTESIAN_POINT('Ctrl Pts',(6.61713374105483,10.212438211219,90.569354153002));
#5953=CARTESIAN_POINT('Ctrl Pts',(1.75124556951398,11.9131295491381,90.7758986396189));
#5954=CARTESIAN_POINT('Ctrl Pts',(-2.88134759433443,11.8109841853639,90.9594937388339));
#5955=CARTESIAN_POINT('Ctrl Pts',(-6.00566781291061,10.2781215060782,91.0971900632452));
#5956=CARTESIAN_POINT('Ctrl Pts',(-7.33520850679657,9.22041925426171,91.1660382254508));
#5957=CARTESIAN_POINT('Ctrl Pts',(-7.87704317209838,6.26509245162418,87.2827902233365));
#5958=CARTESIAN_POINT('Ctrl Pts',(-8.78043976779872,5.12926021278541,87.3516383855408));
#5959=CARTESIAN_POINT('Ctrl Pts',(-9.43418962831779,3.79521427049748,87.4204865477451));
#5960=CARTESIAN_POINT('Ctrl Pts',(-9.77817943381757,2.38574870497588,87.4893347099494));
#5961=CARTESIAN_POINT('Ctrl Pts',(-10.122169239324,0.976283139427089,87.558182872155));
#5962=CARTESIAN_POINT('Ctrl Pts',(-10.1563989897992,-0.508602049358287,
87.6270310343606));
#5963=CARTESIAN_POINT('Ctrl Pts',(-9.87766926346922,-1.9327573516493,87.6958791965663));
#5964=CARTESIAN_POINT('Ctrl Pts',(-9.59893953713927,-3.35691265394032,87.7647273587719));
#5965=CARTESIAN_POINT('Ctrl Pts',(-9.00725033400419,-4.72033806973695,87.8335755209775));
#5966=CARTESIAN_POINT('Ctrl Pts',(-8.15729889439056,-5.89597973461299,87.9024236831832));
#5967=CARTESIAN_POINT('Ctrl Pts',(-7.30734745477691,-7.07162139948904,87.9712718453888));
#5968=CARTESIAN_POINT('Ctrl Pts',(-6.19913377868472,-8.05947931344448,88.0401200075944));
#5969=CARTESIAN_POINT('Ctrl Pts',(-4.93448587896697,-8.77228043071447,88.1089681698001));
#5970=CARTESIAN_POINT('Ctrl Pts',(-4.09138727915517,-9.24748117556112,88.1548669446038));
#5971=CARTESIAN_POINT('Ctrl Pts',(-3.17876235773197,-9.60043445521424,88.2007657194076));
#5972=CARTESIAN_POINT('Ctrl Pts',(-2.23538980699966,-9.81417063575261,88.2466644942113));
#5973=CARTESIAN_POINT('Ctrl Pts',(-0.348644705535017,-10.2416429968293,
88.3384620438188));
#5974=CARTESIAN_POINT('Ctrl Pts',(1.66109091316627,-10.1122469614471,88.4302595934263));
#5975=CARTESIAN_POINT('Ctrl Pts',(3.47775506238514,-9.44697990145059,88.5220571430338));
#5976=CARTESIAN_POINT('Ctrl Pts',(4.38608713699456,-9.11434637145235,88.5679559178376));
#5977=CARTESIAN_POINT('Ctrl Pts',(5.24615134423336,-8.64774508530056,88.6138546926413));
#5978=CARTESIAN_POINT('Ctrl Pts',(6.02095333558979,-8.06755433012376,88.6597534674451));
#5979=CARTESIAN_POINT('Ctrl Pts',(7.57055731830267,-6.90717281977015,88.7515510170526));
#5980=CARTESIAN_POINT('Ctrl Pts',(8.77911243748595,-5.2924334333165,88.8433485666601));
#5981=CARTESIAN_POINT('Ctrl Pts',(9.44700554736412,-3.47858498991039,88.9351461162676));
#5982=CARTESIAN_POINT('Ctrl Pts',(10.1148986572423,-1.66473654650425,89.0269436658751));
#5983=CARTESIAN_POINT('Ctrl Pts',(10.2421297578154,0.348220953854307,89.1187412154827));
#5984=CARTESIAN_POINT('Ctrl Pts',(9.81506519432439,2.2363855491499,89.2105387650901));
#5985=CARTESIAN_POINT('Ctrl Pts',(9.60153291257891,3.18046784679767,89.2564375398939));
#5986=CARTESIAN_POINT('Ctrl Pts',(9.2494267148174,4.09335191817972,89.3023363146976));
#5987=CARTESIAN_POINT('Ctrl Pts',(8.77371370939477,4.93561057223987,89.3482350895014));
#5988=CARTESIAN_POINT('Ctrl Pts',(7.8222876985495,6.62012788036019,89.4400326391089));
#5989=CARTESIAN_POINT('Ctrl Pts',(6.37643445705966,8.02214351919305,89.5318301887164));
#5990=CARTESIAN_POINT('Ctrl Pts',(4.66294912870365,8.92007055167778,89.6236277383239));
#5991=CARTESIAN_POINT('Ctrl Pts',(3.80620646452565,9.36903406792013,89.6695265131277));
#5992=CARTESIAN_POINT('Ctrl Pts',(2.88255577863108,9.69197543257548,89.7154252879314));
#5993=CARTESIAN_POINT('Ctrl Pts',(1.93263446465488,9.87705798800287,89.7613240627352));
#5994=CARTESIAN_POINT('Ctrl Pts',(0.507752493690559,10.154681821144,89.8301722249408));
#5995=CARTESIAN_POINT('Ctrl Pts',(-0.976238390457494,10.1221233335222,89.8990203871464));
#5996=CARTESIAN_POINT('Ctrl Pts',(-2.38549156708935,9.77856282017957,89.9678685493521));
#5997=CARTESIAN_POINT('Ctrl Pts',(-3.79474474361753,9.43500230686224,90.0367167115526));
#5998=CARTESIAN_POINT('Ctrl Pts',(-5.12926021264047,8.78043976786984,90.1055648737532));
#5999=CARTESIAN_POINT('Ctrl Pts',(-6.26509245143918,7.87704317224552,90.1744130359538));
#6000=CARTESIAN_POINT('Ctrl Pts',(-2.66504437986001,11.4775489388255,90.9541268548082));
#6001=CARTESIAN_POINT('Ctrl Pts',(-1.05389133497523,11.8510341468407,90.8870676539441));
#6002=CARTESIAN_POINT('Ctrl Pts',(0.63644058043275,11.8791531267611,90.8200084530801));
#6003=CARTESIAN_POINT('Ctrl Pts',(2.26116388743697,11.5627767451751,90.752949252216));
#6004=CARTESIAN_POINT('Ctrl Pts',(3.37320829336045,11.3462324364967,90.7070504774123));
#6005=CARTESIAN_POINT('Ctrl Pts',(4.45451677592488,10.9683010280703,90.6611517026085));
#6006=CARTESIAN_POINT('Ctrl Pts',(5.45751585466014,10.44283383968,90.6152529278048));
#6007=CARTESIAN_POINT('Ctrl Pts',(7.4635140121306,9.39189946289925,90.5234553781972));
#6008=CARTESIAN_POINT('Ctrl Pts',(9.15627455428417,7.75082196626269,90.4316578285897));
#6009=CARTESIAN_POINT('Ctrl Pts',(10.2702724828372,5.77897195506998,90.3398602789822));
#6010=CARTESIAN_POINT('Ctrl Pts',(10.8272714471137,4.79304694947365,90.2939615041785));
#6011=CARTESIAN_POINT('Ctrl Pts',(11.2395797579901,3.72442881523827,90.2480627293747));
#6012=CARTESIAN_POINT('Ctrl Pts',(11.4896711938434,2.6192708819679,90.202163954571));
#6013=CARTESIAN_POINT('Ctrl Pts',(11.9898540655501,0.408955015427129,90.1103664049634));
#6014=CARTESIAN_POINT('Ctrl Pts',(11.8411694371645,-1.94752004725358,90.0185688553559));
#6015=CARTESIAN_POINT('Ctrl Pts',(11.0595359920432,-4.07097832604547,89.9267713057484));
#6016=CARTESIAN_POINT('Ctrl Pts',(10.2779025469219,-6.19443660483733,89.8349737561409));
#6017=CARTESIAN_POINT('Ctrl Pts',(8.86332028506487,-8.08487809974033,89.7431762065334));
#6018=CARTESIAN_POINT('Ctrl Pts',(7.04943265690055,-9.44347147232253,89.6513786569259));
#6019=CARTESIAN_POINT('Ctrl Pts',(6.14248884281836,-10.1227681586136,89.6054798821221));
#6020=CARTESIAN_POINT('Ctrl Pts',(5.13571868715932,-10.6691028143246,89.5595811073184));
#6021=CARTESIAN_POINT('Ctrl Pts',(4.07242683130988,-11.058614959712,89.5136823325146));
#6022=CARTESIAN_POINT('Ctrl Pts',(1.94584311961102,-11.8376392504869,89.4218847829072));
#6023=CARTESIAN_POINT('Ctrl Pts',(-0.406827392849542,-11.989373499968,89.3300872332997));
#6024=CARTESIAN_POINT('Ctrl Pts',(-2.61559099019374,-11.4891967552742,89.2382896836921));
#6025=CARTESIAN_POINT('Ctrl Pts',(-3.71997278886584,-11.2391083829273,89.1923909088884));
#6026=CARTESIAN_POINT('Ctrl Pts',(-4.78837785875886,-10.8260422620367,89.1464921340846));
#6027=CARTESIAN_POINT('Ctrl Pts',(-5.77540794148444,-10.2698588438172,89.1005933592809));
#6028=CARTESIAN_POINT('Ctrl Pts',(-7.25595306557283,-9.43558371648801,89.0317451970752));
#6029=CARTESIAN_POINT('Ctrl Pts',(-8.55340446853453,-8.27929467016892,88.9628970348696));
#6030=CARTESIAN_POINT('Ctrl Pts',(-9.54854651106879,-6.90314442254475,88.894048872664));
#6031=CARTESIAN_POINT('Ctrl Pts',(-10.543688553603,-5.5269941749206,88.8252007104583));
#6032=CARTESIAN_POINT('Ctrl Pts',(-11.2365212357099,-3.93098272599136,88.7563525482527));
#6033=CARTESIAN_POINT('Ctrl Pts',(-11.5629972290426,-2.26383804932909,88.6875043860471));
#6034=CARTESIAN_POINT('Ctrl Pts',(-11.8811551721182,-0.63916936933904,88.6204103573307));
#6035=CARTESIAN_POINT('Ctrl Pts',(-11.8513868928472,1.05305400793599,88.5533163286143));
#6036=CARTESIAN_POINT('Ctrl Pts',(-11.4771425926897,2.66532360094837,88.4862222998979));
#6037=CARTESIAN_POINT('Ctrl Pts',(-7.87704317204331,6.26509245168766,90.2827902233304));
#6038=CARTESIAN_POINT('Ctrl Pts',(-8.78043976777039,5.12926021283501,90.351638385536));
#6039=CARTESIAN_POINT('Ctrl Pts',(-10.0879355565761,2.4611699907779,90.4893347099473));
#6040=CARTESIAN_POINT('Ctrl Pts',(-10.1906256287268,-1.99348406633573,90.6958791965642));
#6041=CARTESIAN_POINT('Ctrl Pts',(-8.41555821479415,-6.08375108963465,90.9024236831811));
#6042=CARTESIAN_POINT('Ctrl Pts',(-5.46032567336424,-8.71805283915616,91.0860187823961));
#6043=CARTESIAN_POINT('Ctrl Pts',(-1.35351640048436,-10.3063283138445,91.292563269013));
#6044=CARTESIAN_POINT('Ctrl Pts',(2.66595982735214,-10.0475625451445,91.476158368228));
#6045=CARTESIAN_POINT('Ctrl Pts',(6.96628200804569,-7.71455057427304,91.7056522422468));
#6046=CARTESIAN_POINT('Ctrl Pts',(9.98766909899919,-3.67769504471652,91.9351461162655));
#6047=CARTESIAN_POINT('Ctrl Pts',(10.3057518227678,1.35470267244711,92.1646399902844));
#6048=CARTESIAN_POINT('Ctrl Pts',(8.54522360366992,5.91912734701211,92.394133864303));
#6049=CARTESIAN_POINT('Ctrl Pts',(5.65349602270684,8.72313894996474,92.5777289635181));
#6050=CARTESIAN_POINT('Ctrl Pts',(1.49708017862293,10.1763860114335,92.784273450135));
#6051=CARTESIAN_POINT('Ctrl Pts',(-2.46023034068757,10.0895579917797,92.96786854935));
#6052=CARTESIAN_POINT('Ctrl Pts',(-5.12926021283519,8.78043976777029,93.1055648737613));
#6053=CARTESIAN_POINT('Ctrl Pts',(-6.2650924516878,7.87704317204319,93.1744130359669));
#6054=CARTESIAN_POINT('Ctrl Pts',(-8.32539021782031,6.6210983937344,90.6133336441085));
#6055=CARTESIAN_POINT('Ctrl Pts',(-9.28012120085777,5.42061665335933,90.6821818063141));
#6056=CARTESIAN_POINT('Ctrl Pts',(-10.6618666220367,2.60070105069646,90.8198781307254));
#6057=CARTESIAN_POINT('Ctrl Pts',(-10.7701928964016,-2.1073455241431,91.0264226173422));
#6058=CARTESIAN_POINT('Ctrl Pts',(-8.8939685939889,-6.43019176817113,91.2329671039592));
#6059=CARTESIAN_POINT('Ctrl Pts',(-5.77051652068241,-9.2142007951126,91.4165622031742));
#6060=CARTESIAN_POINT('Ctrl Pts',(-1.43003231575427,-10.892630962778,91.623106689791));
#6061=CARTESIAN_POINT('Ctrl Pts',(2.81806619108361,-10.6189612033303,91.806701789006));
#6062=CARTESIAN_POINT('Ctrl Pts',(7.36289019162096,-8.15304592506024,92.0361956630249));
#6063=CARTESIAN_POINT('Ctrl Pts',(10.5559528310262,-3.88642860720878,92.2656895370436));
#6064=CARTESIAN_POINT('Ctrl Pts',(10.8918970437158,1.43223453482745,92.4951834110624));
#6065=CARTESIAN_POINT('Ctrl Pts',(9.03101715603842,6.25620993459548,92.7246772850811));
#6066=CARTESIAN_POINT('Ctrl Pts',(5.97467445745546,9.21958509756772,92.9082723842962));
#6067=CARTESIAN_POINT('Ctrl Pts',(1.58176822062374,10.7553039411714,93.114816870913));
#6068=CARTESIAN_POINT('Ctrl Pts',(-2.60063643663559,10.6633548876287,93.2984119701281));
#6069=CARTESIAN_POINT('Ctrl Pts',(-5.42142472706062,9.27964909241731,93.4361082945393));
#6070=CARTESIAN_POINT('Ctrl Pts',(-6.62182335454662,8.32481361230817,93.504956456745));
#6071=CARTESIAN_POINT('Ctrl Pts',(-8.7737143582167,6.97713502316815,90.9438750555024));
#6072=CARTESIAN_POINT('Ctrl Pts',(-9.77978413101875,5.71200706795289,91.012723217708));
#6073=CARTESIAN_POINT('Ctrl Pts',(-11.235789516278,2.740270743124,91.1504195421193));
#6074=CARTESIAN_POINT('Ctrl Pts',(-11.3497689244032,-2.22116849609985,91.3569640287362));
#6075=CARTESIAN_POINT('Ctrl Pts',(-9.37240308978938,-6.77660117647561,91.5635085153531));
#6076=CARTESIAN_POINT('Ctrl Pts',(-6.08074113674374,-9.7103290311224,91.7471036145681));
#6077=CARTESIAN_POINT('Ctrl Pts',(-1.50658756136262,-11.4789296477525,91.953648101185));
#6078=CARTESIAN_POINT('Ctrl Pts',(2.97013469321497,-11.1903711716816,92.1372432004));
#6079=CARTESIAN_POINT('Ctrl Pts',(7.75946987239821,-8.59156865251212,92.3667370744188));
#6080=CARTESIAN_POINT('Ctrl Pts',(11.124223752777,-4.09520055319944,92.5962309484375));
#6081=CARTESIAN_POINT('Ctrl Pts',(11.4780486122906,1.50972738960662,92.8257248224564));
#6082=CARTESIAN_POINT('Ctrl Pts',(9.51683418722366,6.59326073681394,93.0552186964751));
#6083=CARTESIAN_POINT('Ctrl Pts',(6.29588671981592,9.71601079525241,93.2388137956901));
#6084=CARTESIAN_POINT('Ctrl Pts',(1.66649510317052,11.3342173466936,93.445358282307));
#6085=CARTESIAN_POINT('Ctrl Pts',(-2.74100446482956,11.2371623131318,93.628953381522));
#6086=CARTESIAN_POINT('Ctrl Pts',(-5.71355646764398,9.77887896955448,93.7666497059333));
#6087=CARTESIAN_POINT('Ctrl Pts',(-6.97852503365524,8.77260879817085,93.8354978681389));
#6088=CARTESIAN_POINT('Ctrl Pts',(-9.22202419606041,7.33319062822025,91.2744154128143));
#6089=CARTESIAN_POINT('Ctrl Pts',(-10.2794354793636,6.0034185093444,91.3432635750199));
#6090=CARTESIAN_POINT('Ctrl Pts',(-11.8097072284158,2.87986438290295,91.4809598994312));
#6091=CARTESIAN_POINT('Ctrl Pts',(-11.9293502757112,-2.33496756360344,91.6875043860481));
#6092=CARTESIAN_POINT('Ctrl Pts',(-9.85085245940014,-7.12299111228198,91.894048872665));
#6093=CARTESIAN_POINT('Ctrl Pts',(-6.39098664817864,-10.2064449340541,92.07764397188));
#6094=CARTESIAN_POINT('Ctrl Pts',(-1.58316719936435,-12.0652257572287,92.2841884584969));
#6095=CARTESIAN_POINT('Ctrl Pts',(3.12217967095495,-11.7617880480091,92.4677835577119));
#6096=CARTESIAN_POINT('Ctrl Pts',(8.15603178834541,-9.03010828380149,92.6972774317307));
#6097=CARTESIAN_POINT('Ctrl Pts',(11.6924866144336,-4.30399627787134,92.9267713057494));
#6098=CARTESIAN_POINT('Ctrl Pts',(12.0642040057302,1.58719602256132,93.1562651797682));
#6099=CARTESIAN_POINT('Ctrl Pts',(10.002665693141,6.93029174853717,93.3857590537869));
#6100=CARTESIAN_POINT('Ctrl Pts',(6.6171199131022,10.2124237070037,93.569354153002));
#6101=CARTESIAN_POINT('Ctrl Pts',(1.75124607171465,11.913127830544,93.7758986396189));
#6102=CARTESIAN_POINT('Ctrl Pts',(-2.88134884146117,11.810976161489,93.9594937388339));
#6103=CARTESIAN_POINT('Ctrl Pts',(-6.00566781291077,10.2781215060781,94.0971900632452));
#6104=CARTESIAN_POINT('Ctrl Pts',(-7.3352085067967,9.22041925426161,94.1660382254508));
#6105=CARTESIAN_POINT('Ctrl Pts',(-7.87704317206623,6.26509245166459,90.282790223334));
#6106=CARTESIAN_POINT('Ctrl Pts',(-8.78043976778323,5.12926021281702,90.3516383855391));
#6107=CARTESIAN_POINT('Ctrl Pts',(-9.43418766217916,3.79521510179734,90.4204865477442));
#6108=CARTESIAN_POINT('Ctrl Pts',(-9.77817662140327,2.38575020344073,90.4893347099494));
#6109=CARTESIAN_POINT('Ctrl Pts',(-10.1221655806299,0.976285305073701,90.558182872155));
#6110=CARTESIAN_POINT('Ctrl Pts',(-10.1563956046802,-0.50859938063139,90.6270310343606));
#6111=CARTESIAN_POINT('Ctrl Pts',(-9.87766604771641,-1.93275289403397,90.6958791965663));
#6112=CARTESIAN_POINT('Ctrl Pts',(-9.59893649075265,-3.35690640743656,90.7647273587719));
#6113=CARTESIAN_POINT('Ctrl Pts',(-9.0072473527749,-4.72032874853666,90.8335755209775));
#6114=CARTESIAN_POINT('Ctrl Pts',(-8.15729668226772,-5.89597149712219,90.9024236831831));
#6115=CARTESIAN_POINT('Ctrl Pts',(-7.30734601176053,-7.07161424570773,90.9712718453888));
#6116=CARTESIAN_POINT('Ctrl Pts',(-6.19913380872387,-8.05947740177869,91.0401200075944));
#6117=CARTESIAN_POINT('Ctrl Pts',(-4.93448707293293,-8.77227775914483,91.1089681698));
#6118=CARTESIAN_POINT('Ctrl Pts',(-4.09138924907235,-9.24747799738892,91.1548669446038));
#6119=CARTESIAN_POINT('Ctrl Pts',(-3.17876496620985,-9.60042810287533,91.2007657194075));
#6120=CARTESIAN_POINT('Ctrl Pts',(-2.23539242531503,-9.81416435914127,91.2466644942113));
#6121=CARTESIAN_POINT('Ctrl Pts',(-0.348647343525337,-10.2416368716732,
91.3384620438188));
#6122=CARTESIAN_POINT('Ctrl Pts',(1.66109077039359,-10.1122539873231,91.4302595934263));
#6123=CARTESIAN_POINT('Ctrl Pts',(3.47775605655195,-9.44698983364048,91.5220571430338));
#6124=CARTESIAN_POINT('Ctrl Pts',(4.3860886996311,-9.11435775679918,91.5679559178376));
#6125=CARTESIAN_POINT('Ctrl Pts',(5.2461531357701,-8.64775536262473,91.6138546926413));
#6126=CARTESIAN_POINT('Ctrl Pts',(6.02095523259306,-8.06756339787125,91.6597534674451));
#6127=CARTESIAN_POINT('Ctrl Pts',(7.57055942623903,-6.90717946836425,91.7515510170526));
#6128=CARTESIAN_POINT('Ctrl Pts',(8.77911426262088,-5.29243725654106,91.8433485666601));
#6129=CARTESIAN_POINT('Ctrl Pts',(9.44700822556555,-3.4785866071964,91.9351461162676));
#6130=CARTESIAN_POINT('Ctrl Pts',(10.1149021885102,-1.66473595785171,92.0269436658751));
#6131=CARTESIAN_POINT('Ctrl Pts',(10.2421352780177,0.348223129014491,92.1187412154826));
#6132=CARTESIAN_POINT('Ctrl Pts',(9.81507211609395,2.23638940452099,92.2105387650901));
#6133=CARTESIAN_POINT('Ctrl Pts',(9.60154053513206,3.18047254227423,92.2564375398939));
#6134=CARTESIAN_POINT('Ctrl Pts',(9.24943489131237,4.09335747718755,92.3023363146976));
#6135=CARTESIAN_POINT('Ctrl Pts',(8.77372049701889,4.9356150673759,92.3482350895014));
#6136=CARTESIAN_POINT('Ctrl Pts',(7.82229170843194,6.62013024775262,92.4400326391088));
#6137=CARTESIAN_POINT('Ctrl Pts',(6.37642791794987,8.02213604922944,92.5318301887164));
#6138=CARTESIAN_POINT('Ctrl Pts',(4.66294270065276,8.92006303830521,92.6236277383239));
#6139=CARTESIAN_POINT('Ctrl Pts',(3.80620009200421,9.36902653284309,92.6695265131277));
#6140=CARTESIAN_POINT('Ctrl Pts',(2.88255212665191,9.6919703242807,92.7154252879314));
#6141=CARTESIAN_POINT('Ctrl Pts',(1.93263229550933,9.87705379717789,92.7613240627352));
#6142=CARTESIAN_POINT('Ctrl Pts',(0.507752548795465,10.1546790065237,92.8301722249408));
#6143=CARTESIAN_POINT('Ctrl Pts',(-0.976238895946477,10.1221184991535,92.8990203871464));
#6144=CARTESIAN_POINT('Ctrl Pts',(-2.38549208635461,9.77855868946593,92.9678685493521));
#6145=CARTESIAN_POINT('Ctrl Pts',(-3.79474527656426,9.43499887982675,93.036716711548));
#6146=CARTESIAN_POINT('Ctrl Pts',(-5.12926021246114,8.78043976795777,93.1055648737439));
#6147=CARTESIAN_POINT('Ctrl Pts',(-6.26509245121015,7.87704317242767,93.1744130359399));
#6148=CARTESIAN_POINT('Ctrl Pts',(-2.66504504331845,11.4775440316948,93.9541268572474));
#6149=CARTESIAN_POINT('Ctrl Pts',(-1.05389193520322,11.8510286069578,93.8870676555703));
#6150=CARTESIAN_POINT('Ctrl Pts',(0.636440557949272,11.8791497938137,93.8200084538932));
#6151=CARTESIAN_POINT('Ctrl Pts',(2.26116134867423,11.5627718389287,93.752949252216));
#6152=CARTESIAN_POINT('Ctrl Pts',(3.3732040188433,11.3462264560289,93.7070504774123));
#6153=CARTESIAN_POINT('Ctrl Pts',(4.45450931692922,10.9682922063533,93.6611517026085));
#6154=CARTESIAN_POINT('Ctrl Pts',(5.45750833065638,10.4428250433641,93.6152529278047));
#6155=CARTESIAN_POINT('Ctrl Pts',(7.46350635811077,9.3918907173857,93.5234553781972));
#6156=CARTESIAN_POINT('Ctrl Pts',(9.15627924812997,7.75082473815267,93.4316578285897));
#6157=CARTESIAN_POINT('Ctrl Pts',(10.2702804281601,5.77897721814828,93.3398602789822));
#6158=CARTESIAN_POINT('Ctrl Pts',(10.8272810181751,4.79305345814608,93.2939615041785));
#6159=CARTESIAN_POINT('Ctrl Pts',(11.2395886806929,3.72443431295105,93.2480627293747));
#6160=CARTESIAN_POINT('Ctrl Pts',(11.489679296285,2.61927539612556,93.202163954571));
#6161=CARTESIAN_POINT('Ctrl Pts',(11.9898605274691,0.408957562474633,93.1103664049635));
#6162=CARTESIAN_POINT('Ctrl Pts',(11.8411735709505,-1.94751935769807,93.0185688553559));
#6163=CARTESIAN_POINT('Ctrl Pts',(11.0595391274736,-4.07098021897032,92.9267713057484));
#6164=CARTESIAN_POINT('Ctrl Pts',(10.2779046839968,-6.19444108024252,92.8349737561409));
#6165=CARTESIAN_POINT('Ctrl Pts',(8.86332275356176,-8.08488588261424,92.7431762065334));
#6166=CARTESIAN_POINT('Ctrl Pts',(7.04943487877953,-9.44348208719342,92.6513786569259));
#6167=CARTESIAN_POINT('Ctrl Pts',(6.14249094138841,-10.122780189483,92.6054798821222));
#6168=CARTESIAN_POINT('Ctrl Pts',(5.13572051791044,-10.6691161423245,92.5595811073184));
#6169=CARTESIAN_POINT('Ctrl Pts',(4.07242799639861,-11.0586265866537,92.5136823325147));
#6170=CARTESIAN_POINT('Ctrl Pts',(1.94584295337492,-11.8376474753123,92.4218847829071));
#6171=CARTESIAN_POINT('Ctrl Pts',(-0.406830481784453,-11.989366329922,92.3300872332996));
#6172=CARTESIAN_POINT('Ctrl Pts',(-2.61559405611566,-11.4891894079255,92.2382896836921));
#6173=CARTESIAN_POINT('Ctrl Pts',(-3.71997584328129,-11.2391009469272,92.1923909088884));
#6174=CARTESIAN_POINT('Ctrl Pts',(-4.78838016523981,-10.8260385417774,92.1464921340846));
#6175=CARTESIAN_POINT('Ctrl Pts',(-5.77540933953708,-10.2698557165103,92.1005933592809));
#6176=CARTESIAN_POINT('Ctrl Pts',(-7.25595310098293,-9.4355814786097,92.0317451970752));
#6177=CARTESIAN_POINT('Ctrl Pts',(-8.55340278019085,-8.27928629544528,91.9628970348696));
#6178=CARTESIAN_POINT('Ctrl Pts',(-9.54854392251323,-6.90313477908346,91.8940488726639));
#6179=CARTESIAN_POINT('Ctrl Pts',(-10.5436850648356,-5.52698326272163,91.8252007104583));
#6180=CARTESIAN_POINT('Ctrl Pts',(-11.2365176702725,-3.93097541316237,91.7563525482527));
#6181=CARTESIAN_POINT('Ctrl Pts',(-11.5629934651084,-2.2638328306318,91.6875043860471));
#6182=CARTESIAN_POINT('Ctrl Pts',(-11.8811512147447,-0.639166191417937,
91.6204103573307));
#6183=CARTESIAN_POINT('Ctrl Pts',(-11.851382626336,1.05305657459455,91.5533163286143));
#6184=CARTESIAN_POINT('Ctrl Pts',(-11.4771392273546,2.66532541484109,91.4862222998978));
#6185=CARTESIAN_POINT('Ctrl Pts',(-7.87704315268679,6.26509247602443,93.2827902218552));
#6186=CARTESIAN_POINT('Ctrl Pts',(-8.78043975238397,5.12926023938349,93.351638384096));
#6187=CARTESIAN_POINT('Ctrl Pts',(-10.087730295479,2.46156878052352,93.4893347085775));
#6188=CARTESIAN_POINT('Ctrl Pts',(-10.1915098787653,-1.99471059340424,93.6958791952997));
#6189=CARTESIAN_POINT('Ctrl Pts',(-8.41531444291194,-6.08274433033784,93.902423682022));
#6190=CARTESIAN_POINT('Ctrl Pts',(-5.09129544314004,-9.04991224271343,94.1089681687443));
#6191=CARTESIAN_POINT('Ctrl Pts',(-0.826553498977114,-10.3512609921187,
94.3155126554666));
#6192=CARTESIAN_POINT('Ctrl Pts',(3.09512640869835,-9.81029684232227,94.4991077547752));
#6193=CARTESIAN_POINT('Ctrl Pts',(6.96754836890773,-7.71374887545793,94.7056522414975));
#6194=CARTESIAN_POINT('Ctrl Pts',(9.37693518424171,-4.48748527028595,94.8892473408061));
#6195=CARTESIAN_POINT('Ctrl Pts',(10.3908025198286,0.301681548932071,95.118741214942));
#6196=CARTESIAN_POINT('Ctrl Pts',(9.38660869892783,4.72134585389887,95.3252857016643));
#6197=CARTESIAN_POINT('Ctrl Pts',(6.08014506574973,8.41558410516825,95.5547795758001));
#6198=CARTESIAN_POINT('Ctrl Pts',(1.99596757880814,10.1905720256335,95.7613240625224));
#6199=CARTESIAN_POINT('Ctrl Pts',(-2.46225980475604,10.0879380741229,95.9678685492446));
#6200=CARTESIAN_POINT('Ctrl Pts',(-5.12926021225565,8.78043976823121,96.1055648737261));
#6201=CARTESIAN_POINT('Ctrl Pts',(-6.26509245168775,7.87704317204324,96.1744130359669));
#6202=CARTESIAN_POINT('Ctrl Pts',(-8.32539019736388,6.62109841945638,93.6133336426333));
#6203=CARTESIAN_POINT('Ctrl Pts',(-9.28012118459736,5.42061668141863,93.682181804874));
#6204=CARTESIAN_POINT('Ctrl Pts',(-10.6616497088754,2.60112253316137,93.8198781293555));
#6205=CARTESIAN_POINT('Ctrl Pts',(-10.7711273766243,-2.1086418566901,94.0264226160778));
#6206=CARTESIAN_POINT('Ctrl Pts',(-8.89371102116893,-6.42912774159586,94.2329671028001));
#6207=CARTESIAN_POINT('Ctrl Pts',(-5.38048000312277,-9.56491991295655,94.4395115895223));
#6208=CARTESIAN_POINT('Ctrl Pts',(-0.873092859415301,-10.9400952049881,
94.6460560762446));
#6209=CARTESIAN_POINT('Ctrl Pts',(3.2716335318983,-10.3681796993421,94.8296511755533));
#6210=CARTESIAN_POINT('Ctrl Pts',(7.36422856744161,-8.15219857906937,95.0361956622756));
#6211=CARTESIAN_POINT('Ctrl Pts',(9.91051665149683,-4.74230909643745,95.2197907615842));
#6212=CARTESIAN_POINT('Ctrl Pts',(10.9818340105753,0.319319809070897,95.4492846357201));
#6213=CARTESIAN_POINT('Ctrl Pts',(9.92031668042446,4.99033543265066,95.6558291224423));
#6214=CARTESIAN_POINT('Ctrl Pts',(6.4256061494382,8.89455570326858,95.8853229965782));
#6215=CARTESIAN_POINT('Ctrl Pts',(2.10903247696341,10.7703198103778,96.0918674833004));
#6216=CARTESIAN_POINT('Ctrl Pts',(-2.60278126027905,10.6616427390508,96.2984119700227));
#6217=CARTESIAN_POINT('Ctrl Pts',(-5.42142472644814,9.27964909290448,96.4361082945042));
#6218=CARTESIAN_POINT('Ctrl Pts',(-6.62182335454656,8.32481361230821,96.504956456745));
#6219=CARTESIAN_POINT('Ctrl Pts',(-8.77371433666027,6.97713505027526,93.9438750540272));
#6220=CARTESIAN_POINT('Ctrl Pts',(-9.77978411388425,5.71200709752295,94.012723216268));
#6221=CARTESIAN_POINT('Ctrl Pts',(-11.2355609437515,2.74071491816127,94.1504195407495));
#6222=CARTESIAN_POINT('Ctrl Pts',(-11.3507536517655,-2.22253463317453,94.3569640274718));
#6223=CARTESIAN_POINT('Ctrl Pts',(-9.37213169113022,-6.77547987224135,94.563508514194));
#6224=CARTESIAN_POINT('Ctrl Pts',(-5.66969953924265,-10.0799092993458,94.7700530009163));
#6225=CARTESIAN_POINT('Ctrl Pts',(-0.919671658642724,-11.528927495321,94.9765974876385));
#6226=CARTESIAN_POINT('Ctrl Pts',(3.44810374579255,-10.926075472623,95.1601925869472));
#6227=CARTESIAN_POINT('Ctrl Pts',(7.76088024489891,-8.59067564957703,95.3667370736695));
#6228=CARTESIAN_POINT('Ctrl Pts',(10.4440821718526,-4.99716907428268,95.5503321729782));
#6229=CARTESIAN_POINT('Ctrl Pts',(11.5728678614087,0.336918615006899,95.779826047114));
#6230=CARTESIAN_POINT('Ctrl Pts',(10.4540436972448,5.25928989857728,95.9863705338362));
#6231=CARTESIAN_POINT('Ctrl Pts',(6.77109991869044,9.37350516404309,96.2158644079721));
#6232=CARTESIAN_POINT('Ctrl Pts',(2.2221363276151,11.3500612038079,96.4224088946944));
#6233=CARTESIAN_POINT('Ctrl Pts',(-2.74326466004665,11.2353579345026,96.6289533814166));
#6234=CARTESIAN_POINT('Ctrl Pts',(-5.71355646699855,9.7788789700679,96.7666497058981));
#6235=CARTESIAN_POINT('Ctrl Pts',(-6.97852503365517,8.7726087981709,96.8354978681389));
#6236=CARTESIAN_POINT('Ctrl Pts',(-9.22202417340391,7.33319065671245,94.2744154113391));
#6237=CARTESIAN_POINT('Ctrl Pts',(-10.2794354613549,6.0034185404252,94.3432635735799));
#6238=CARTESIAN_POINT('Ctrl Pts',(-11.8094669916046,2.88033125044217,94.4809598980614));
#6239=CARTESIAN_POINT('Ctrl Pts',(-11.930385261555,-2.33640350472477,94.6875043847836));
#6240=CARTESIAN_POINT('Ctrl Pts',(-9.85056721800079,-7.1218125232546,94.8940488715059));
#6241=CARTESIAN_POINT('Ctrl Pts',(-5.95894072335072,-10.5948872398603,95.1005933582282));
#6242=CARTESIAN_POINT('Ctrl Pts',(-0.966274923424659,-12.1177584787663,
95.3071378449504));
#6243=CARTESIAN_POINT('Ctrl Pts',(3.62455102153713,-11.4839791533858,95.4907329442591));
#6244=CARTESIAN_POINT('Ctrl Pts',(8.1575141447541,-9.02916961683589,95.6972774309814));
#6245=CARTESIAN_POINT('Ctrl Pts',(10.9776376932209,-5.25205143653666,95.88087253029));
#6246=CARTESIAN_POINT('Ctrl Pts',(12.1639030619252,0.354492933579531,96.1103664044259));
#6247=CARTESIAN_POINT('Ctrl Pts',(10.9877824227238,5.52822252299201,96.3169108911482));
#6248=CARTESIAN_POINT('Ctrl Pts',(7.11661390379869,9.85244079316129,96.546404765284));
#6249=CARTESIAN_POINT('Ctrl Pts',(2.33526432827278,11.9297985185883,96.7529492520063));
#6250=CARTESIAN_POINT('Ctrl Pts',(-2.88372441607099,11.8090795529304,96.9594937387285));
#6251=CARTESIAN_POINT('Ctrl Pts',(-6.0056678122324,10.2781215066177,97.09719006321));
#6252=CARTESIAN_POINT('Ctrl Pts',(-7.33520850679663,9.22041925426166,97.1660382254508));
#6253=CARTESIAN_POINT('Ctrl Pts',(-7.87704315268959,6.26509247602666,93.2827902218573));
#6254=CARTESIAN_POINT('Ctrl Pts',(-8.78043975238709,5.12926023938532,93.351638384098));
#6255=CARTESIAN_POINT('Ctrl Pts',(-9.43408502393485,3.79541450995487,93.4204865463388));
#6256=CARTESIAN_POINT('Ctrl Pts',(-9.77820425692311,2.38577841625145,93.4893347085795));
#6257=CARTESIAN_POINT('Ctrl Pts',(-10.1223234899114,0.976142322547967,93.5581828708203));
#6258=CARTESIAN_POINT('Ctrl Pts',(-10.1569166843402,-0.509284135428471,
93.627031033061));
#6259=CARTESIAN_POINT('Ctrl Pts',(-9.8781807089122,-1.93333632057257,93.6958791953018));
#6260=CARTESIAN_POINT('Ctrl Pts',(-9.59944473348426,-3.35738850571664,93.7647273575426));
#6261=CARTESIAN_POINT('Ctrl Pts',(-9.00737958819958,-4.72006641802836,93.8335755197833));
#6262=CARTESIAN_POINT('Ctrl Pts',(-8.15734384892839,-5.89593335958032,93.9024236820241));
#6263=CARTESIAN_POINT('Ctrl Pts',(-7.30730810965722,-7.07180030113225,93.9712718442648));
#6264=CARTESIAN_POINT('Ctrl Pts',(-6.19930177639954,-8.06085627192445,94.0401200065056));
#6265=CARTESIAN_POINT('Ctrl Pts',(-4.93450828574329,-8.77227571555484,94.1089681687463));
#6266=CARTESIAN_POINT('Ctrl Pts',(-3.66971479508705,-9.48369515918522,94.1778163309871));
#6267=CARTESIAN_POINT('Ctrl Pts',(-2.24813414703226,-9.91747807565379,94.2466644932279));
#6268=CARTESIAN_POINT('Ctrl Pts',(-0.80202884031545,-10.0329387558012,94.3155126554686));
#6269=CARTESIAN_POINT('Ctrl Pts',(0.644076466401403,-10.1483994359486,94.3843608177094));
#6270=CARTESIAN_POINT('Ctrl Pts',(2.11470643178025,-9.94553787977491,94.4532089799501));
#6271=CARTESIAN_POINT('Ctrl Pts',(3.47744280997395,-9.44508366393239,94.5220571421909));
#6272=CARTESIAN_POINT('Ctrl Pts',(4.38593372876976,-9.11144752003738,94.567955917018));
#6273=CARTESIAN_POINT('Ctrl Pts',(5.24647194214996,-8.64554797184511,94.6138546918452));
#6274=CARTESIAN_POINT('Ctrl Pts',(6.02094631901466,-8.06609297261916,94.6597534666724));
#6275=CARTESIAN_POINT('Ctrl Pts',(7.56989507274397,-6.90718297416732,94.7515510163267));
#6276=CARTESIAN_POINT('Ctrl Pts',(8.77458848041136,-5.29405117158077,94.843348565981));
#6277=CARTESIAN_POINT('Ctrl Pts',(9.44651757245709,-3.47922941892669,94.9351461156354));
#6278=CARTESIAN_POINT('Ctrl Pts',(9.78248211847996,-2.57181854259964,94.9810448904625));
#6279=CARTESIAN_POINT('Ctrl Pts',(9.9852555855974,-1.61398517875573,95.0269436652897));
#6280=CARTESIAN_POINT('Ctrl Pts',(10.0460531695349,-0.648047061751007,95.0728424401169));
#6281=CARTESIAN_POINT('Ctrl Pts',(10.1676483374098,1.28382917225846,95.1646399897712));
#6282=CARTESIAN_POINT('Ctrl Pts',(9.72133997256489,3.24812441891108,95.2564375394256));
#6283=CARTESIAN_POINT('Ctrl Pts',(8.77430184290464,4.93436255348122,95.3482350890799));
#6284=CARTESIAN_POINT('Ctrl Pts',(8.06402324565945,6.19904115440884,95.4170832513207));
#6285=CARTESIAN_POINT('Ctrl Pts',(7.07208415570566,7.30731262979006,95.4859314135614));
#6286=CARTESIAN_POINT('Ctrl Pts',(5.8954183629049,8.15727968755832,95.5547795758022));
#6287=CARTESIAN_POINT('Ctrl Pts',(4.71875257010418,9.00724674532655,95.6236277380429));
#6288=CARTESIAN_POINT('Ctrl Pts',(3.35736007445651,9.59890938548183,95.6924759002837));
#6289=CARTESIAN_POINT('Ctrl Pts',(1.93362592937173,9.87763504697437,95.7613240625244));
#6290=CARTESIAN_POINT('Ctrl Pts',(0.509891784286983,10.1563607084669,95.8301722247652));
#6291=CARTESIAN_POINT('Ctrl Pts',(-0.976184010234864,10.1221493912967,95.8990203870059));
#6292=CARTESIAN_POINT('Ctrl Pts',(-2.38597200937091,9.7781691562386,95.9678685492467));
#6293=CARTESIAN_POINT('Ctrl Pts',(-3.79576000830937,9.4341889212287,96.0367167114778));
#6294=CARTESIAN_POINT('Ctrl Pts',(-5.12926021188342,8.78043976841773,96.1055648737089));
#6295=CARTESIAN_POINT('Ctrl Pts',(-6.26509245121211,7.87704317242612,96.17441303594));
#6296=CARTESIAN_POINT('Ctrl Pts',(-2.66555438157069,11.477129185248,96.9541268548083));
#6297=CARTESIAN_POINT('Ctrl Pts',(-1.05370340754645,11.8511630467948,96.8870676538739));
#6298=CARTESIAN_POINT('Ctrl Pts',(0.63890980334328,11.8810852626253,96.8200084529396));
#6299=CARTESIAN_POINT('Ctrl Pts',(2.26232446680281,11.5634524034058,96.7529492520053));
#6300=CARTESIAN_POINT('Ctrl Pts',(3.92904752011414,11.2373459434443,96.6841010897645));
#6301=CARTESIAN_POINT('Ctrl Pts',(5.5228307119559,10.5448933683021,96.6152529275238));
#6302=CARTESIAN_POINT('Ctrl Pts',(6.90039758571542,9.55003434020571,96.546404765283));
#6303=CARTESIAN_POINT('Ctrl Pts',(8.27796445947501,8.55517531210927,96.4775566030422));
#6304=CARTESIAN_POINT('Ctrl Pts',(9.43931501515239,7.25790983105868,96.4087084408015));
#6305=CARTESIAN_POINT('Ctrl Pts',(10.2709611382825,5.77751104339949,96.3398602785607));
#6306=CARTESIAN_POINT('Ctrl Pts',(11.3798226357893,3.80364599318727,96.2480627289064));
#6307=CARTESIAN_POINT('Ctrl Pts',(11.9025429198787,1.5042106201154,96.156265179252));
#6308=CARTESIAN_POINT('Ctrl Pts',(11.7604455829208,-0.757346336272676,96.0644676295977));
#6309=CARTESIAN_POINT('Ctrl Pts',(11.6893969144418,-1.88812481446667,96.0185688547705));
#6310=CARTESIAN_POINT('Ctrl Pts',(11.452143840701,-3.00943368848975,95.9726700799433));
#6311=CARTESIAN_POINT('Ctrl Pts',(11.0589648291682,-4.07173278619666,95.9267713051162));
#6312=CARTESIAN_POINT('Ctrl Pts',(10.2726068061027,-6.19633098161056,95.8349737554619));
#6313=CARTESIAN_POINT('Ctrl Pts',(8.8625450318695,-8.08489007175991,95.7431762058076));
#6314=CARTESIAN_POINT('Ctrl Pts',(7.04942425580173,-9.44176074226884,95.6513786561532));
#6315=CARTESIAN_POINT('Ctrl Pts',(6.14286386776788,-10.1201960775233,95.605479881326));
#6316=CARTESIAN_POINT('Ctrl Pts',(5.13553872927537,-10.6657093078676,95.5595811064989));
#6317=CARTESIAN_POINT('Ctrl Pts',(4.07206105168378,-11.0563951786123,95.5136823316717));
#6318=CARTESIAN_POINT('Ctrl Pts',(2.47684453529631,-11.6424239847293,95.4448341694309));
#6319=CARTESIAN_POINT('Ctrl Pts',(0.755284805935892,-11.8800912317469,95.3759860071902));
#6320=CARTESIAN_POINT('Ctrl Pts',(-0.937606025398589,-11.7451129821048,
95.3071378449494));
#6321=CARTESIAN_POINT('Ctrl Pts',(-2.63049685673302,-11.6101347324626,95.2382896827087));
#6322=CARTESIAN_POINT('Ctrl Pts',(-4.29471879004141,-11.1025109861607,95.1694415204679));
#6323=CARTESIAN_POINT('Ctrl Pts',(-5.77543417247055,-10.2698533269089,95.1005933582272));
#6324=CARTESIAN_POINT('Ctrl Pts',(-7.25614955489965,-9.43719566765705,95.0317451959864));
#6325=CARTESIAN_POINT('Ctrl Pts',(-8.5533583864495,-8.27950409545529,94.9628970337457));
#6326=CARTESIAN_POINT('Ctrl Pts',(-9.54859914281672,-6.90309013959962,94.8940488715049));
#6327=CARTESIAN_POINT('Ctrl Pts',(-10.543839899184,-5.52667618374387,94.8252007092642));
#6328=CARTESIAN_POINT('Ctrl Pts',(-11.2371125803686,-3.93153984423417,94.7563525470234));
#6329=CARTESIAN_POINT('Ctrl Pts',(-11.5635958759692,-2.26451588195158,94.6875043847826));
#6330=CARTESIAN_POINT('Ctrl Pts',(-11.8817609331025,-0.639964851778481,
94.6204103564877));
#6331=CARTESIAN_POINT('Ctrl Pts',(-11.8515888436788,1.05285731811041,94.5533163281928));
#6332=CARTESIAN_POINT('Ctrl Pts',(-11.477183764146,2.66534226087027,94.4862222998978));
#6333=CARTESIAN_POINT('Ctrl Pts',(-7.87704317204326,6.26509245168772,96.2827902233304));
#6334=CARTESIAN_POINT('Ctrl Pts',(-8.78043976777034,5.1292602128351,96.351638385536));
#6335=CARTESIAN_POINT('Ctrl Pts',(-10.0877297226686,2.46156682728241,96.4893347099473));
#6336=CARTESIAN_POINT('Ctrl Pts',(-10.1915112752974,-1.99471200929364,96.6958791965642));
#6337=CARTESIAN_POINT('Ctrl Pts',(-8.41531515676029,-6.08274053378119,96.9024236831811));
#6338=CARTESIAN_POINT('Ctrl Pts',(-5.09129138754429,-9.04991071262027,97.108968169798));
#6339=CARTESIAN_POINT('Ctrl Pts',(-0.826564006896513,-10.3512485406264,
97.3155126564149));
#6340=CARTESIAN_POINT('Ctrl Pts',(3.09514115831356,-9.81031264656389,97.4991077556299));
#6341=CARTESIAN_POINT('Ctrl Pts',(6.96751880148149,-7.71372985012444,97.7056522422468));
#6342=CARTESIAN_POINT('Ctrl Pts',(9.37703767240234,-4.48758634060011,97.8892473414618));
#6343=CARTESIAN_POINT('Ctrl Pts',(10.3907316386429,0.301713491275587,98.1187412154806));
#6344=CARTESIAN_POINT('Ctrl Pts',(9.38712012869904,4.72080696782573,98.3252857020975));
#6345=CARTESIAN_POINT('Ctrl Pts',(6.07981210534629,8.41554859166775,98.5547795761162));
#6346=CARTESIAN_POINT('Ctrl Pts',(1.99615155670108,10.1913028661899,98.7613240627332));
#6347=CARTESIAN_POINT('Ctrl Pts',(-2.46233891234801,10.0878052819739,98.96786854935));
#6348=CARTESIAN_POINT('Ctrl Pts',(-5.12926021283506,8.78043976777036,99.1055648737613));
#6349=CARTESIAN_POINT('Ctrl Pts',(-6.26509245168769,7.87704317204328,99.1744130359669));
#6350=CARTESIAN_POINT('Ctrl Pts',(-8.32539021782026,6.62109839373447,96.6133336441085));
#6351=CARTESIAN_POINT('Ctrl Pts',(-9.28012120085771,5.42061665335943,96.6821818063141));
#6352=CARTESIAN_POINT('Ctrl Pts',(-10.6616491034985,2.6011204692321,96.8198781307254));
#6353=CARTESIAN_POINT('Ctrl Pts',(-10.7711288527152,-2.10864335270905,97.0264226173422));
#6354=CARTESIAN_POINT('Ctrl Pts',(-8.89371177623388,-6.42912372870202,97.2329671039592));
#6355=CARTESIAN_POINT('Ctrl Pts',(-5.38047571737454,-9.56491829526976,97.439511590576));
#6356=CARTESIAN_POINT('Ctrl Pts',(-0.873103966308741,-10.9400820456693,
97.6460560771929));
#6357=CARTESIAN_POINT('Ctrl Pts',(3.27164912105283,-10.3681964017818,97.829651176408));
#6358=CARTESIAN_POINT('Ctrl Pts',(7.36419731643861,-8.15217847383937,98.0361956630248));
#6359=CARTESIAN_POINT('Ctrl Pts',(9.91062497585599,-4.74241590986526,98.2197907622399));
#6360=CARTESIAN_POINT('Ctrl Pts',(10.981759093634,0.319353561366151,98.4492846362587));
#6361=CARTESIAN_POINT('Ctrl Pts',(9.92085723785617,4.98976592688695,98.6558291228755));
#6362=CARTESIAN_POINT('Ctrl Pts',(6.4252542397929,8.89451813538076,98.8853229968943));
#6363=CARTESIAN_POINT('Ctrl Pts',(2.10922688963679,10.7710922447571,99.0918674835112));
#6364=CARTESIAN_POINT('Ctrl Pts',(-2.60286486346036,10.6615023843825,99.2984119701281));
#6365=CARTESIAN_POINT('Ctrl Pts',(-5.42142472706048,9.27964909241739,99.4361082945393));
#6366=CARTESIAN_POINT('Ctrl Pts',(-6.6218233545465,8.32481361230826,99.5049564567449));
#6367=CARTESIAN_POINT('Ctrl Pts',(-8.77371435821665,6.97713502316821,96.9438750555024));
#6368=CARTESIAN_POINT('Ctrl Pts',(-9.77978413101869,5.71200706795298,97.012723217708));
#6369=CARTESIAN_POINT('Ctrl Pts',(-11.235560305697,2.74071274310749,97.1504195421193));
#6370=CARTESIAN_POINT('Ctrl Pts',(-11.3507552072117,-2.22253620984529,97.3569640287362));
#6371=CARTESIAN_POINT('Ctrl Pts',(-9.37213248690921,-6.77547564347081,97.5635085153531));
#6372=CARTESIAN_POINT('Ctrl Pts',(-5.66969502281538,-10.0799075944963,97.77005300197));
#6373=CARTESIAN_POINT('Ctrl Pts',(-0.919683363689646,-11.5289136281886,
97.9765974885869));
#6374=CARTESIAN_POINT('Ctrl Pts',(3.4481201746173,-10.9260930734229,98.1601925878019));
#6375=CARTESIAN_POINT('Ctrl Pts',(7.76084731134576,-8.5906544632925,98.3667370744188));
#6376=CARTESIAN_POINT('Ctrl Pts',(10.4441963299656,-4.99728163257836,98.5503321736338));
#6377=CARTESIAN_POINT('Ctrl Pts',(11.5727889115566,0.33695418167881,98.7798260476526));
#6378=CARTESIAN_POINT('Ctrl Pts',(10.4546133670504,5.25868976053227,98.9863705342694));
#6379=CARTESIAN_POINT('Ctrl Pts',(6.7707290725092,9.37346556424728,99.2158644082882));
#6380=CARTESIAN_POINT('Ctrl Pts',(2.2223411740267,11.3508752157865,99.4224088949051));
#6381=CARTESIAN_POINT('Ctrl Pts',(-2.74335275717838,11.2352100236849,99.628953381522));
#6382=CARTESIAN_POINT('Ctrl Pts',(-5.71355646764383,9.77887896955457,99.7666497059333));
#6383=CARTESIAN_POINT('Ctrl Pts',(-6.97852503365511,8.77260879817096,99.8354978681389));
#6384=CARTESIAN_POINT('Ctrl Pts',(-9.22202419606035,7.33319062822032,97.2744154128143));
#6385=CARTESIAN_POINT('Ctrl Pts',(-10.2794354793635,6.0034185093445,97.3432635750199));
#6386=CARTESIAN_POINT('Ctrl Pts',(-11.8094663207967,2.88032896396346,97.4809598994312));
#6387=CARTESIAN_POINT('Ctrl Pts',(-11.9303868962171,-2.33640516240759,97.6875043860481));
#6388=CARTESIAN_POINT('Ctrl Pts',(-9.85056805415013,-7.12180807892573,97.894048872665));
#6389=CARTESIAN_POINT('Ctrl Pts',(-5.95893597588355,-10.5948854481448,98.1005933592819));
#6390=CARTESIAN_POINT('Ctrl Pts',(-0.966287226063523,-12.1177439038342,
98.3071378458988));
#6391=CARTESIAN_POINT('Ctrl Pts',(3.62456829012569,-11.4839976526541,98.4907329451138));
#6392=CARTESIAN_POINT('Ctrl Pts',(8.15747952935557,-9.02914734871029,98.6972774317307));
#6393=CARTESIAN_POINT('Ctrl Pts',(10.9777576834262,-5.25216974087397,98.8808725309457));
#6394=CARTESIAN_POINT('Ctrl Pts',(12.1638200811235,0.354530317647479,99.1103664049645));
#6395=CARTESIAN_POINT('Ctrl Pts',(10.988381194486,5.52759174417628,99.3169108915813));
#6396=CARTESIAN_POINT('Ctrl Pts',(7.11622412989397,9.85239917680958,99.5464047656001));
#6397=CARTESIAN_POINT('Ctrl Pts',(2.33547960747496,11.9306540970448,99.752949252217));
#6398=CARTESIAN_POINT('Ctrl Pts',(-2.88381700597441,11.8089240903238,99.9594937388339));
#6399=CARTESIAN_POINT('Ctrl Pts',(-6.00566781291062,10.2781215060782,100.097190063245));
#6400=CARTESIAN_POINT('Ctrl Pts',(-7.33520850679656,9.22041925426172,100.166038225451));
#6401=CARTESIAN_POINT('Ctrl Pts',(-7.87704317207063,6.26509245165905,96.2827902233343));
#6402=CARTESIAN_POINT('Ctrl Pts',(-8.78043976778532,5.12926021281273,96.3516383855393));
#6403=CARTESIAN_POINT('Ctrl Pts',(-9.43408474522593,3.79541352004732,96.4204865477444));
#6404=CARTESIAN_POINT('Ctrl Pts',(-9.77820415938563,2.38577703424209,96.4893347099494));
#6405=CARTESIAN_POINT('Ctrl Pts',(-10.1223235735485,0.976140548424067,96.558182872155));
#6406=CARTESIAN_POINT('Ctrl Pts',(-10.1569174244247,-0.509285730435137,
96.6270310343606));
#6407=CARTESIAN_POINT('Ctrl Pts',(-9.87818166343993,-1.93333695727957,96.6958791965662));
#6408=CARTESIAN_POINT('Ctrl Pts',(-9.59944590245513,-3.357388184124,96.7647273587719));
#6409=CARTESIAN_POINT('Ctrl Pts',(-9.00738052960921,-4.72006435895367,96.8335755209775));
#6410=CARTESIAN_POINT('Ctrl Pts',(-8.15734388165007,-5.89593080950851,96.9024236831832));
#6411=CARTESIAN_POINT('Ctrl Pts',(-7.3073072336909,-7.07179726006339,96.9712718453888));
#6412=CARTESIAN_POINT('Ctrl Pts',(-6.19929931061849,-8.06085398634346,97.0401200075944));
#6413=CARTESIAN_POINT('Ctrl Pts',(-4.93450745230737,-8.77227198748458,97.1089681698001));
#6414=CARTESIAN_POINT('Ctrl Pts',(-3.6697155939963,-9.48368998862568,97.1778163320057));
#6415=CARTESIAN_POINT('Ctrl Pts',(-2.24813980044656,-9.91746926462786,97.2466644942113));
#6416=CARTESIAN_POINT('Ctrl Pts',(-0.802032185194536,-10.0329334224922,
97.315512656417));
#6417=CARTESIAN_POINT('Ctrl Pts',(0.644075430057486,-10.1483975803565,97.3843608186226));
#6418=CARTESIAN_POINT('Ctrl Pts',(2.11471486701177,-9.94554662008304,97.4532089808282));
#6419=CARTESIAN_POINT('Ctrl Pts',(3.47744617042734,-9.44508967668561,97.5220571430338));
#6420=CARTESIAN_POINT('Ctrl Pts',(4.38593370603774,-9.11145171442065,97.5679559178376));
#6421=CARTESIAN_POINT('Ctrl Pts',(5.24646207118651,-8.64554442632281,97.6138546926413));
#6422=CARTESIAN_POINT('Ctrl Pts',(6.02094088719582,-8.06609427513047,97.6597534674451));
#6423=CARTESIAN_POINT('Ctrl Pts',(7.56989851921441,-6.90719397274579,97.7515510170526));
#6424=CARTESIAN_POINT('Ctrl Pts',(8.77465795467527,-5.29412221798305,97.8433485666601));
#6425=CARTESIAN_POINT('Ctrl Pts',(9.44656282415979,-3.47928501122816,97.9351461162676));
#6426=CARTESIAN_POINT('Ctrl Pts',(9.78251525890205,-2.57186640785073,97.9810448910714));
#6427=CARTESIAN_POINT('Ctrl Pts',(9.98525405215022,-1.61400644147528,98.0269436658751));
#6428=CARTESIAN_POINT('Ctrl Pts',(10.0460716543198,-0.648092873035955,98.0728424406789));
#6429=CARTESIAN_POINT('Ctrl Pts',(10.167706858659,1.28373426384268,98.1646399902864));
#6430=CARTESIAN_POINT('Ctrl Pts',(9.72165729868381,3.24777580897674,98.2564375398939));
#6431=CARTESIAN_POINT('Ctrl Pts',(8.77453708192787,4.93402027091266,98.3482350895014));
#6432=CARTESIAN_POINT('Ctrl Pts',(8.06419691936088,6.19870361736466,98.417083251707));
#6433=CARTESIAN_POINT('Ctrl Pts',(7.07200451235468,7.3071261045177,98.4859314139127));
#6434=CARTESIAN_POINT('Ctrl Pts',(5.89529821741046,8.15729639384801,98.5547795761183));
#6435=CARTESIAN_POINT('Ctrl Pts',(4.71859192246624,9.00746668317833,98.6236277383239));
#6436=CARTESIAN_POINT('Ctrl Pts',(3.357371739584,9.59938477468592,98.6924759005296));
#6437=CARTESIAN_POINT('Ctrl Pts',(1.93367990330107,9.87809422307038,98.7613240627352));
#6438=CARTESIAN_POINT('Ctrl Pts',(0.509988067018192,10.1568036714548,98.8301722249408));
#6439=CARTESIAN_POINT('Ctrl Pts',(-0.976175422665344,10.1223044767162,98.8990203871465));
#6440=CARTESIAN_POINT('Ctrl Pts',(-2.38598749262912,9.77821350079581,98.9678685493521));
#6441=CARTESIAN_POINT('Ctrl Pts',(-3.7957995624904,9.43412252490049,99.0367167115527));
#6442=CARTESIAN_POINT('Ctrl Pts',(-5.129260212643,8.78043976786853,99.1055648737533));
#6443=CARTESIAN_POINT('Ctrl Pts',(-6.26509245144219,7.87704317224311,99.1744130359539));
#6444=CARTESIAN_POINT('Ctrl Pts',(-2.66557016773764,11.4771916122874,99.9541268548082));
#6445=CARTESIAN_POINT('Ctrl Pts',(-1.05368814217932,11.8513618972074,99.8870676539441));
#6446=CARTESIAN_POINT('Ctrl Pts',(0.639021173370596,11.8816043202564,99.8200084530801));
#6447=CARTESIAN_POINT('Ctrl Pts',(2.26238759230285,11.5639899425504,99.752949252216));
#6448=CARTESIAN_POINT('Ctrl Pts',(3.9290611149474,11.2379024569647,99.6841010900104));
#6449=CARTESIAN_POINT('Ctrl Pts',(5.52264262242015,10.5451508168864,99.6152529278048));
#6450=CARTESIAN_POINT('Ctrl Pts',(6.9002569358453,9.55005388195234,99.5464047655991));
#6451=CARTESIAN_POINT('Ctrl Pts',(8.27787124927037,8.55495694701831,99.4775566033935));
#6452=CARTESIAN_POINT('Ctrl Pts',(9.43951836864779,7.25751471722852,99.4087084411878));
#6453=CARTESIAN_POINT('Ctrl Pts',(10.2712365635259,5.77711038213036,99.3398602789822));
#6454=CARTESIAN_POINT('Ctrl Pts',(11.3801941566968,3.80323793533281,99.2480627293747));
#6455=CARTESIAN_POINT('Ctrl Pts',(11.9026114396468,1.5040995235425,99.1562651797672));
#6456=CARTESIAN_POINT('Ctrl Pts',(11.7604672279108,-0.757399962659732,99.0644676301597));
#6457=CARTESIAN_POINT('Ctrl Pts',(11.6893951220429,-1.88814970576085,99.018568855356));
#6458=CARTESIAN_POINT('Ctrl Pts',(11.4521826425035,-3.00948971746492,98.9726700805522));
#6459=CARTESIAN_POINT('Ctrl Pts',(11.0590178099713,-4.07179785925398,98.9267713057485));
#6460=CARTESIAN_POINT('Ctrl Pts',(10.272688144907,-6.19641414283213,98.834973756141));
#6461=CARTESIAN_POINT('Ctrl Pts',(8.86254906787195,-8.08490294674998,98.7431762065334));
#6462=CARTESIAN_POINT('Ctrl Pts',(7.04941789723677,-9.44176226774291,98.6513786569259));
#6463=CARTESIAN_POINT('Ctrl Pts',(6.14285231191917,-10.1201919282394,98.6054798821222));
#6464=CARTESIAN_POINT('Ctrl Pts',(5.13553870320155,-10.6657142180046,98.5595811073184));
#6465=CARTESIAN_POINT('Ctrl Pts',(4.0720649863521,-11.0564022169817,98.5136823325146));
#6466=CARTESIAN_POINT('Ctrl Pts',(2.47685441107805,-11.6424342154474,98.444834170309));
#6467=CARTESIAN_POINT('Ctrl Pts',(0.755283592507419,-11.8800890596399,98.3759860081034));
#6468=CARTESIAN_POINT('Ctrl Pts',(-0.937609941747744,-11.7451067391213,
98.3071378458978));
#6469=CARTESIAN_POINT('Ctrl Pts',(-2.630503476003,-11.6101244186027,98.2382896836921));
#6470=CARTESIAN_POINT('Ctrl Pts',(-4.29471972594284,-11.102504933373,98.1694415214865));
#6471=CARTESIAN_POINT('Ctrl Pts',(-5.77543319729041,-10.2698489625551,98.1005933592809));
#6472=CARTESIAN_POINT('Ctrl Pts',(-7.25614666863798,-9.4371929917371,98.0317451970752));
#6473=CARTESIAN_POINT('Ctrl Pts',(-8.55335736139337,-8.27950053533086,97.9628970348696));
#6474=CARTESIAN_POINT('Ctrl Pts',(-9.54859918144882,-6.90308715437483,97.894048872664));
#6475=CARTESIAN_POINT('Ctrl Pts',(-10.5438410015042,-5.52667377341884,97.8252007104583));
#6476=CARTESIAN_POINT('Ctrl Pts',(-11.2371139488598,-3.93153946791303,97.7563525482527));
#6477=CARTESIAN_POINT('Ctrl Pts',(-11.5635969933008,-2.26451662743176,97.6875043860471));
#6478=CARTESIAN_POINT('Ctrl Pts',(-11.8817618087353,-0.639966674845863,
97.6204103571407));
#6479=CARTESIAN_POINT('Ctrl Pts',(-11.851588979604,1.05285528508171,97.5533163282344));
#6480=CARTESIAN_POINT('Ctrl Pts',(-11.4771836562522,2.66534065580818,97.486222299328));
#6481=CARTESIAN_POINT('Ctrl Pts',(-7.8770431720433,6.26509245168767,105.28279022333));
#6482=CARTESIAN_POINT('Ctrl Pts',(-8.70888517487846,5.21922514499111,105.346185185644));
#6483=CARTESIAN_POINT('Ctrl Pts',(-10.5982765298646,1.57545053981952,105.536370072586));
#6484=CARTESIAN_POINT('Ctrl Pts',(-9.87227681445814,-4.14265944504477,105.789949921842));
#6485=CARTESIAN_POINT('Ctrl Pts',(-6.24452151259613,-8.22991808446508,106.043529771098));
#6486=CARTESIAN_POINT('Ctrl Pts',(-2.57103244575796,-10.0118795457928,106.233714658039));
#6487=CARTESIAN_POINT('Ctrl Pts',(1.51715962884897,-10.2223173882635,106.423899544981));
#6488=CARTESIAN_POINT('Ctrl Pts',(4.08015966526909,-9.29716565460875,106.550689469609));
#6489=CARTESIAN_POINT('Ctrl Pts',(5.22251494092116,-8.60375094097238,106.614084431923));
#6490=CARTESIAN_POINT('Ctrl Pts',(-8.12849501459942,6.4647555272711,105.468172848202));
#6491=CARTESIAN_POINT('Ctrl Pts',(-8.98684710443361,5.38550193035975,105.531567810516));
#6492=CARTESIAN_POINT('Ctrl Pts',(-10.9364189931106,1.62543638566364,105.721752697457));
#6493=CARTESIAN_POINT('Ctrl Pts',(-10.1871111634454,-4.27507162201309,105.975332546713));
#6494=CARTESIAN_POINT('Ctrl Pts',(-6.44351923879453,-8.49262666149696,106.228912395969));
#6495=CARTESIAN_POINT('Ctrl Pts',(-2.65279406582529,-10.3313407086423,106.419097282911));
#6496=CARTESIAN_POINT('Ctrl Pts',(1.56582324258201,-10.548386345537,106.609282169852));
#6497=CARTESIAN_POINT('Ctrl Pts',(4.21056316332868,-9.5936546560673,106.73607209448));
#6498=CARTESIAN_POINT('Ctrl Pts',(5.38934348666855,-8.87808943480821,106.799467056794));
#6499=CARTESIAN_POINT('Ctrl Pts',(-8.37993955581319,6.66442838957525,105.653554827411));
#6500=CARTESIAN_POINT('Ctrl Pts',(-9.26480302980495,5.55178947025632,105.716949789725));
#6501=CARTESIAN_POINT('Ctrl Pts',(-11.2745599438006,1.67543513771785,105.907134676667));
#6502=CARTESIAN_POINT('Ctrl Pts',(-10.5019509044223,-4.40747199118179,106.160714525922));
#6503=CARTESIAN_POINT('Ctrl Pts',(-6.64252717530544,-8.75532797867938,106.414294375178));
#6504=CARTESIAN_POINT('Ctrl Pts',(-2.7345679173886,-10.650799132351,106.60447926212));
#6505=CARTESIAN_POINT('Ctrl Pts',(1.61447452092469,-10.8744575246825,106.794664149062));
#6506=CARTESIAN_POINT('Ctrl Pts',(4.3409555424634,-9.89014895629579,106.921454073689));
#6507=CARTESIAN_POINT('Ctrl Pts',(5.55616179562503,-9.15243458428936,106.984849036003));
#6508=CARTESIAN_POINT('Ctrl Pts',(-8.63137852347796,6.86410868050647,105.838936359179));
#6509=CARTESIAN_POINT('Ctrl Pts',(-9.54275436613334,5.71808517749109,105.902331321493));
#6510=CARTESIAN_POINT('Ctrl Pts',(-11.6126997174073,1.72544370281552,106.092516208434));
#6511=CARTESIAN_POINT('Ctrl Pts',(-10.8167947220377,-4.53986336865219,106.34609605769));
#6512=CARTESIAN_POINT('Ctrl Pts',(-6.84154286254701,-9.01802375314755,106.599675906946));
#6513=CARTESIAN_POINT('Ctrl Pts',(-2.81635106623311,-10.9702554475599,106.789860793888));
#6514=CARTESIAN_POINT('Ctrl Pts',(1.66311641262238,-11.2005303682301,106.980045680829));
#6515=CARTESIAN_POINT('Ctrl Pts',(4.47133945376469,-10.1866472638748,107.106835605457));
#6516=CARTESIAN_POINT('Ctrl Pts',(5.72297230481832,-9.42678477486589,107.170230567771));
#6517=CARTESIAN_POINT('Ctrl Pts',(-7.87704317245708,6.26509245117319,105.282790223364));
#6518=CARTESIAN_POINT('Ctrl Pts',(-8.708885175089,5.21922514459292,105.346185185667));
#6519=CARTESIAN_POINT('Ctrl Pts',(-9.3386822932697,4.00463360972352,105.409580147971));
#6520=CARTESIAN_POINT('Ctrl Pts',(-9.69804706247926,2.71839675449139,105.472975110274));
#6521=CARTESIAN_POINT('Ctrl Pts',(-10.4167766010167,0.145923043603496,105.599765034902));
#6522=CARTESIAN_POINT('Ctrl Pts',(-10.0537767433133,-2.71313194882967,105.72655495953));
#6523=CARTESIAN_POINT('Ctrl Pts',(-8.72352502345779,-5.02856982611465,105.853344884158));
#6524=CARTESIAN_POINT('Ctrl Pts',(-8.05839916353001,-6.18628876475714,105.916739846472));
#6525=CARTESIAN_POINT('Ctrl Pts',(-7.15146033806418,-7.20810342461258,105.980134808786));
#6526=CARTESIAN_POINT('Ctrl Pts',(-6.08574274752469,-8.01600433142836,106.0435297711));
#6527=CARTESIAN_POINT('Ctrl Pts',(-5.0200251569852,-8.82390523824413,106.106924733414));
#6528=CARTESIAN_POINT('Ctrl Pts',(-3.79552880137204,-9.41789239202025,106.170319695727));
#6529=CARTESIAN_POINT('Ctrl Pts',(-2.50191527779739,-9.74995894265343,106.233714658041));
#6530=CARTESIAN_POINT('Ctrl Pts',(-1.20830175422275,-10.0820254932866,106.297109620355));
#6531=CARTESIAN_POINT('Ctrl Pts',(0.154428937313384,-10.1521714407769,106.360504582669));
#6532=CARTESIAN_POINT('Ctrl Pts',(1.47654429218671,-9.95595648110823,106.423899544983));
#6533=CARTESIAN_POINT('Ctrl Pts',(2.79865964703121,-9.75974152144387,106.487294507296));
#6534=CARTESIAN_POINT('Ctrl Pts',(4.08015966521468,-9.29716565463223,106.550689469608));
#6535=CARTESIAN_POINT('Ctrl Pts',(5.22251494084832,-8.60375094102079,106.614084431921));
#6536=CARTESIAN_POINT('Ctrl Pts',(-7.87704317204321,6.26509245168778,99.2827902233304));
#6537=CARTESIAN_POINT('Ctrl Pts',(-8.78043976777033,5.12926021283513,99.351638385536));
#6538=CARTESIAN_POINT('Ctrl Pts',(-10.0877288690239,2.46156466398526,99.4893347099473));
#6539=CARTESIAN_POINT('Ctrl Pts',(-10.1915134599241,-1.99471242976388,99.6958791965642));
#6540=CARTESIAN_POINT('Ctrl Pts',(-8.41531488963738,-6.08273774752712,99.902423683181));
#6541=CARTESIAN_POINT('Ctrl Pts',(-5.09129152932344,-9.04990493688711,100.108968169798));
#6542=CARTESIAN_POINT('Ctrl Pts',(-0.826570741372357,-10.3512393936892,
100.315512656415));
#6543=CARTESIAN_POINT('Ctrl Pts',(3.09514174273765,-9.81031317588496,100.49910775563));
#6544=CARTESIAN_POINT('Ctrl Pts',(6.96750846174646,-7.7137263812461,100.705652242247));
#6545=CARTESIAN_POINT('Ctrl Pts',(9.37704982296003,-4.48759221116674,100.889247341462));
#6546=CARTESIAN_POINT('Ctrl Pts',(10.3907419808931,0.301704166780496,101.118741215481));
#6547=CARTESIAN_POINT('Ctrl Pts',(9.38712490698551,4.72080195972388,101.325285702097));
#6548=CARTESIAN_POINT('Ctrl Pts',(6.07981066932505,8.41554397524501,101.554779576116));
#6549=CARTESIAN_POINT('Ctrl Pts',(1.99615094214366,10.1913034470694,101.761324062733));
#6550=CARTESIAN_POINT('Ctrl Pts',(-2.46233615331535,10.0878034613887,101.96786854935));
#6551=CARTESIAN_POINT('Ctrl Pts',(-5.12926021283525,8.78043976777025,102.105564873761));
#6552=CARTESIAN_POINT('Ctrl Pts',(-6.26509245168785,7.87704317204315,102.174413035967));
#6553=CARTESIAN_POINT('Ctrl Pts',(-8.32539021782021,6.62109839373453,99.6133336441085));
#6554=CARTESIAN_POINT('Ctrl Pts',(-9.2801212008577,5.42061665335945,99.6821818063141));
#6555=CARTESIAN_POINT('Ctrl Pts',(-10.661648201296,2.60111818331101,99.8198781307253));
#6556=CARTESIAN_POINT('Ctrl Pts',(-10.7711311617969,-2.10864379674788,100.026422617342));
#6557=CARTESIAN_POINT('Ctrl Pts',(-8.89371149445375,-6.42912078351285,100.232967103959));
#6558=CARTESIAN_POINT('Ctrl Pts',(-5.38047586803973,-9.5649121907238,100.439511590576));
#6559=CARTESIAN_POINT('Ctrl Pts',(-0.873111084869242,-10.940072378609,100.646056077193));
#6560=CARTESIAN_POINT('Ctrl Pts',(3.27164973826069,-10.368196961356,100.829651176408));
#6561=CARTESIAN_POINT('Ctrl Pts',(7.36418638804031,-8.15217480852417,101.036195663025));
#6562=CARTESIAN_POINT('Ctrl Pts',(9.91063781761712,-4.74242211436001,101.21979076224));
#6563=CARTESIAN_POINT('Ctrl Pts',(10.9817700246378,0.319343706369853,101.449284636259));
#6564=CARTESIAN_POINT('Ctrl Pts',(9.92086228847385,4.98976063362157,101.655829122875));
#6565=CARTESIAN_POINT('Ctrl Pts',(6.42525272277463,8.89451325597627,101.885322996894));
#6566=CARTESIAN_POINT('Ctrl Pts',(2.10922624057114,10.7710928585071,102.091867483511));
#6567=CARTESIAN_POINT('Ctrl Pts',(-2.60286194700716,10.6615004603166,102.298411970128));
#6568=CARTESIAN_POINT('Ctrl Pts',(-5.42142472706068,9.27964909241728,102.436108294539));
#6569=CARTESIAN_POINT('Ctrl Pts',(-6.62182335454668,8.32481361230812,102.504956456745));
#6570=CARTESIAN_POINT('Ctrl Pts',(-8.7737143582166,6.97713502316828,99.9438750555024));
#6571=CARTESIAN_POINT('Ctrl Pts',(-9.77978413101868,5.71200706795301,100.012723217708));
#6572=CARTESIAN_POINT('Ctrl Pts',(-11.2355593548347,2.74071033412542,100.150419542119));
#6573=CARTESIAN_POINT('Ctrl Pts',(-11.3507576405162,-2.22253667794526,100.356964028736));
#6574=CARTESIAN_POINT('Ctrl Pts',(-9.3721321900044,-6.77547253983365,100.563508515353));
#6575=CARTESIAN_POINT('Ctrl Pts',(-5.66969518172427,-10.0799011614554,100.77005300197));
#6576=CARTESIAN_POINT('Ctrl Pts',(-0.919690865635476,-11.5289034411349,
100.976597488587));
#6577=CARTESIAN_POINT('Ctrl Pts',(3.44812082514647,-10.9260936630608,101.160192587802));
#6578=CARTESIAN_POINT('Ctrl Pts',(7.76083579470094,-8.59065060105097,101.366737074419));
#6579=CARTESIAN_POINT('Ctrl Pts',(10.4442098631428,-4.99728817042285,101.550332173634));
#6580=CARTESIAN_POINT('Ctrl Pts',(11.5728004312335,0.336943796793735,101.779826047653));
#6581=CARTESIAN_POINT('Ctrl Pts',(10.4546186896408,5.25868418265859,101.986370534269));
#6582=CARTESIAN_POINT('Ctrl Pts',(6.77072747394719,9.3734604222295,102.215864408288));
#6583=CARTESIAN_POINT('Ctrl Pts',(2.22234048992414,11.350875862568,102.422408894905));
#6584=CARTESIAN_POINT('Ctrl Pts',(-2.74334968375613,11.2352079961829,102.628953381522));
#6585=CARTESIAN_POINT('Ctrl Pts',(-5.71355646764404,9.77887896955444,102.766649705933));
#6586=CARTESIAN_POINT('Ctrl Pts',(-6.97852503365529,8.77260879817081,102.835497868139));
#6587=CARTESIAN_POINT('Ctrl Pts',(-9.2220241960603,7.33319062822039,100.274415412814));
#6588=CARTESIAN_POINT('Ctrl Pts',(-10.2794354793635,6.00341850934453,100.34326357502));
#6589=CARTESIAN_POINT('Ctrl Pts',(-11.8094653212046,2.88032643161967,100.480959899431));
#6590=CARTESIAN_POINT('Ctrl Pts',(-11.9303894535857,-2.33640565490882,100.687504386048));
#6591=CARTESIAN_POINT('Ctrl Pts',(-9.85056774180089,-7.12180481717693,100.894048872665));
#6592=CARTESIAN_POINT('Ctrl Pts',(-5.9589361425964,-10.5948786868295,101.100593359282));
#6593=CARTESIAN_POINT('Ctrl Pts',(-0.966295110916036,-12.1177331968799,
101.307137845899));
#6594=CARTESIAN_POINT('Ctrl Pts',(3.62456897434667,-11.4839982722264,101.490732945114));
#6595=CARTESIAN_POINT('Ctrl Pts',(8.15746742475145,-9.02914328920934,101.697277431731));
#6596=CARTESIAN_POINT('Ctrl Pts',(10.9777719081685,-5.2521766116675,101.880872530946));
#6597=CARTESIAN_POINT('Ctrl Pts',(12.1638321894221,0.354519403298004,102.110366404964));
#6598=CARTESIAN_POINT('Ctrl Pts',(10.9883867888049,5.5275858820786,102.316910891581));
#6599=CARTESIAN_POINT('Ctrl Pts',(7.11622244941409,9.85239377243314,102.5464047656));
#6600=CARTESIAN_POINT('Ctrl Pts',(2.33547888797195,11.9306547769698,102.752949252217));
#6601=CARTESIAN_POINT('Ctrl Pts',(-2.88381377589325,11.8089219594181,102.959493738834));
#6602=CARTESIAN_POINT('Ctrl Pts',(-6.00566781291084,10.278121506078,103.097190063245));
#6603=CARTESIAN_POINT('Ctrl Pts',(-7.33520850679676,9.22041925426156,103.166038225451));
#6604=CARTESIAN_POINT('Ctrl Pts',(-7.87704317214342,6.26509245156755,99.2827902233399));
#6605=CARTESIAN_POINT('Ctrl Pts',(-8.78043976782044,5.12926021274108,99.351638385543));
#6606=CARTESIAN_POINT('Ctrl Pts',(-9.43408431841283,3.79541243836085,99.4204865477462));
#6607=CARTESIAN_POINT('Ctrl Pts',(-9.77820402553068,2.38577570224033,99.4893347099493));
#6608=CARTESIAN_POINT('Ctrl Pts',(-10.1223237326609,0.976138966069144,99.558182872155));
#6609=CARTESIAN_POINT('Ctrl Pts',(-10.1569185962943,-0.509286731847796,
99.6270310343606));
#6610=CARTESIAN_POINT('Ctrl Pts',(-9.87818293306312,-1.93333713376707,99.6958791965663));
#6611=CARTESIAN_POINT('Ctrl Pts',(-9.59944726983193,-3.35738753568625,99.7647273587719));
#6612=CARTESIAN_POINT('Ctrl Pts',(-9.00738107973615,-4.72006264160776,99.8335755209775));
#6613=CARTESIAN_POINT('Ctrl Pts',(-8.15734409130242,-5.89592805946202,99.9024236831831));
#6614=CARTESIAN_POINT('Ctrl Pts',(-7.30730710286867,-7.07179347731631,99.9712718453888));
#6615=CARTESIAN_POINT('Ctrl Pts',(-6.19929931609696,-8.06084920710332,100.040120007594));
#6616=CARTESIAN_POINT('Ctrl Pts',(-4.93450862471901,-8.77226614813059,100.1089681698));
#6617=CARTESIAN_POINT('Ctrl Pts',(-3.66971793334106,-9.48368308915786,100.177816332006));
#6618=CARTESIAN_POINT('Ctrl Pts',(-2.24814433735688,-9.91746124142538,100.246664494211));
#6619=CARTESIAN_POINT('Ctrl Pts',(-0.802036448593916,-10.0329266517208,
100.315512656417));
#6620=CARTESIAN_POINT('Ctrl Pts',(0.644071440169087,-10.1483920620162,100.384360818623));
#6621=CARTESIAN_POINT('Ctrl Pts',(2.1147136217109,-9.94554473033957,100.453208980828));
#6622=CARTESIAN_POINT('Ctrl Pts',(3.47744383812965,-9.44508843874098,100.522057143034));
#6623=CARTESIAN_POINT('Ctrl Pts',(4.3859306490755,-9.11145091100858,100.567955917838));
#6624=CARTESIAN_POINT('Ctrl Pts',(5.24645658663332,-8.645542734422,100.613854692641));
#6625=CARTESIAN_POINT('Ctrl Pts',(6.02093565843975,-8.06609276919089,100.659753467445));
#6626=CARTESIAN_POINT('Ctrl Pts',(7.56989380205252,-6.90719283872873,100.751551017053));
#6627=CARTESIAN_POINT('Ctrl Pts',(8.7746644826597,-5.29412575368855,100.84334856666));
#6628=CARTESIAN_POINT('Ctrl Pts',(9.44657261831103,-3.47929102455548,100.935146116268));
#6629=CARTESIAN_POINT('Ctrl Pts',(9.78252668613673,-2.57187365998887,100.981044891071));
#6630=CARTESIAN_POINT('Ctrl Pts',(9.98526511772344,-1.614014384399,101.026943665875));
#6631=CARTESIAN_POINT('Ctrl Pts',(10.0460820666399,-0.648100956750566,101.072842440679));
#6632=CARTESIAN_POINT('Ctrl Pts',(10.1677159644728,1.28372589854617,101.164639990286));
#6633=CARTESIAN_POINT('Ctrl Pts',(9.72166393162483,3.24776936207726,101.256437539894));
#6634=CARTESIAN_POINT('Ctrl Pts',(8.77454123465303,4.93401473571,101.348235089501));
#6635=CARTESIAN_POINT('Ctrl Pts',(8.06419921192419,6.19869876593455,101.417083251707));
#6636=CARTESIAN_POINT('Ctrl Pts',(7.07200494062571,7.30712137059128,101.485931413913));
#6637=CARTESIAN_POINT('Ctrl Pts',(5.89529785044599,8.15729258489047,101.554779576118));
#6638=CARTESIAN_POINT('Ctrl Pts',(4.71859076026628,9.00746379918967,101.623627738324));
#6639=CARTESIAN_POINT('Ctrl Pts',(3.35737085120535,9.59938362313131,101.69247590053));
#6640=CARTESIAN_POINT('Ctrl Pts',(1.93367971409812,9.87809353748869,101.761324062735));
#6641=CARTESIAN_POINT('Ctrl Pts',(0.509988576990854,10.1568034518461,101.830172224941));
#6642=CARTESIAN_POINT('Ctrl Pts',(-0.976173788162719,10.1223034566192,101.899020387146));
#6643=CARTESIAN_POINT('Ctrl Pts',(-2.38598598561972,9.77821253560098,101.967868549352));
#6644=CARTESIAN_POINT('Ctrl Pts',(-3.79579818304996,9.43412161458932,102.036716711556));
#6645=CARTESIAN_POINT('Ctrl Pts',(-5.12926021278652,8.78043976779816,102.105564873761));
#6646=CARTESIAN_POINT('Ctrl Pts',(-6.2650924516255,7.87704317209733,102.174413035965));
#6647=CARTESIAN_POINT('Ctrl Pts',(-2.66556839473808,11.477190479556,102.954126854808));
#6648=CARTESIAN_POINT('Ctrl Pts',(-1.05368629670591,11.8513607509357,102.887067653944));
#6649=CARTESIAN_POINT('Ctrl Pts',(0.639021749130355,11.8816040490613,102.82000845308));
#6650=CARTESIAN_POINT('Ctrl Pts',(2.26238737090116,11.5639891399533,102.752949252216));
#6651=CARTESIAN_POINT('Ctrl Pts',(3.92906007511879,11.2379011087892,102.68410109001));
#6652=CARTESIAN_POINT('Ctrl Pts',(5.52264126226591,10.5451474406105,102.615252927805));
#6653=CARTESIAN_POINT('Ctrl Pts',(6.90025650674802,9.55004942296799,102.546404765599));
#6654=CARTESIAN_POINT('Ctrl Pts',(8.27787175123012,8.55495140532552,102.477556603393));
#6655=CARTESIAN_POINT('Ctrl Pts',(9.43952105304719,7.25750903821935,102.408708441188));
#6656=CARTESIAN_POINT('Ctrl Pts',(10.2712414256022,5.77710390290443,102.339860278982));
#6657=CARTESIAN_POINT('Ctrl Pts',(11.3802019223423,3.80323038915118,102.248062729375));
#6658=CARTESIAN_POINT('Ctrl Pts',(11.9026221003943,1.50408973191573,102.156265179767));
#6659=CARTESIAN_POINT('Ctrl Pts',(11.7604794180774,-0.757409424486683,102.06446763016));
#6660=CARTESIAN_POINT('Ctrl Pts',(11.6894080769189,-1.88815900268789,102.018568855356));
#6661=CARTESIAN_POINT('Ctrl Pts',(11.4521960206683,-3.00949820568089,101.972670080552));
#6662=CARTESIAN_POINT('Ctrl Pts',(11.0590292762164,-4.07180489747128,101.926771305748));
#6663=CARTESIAN_POINT('Ctrl Pts',(10.2726957873127,-6.19641828105207,101.834973756141));
#6664=CARTESIAN_POINT('Ctrl Pts',(8.86254354560444,-8.08490161982268,101.743176206533));
#6665=CARTESIAN_POINT('Ctrl Pts',(7.04941177602638,-9.44176050549189,101.651378656926));
#6666=CARTESIAN_POINT('Ctrl Pts',(6.14284589123736,-10.1201899483265,101.605479882122));
#6667=CARTESIAN_POINT('Ctrl Pts',(5.13553512448084,-10.6657132778858,101.559581107318));
#6668=CARTESIAN_POINT('Ctrl Pts',(4.07206225590076,-11.0564007680867,101.513682332515));
#6669=CARTESIAN_POINT('Ctrl Pts',(2.47685295303062,-11.642432003388,101.444834170309));
#6670=CARTESIAN_POINT('Ctrl Pts',(0.755278921057323,-11.8800826001331,101.375986008103));
#6671=CARTESIAN_POINT('Ctrl Pts',(-0.9376149335426,-11.7450988134972,101.307137845898));
#6672=CARTESIAN_POINT('Ctrl Pts',(-2.63050878814248,-11.6101150268614,101.238289683692));
#6673=CARTESIAN_POINT('Ctrl Pts',(-4.294722465369,-11.1024968568447,101.169441521486));
#6674=CARTESIAN_POINT('Ctrl Pts',(-5.77543457051625,-10.2698421268943,101.100593359281));
#6675=CARTESIAN_POINT('Ctrl Pts',(-7.2561466756635,-9.4371873969439,101.031745197075));
#6676=CARTESIAN_POINT('Ctrl Pts',(-8.55335720873147,-8.27949610705989,100.96289703487));
#6677=CARTESIAN_POINT('Ctrl Pts',(-9.54859942722955,-6.90308393507332,100.894048872664));
#6678=CARTESIAN_POINT('Ctrl Pts',(-10.5438416457277,-5.52667176308671,100.825200710458));
#6679=CARTESIAN_POINT('Ctrl Pts',(-11.2371155496559,-3.9315387089975,100.756352548253));
#6680=CARTESIAN_POINT('Ctrl Pts',(-11.5635984795564,-2.26451683419827,100.687504386047));
#6681=CARTESIAN_POINT('Ctrl Pts',(-11.8817631824681,-0.639967827289206,
100.620410357331));
#6682=CARTESIAN_POINT('Ctrl Pts',(-11.8515892255579,1.05285345793493,100.553316328614));
#6683=CARTESIAN_POINT('Ctrl Pts',(-11.4771835303856,2.66533906231019,100.486222299898));
#6684=CARTESIAN_POINT('Ctrl Pts',(-7.87704317204326,6.26509245168773,102.28279022333));
#6685=CARTESIAN_POINT('Ctrl Pts',(-8.78043976777034,5.1292602128351,102.351638385536));
#6686=CARTESIAN_POINT('Ctrl Pts',(-10.087802248914,2.46119512646725,102.489334709947));
#6687=CARTESIAN_POINT('Ctrl Pts',(-10.1913340637051,-1.99395631352179,102.695879196564));
#6688=CARTESIAN_POINT('Ctrl Pts',(-8.41555734283012,-6.08411251034586,102.902423683181));
#6689=CARTESIAN_POINT('Ctrl Pts',(-5.45989637780008,-8.71716742820946,103.086018782396));
#6690=CARTESIAN_POINT('Ctrl Pts',(-1.35352541328349,-10.3063124926772,103.292563269013));
#6691=CARTESIAN_POINT('Ctrl Pts',(2.66607116107438,-10.0473878895355,103.476158368228));
#6692=CARTESIAN_POINT('Ctrl Pts',(6.96628638631054,-7.7145953781765,103.705652242247));
#6693=CARTESIAN_POINT('Ctrl Pts',(9.98769400395422,-3.67766044485674,103.935146116266));
#6694=CARTESIAN_POINT('Ctrl Pts',(10.305774463092,1.35470768284773,104.164639990284));
#6695=CARTESIAN_POINT('Ctrl Pts',(8.54526068267878,5.91915966346975,104.394133864303));
#6696=CARTESIAN_POINT('Ctrl Pts',(5.65345211951305,8.7230915247262,104.577728963518));
#6697=CARTESIAN_POINT('Ctrl Pts',(1.49708135348915,10.1763802917972,104.784273450135));
#6698=CARTESIAN_POINT('Ctrl Pts',(-2.46023476369791,10.0895318972639,104.96786854935));
#6699=CARTESIAN_POINT('Ctrl Pts',(-5.12926021283506,8.78043976777036,105.105564873761));
#6700=CARTESIAN_POINT('Ctrl Pts',(-6.26509245168768,7.87704317204329,105.174413035967));
#6701=CARTESIAN_POINT('Ctrl Pts',(-8.32539021782026,6.62109839373447,102.613333644108));
#6702=CARTESIAN_POINT('Ctrl Pts',(-9.28012120085771,5.42061665335943,102.682181806314));
#6703=CARTESIAN_POINT('Ctrl Pts',(-10.6617257387452,2.60072762048687,102.819878130725));
#6704=CARTESIAN_POINT('Ctrl Pts',(-10.7709415927254,-2.10784465955024,103.026422617342));
#6705=CARTESIAN_POINT('Ctrl Pts',(-8.89396767636073,-6.43057376189643,103.232967103959));
#6706=CARTESIAN_POINT('Ctrl Pts',(-5.77006284274328,-9.21326498915666,103.416562203174));
#6707=CARTESIAN_POINT('Ctrl Pts',(-1.4300418462248,-10.8926142439158,103.623106689791));
#6708=CARTESIAN_POINT('Ctrl Pts',(2.81818384902656,-10.6187766057927,103.806701789006));
#6709=CARTESIAN_POINT('Ctrl Pts',(7.36289481889844,-8.15309327908045,104.036195663025));
#6710=CARTESIAN_POINT('Ctrl Pts',(10.5559791506599,-3.88639203976026,104.265689537044));
#6711=CARTESIAN_POINT('Ctrl Pts',(10.8919209721553,1.43223982898321,104.495183411062));
#6712=CARTESIAN_POINT('Ctrl Pts',(9.03105634409797,6.25624408916243,104.724677285081));
#6713=CARTESIAN_POINT('Ctrl Pts',(5.97462806081112,9.21953497153052,104.908272384296));
#6714=CARTESIAN_POINT('Ctrl Pts',(1.58176946428181,10.7552978958317,105.114816870913));
#6715=CARTESIAN_POINT('Ctrl Pts',(-2.60064110852378,10.6633273085823,105.298411970128));
#6716=CARTESIAN_POINT('Ctrl Pts',(-5.42142472706048,9.27964909241739,105.436108294539));
#6717=CARTESIAN_POINT('Ctrl Pts',(-6.6218233545465,8.32481361230827,105.504956456745));
#6718=CARTESIAN_POINT('Ctrl Pts',(-8.77371435821664,6.97713502316822,102.943875055502));
#6719=CARTESIAN_POINT('Ctrl Pts',(-9.77978413101868,5.71200706795298,103.012723217708));
#6720=CARTESIAN_POINT('Ctrl Pts',(-11.23564105059,2.74029874851687,103.150419542119));
#6721=CARTESIAN_POINT('Ctrl Pts',(-11.3505578993801,-2.22169452441359,103.356964028736));
#6722=CARTESIAN_POINT('Ctrl Pts',(-9.37240210493498,-6.77700372664479,103.563508515353));
#6723=CARTESIAN_POINT('Ctrl Pts',(-6.08026307758115,-9.70934284471603,103.747103614568));
#6724=CARTESIAN_POINT('Ctrl Pts',(-1.50659760466972,-11.4789120291197,103.953648101185));
#6725=CARTESIAN_POINT('Ctrl Pts',(2.97025867670677,-11.1901766349799,104.1372432004));
#6726=CARTESIAN_POINT('Ctrl Pts',(7.75947475085101,-8.59161855465892,104.366737074419));
#6727=CARTESIAN_POINT('Ctrl Pts',(11.1242514876267,-4.09516201640841,104.596230948438));
#6728=CARTESIAN_POINT('Ctrl Pts',(11.4780738282753,1.50973296998293,104.825724822456));
#6729=CARTESIAN_POINT('Ctrl Pts',(9.51687548286914,6.59329673136975,105.055218696475));
#6730=CARTESIAN_POINT('Ctrl Pts',(6.29583782769231,9.71595796986563,105.23881379569));
#6731=CARTESIAN_POINT('Ctrl Pts',(1.66649641370076,11.3342109761072,105.445358282307));
#6732=CARTESIAN_POINT('Ctrl Pts',(-2.74100938737968,11.2371332495999,105.628953381522));
#6733=CARTESIAN_POINT('Ctrl Pts',(-5.71355646764382,9.77887896955457,105.766649705933));
#6734=CARTESIAN_POINT('Ctrl Pts',(-6.9785250336551,8.77260879817096,105.835497868139));
#6735=CARTESIAN_POINT('Ctrl Pts',(-9.22202419606035,7.33319062822032,103.274415412814));
#6736=CARTESIAN_POINT('Ctrl Pts',(-10.2794354793635,6.0034185093445,103.34326357502));
#6737=CARTESIAN_POINT('Ctrl Pts',(-11.8095511756784,2.87989382494852,103.480959899431));
#6738=CARTESIAN_POINT('Ctrl Pts',(-11.9301795411349,-2.33552048818244,103.687504386048));
#6739=CARTESIAN_POINT('Ctrl Pts',(-9.8508513923468,-7.12341420754268,103.894048872665));
#6740=CARTESIAN_POINT('Ctrl Pts',(-6.39048420885333,-10.2054083771111,104.07764397188));
#6741=CARTESIAN_POINT('Ctrl Pts',(-1.58317775217966,-12.0652072374116,104.284188458497));
#6742=CARTESIAN_POINT('Ctrl Pts',(3.12230998085664,-11.7615835740219,104.467783557712));
#6743=CARTESIAN_POINT('Ctrl Pts',(8.15603691947831,-9.03016073270922,104.697277431731));
#6744=CARTESIAN_POINT('Ctrl Pts',(11.6925157648645,-4.30395577052623,104.926771305749));
#6745=CARTESIAN_POINT('Ctrl Pts',(12.0642305088723,1.58720189086199,105.156265179768));
#6746=CARTESIAN_POINT('Ctrl Pts',(10.0027090953605,6.93032958438817,105.385759053787));
#6747=CARTESIAN_POINT('Ctrl Pts',(6.61706852411951,10.2123681832588,105.569354153002));
#6748=CARTESIAN_POINT('Ctrl Pts',(1.7512474477986,11.9131211350305,105.775898639619));
#6749=CARTESIAN_POINT('Ctrl Pts',(-2.88135401589405,11.8109456135062,105.959493738834));
#6750=CARTESIAN_POINT('Ctrl Pts',(-6.00566781291062,10.2781215060782,106.097190063245));
#6751=CARTESIAN_POINT('Ctrl Pts',(-7.33520850679656,9.22041925426172,106.166038225451));
#6752=CARTESIAN_POINT('Ctrl Pts',(-7.87704317232963,6.26509245133343,102.282790223354));
#6753=CARTESIAN_POINT('Ctrl Pts',(-8.78043976791026,5.12926021255777,102.351638385553));
#6754=CARTESIAN_POINT('Ctrl Pts',(-9.43412100838152,3.79522766950505,102.420486547751));
#6755=CARTESIAN_POINT('Ctrl Pts',(-9.77821693109673,2.38568615806189,102.489334709949));
#6756=CARTESIAN_POINT('Ctrl Pts',(-10.1223128538479,0.97614464647126,102.558182872155));
#6757=CARTESIAN_POINT('Ctrl Pts',(-10.1568234587783,-0.508905833525595,
102.627031034361));
#6758=CARTESIAN_POINT('Ctrl Pts',(-9.87811597443092,-1.93312377299494,102.695879196566));
#6759=CARTESIAN_POINT('Ctrl Pts',(-9.59940849008351,-3.35734171246433,102.764727358772));
#6760=CARTESIAN_POINT('Ctrl Pts',(-9.0074829164583,-4.72072711140621,102.833575520978));
#6761=CARTESIAN_POINT('Ctrl Pts',(-8.15733369870235,-5.89611760797675,102.902423683183));
#6762=CARTESIAN_POINT('Ctrl Pts',(-7.30718448094643,-7.07150810454726,102.971271845389));
#6763=CARTESIAN_POINT('Ctrl Pts',(-6.19881161905978,-8.05890369874645,103.040120007594));
#6764=CARTESIAN_POINT('Ctrl Pts',(-4.93418828140151,-8.77169094931978,103.1089681698));
#6765=CARTESIAN_POINT('Ctrl Pts',(-4.09110605629601,-9.24688244970199,103.154866944604));
#6766=CARTESIAN_POINT('Ctrl Pts',(-3.17857917529201,-9.60002579736161,103.200765719408));
#6767=CARTESIAN_POINT('Ctrl Pts',(-2.23526154009275,-9.81387764553954,103.246664494211));
#6768=CARTESIAN_POINT('Ctrl Pts',(-0.348626269694172,-10.2415813418954,
103.338462043819));
#6769=CARTESIAN_POINT('Ctrl Pts',(1.66117201748548,-10.1121190403246,103.430259593426));
#6770=CARTESIAN_POINT('Ctrl Pts',(3.47782883994208,-9.44688693677164,103.522057143034));
#6771=CARTESIAN_POINT('Ctrl Pts',(4.3861572511704,-9.11427088499517,103.567955917838));
#6772=CARTESIAN_POINT('Ctrl Pts',(5.24620029621796,-8.64771238272319,103.613854692641));
#6773=CARTESIAN_POINT('Ctrl Pts',(6.02098950075931,-8.06754438565378,103.659753467445));
#6774=CARTESIAN_POINT('Ctrl Pts',(7.57056790984199,-6.90720839151499,103.751551017053));
#6775=CARTESIAN_POINT('Ctrl Pts',(8.77913095689988,-5.29243441818653,103.84334856666));
#6776=CARTESIAN_POINT('Ctrl Pts',(9.44702857225642,-3.47857380598103,103.935146116268));
#6777=CARTESIAN_POINT('Ctrl Pts',(10.1149261876129,-1.66471319377558,104.026943665875));
#6778=CARTESIAN_POINT('Ctrl Pts',(10.2421583712681,0.348234057306882,104.118741215483));
#6779=CARTESIAN_POINT('Ctrl Pts',(9.8150987577095,2.23640366916732,104.21053876509));
#6780=CARTESIAN_POINT('Ctrl Pts',(9.60156895093018,3.18048847509759,104.256437539894));
#6781=CARTESIAN_POINT('Ctrl Pts',(9.2494661948474,4.09337887122235,104.302336314698));
#6782=CARTESIAN_POINT('Ctrl Pts',(8.77374697719497,4.93563345707699,104.348235089501));
#6783=CARTESIAN_POINT('Ctrl Pts',(7.82230854189015,6.62014262878621,104.440032639109));
#6784=CARTESIAN_POINT('Ctrl Pts',(6.37640426030677,8.02210855941493,104.531830188716));
#6785=CARTESIAN_POINT('Ctrl Pts',(4.66291890243813,8.92003461542348,104.623627738324));
#6786=CARTESIAN_POINT('Ctrl Pts',(3.80617622350379,9.36899764342777,104.669526513128));
#6787=CARTESIAN_POINT('Ctrl Pts',(2.88253827549813,9.69195070277701,104.715425287931));
#6788=CARTESIAN_POINT('Ctrl Pts',(1.93262389497587,9.87703769893321,104.761324062735));
#6789=CARTESIAN_POINT('Ctrl Pts',(0.507752324192545,10.1546681931675,104.830172224941));
#6790=CARTESIAN_POINT('Ctrl Pts',(-0.976241219753125,10.1221000452175,104.899020387146));
#6791=CARTESIAN_POINT('Ctrl Pts',(-2.38549435401048,9.77854293886898,104.967868549352));
#6792=CARTESIAN_POINT('Ctrl Pts',(-3.79474748825742,9.43498583252302,105.036716711557));
#6793=CARTESIAN_POINT('Ctrl Pts',(-5.12926021281716,8.78043976778317,105.105564873762));
#6794=CARTESIAN_POINT('Ctrl Pts',(-6.26509245166473,7.87704317206613,105.174413035967));
#6795=CARTESIAN_POINT('Ctrl Pts',(9.40644487067946,7.09259330859788,105.403641973019));
#6796=CARTESIAN_POINT('Ctrl Pts',(9.72324757249624,6.67462090314815,105.38238140834));
#6797=CARTESIAN_POINT('Ctrl Pts',(10.0123030756849,6.23568242273909,105.361120843661));
#6798=CARTESIAN_POINT('Ctrl Pts',(10.2703114246922,5.77899874935271,105.339860278982));
#6799=CARTESIAN_POINT('Ctrl Pts',(10.8273176607637,4.79307850697683,105.293961504178));
#6800=CARTESIAN_POINT('Ctrl Pts',(11.239621943466,3.72445296827175,105.248062729375));
#6801=CARTESIAN_POINT('Ctrl Pts',(11.4897104823337,2.6192920983759,105.202163954571));
#6802=CARTESIAN_POINT('Ctrl Pts',(11.989887560069,0.408970358584168,105.110366404963));
#6803=CARTESIAN_POINT('Ctrl Pts',(11.8412016624659,-1.94749270597067,105.018568855356));
#6804=CARTESIAN_POINT('Ctrl Pts',(11.0595629445872,-4.07096523068457,104.926771305748));
#6805=CARTESIAN_POINT('Ctrl Pts',(10.2779242267085,-6.19443775539848,104.834973756141));
#6806=CARTESIAN_POINT('Ctrl Pts',(8.86333268855436,-8.0849197402713,104.743176206533));
#6807=CARTESIAN_POINT('Ctrl Pts',(7.04947499220407,-9.44345982624556,104.651378656926));
#6808=CARTESIAN_POINT('Ctrl Pts',(6.14254614402886,-10.1227298692327,104.605479882122));
#6809=CARTESIAN_POINT('Ctrl Pts',(5.13580075630457,-10.6690144374953,104.559581107318));
#6810=CARTESIAN_POINT('Ctrl Pts',(4.07251318673543,-11.0585061216194,104.513682332515));
#6811=CARTESIAN_POINT('Ctrl Pts',(1.94593804759723,-11.8374894898676,104.421884782907));
#6812=CARTESIAN_POINT('Ctrl Pts',(-0.406805818920538,-11.9893013215624,
104.3300872333));
#6813=CARTESIAN_POINT('Ctrl Pts',(-2.61544087269997,-11.4888537512977,104.238289683692));
#6814=CARTESIAN_POINT('Ctrl Pts',(-3.71975839958964,-11.2386299661653,104.192390908888));
#6815=CARTESIAN_POINT('Ctrl Pts',(-4.78804872329474,-10.825341330543,104.146492134085));
#6816=CARTESIAN_POINT('Ctrl Pts',(-5.77505963586707,-10.2691687322128,104.100593359281));
#6817=CARTESIAN_POINT('Ctrl Pts',(-7.25557600472561,-9.43490983471759,104.031745197075));
#6818=CARTESIAN_POINT('Ctrl Pts',(-8.55321369853546,-8.27916202112964,103.96289703487));
#6819=CARTESIAN_POINT('Ctrl Pts',(-9.54858723690502,-6.90330582777574,103.894048872664));
#6820=CARTESIAN_POINT('Ctrl Pts',(-10.5439607752746,-5.52744963442181,103.825200710458));
#6821=CARTESIAN_POINT('Ctrl Pts',(-11.2370701582039,-3.93148506130192,103.756352548253));
#6822=CARTESIAN_POINT('Ctrl Pts',(-11.5635201220924,-2.26426705588693,103.687504386047));
#6823=CARTESIAN_POINT('Ctrl Pts',(-11.8816526989097,-0.639526915435213,
103.620410357331));
#6824=CARTESIAN_POINT('Ctrl Pts',(-11.8515715526977,1.05288207968007,103.553316328614));
#6825=CARTESIAN_POINT('Ctrl Pts',(-11.4771963650544,2.66524337935337,103.486222299898));
#6826=CARTESIAN_POINT('Origin',(0.,0.,61.454230324285));
#6827=CARTESIAN_POINT('',(6.79086026897032,-7.42855365261626,67.));
#6828=CARTESIAN_POINT('Origin',(0.,0.,67.));
#6829=CARTESIAN_POINT('Ctrl Pts',(-6.26509245162701,7.87704317209613,68.4672097766637));
#6830=CARTESIAN_POINT('Ctrl Pts',(-5.11244961162766,8.79381026331654,68.3973426444426));
#6831=CARTESIAN_POINT('Ctrl Pts',(-3.75565234967372,9.45381746804886,68.3274755122215));
#6832=CARTESIAN_POINT('Ctrl Pts',(-2.3230292834483,9.79365853135718,68.2576083800004));
#6833=CARTESIAN_POINT('Ctrl Pts',(-0.890406217196821,10.1334995946717,68.1877412477781));
#6834=CARTESIAN_POINT('Ctrl Pts',(0.618042653328907,10.1531745165505,68.1178741155557));
#6835=CARTESIAN_POINT('Ctrl Pts',(2.05952194829635,9.85189897939031,68.0480069833334));
#6836=CARTESIAN_POINT('Ctrl Pts',(3.5010012432638,9.55062344223012,67.978139851111));
#6837=CARTESIAN_POINT('Ctrl Pts',(4.87551096267296,8.92839744603091,67.9082727188886));
#6838=CARTESIAN_POINT('Ctrl Pts',(6.05204564447552,8.04312283387056,67.8384055866662));
#6839=CARTESIAN_POINT('Ctrl Pts',(7.22858032627807,7.15784822171022,67.7685384544439));
#6840=CARTESIAN_POINT('Ctrl Pts',(8.207139970474,6.00952499358875,67.6986713222215));
#6841=CARTESIAN_POINT('Ctrl Pts',(8.89599572963442,4.70791259886565,67.6288041899992));
#6842=CARTESIAN_POINT('Ctrl Pts',(9.58485148879485,3.40630020414254,67.5589370577768));
#6843=CARTESIAN_POINT('Ctrl Pts',(9.98400336291977,1.95139864281777,67.4890699255544));
#6844=CARTESIAN_POINT('Ctrl Pts',(10.054330544753,0.480634666714048,67.4192027933321));
#6845=CARTESIAN_POINT('Ctrl Pts',(10.1246577265862,-0.990129309389667,67.3493356611097));
#6846=CARTESIAN_POINT('Ctrl Pts',(9.8661602161278,-2.47675570027235,67.2794685288873));
#6847=CARTESIAN_POINT('Ctrl Pts',(9.30446476344965,-3.83793619364573,67.209601396665));
#6848=CARTESIAN_POINT('Ctrl Pts',(8.74276931077149,-5.19911668701913,67.1397342644426));
#6849=CARTESIAN_POINT('Ctrl Pts',(7.87787591587362,-6.43485128288323,67.0698671322203));
#6850=CARTESIAN_POINT('Ctrl Pts',(6.79086026897111,-7.42855365261702,66.9999999999979));
#6851=CARTESIAN_POINT('Origin',(0.,0.,61.454230324285));
#6852=CARTESIAN_POINT('Ctrl Pts',(-6.26509245166472,7.87704317206614,71.467209776666));
#6853=CARTESIAN_POINT('Ctrl Pts',(-5.12926021281715,8.78043976778316,71.3983616144609));
#6854=CARTESIAN_POINT('Ctrl Pts',(-3.79523939142106,9.43412021906152,71.3295134522558));
#6855=CARTESIAN_POINT('Ctrl Pts',(-2.38570074831386,9.77821879277129,71.2606652900506));
#6856=CARTESIAN_POINT('Ctrl Pts',(-0.976162105196218,10.1223173664836,71.191817127845));
#6857=CARTESIAN_POINT('Ctrl Pts',(0.508894359633651,10.1568340626228,71.1229689656394));
#6858=CARTESIAN_POINT('Ctrl Pts',(1.93311981598073,9.87811985376661,71.0541208034337));
#6859=CARTESIAN_POINT('Ctrl Pts',(3.35734527232781,9.59940564491044,70.9852726412281));
#6860=CARTESIAN_POINT('Ctrl Pts',(4.7207397201921,9.00746053105891,70.9164244790225));
#6861=CARTESIAN_POINT('Ctrl Pts',(5.89614835790009,8.15734134974284,70.8475763168168));
#6862=CARTESIAN_POINT('Ctrl Pts',(7.07155699560807,7.30722216842677,70.7787281546112));
#6863=CARTESIAN_POINT('Ctrl Pts',(8.05897982315975,6.19892891964615,70.7098799924055));
#6864=CARTESIAN_POINT('Ctrl Pts',(8.77177367989671,4.93424158804695,70.6410318301999));
#6865=CARTESIAN_POINT('Ctrl Pts',(9.24696958438803,4.09111670031414,70.5951330553962));
#6866=CARTESIAN_POINT('Ctrl Pts',(9.60010816851724,3.17848333132863,70.5492342805924));
#6867=CARTESIAN_POINT('Ctrl Pts',(9.81397199693235,2.23519559485898,70.5033355057887));
#6868=CARTESIAN_POINT('Ctrl Pts',(10.2416996537626,0.348620121919679,70.4115379561812));
#6869=CARTESIAN_POINT('Ctrl Pts',(10.1123282877364,-1.66057282095616,70.3197404065737));
#6870=CARTESIAN_POINT('Ctrl Pts',(9.44685285208794,-3.4777686247746,70.2279428569662));
#6871=CARTESIAN_POINT('Ctrl Pts',(9.11411513426371,-4.38636652668382,70.1820440821624));
#6872=CARTESIAN_POINT('Ctrl Pts',(8.64735139903391,-5.24696514382872,70.1361453073587));
#6873=CARTESIAN_POINT('Ctrl Pts',(8.06724525380414,-6.02166476875794,70.0902465325549));
#6874=CARTESIAN_POINT('Ctrl Pts',(6.90703296334463,-7.57106401861637,69.9984489829474));
#6875=CARTESIAN_POINT('Ctrl Pts',(5.29345103288523,-8.77686729961225,69.9066514333399));
#6876=CARTESIAN_POINT('Ctrl Pts',(3.4790364106346,-9.44628998029382,69.8148538837324));
#6877=CARTESIAN_POINT('Ctrl Pts',(2.11822544394659,-9.948356990805,69.7460057215268));
#6878=CARTESIAN_POINT('Ctrl Pts',(0.644446088125995,-10.1487099136394,69.6771575593211));
#6879=CARTESIAN_POINT('Ctrl Pts',(-0.802459070937855,-10.0326203051955,
69.6083093971155));
#6880=CARTESIAN_POINT('Ctrl Pts',(-2.24936423000169,-9.91653069675166,69.5394612349098));
#6881=CARTESIAN_POINT('Ctrl Pts',(-3.66939519230878,-9.4839985570296,69.4706130727042));
#6882=CARTESIAN_POINT('Ctrl Pts',(-4.93383650647252,-8.77286151386565,69.4017649104986));
#6883=CARTESIAN_POINT('Ctrl Pts',(-6.19827782063628,-8.0617244707017,69.332916748293));
#6884=CARTESIAN_POINT('Ctrl Pts',(-7.30712948665669,-7.07198252409586,69.2640685860873));
#6885=CARTESIAN_POINT('Ctrl Pts',(-8.15740662144634,-5.89590802629084,69.1952204238817));
#6886=CARTESIAN_POINT('Ctrl Pts',(-9.00768375623599,-4.71983352848583,69.1263722616761));
#6887=CARTESIAN_POINT('Ctrl Pts',(-9.59938635979489,-3.35742647948163,69.0575240994704));
#6888=CARTESIAN_POINT('Ctrl Pts',(-9.87804452167148,-1.93342898032052,68.9886759372648));
#6889=CARTESIAN_POINT('Ctrl Pts',(-10.1567026835481,-0.509431481159404,
68.9198277750592));
#6890=CARTESIAN_POINT('Ctrl Pts',(-10.1223164037423,0.976156468158633,68.8509796128535));
#6891=CARTESIAN_POINT('Ctrl Pts',(-9.7782506747987,2.38582939165769,68.7821314506479));
#6892=CARTESIAN_POINT('Ctrl Pts',(-9.43418494589146,3.79550231500766,68.7132832884496));
#6893=CARTESIAN_POINT('Ctrl Pts',(-8.78043976791182,5.1292602125547,68.6444351262512));
#6894=CARTESIAN_POINT('Ctrl Pts',(-7.87704317233278,6.26509245132948,68.5755869640529));
#6895=CARTESIAN_POINT('Origin',(0.,0.,61.454230324285));
#6896=CARTESIAN_POINT('Ctrl Pts',(-6.26509248718117,7.87704314381774,74.4672097788188));
#6897=CARTESIAN_POINT('Ctrl Pts',(-5.1292602515535,8.78043974533492,74.398361616562));
#6898=CARTESIAN_POINT('Ctrl Pts',(-3.79577513687019,9.4342074316245,74.3295134543051));
#6899=CARTESIAN_POINT('Ctrl Pts',(-2.38599001909405,9.77819545197143,74.2606652920483));
#6900=CARTESIAN_POINT('Ctrl Pts',(-0.97620490131792,10.1221834723184,74.1918171297914));
#6901=CARTESIAN_POINT('Ctrl Pts',(0.509880219551059,10.1563918267226,74.1229689675345));
#6902=CARTESIAN_POINT('Ctrl Pts',(1.93361455805919,9.87766721930584,74.0541208052777));
#6903=CARTESIAN_POINT('Ctrl Pts',(3.35734889656734,9.59894261188906,73.9852726430208));
#6904=CARTESIAN_POINT('Ctrl Pts',(4.71873245271465,9.00728504265123,73.916424480764));
#6905=CARTESIAN_POINT('Ctrl Pts',(5.89539839416762,8.15731347504818,73.8475763185072));
#6906=CARTESIAN_POINT('Ctrl Pts',(7.07206433562061,7.30734190744512,73.7787281562503));
#6907=CARTESIAN_POINT('Ctrl Pts',(8.06401266237924,6.19905634147683,73.7098799939934));
#6908=CARTESIAN_POINT('Ctrl Pts',(8.77428453260142,4.93437908462323,73.6410318317366));
#6909=CARTESIAN_POINT('Ctrl Pts',(9.72131369289766,3.24814274215178,73.5492342820608));
#6910=CARTESIAN_POINT('Ctrl Pts',(10.1675847082402,1.28387672699533,73.457436732385));
#6911=CARTESIAN_POINT('Ctrl Pts',(10.0459709291356,-0.647995635085593,73.3656391827092));
#6912=CARTESIAN_POINT('Ctrl Pts',(9.98516403958334,-1.61393181612606,73.3197404078713));
#6913=CARTESIAN_POINT('Ctrl Pts',(9.78238595141927,-2.57176958389764,73.2738416330334));
#6914=CARTESIAN_POINT('Ctrl Pts',(9.44643567161259,-3.47918979550842,73.2279428581955));
#6915=CARTESIAN_POINT('Ctrl Pts',(8.77453511199923,-5.29403021872997,73.1361453085197));
#6916=CARTESIAN_POINT('Ctrl Pts',(7.56994578581541,-6.90720041730832,73.0443477588439));
#6917=CARTESIAN_POINT('Ctrl Pts',(6.02099829987027,-8.06610997761741,72.9525502091681));
#6918=CARTESIAN_POINT('Ctrl Pts',(5.24652455689768,-8.64556475777196,72.9066514343302));
#6919=CARTESIAN_POINT('Ctrl Pts',(4.38596127398476,-9.11145437835919,72.8607526594923));
#6920=CARTESIAN_POINT('Ctrl Pts',(3.47746262616702,-9.44509382770135,72.8148538846544));
#6921=CARTESIAN_POINT('Ctrl Pts',(2.11471465444044,-9.94555300171458,72.7460057223975));
#6922=CARTESIAN_POINT('Ctrl Pts',(0.64411211167803,-10.1484492904264,72.6771575601407));
#6923=CARTESIAN_POINT('Ctrl Pts',(-0.80199029432406,-10.0330002599955,72.6083093978838));
#6924=CARTESIAN_POINT('Ctrl Pts',(-2.24809270032615,-9.91755122956454,72.539461235627));
#6925=CARTESIAN_POINT('Ctrl Pts',(-3.66969496956792,-9.48375687999083,72.4706130733701));
#6926=CARTESIAN_POINT('Ctrl Pts',(-4.93449975514846,-8.77232723264223,72.4017649111132));
#6927=CARTESIAN_POINT('Ctrl Pts',(-6.199304540729,-8.06089758529363,72.3329167488564));
#6928=CARTESIAN_POINT('Ctrl Pts',(-7.3073118426483,-7.07183264017014,72.2640685865995));
#6929=CARTESIAN_POINT('Ctrl Pts',(-8.15734375413889,-5.8959561414935,72.1952204243427));
#6930=CARTESIAN_POINT('Ctrl Pts',(-9.00737566562947,-4.72007964281685,72.1263722620858));
#6931=CARTESIAN_POINT('Ctrl Pts',(-9.59943218669134,-3.35739159058706,72.057524099829));
#6932=CARTESIAN_POINT('Ctrl Pts',(-9.87816898213401,-1.93333196255701,71.9886759375721));
#6933=CARTESIAN_POINT('Ctrl Pts',(-10.1569057775767,-0.509272334526959,
71.9198277753153));
#6934=CARTESIAN_POINT('Ctrl Pts',(-10.1223228474002,0.976158869303356,71.8509796130584));
#6935=CARTESIAN_POINT('Ctrl Pts',(-9.77820634511739,2.38579200593305,71.7821314508016));
#6936=CARTESIAN_POINT('Ctrl Pts',(-9.43408984288684,3.79542514234886,71.7132832885552));
#6937=CARTESIAN_POINT('Ctrl Pts',(-8.78043976864399,5.12926021158704,71.6444351263088));
#6938=CARTESIAN_POINT('Ctrl Pts',(-7.87704317245734,6.26509245117287,71.5755869640624));
#6939=CARTESIAN_POINT('Origin',(0.,0.,61.454230324285));
#6940=CARTESIAN_POINT('Ctrl Pts',(-6.26509245165828,7.87704317207126,77.4672097766656));
#6941=CARTESIAN_POINT('Ctrl Pts',(-5.1292602128121,8.78043976778565,77.3983616144606));
#6942=CARTESIAN_POINT('Ctrl Pts',(-3.79470090992981,9.43494237010647,77.3295134522556));
#6943=CARTESIAN_POINT('Ctrl Pts',(-2.38547046725003,9.77854618895595,77.2606652900506));
#6944=CARTESIAN_POINT('Ctrl Pts',(-0.97624002455717,10.1221500078086,77.191817127845));
#6945=CARTESIAN_POINT('Ctrl Pts',(0.507661557934558,10.1548550431842,77.1229689656394));
#6946=CARTESIAN_POINT('Ctrl Pts',(1.93260226287754,9.8771487821409,77.0541208034337));
#6947=CARTESIAN_POINT('Ctrl Pts',(2.88256273283953,9.69201127477871,77.00822202863));
#6948=CARTESIAN_POINT('Ctrl Pts',(3.80631836833542,9.36891319123037,76.9623232538262));
#6949=CARTESIAN_POINT('Ctrl Pts',(4.66302973878684,8.92000589168275,76.9164244790225));
#6950=CARTESIAN_POINT('Ctrl Pts',(6.37645247968969,8.02219129258751,76.824626929415));
#6951=CARTESIAN_POINT('Ctrl Pts',(7.82169816041471,6.62113982949516,76.7328293798075));
#6952=CARTESIAN_POINT('Ctrl Pts',(8.77353336050724,4.93574534570424,76.6410318301999));
#6953=CARTESIAN_POINT('Ctrl Pts',(9.2494509605535,4.09304810380878,76.5951330553962));
#6954=CARTESIAN_POINT('Ctrl Pts',(9.60201594044165,3.17926510673867,76.5492342805925));
#6955=CARTESIAN_POINT('Ctrl Pts',(9.81540140847096,2.23540750311441,76.5033355057887));
#6956=CARTESIAN_POINT('Ctrl Pts',(10.2421723445296,0.347692295865888,76.4115379561812));
#6957=CARTESIAN_POINT('Ctrl Pts',(10.1122252331529,-1.66032133759918,76.3197404065737));
#6958=CARTESIAN_POINT('Ctrl Pts',(9.44609142231812,-3.47723880707879,76.2279428569662));
#6959=CARTESIAN_POINT('Ctrl Pts',(9.11302451690073,-4.38569754181857,76.1820440821624));
#6960=CARTESIAN_POINT('Ctrl Pts',(8.64591093661879,-5.24638223556201,76.1361453073587));
#6961=CARTESIAN_POINT('Ctrl Pts',(8.0659149644381,-6.02092451531451,76.0902465325549));
#6962=CARTESIAN_POINT('Ctrl Pts',(6.90592302007671,-7.57000907481951,75.9984489829474));
#6963=CARTESIAN_POINT('Ctrl Pts',(5.29440150812027,-8.77452397836086,75.9066514333399));
#6964=CARTESIAN_POINT('Ctrl Pts',(3.47968674697792,-9.44639330944187,75.8148538837324));
#6965=CARTESIAN_POINT('Ctrl Pts',(2.57232936640674,-9.78232797498238,75.7689551089286));
#6966=CARTESIAN_POINT('Ctrl Pts',(1.61417367353906,-9.9851012474078,75.7230563341249));
#6967=CARTESIAN_POINT('Ctrl Pts',(0.648109278649486,-10.0459429618559,75.6771575593211));
#6968=CARTESIAN_POINT('Ctrl Pts',(-1.28401951112964,-10.1676263907522,75.5853600097136));
#6969=CARTESIAN_POINT('Ctrl Pts',(-3.24778310899646,-9.72158358773945,75.4935624601061));
#6970=CARTESIAN_POINT('Ctrl Pts',(-4.93398618299757,-8.77448828160759,75.4017649104986));
#6971=CARTESIAN_POINT('Ctrl Pts',(-6.1986384884984,-8.06416680200868,75.332916748293));
#6972=CARTESIAN_POINT('Ctrl Pts',(-7.30716299932477,-7.07200328940531,75.2640685860873));
#6973=CARTESIAN_POINT('Ctrl Pts',(-8.15735083836142,-5.89530770106013,75.1952204238817));
#6974=CARTESIAN_POINT('Ctrl Pts',(-9.00753867739806,-4.71861211271495,75.1263722616761));
#6975=CARTESIAN_POINT('Ctrl Pts',(-9.59938984464497,-3.35738444862799,75.0575240994705));
#6976=CARTESIAN_POINT('Ctrl Pts',(-9.87808371055846,-1.93368290409414,74.9886759372648));
#6977=CARTESIAN_POINT('Ctrl Pts',(-10.156777576472,-0.509981359560268,74.9198277750592));
#6978=CARTESIAN_POINT('Ctrl Pts',(-10.122314141052,0.976194065420498,74.8509796128536));
#6979=CARTESIAN_POINT('Ctrl Pts',(-9.77822968887742,2.38600445851978,74.7821314506479));
#6980=CARTESIAN_POINT('Ctrl Pts',(-9.43414523674221,3.79581485145764,74.7132832884502));
#6981=CARTESIAN_POINT('Ctrl Pts',(-8.78043976792321,5.1292602125315,74.6444351262524));
#6982=CARTESIAN_POINT('Ctrl Pts',(-7.87704317235642,6.26509245129975,74.5755869640547));
#6983=CARTESIAN_POINT('Origin',(0.,0.,61.454230324285));
#6984=CARTESIAN_POINT('Ctrl Pts',(-6.26509245156201,7.87704317214782,80.4672097766598));
#6985=CARTESIAN_POINT('Ctrl Pts',(-5.12926021273667,8.78043976782265,80.3983616144567));
#6986=CARTESIAN_POINT('Ctrl Pts',(-3.79474262315983,9.4350166955305,80.3295134522537));
#6987=CARTESIAN_POINT('Ctrl Pts',(-2.38548976127887,9.77857982796284,80.2606652900506));
#6988=CARTESIAN_POINT('Ctrl Pts',(-0.976236899345049,10.1221429604081,80.191817127845));
#6989=CARTESIAN_POINT('Ctrl Pts',(0.507751234898501,10.1546922975545,80.1229689656394));
#6990=CARTESIAN_POINT('Ctrl Pts',(1.9326428366998,9.87707438618633,80.0541208034337));
#6991=CARTESIAN_POINT('Ctrl Pts',(2.88257057123403,9.69199577860757,80.00822202863));
#6992=CARTESIAN_POINT('Ctrl Pts',(3.80623318023838,9.36906506057788,79.9623232538262));
#6993=CARTESIAN_POINT('Ctrl Pts',(4.66297626926054,8.92010160376452,79.9164244790225));
#6994=CARTESIAN_POINT('Ctrl Pts',(6.37646244730482,8.02217469013781,79.824626929415));
#6995=CARTESIAN_POINT('Ctrl Pts',(7.82227054542043,6.62011682137639,79.7328293798074));
#6996=CARTESIAN_POINT('Ctrl Pts',(8.77368508500852,4.93559069627502,79.6410318301999));
#6997=CARTESIAN_POINT('Ctrl Pts',(9.24939235480257,4.09332763372432,79.5951330553962));
#6998=CARTESIAN_POINT('Ctrl Pts',(9.60150123496472,3.18044750708865,79.5492342805925));
#6999=CARTESIAN_POINT('Ctrl Pts',(9.81503670454731,2.23636889970403,79.5033355057887));
#7000=CARTESIAN_POINT('Ctrl Pts',(10.2421076437125,0.34821168493482,79.4115379561812));
#7001=CARTESIAN_POINT('Ctrl Pts',(10.1148849405594,-1.6647394528301,79.3197404065737));
#7002=CARTESIAN_POINT('Ctrl Pts',(9.44699530441388,-3.47857887823732,79.2279428569662));
#7003=CARTESIAN_POINT('Ctrl Pts',(8.7791056682684,-5.29241830364455,79.1361453073586));
#7004=CARTESIAN_POINT('Ctrl Pts',(7.57054909913054,-6.90714601669409,79.0443477577512));
#7005=CARTESIAN_POINT('Ctrl Pts',(6.02094580408808,-8.06751680644638,78.9525502081437));
#7006=CARTESIAN_POINT('Ctrl Pts',(5.24614415656684,-8.64770220132252,78.9066514333399));
#7007=CARTESIAN_POINT('Ctrl Pts',(4.38608082756946,-9.11429836537435,78.8607526585362));
#7008=CARTESIAN_POINT('Ctrl Pts',(3.47775108694196,-9.44693787079793,78.8148538837324));
#7009=CARTESIAN_POINT('Ctrl Pts',(1.66109160568698,-10.1122168816451,78.7230563341249));
#7010=CARTESIAN_POINT('Ctrl Pts',(-0.348633522088458,-10.2416692579792,
78.6312587845174));
#7011=CARTESIAN_POINT('Ctrl Pts',(-2.23537870667844,-9.81419685848261,78.5394612349099));
#7012=CARTESIAN_POINT('Ctrl Pts',(-3.17875129897342,-9.60046065873431,78.4935624601061));
#7013=CARTESIAN_POINT('Ctrl Pts',(-4.09137890547203,-9.24749326502834,78.4476636853024));
#7014=CARTESIAN_POINT('Ctrl Pts',(-4.93448077604256,-8.77229014637074,78.4017649104986));
#7015=CARTESIAN_POINT('Ctrl Pts',(-6.19913358189838,-8.05948546838432,78.332916748293));
#7016=CARTESIAN_POINT('Ctrl Pts',(-7.30735348191598,-7.07165040925671,78.2640685860873));
#7017=CARTESIAN_POINT('Ctrl Pts',(-8.15730810849491,-5.89601353176305,78.1952204238817));
#7018=CARTESIAN_POINT('Ctrl Pts',(-9.00726273507382,-4.72037665426941,78.1263722616761));
#7019=CARTESIAN_POINT('Ctrl Pts',(-9.59895208821409,-3.35693795840971,78.0575240994705));
#7020=CARTESIAN_POINT('Ctrl Pts',(-9.87768250477569,-1.93277506171222,77.9886759372648));
#7021=CARTESIAN_POINT('Ctrl Pts',(-10.1564129213373,-0.508612165014706,
77.9198277750592));
#7022=CARTESIAN_POINT('Ctrl Pts',(-10.1221844013202,0.976274932520608,77.8509796128536));
#7023=CARTESIAN_POINT('Ctrl Pts',(-9.77819111292927,2.38574302698351,77.7821314506479));
#7024=CARTESIAN_POINT('Ctrl Pts',(-9.43419782455337,3.79521112138477,77.7132832884453));
#7025=CARTESIAN_POINT('Ctrl Pts',(-8.78043976783066,5.12926021272022,77.6444351262427));
#7026=CARTESIAN_POINT('Ctrl Pts',(-7.87704317216459,6.26509245154092,77.5755869640401));
#7027=CARTESIAN_POINT('Origin',(0.,0.,61.454230324285));
#7028=CARTESIAN_POINT('Ctrl Pts',(-6.26509245132542,7.877043172336,83.4672097766454));
#7029=CARTESIAN_POINT('Ctrl Pts',(-5.12926021255138,8.78043976791353,83.3983616144472));
#7030=CARTESIAN_POINT('Ctrl Pts',(-3.79474317499975,9.43501283330465,83.3295134522489));
#7031=CARTESIAN_POINT('Ctrl Pts',(-2.38549018710594,9.77857531639706,83.2606652900506));
#7032=CARTESIAN_POINT('Ctrl Pts',(-0.976237199061359,10.1221377995262,83.191817127845));
#7033=CARTESIAN_POINT('Ctrl Pts',(0.507751739341367,10.1546897002902,83.1229689656394));
#7034=CARTESIAN_POINT('Ctrl Pts',(1.93264071063299,9.87707017644549,83.0541208034338));
#7035=CARTESIAN_POINT('Ctrl Pts',(2.88256669149408,9.69199049388239,83.00822202863));
#7036=CARTESIAN_POINT('Ctrl Pts',(3.80622602030582,9.36905684482655,82.9623232538263));
#7037=CARTESIAN_POINT('Ctrl Pts',(4.66296896423284,8.92009334711076,82.9164244790225));
#7038=CARTESIAN_POINT('Ctrl Pts',(6.37645485208684,8.02216635167919,82.824626929415));
#7039=CARTESIAN_POINT('Ctrl Pts',(7.82227520040218,6.62011996160776,82.7328293798075));
#7040=CARTESIAN_POINT('Ctrl Pts',(8.77369278694831,4.93559618228405,82.6410318302));
#7041=CARTESIAN_POINT('Ctrl Pts',(9.24940158022138,4.09333429262219,82.5951330553962));
#7042=CARTESIAN_POINT('Ctrl Pts',(9.60150968305214,3.18045305564726,82.5492342805925));
#7043=CARTESIAN_POINT('Ctrl Pts',(9.81504425808687,2.23637343182631,82.5033355057887));
#7044=CARTESIAN_POINT('Ctrl Pts',(10.2421134081563,0.348214184184432,82.4115379561812));
#7045=CARTESIAN_POINT('Ctrl Pts',(10.1148884470417,-1.66473861084158,82.3197404065737));
#7046=CARTESIAN_POINT('Ctrl Pts',(9.44699789704298,-3.47858041398225,82.2279428569662));
#7047=CARTESIAN_POINT('Ctrl Pts',(8.77910734704431,-5.29242221712292,82.1361453073587));
#7048=CARTESIAN_POINT('Ctrl Pts',(7.57055120816164,-6.9071530283783,82.0443477577512));
#7049=CARTESIAN_POINT('Ctrl Pts',(6.02094775990096,-8.06752678429237,81.9525502081437));
#7050=CARTESIAN_POINT('Ctrl Pts',(5.24614603577061,-8.64771366224941,81.9066514333399));
#7051=CARTESIAN_POINT('Ctrl Pts',(4.38608248429576,-9.11431127637111,81.8607526585362));
#7052=CARTESIAN_POINT('Ctrl Pts',(3.47775212578512,-9.44694919853817,81.8148538837324));
#7053=CARTESIAN_POINT('Ctrl Pts',(1.66109140876383,-10.1122250428723,81.7230563341249));
#7054=CARTESIAN_POINT('Ctrl Pts',(-0.348636536400597,-10.2416621193878,
81.6312587845174));
#7055=CARTESIAN_POINT('Ctrl Pts',(-2.23538169905485,-9.8141898397079,81.5394612349099));
#7056=CARTESIAN_POINT('Ctrl Pts',(-3.17875428038198,-9.60045369986793,81.4935624601061));
#7057=CARTESIAN_POINT('Ctrl Pts',(-4.09138116608155,-9.2474902209791,81.4476636853024));
#7058=CARTESIAN_POINT('Ctrl Pts',(-4.93448215740082,-8.7722877789235,81.4017649104986));
#7059=CARTESIAN_POINT('Ctrl Pts',(-6.19913364437973,-8.0594841158401,81.332916748293));
#7060=CARTESIAN_POINT('Ctrl Pts',(-7.30735186900294,-7.07164278563148,81.2640685860873));
#7061=CARTESIAN_POINT('Ctrl Pts',(-8.15730564781832,-5.89600458476031,81.1952204238817));
#7062=CARTESIAN_POINT('Ctrl Pts',(-9.00725942663368,-4.72036638388915,81.1263722616761));
#7063=CARTESIAN_POINT('Ctrl Pts',(-9.5989487596412,-3.35693131235543,81.0575240994705));
#7064=CARTESIAN_POINT('Ctrl Pts',(-9.8776789945174,-1.93277046723612,80.9886759372648));
#7065=CARTESIAN_POINT('Ctrl Pts',(-10.1564092293936,-0.508609622116777,
80.9198277750592));
#7066=CARTESIAN_POINT('Ctrl Pts',(-10.1221803661385,0.976276996588165,80.8509796128536));
#7067=CARTESIAN_POINT('Ctrl Pts',(-9.77818800073348,2.38574445532658,80.7821314506479));
#7068=CARTESIAN_POINT('Ctrl Pts',(-9.43419563533203,3.79521191405032,80.713283288443));
#7069=CARTESIAN_POINT('Ctrl Pts',(-8.78043976778712,5.12926021280908,80.6444351262381));
#7070=CARTESIAN_POINT('Ctrl Pts',(-7.87704317207431,6.26509245165443,80.5755869640332));
#7071=CARTESIAN_POINT('Origin',(0.,0.,61.454230324285));
#7072=CARTESIAN_POINT('Ctrl Pts',(-6.26509245117257,7.87704317245757,86.4672097766362));
#7073=CARTESIAN_POINT('Ctrl Pts',(-5.12926021243164,8.78043976797226,86.398361614441));
#7074=CARTESIAN_POINT('Ctrl Pts',(-3.79474372100293,9.4350090931048,86.3295134522458));
#7075=CARTESIAN_POINT('Ctrl Pts',(-2.38549064045872,9.77857090963911,86.2606652900507));
#7076=CARTESIAN_POINT('Ctrl Pts',(-0.976237559700538,10.1221327262256,86.191817127845));
#7077=CARTESIAN_POINT('Ctrl Pts',(0.507752110195817,10.1546870341194,86.1229689656394));
#7078=CARTESIAN_POINT('Ctrl Pts',(1.93263856547744,9.87706596482662,86.0541208034338));
#7079=CARTESIAN_POINT('Ctrl Pts',(2.88256286899851,9.69198525196476,86.00822202863));
#7080=CARTESIAN_POINT('Ctrl Pts',(3.80621907713524,9.36904881590885,85.9623232538262));
#7081=CARTESIAN_POINT('Ctrl Pts',(4.66296190248906,8.92008529639174,85.9164244790225));
#7082=CARTESIAN_POINT('Ctrl Pts',(6.37644755319669,8.02215825735752,85.824626929415));
#7083=CARTESIAN_POINT('Ctrl Pts',(7.82227967277274,6.62012288447849,85.7328293798075));
#7084=CARTESIAN_POINT('Ctrl Pts',(8.7737002331466,4.93560139225421,85.6410318301999));
#7085=CARTESIAN_POINT('Ctrl Pts',(9.24941051333354,4.09334064614207,85.5951330553962));
#7086=CARTESIAN_POINT('Ctrl Pts',(9.60151790371994,3.18045837019359,85.5492342805924));
#7087=CARTESIAN_POINT('Ctrl Pts',(9.81505163960744,2.23637778016004,85.5033355057887));
#7088=CARTESIAN_POINT('Ctrl Pts',(10.2421191113825,0.348216600092895,85.4115379561812));
#7089=CARTESIAN_POINT('Ctrl Pts',(10.1148919651619,-1.66473783631463,85.3197404065737));
#7090=CARTESIAN_POINT('Ctrl Pts',(9.44700051670063,-3.47858197349755,85.2279428569662));
#7091=CARTESIAN_POINT('Ctrl Pts',(8.77910906823934,-5.29242611068043,85.1361453073587));
#7092=CARTESIAN_POINT('Ctrl Pts',(7.57055331753731,-6.90715994863869,85.0443477577512));
#7093=CARTESIAN_POINT('Ctrl Pts',(6.02094969898448,-8.06753651541377,84.9525502081437));
#7094=CARTESIAN_POINT('Ctrl Pts',(5.24614788970806,-8.64772479880131,84.9066514333399));
#7095=CARTESIAN_POINT('Ctrl Pts',(4.38608411346892,-9.11432376439306,84.8607526585361));
#7096=CARTESIAN_POINT('Ctrl Pts',(3.47775315049399,-9.44696013861039,84.8148538837324));
#7097=CARTESIAN_POINT('Ctrl Pts',(1.66109122454411,-10.1122328870451,84.7230563341249));
#7098=CARTESIAN_POINT('Ctrl Pts',(-0.348639448349014,-10.2416552699821,
84.6312587845174));
#7099=CARTESIAN_POINT('Ctrl Pts',(-2.23538458934401,-9.81418302889566,84.5394612349099));
#7100=CARTESIAN_POINT('Ctrl Pts',(-3.1787571598415,-9.60044690835246,84.4935624601061));
#7101=CARTESIAN_POINT('Ctrl Pts',(-4.09138334736448,-9.24748713180341,84.4476636853024));
#7102=CARTESIAN_POINT('Ctrl Pts',(-4.93448348787454,-8.77228531732327,84.4017649104986));
#7103=CARTESIAN_POINT('Ctrl Pts',(-6.19913369863962,-8.05948259560306,84.3329167482929));
#7104=CARTESIAN_POINT('Ctrl Pts',(-7.30735030362571,-7.07163528853787,84.2640685860873));
#7105=CARTESIAN_POINT('Ctrl Pts',(-8.15730325574837,-5.89599583314229,84.1952204238817));
#7106=CARTESIAN_POINT('Ctrl Pts',(-9.00725620787106,-4.72035637774669,84.1263722616761));
#7107=CARTESIAN_POINT('Ctrl Pts',(-9.59894550713029,-3.35692477402074,84.0575240994704));
#7108=CARTESIAN_POINT('Ctrl Pts',(-9.87767556346069,-1.93276590659327,83.9886759372648));
#7109=CARTESIAN_POINT('Ctrl Pts',(-10.1564056197911,-0.508607039165807,
83.9198277750592));
#7110=CARTESIAN_POINT('Ctrl Pts',(-10.1221764331926,0.976279091963132,83.8509796128536));
#7111=CARTESIAN_POINT('Ctrl Pts',(-9.7781849701882,2.38574590496381,83.7821314506479));
#7112=CARTESIAN_POINT('Ctrl Pts',(-9.43419350718629,3.79521271795426,83.7132832884428));
#7113=CARTESIAN_POINT('Ctrl Pts',(-8.78043976778295,5.12926021281757,83.6444351262377));
#7114=CARTESIAN_POINT('Ctrl Pts',(-7.87704317206572,6.26509245166524,83.5755869640325));
#7115=CARTESIAN_POINT('Origin',(0.,0.,61.454230324285));
#7116=CARTESIAN_POINT('Ctrl Pts',(-6.26509245130124,7.87704317235523,89.467209776644));
#7117=CARTESIAN_POINT('Ctrl Pts',(-5.12926021253244,8.78043976792282,89.3983616144462));
#7118=CARTESIAN_POINT('Ctrl Pts',(-3.79474426207054,9.43500546732621,89.3295134522484));
#7119=CARTESIAN_POINT('Ctrl Pts',(-2.38549111877924,9.77856660254852,89.2606652900506));
#7120=CARTESIAN_POINT('Ctrl Pts',(-0.976237975327183,10.12212773781,89.191817127845));
#7121=CARTESIAN_POINT('Ctrl Pts',(0.507752360971293,10.1546843088195,89.1229689656394));
#7122=CARTESIAN_POINT('Ctrl Pts',(1.93263640726414,9.87706175642094,89.0541208034337));
#7123=CARTESIAN_POINT('Ctrl Pts',(2.88255910479268,9.6919800548219,89.00822202863));
#7124=CARTESIAN_POINT('Ctrl Pts',(3.80621234009646,9.36904096504151,88.9623232538262));
#7125=CARTESIAN_POINT('Ctrl Pts',(4.66295507077807,8.92007744056342,88.9164244790225));
#7126=CARTESIAN_POINT('Ctrl Pts',(6.37644053214133,8.02215039160723,88.824626929415));
#7127=CARTESIAN_POINT('Ctrl Pts',(7.82228397501586,6.62012560386017,88.7328293798075));
#7128=CARTESIAN_POINT('Ctrl Pts',(8.77370743897773,4.93560634197752,88.6410318301999));
#7129=CARTESIAN_POINT('Ctrl Pts',(9.24941917095867,4.09334671103619,88.5951330553962));
#7130=CARTESIAN_POINT('Ctrl Pts',(9.60152590821145,3.18046346156096,88.5492342805925));
#7131=CARTESIAN_POINT('Ctrl Pts',(9.81505885619002,2.2363819518866,88.5033355057887));
#7132=CARTESIAN_POINT('Ctrl Pts',(10.2421247521472,0.348218932537886,88.4115379561812));
#7133=CARTESIAN_POINT('Ctrl Pts',(10.1148954910075,-1.66473712760731,88.3197404065737));
#7134=CARTESIAN_POINT('Ctrl Pts',(9.44700315967367,-3.47858355472203,88.2279428569662));
#7135=CARTESIAN_POINT('Ctrl Pts',(8.77911082833984,-5.2924299818367,88.1361453073586));
#7136=CARTESIAN_POINT('Ctrl Pts',(7.57055542681188,-6.90716677592087,88.0443477577512));
#7137=CARTESIAN_POINT('Ctrl Pts',(6.02095162254942,-8.06754600919375,87.9525502081436));
#7138=CARTESIAN_POINT('Ctrl Pts',(5.24614972041815,-8.64773562583022,87.9066514333399));
#7139=CARTESIAN_POINT('Ctrl Pts',(4.38608571760325,-9.11433585226386,87.8607526585361));
#7140=CARTESIAN_POINT('Ctrl Pts',(3.47775416305394,-9.4469707124659,87.8148538837324));
#7141=CARTESIAN_POINT('Ctrl Pts',(1.66109105395536,-10.11224043287,87.7230563341249));
#7142=CARTESIAN_POINT('Ctrl Pts',(-0.348642262080844,-10.2416486883477,
87.6312587845174));
#7143=CARTESIAN_POINT('Ctrl Pts',(-2.23538738192409,-9.81417641325102,87.5394612349099));
#7144=CARTESIAN_POINT('Ctrl Pts',(-3.17875994184572,-9.60044027570268,87.4935624601061));
#7145=CARTESIAN_POINT('Ctrl Pts',(-4.09138545271917,-9.24748400551071,87.4476636853024));
#7146=CARTESIAN_POINT('Ctrl Pts',(-4.93448476946735,-8.77228277355121,87.4017649104986));
#7147=CARTESIAN_POINT('Ctrl Pts',(-6.1991337445896,-8.05948092561198,87.332916748293));
#7148=CARTESIAN_POINT('Ctrl Pts',(-7.30734878293013,-7.07162791369579,87.2640685860874));
#7149=CARTESIAN_POINT('Ctrl Pts',(-8.15730092880966,-5.89598726721085,87.1952204238818));
#7150=CARTESIAN_POINT('Ctrl Pts',(-9.00725307468919,-4.72034662072591,87.1263722616761));
#7151=CARTESIAN_POINT('Ctrl Pts',(-9.59894232810771,-3.35691833967222,87.0575240994705));
#7152=CARTESIAN_POINT('Ctrl Pts',(-9.8776722090526,-1.93276138078656,86.9886759372648));
#7153=CARTESIAN_POINT('Ctrl Pts',(-10.1564020899975,-0.508604421900872,
86.9198277750592));
#7154=CARTESIAN_POINT('Ctrl Pts',(-10.1221725984688,0.976281214816837,86.8509796128536));
#7155=CARTESIAN_POINT('Ctrl Pts',(-9.77818201791276,2.38574737350126,86.782131450648));
#7156=CARTESIAN_POINT('Ctrl Pts',(-9.43419143735926,3.79521353217545,86.7132832884428));
#7157=CARTESIAN_POINT('Ctrl Pts',(-8.78043976778302,5.12926021281745,86.6444351262377));
#7158=CARTESIAN_POINT('Ctrl Pts',(-7.87704317206581,6.26509245166513,86.5755869640326));
#7159=CARTESIAN_POINT('Origin',(0.,0.,61.454230324285));
#7160=CARTESIAN_POINT('Ctrl Pts',(-6.26509245154319,7.87704317216279,92.4672097766586));
#7161=CARTESIAN_POINT('Ctrl Pts',(-5.12926021272197,8.78043976782985,92.398361614456));
#7162=CARTESIAN_POINT('Ctrl Pts',(-3.79474479876444,9.43500194910433,92.3295134522533));
#7163=CARTESIAN_POINT('Ctrl Pts',(-2.38549161968215,9.77856239039799,92.2606652900507));
#7164=CARTESIAN_POINT('Ctrl Pts',(-0.97623844053918,10.1221228317065,92.191817127845));
#7165=CARTESIAN_POINT('Ctrl Pts',(0.507752503735015,10.1546815330073,92.1229689656394));
#7166=CARTESIAN_POINT('Ctrl Pts',(1.93263424123441,9.87705755559531,92.0541208034338));
#7167=CARTESIAN_POINT('Ctrl Pts',(2.88255539956736,9.69197490398729,92.00822202863));
#7168=CARTESIAN_POINT('Ctrl Pts',(3.80620579933371,9.36903328406245,91.9623232538263));
#7169=CARTESIAN_POINT('Ctrl Pts',(4.66294845691317,8.92006976947206,91.9164244790225));
#7170=CARTESIAN_POINT('Ctrl Pts',(6.37643377207204,8.02214274029131,91.824626929415));
#7171=CARTESIAN_POINT('Ctrl Pts',(7.82228811848321,6.62012813244844,91.7328293798075));
#7172=CARTESIAN_POINT('Ctrl Pts',(8.77371441852841,4.93561104601217,91.6410318302));
#7173=CARTESIAN_POINT('Ctrl Pts',(9.24942756855102,4.09335250279402,91.5951330553963));
#7174=CARTESIAN_POINT('Ctrl Pts',(9.60153370698214,3.18046833992747,91.5492342805925));
#7175=CARTESIAN_POINT('Ctrl Pts',(9.81506591452042,2.23638595388488,91.5033355057888));
#7176=CARTESIAN_POINT('Ctrl Pts',(10.242130329597,0.348221181799744,91.4115379561812));
#7177=CARTESIAN_POINT('Ctrl Pts',(10.1148990211023,-1.66473648298966,91.3197404065737));
#7178=CARTESIAN_POINT('Ctrl Pts',(9.44700582259346,-3.47858515574979,91.2279428569662));
#7179=CARTESIAN_POINT('Ctrl Pts',(8.77911262408462,-5.29243382850997,91.1361453073587));
#7180=CARTESIAN_POINT('Ctrl Pts',(7.57055753556164,-6.9071735092408,91.0443477577512));
#7181=CARTESIAN_POINT('Ctrl Pts',(6.02095353167687,-8.06755527456542,90.9525502081437));
#7182=CARTESIAN_POINT('Ctrl Pts',(5.24615152973451,-8.64774615722772,90.9066514333399));
#7183=CARTESIAN_POINT('Ctrl Pts',(4.38608729895167,-9.11434756103849,90.8607526585362));
#7184=CARTESIAN_POINT('Ctrl Pts',(3.4777551652193,-9.44698093986038,90.8148538837325));
#7185=CARTESIAN_POINT('Ctrl Pts',(1.66109089775455,-10.1122476975042,90.7230563341249));
#7186=CARTESIAN_POINT('Ctrl Pts',(-0.348644981508461,-10.2416423551925,
90.6312587845174));
#7187=CARTESIAN_POINT('Ctrl Pts',(-2.23539008090364,-9.81416998111903,90.5394612349099));
#7188=CARTESIAN_POINT('Ctrl Pts',(-3.17876263060125,-9.6004337940823,90.4935624601062));
#7189=CARTESIAN_POINT('Ctrl Pts',(-4.09138748533186,-9.24748084910512,90.4476636853024));
#7190=CARTESIAN_POINT('Ctrl Pts',(-4.93448600406667,-8.77228015819049,90.4017649104986));
#7191=CARTESIAN_POINT('Ctrl Pts',(-6.19913378216886,-8.05947912181856,90.332916748293));
#7192=CARTESIAN_POINT('Ctrl Pts',(-7.30734730428044,-7.07162065708739,90.2640685860874));
#7193=CARTESIAN_POINT('Ctrl Pts',(-8.15729866375943,-5.89597887808745,90.1952204238817));
#7194=CARTESIAN_POINT('Ctrl Pts',(-9.00725002323842,-4.72033709908749,90.1263722616761));
#7195=CARTESIAN_POINT('Ctrl Pts',(-9.59893922008482,-3.35691200581878,90.0575240994705));
#7196=CARTESIAN_POINT('Ctrl Pts',(-9.87766892881582,-1.93275689063172,89.9886759372648));
#7197=CARTESIAN_POINT('Ctrl Pts',(-10.1563986375468,-0.508601775444664,
89.9198277750592));
#7198=CARTESIAN_POINT('Ctrl Pts',(-10.1221688581624,0.976283361660737,89.8509796128535));
#7199=CARTESIAN_POINT('Ctrl Pts',(-9.77817914071911,2.3857488587311,89.7821314506479));
#7200=CARTESIAN_POINT('Ctrl Pts',(-9.43418942328111,3.79521435577965,89.7132832884434));
#7201=CARTESIAN_POINT('Ctrl Pts',(-8.78043976779376,5.12926021279553,89.6444351262388));
#7202=CARTESIAN_POINT('Ctrl Pts',(-7.87704317208806,6.26509245163714,89.5755869640342));
#7203=CARTESIAN_POINT('Origin',(0.,0.,61.454230324285));
#7204=CARTESIAN_POINT('Ctrl Pts',(-6.26509245165496,7.87704317207389,95.4672097766654));
#7205=CARTESIAN_POINT('Ctrl Pts',(-5.12926021280953,8.78043976778689,95.3983616144605));
#7206=CARTESIAN_POINT('Ctrl Pts',(-3.79474544860626,9.43499827417101,95.3295134522556));
#7207=CARTESIAN_POINT('Ctrl Pts',(-2.38549217894129,9.77855818094305,95.2606652900507));
#7208=CARTESIAN_POINT('Ctrl Pts',(-0.976238909261849,10.1221180877186,95.191817127845));
#7209=CARTESIAN_POINT('Ctrl Pts',(0.507752865880852,10.1546793948757,95.1229689656394));
#7210=CARTESIAN_POINT('Ctrl Pts',(1.93263226460056,9.87705377124859,95.0541208034337));
#7211=CARTESIAN_POINT('Ctrl Pts',(2.88255186374713,9.6919700221638,95.00822202863));
#7212=CARTESIAN_POINT('Ctrl Pts',(3.8061992955946,9.36902541495265,94.9623232538262));
#7213=CARTESIAN_POINT('Ctrl Pts',(4.66294201648777,8.92006217381318,94.9164244790225));
#7214=CARTESIAN_POINT('Ctrl Pts',(6.37642745827395,8.0221356915343,94.824626929415));
#7215=CARTESIAN_POINT('Ctrl Pts',(7.82229405624293,6.62013467354225,94.7328293798075));
#7216=CARTESIAN_POINT('Ctrl Pts',(8.77372214344314,4.93561746725471,94.6410318302));
#7217=CARTESIAN_POINT('Ctrl Pts',(9.24943618704321,4.09335886411099,94.5951330553962));
#7218=CARTESIAN_POINT('Ctrl Pts',(9.60154060295109,3.18047121389341,94.5492342805925));
#7219=CARTESIAN_POINT('Ctrl Pts',(9.81507267698458,2.2363891733689,94.5033355057887));
#7220=CARTESIAN_POINT('Ctrl Pts',(10.2421368250516,0.348225092319699,94.4115379561812));
#7221=CARTESIAN_POINT('Ctrl Pts',(10.1149116056209,-1.66471654995729,94.3197404065737));
#7222=CARTESIAN_POINT('Ctrl Pts',(9.44701667259615,-3.47856990479041,94.2279428569662));
#7223=CARTESIAN_POINT('Ctrl Pts',(8.7791217395714,-5.29242325962344,94.1361453073587));
#7224=CARTESIAN_POINT('Ctrl Pts',(7.5705570929526,-6.90718832701263,94.0443477577512));
#7225=CARTESIAN_POINT('Ctrl Pts',(6.02097862635401,-8.0675177606311,93.9525502081437));
#7226=CARTESIAN_POINT('Ctrl Pts',(5.24618939305463,-8.64768247744039,93.9066514333399));
#7227=CARTESIAN_POINT('Ctrl Pts',(4.38614670476029,-9.11423828580697,93.8607526585362));
#7228=CARTESIAN_POINT('Ctrl Pts',(3.47781949894002,-9.44686115116347,93.8148538837324));
#7229=CARTESIAN_POINT('Ctrl Pts',(1.66116508729961,-10.1121068818764,93.7230563341249));
#7230=CARTESIAN_POINT('Ctrl Pts',(-0.348627394444503,-10.2416208405491,
93.6312587845174));
#7231=CARTESIAN_POINT('Ctrl Pts',(-2.23526345462646,-9.81391889646143,93.5394612349099));
#7232=CARTESIAN_POINT('Ctrl Pts',(-3.17858148471745,-9.60006792441761,93.4935624601061));
#7233=CARTESIAN_POINT('Ctrl Pts',(-4.09111040941792,-9.2469129766837,93.4476636853024));
#7234=CARTESIAN_POINT('Ctrl Pts',(-4.9341940384966,-8.77171494885381,93.4017649104986));
#7235=CARTESIAN_POINT('Ctrl Pts',(-6.19881948211454,-8.05891790710901,93.332916748293));
#7236=CARTESIAN_POINT('Ctrl Pts',(-7.30719301058347,-7.07152393514829,93.2640685860874));
#7237=CARTESIAN_POINT('Ctrl Pts',(-8.15733996011196,-5.89613034697721,93.1952204238818));
#7238=CARTESIAN_POINT('Ctrl Pts',(-9.00748690964049,-4.72073675880607,93.1263722616761));
#7239=CARTESIAN_POINT('Ctrl Pts',(-9.59940728022853,-3.35734355442453,93.0575240994705));
#7240=CARTESIAN_POINT('Ctrl Pts',(-9.87811417333022,-1.9331218201187,92.9886759372649));
#7241=CARTESIAN_POINT('Ctrl Pts',(-10.1568210664319,-0.508900085812889,
92.9198277750592));
#7242=CARTESIAN_POINT('Ctrl Pts',(-10.1223144820473,0.976150178417206,92.8509796128536));
#7243=CARTESIAN_POINT('Ctrl Pts',(-9.77821915738267,2.38569025307965,92.7821314506479));
#7244=CARTESIAN_POINT('Ctrl Pts',(-9.43412383273982,3.79523032765299,92.7132832884467));
#7245=CARTESIAN_POINT('Ctrl Pts',(-8.78043976785615,5.1292602126682,92.6444351262454));
#7246=CARTESIAN_POINT('Ctrl Pts',(-7.87704317221743,6.2650924514745,92.5755869640441));
#7247=CARTESIAN_POINT('Origin',(0.,0.,61.454230324285));
#7248=CARTESIAN_POINT('Ctrl Pts',(-6.2650924516652,7.87704317206575,98.4672097766661));
#7249=CARTESIAN_POINT('Ctrl Pts',(-5.12926021281756,8.78043976778295,98.3983616144609));
#7250=CARTESIAN_POINT('Ctrl Pts',(-3.7947459767436,9.4349949547978,98.3295134522558));
#7251=CARTESIAN_POINT('Ctrl Pts',(-2.38549271533453,9.77855415216059,98.2606652900507));
#7252=CARTESIAN_POINT('Ctrl Pts',(-0.976239453915247,10.1221133495259,98.191817127845));
#7253=CARTESIAN_POINT('Ctrl Pts',(0.507752832840193,10.1546765572346,98.1229689656394));
#7254=CARTESIAN_POINT('Ctrl Pts',(1.93263010690273,9.8770496174358,98.0541208034338));
#7255=CARTESIAN_POINT('Ctrl Pts',(2.88254828961119,9.69196499090327,98.00822202863));
#7256=CARTESIAN_POINT('Ctrl Pts',(3.80619313334504,9.36901807658961,97.9623232538263));
#7257=CARTESIAN_POINT('Ctrl Pts',(4.66293582140972,8.92005487604435,97.9164244790225));
#7258=CARTESIAN_POINT('Ctrl Pts',(6.37642119753897,8.02212847495391,97.824626929415));
#7259=CARTESIAN_POINT('Ctrl Pts',(7.82229795099166,6.62013692893711,97.7328293798075));
#7260=CARTESIAN_POINT('Ctrl Pts',(8.77372877771335,4.93562185319983,97.6410318302));
#7261=CARTESIAN_POINT('Ctrl Pts',(9.24944419107418,4.0933643153312,97.5951330553962));
#7262=CARTESIAN_POINT('Ctrl Pts',(9.60154812275226,3.18047589503244,97.5492342805925));
#7263=CARTESIAN_POINT('Ctrl Pts',(9.81507956157785,2.23639309521092,97.5033355057887));
#7264=CARTESIAN_POINT('Ctrl Pts',(10.242142439229,0.348227495567831,97.4115379561812));
#7265=CARTESIAN_POINT('Ctrl Pts',(10.1149153454702,-1.66471562216638,97.3197404065737));
#7266=CARTESIAN_POINT('Ctrl Pts',(9.44701970111661,-3.47857090199712,97.2279428569662));
#7267=CARTESIAN_POINT('Ctrl Pts',(8.77912405676301,-5.29242618182789,97.1361453073587));
#7268=CARTESIAN_POINT('Ctrl Pts',(7.57055986181464,-6.90719362375521,97.0443477577512));
#7269=CARTESIAN_POINT('Ctrl Pts',(6.02098142860118,-8.06752488163461,96.9525502081437));
#7270=CARTESIAN_POINT('Ctrl Pts',(5.24619221199449,-8.64769051057428,96.9066514333399));
#7271=CARTESIAN_POINT('Ctrl Pts',(4.38614943582153,-9.11424709350199,96.8607526585362));
#7272=CARTESIAN_POINT('Ctrl Pts',(3.47782191192926,-9.44686815495007,96.8148538837324));
#7273=CARTESIAN_POINT('Ctrl Pts',(1.66116686414463,-10.1121102778463,96.7230563341249));
#7274=CARTESIAN_POINT('Ctrl Pts',(-0.348627174517148,-10.2416103148239,
96.6312587845174));
#7275=CARTESIAN_POINT('Ctrl Pts',(-2.2352630093231,-9.81390794938295,96.5394612349099));
#7276=CARTESIAN_POINT('Ctrl Pts',(-3.17858092672603,-9.60005676666246,96.4935624601061));
#7277=CARTESIAN_POINT('Ctrl Pts',(-4.09110929316499,-9.24690498333731,96.4476636853024));
#7278=CARTESIAN_POINT('Ctrl Pts',(-4.93419253667969,-8.77170871820573,96.4017649104986));
#7279=CARTESIAN_POINT('Ctrl Pts',(-6.19881740195174,-8.05891432050837,96.332916748293));
#7280=CARTESIAN_POINT('Ctrl Pts',(-7.30719074064429,-7.07151983874649,96.2640685860874));
#7281=CARTESIAN_POINT('Ctrl Pts',(-8.1573383046455,-5.89612705319434,96.1952204238818));
#7282=CARTESIAN_POINT('Ctrl Pts',(-9.00748586864678,-4.7207342676421,96.1263722616761));
#7283=CARTESIAN_POINT('Ctrl Pts',(-9.59940765795673,-3.35734317829957,96.0575240994704));
#7284=CARTESIAN_POINT('Ctrl Pts',(-9.87811470485129,-1.93312245087047,95.9886759372648));
#7285=CARTESIAN_POINT('Ctrl Pts',(-10.1568217517458,-0.508901723441481,
95.9198277750592));
#7286=CARTESIAN_POINT('Ctrl Pts',(-10.122314056225,0.976148642074034,95.8509796128536));
#7287=CARTESIAN_POINT('Ctrl Pts',(-9.77821856023196,2.38568912614354,95.782131450648));
#7288=CARTESIAN_POINT('Ctrl Pts',(-9.43412306428493,3.79522961002458,95.7132832884515));
#7289=CARTESIAN_POINT('Ctrl Pts',(-8.78043976794847,5.12926021247984,95.6444351262551));
#7290=CARTESIAN_POINT('Ctrl Pts',(-7.87704317240871,6.265092451234,95.5755869640587));
#7291=CARTESIAN_POINT('Origin',(0.,0.,61.454230324285));
#7292=CARTESIAN_POINT('Ctrl Pts',(-6.26509245166515,7.87704317206579,101.467209776666));
#7293=CARTESIAN_POINT('Ctrl Pts',(-5.12926021281746,8.78043976778302,101.398361614461));
#7294=CARTESIAN_POINT('Ctrl Pts',(-3.79474638629571,9.43499197994276,101.329513452256));
#7295=CARTESIAN_POINT('Ctrl Pts',(-2.38549323646213,9.77855028156973,101.260665290051));
#7296=CARTESIAN_POINT('Ctrl Pts',(-0.976240086618344,10.1221085831992,101.191817127845));
#7297=CARTESIAN_POINT('Ctrl Pts',(0.507752386538333,10.1546729742913,101.122968965639));
#7298=CARTESIAN_POINT('Ctrl Pts',(1.93262773893478,9.87704503343127,101.054120803434));
#7299=CARTESIAN_POINT('Ctrl Pts',(2.88254464053241,9.69195973952455,101.00822202863));
#7300=CARTESIAN_POINT('Ctrl Pts',(3.80618726623658,9.3690111869724,100.962323253826));
#7301=CARTESIAN_POINT('Ctrl Pts',(4.6629298142268,8.92004777454581,100.916424479023));
#7302=CARTESIAN_POINT('Ctrl Pts',(6.37641491020725,8.02212094969265,100.824626929415));
#7303=CARTESIAN_POINT('Ctrl Pts',(7.82229969533184,6.62013468534172,100.732829379808));
#7304=CARTESIAN_POINT('Ctrl Pts',(8.77373412382056,4.93562381360816,100.6410318302));
#7305=CARTESIAN_POINT('Ctrl Pts',(9.24945133806494,4.09336837774134,100.595133055396));
#7306=CARTESIAN_POINT('Ctrl Pts',(9.60155596315035,3.18048179002887,100.549234280592));
#7307=CARTESIAN_POINT('Ctrl Pts',(9.81508620146902,2.23639700597262,100.503335505789));
#7308=CARTESIAN_POINT('Ctrl Pts',(10.2421466781064,0.348227437860186,100.411537956181));
#7309=CARTESIAN_POINT('Ctrl Pts',(10.1149096076767,-1.66473491562715,100.319740406574));
#7310=CARTESIAN_POINT('Ctrl Pts',(9.44701390183622,-3.47859006065107,100.227942856966));
#7311=CARTESIAN_POINT('Ctrl Pts',(8.77911819599569,-5.29244520567498,100.136145307359));
#7312=CARTESIAN_POINT('Ctrl Pts',(7.5705638547442,-6.90719314223545,100.044347757751));
#7313=CARTESIAN_POINT('Ctrl Pts',(6.02095918160281,-8.06758178328257,99.9525502081437));
#7314=CARTESIAN_POINT('Ctrl Pts',(5.24615684503217,-8.64777610380608,99.9066514333399));
#7315=CARTESIAN_POINT('Ctrl Pts',(4.38609192548909,-9.11438060045128,99.8607526585361));
#7316=CARTESIAN_POINT('Ctrl Pts',(3.47775812397959,-9.44700971895053,99.8148538837324));
#7317=CARTESIAN_POINT('Ctrl Pts',(1.6610905209605,-10.1122679559491,99.7230563341249));
#7318=CARTESIAN_POINT('Ctrl Pts',(-0.348652609924247,-10.2416246803637,
99.6312587845174));
#7319=CARTESIAN_POINT('Ctrl Pts',(-2.23539765372771,-9.81415168376794,99.5394612349099));
#7320=CARTESIAN_POINT('Ctrl Pts',(-3.17877017562954,-9.60041518547004,99.4935624601062));
#7321=CARTESIAN_POINT('Ctrl Pts',(-4.09139317576102,-9.24747125691953,99.4476636853024));
#7322=CARTESIAN_POINT('Ctrl Pts',(-4.93448944322242,-8.7722719711187,99.4017649104987));
#7323=CARTESIAN_POINT('Ctrl Pts',(-6.19913384441436,-8.05947304241755,99.332916748293));
#7324=CARTESIAN_POINT('Ctrl Pts',(-7.30734309709858,-7.07159955990325,99.2640685860874));
#7325=CARTESIAN_POINT('Ctrl Pts',(-8.15729221059508,-5.89595469316784,99.1952204238818));
#7326=CARTESIAN_POINT('Ctrl Pts',(-9.0072413240916,-4.72030982643239,99.1263722616761));
#7327=CARTESIAN_POINT('Ctrl Pts',(-9.5989302984004,-3.35689357547579,99.0575240994705));
#7328=CARTESIAN_POINT('Ctrl Pts',(-9.87765950951612,-1.93274363994942,98.9886759372648));
#7329=CARTESIAN_POINT('Ctrl Pts',(-10.1563887206318,-0.508593704423041,
98.9198277750592));
#7330=CARTESIAN_POINT('Ctrl Pts',(-10.1221581685545,0.976289915672999,98.8509796128536));
#7331=CARTESIAN_POINT('Ctrl Pts',(-9.77817093033992,2.38575339498796,98.7821314506479));
#7332=CARTESIAN_POINT('Ctrl Pts',(-9.43418369217551,3.79521687409748,98.7132832884524));
#7333=CARTESIAN_POINT('Ctrl Pts',(-8.78043976796416,5.12926021244783,98.6444351262568));
#7334=CARTESIAN_POINT('Ctrl Pts',(-7.87704317244125,6.26509245119308,98.5755869640612));
#7335=CARTESIAN_POINT('Origin',(0.,0.,61.454230324285));
#7336=CARTESIAN_POINT('Ctrl Pts',(-6.26509245163587,7.87704317208908,104.467209776664));
#7337=CARTESIAN_POINT('Ctrl Pts',(-5.12926021279464,8.78043976779418,104.39836161446));
#7338=CARTESIAN_POINT('Ctrl Pts',(-3.79474690890295,9.4349888345435,104.329513452255));
#7339=CARTESIAN_POINT('Ctrl Pts',(-2.38549380702149,9.77854640865826,104.260665290051));
#7340=CARTESIAN_POINT('Ctrl Pts',(-0.976240705117578,10.1221039827785,104.191817127845));
#7341=CARTESIAN_POINT('Ctrl Pts',(0.507752194778435,10.1546700642543,104.122968965639));
#7342=CARTESIAN_POINT('Ctrl Pts',(1.93262558165964,9.87704089535787,104.054120803434));
#7343=CARTESIAN_POINT('Ctrl Pts',(2.88254117291382,9.69195478276026,104.00822202863));
#7344=CARTESIAN_POINT('Ctrl Pts',(3.80618142505027,9.36900411444164,103.962323253826));
#7345=CARTESIAN_POINT('Ctrl Pts',(4.6629239675164,8.9200407556217,103.916424479023));
#7346=CARTESIAN_POINT('Ctrl Pts',(6.37640905244862,8.02211403798184,103.824626929415));
#7347=CARTESIAN_POINT('Ctrl Pts',(7.82230329869964,6.62013655833664,103.732829379807));
#7348=CARTESIAN_POINT('Ctrl Pts',(8.77374031782709,4.93562765990674,103.6410318302));
#7349=CARTESIAN_POINT('Ctrl Pts',(9.24945882739086,4.09337321069174,103.595133055396));
#7350=CARTESIAN_POINT('Ctrl Pts',(9.6015630301737,3.18048590678065,103.549234280593));
#7351=CARTESIAN_POINT('Ctrl Pts',(9.81509268662872,2.2364003921542,103.503335505789));
#7352=CARTESIAN_POINT('Ctrl Pts',(10.2421519995387,0.348229362901466,103.411537956181));
#7353=CARTESIAN_POINT('Ctrl Pts',(10.1149131271374,-1.66473450921219,103.319740406574));
#7354=CARTESIAN_POINT('Ctrl Pts',(9.44701661664726,-3.47859172449507,103.227942856966));
#7355=CARTESIAN_POINT('Ctrl Pts',(8.77912010615715,-5.29244893977799,103.136145307359));
#7356=CARTESIAN_POINT('Ctrl Pts',(7.5705659575782,-6.90719949823019,103.044347757751));
#7357=CARTESIAN_POINT('Ctrl Pts',(6.02096104168314,-8.06759021613306,102.952550208144));
#7358=CARTESIAN_POINT('Ctrl Pts',(5.24615858373559,-8.64778557508452,102.90665143334));
#7359=CARTESIAN_POINT('Ctrl Pts',(4.386093433959,-9.11439097389865,102.860752658536));
#7360=CARTESIAN_POINT('Ctrl Pts',(3.47775909838014,-9.44701872986922,102.814853883732));
#7361=CARTESIAN_POINT('Ctrl Pts',(1.66109042722251,-10.1122742418103,102.723056334125));
#7362=CARTESIAN_POINT('Ctrl Pts',(-0.348654987144131,-10.2416191823772,
102.631258784517));
#7363=CARTESIAN_POINT('Ctrl Pts',(-2.23540001472599,-9.81414588778267,102.53946123491));
#7364=CARTESIAN_POINT('Ctrl Pts',(-3.17877252851697,-9.60040924048542,102.493562460106));
#7365=CARTESIAN_POINT('Ctrl Pts',(-4.09139494561173,-9.24746803439782,102.447663685302));
#7366=CARTESIAN_POINT('Ctrl Pts',(-4.93449050670067,-8.77226915317697,102.401764910499));
#7367=CARTESIAN_POINT('Ctrl Pts',(-6.19913384833409,-8.05947083134569,102.332916748293));
#7368=CARTESIAN_POINT('Ctrl Pts',(-7.3073417639543,-7.07159274046464,102.264068586087));
#7369=CARTESIAN_POINT('Ctrl Pts',(-8.15729016466582,-5.89594693582026,102.195220423882));
#7370=CARTESIAN_POINT('Ctrl Pts',(-9.0072385653773,-4.72030113117592,102.126372261676));
#7371=CARTESIAN_POINT('Ctrl Pts',(-9.59892745118006,-3.35688761276825,102.05752409947));
#7372=CARTESIAN_POINT('Ctrl Pts',(-9.877656502733,-1.93273929764892,101.988675937265));
#7373=CARTESIAN_POINT('Ctrl Pts',(-10.1563855542859,-0.508590982529691,
101.919827775059));
#7374=CARTESIAN_POINT('Ctrl Pts',(-10.1221547715891,0.976292129301159,101.850979612854));
#7375=CARTESIAN_POINT('Ctrl Pts',(-9.77816832496105,2.38575492814273,101.782131450648));
#7376=CARTESIAN_POINT('Ctrl Pts',(-9.43418187836149,3.79521772686754,101.713283288448));
#7377=CARTESIAN_POINT('Ctrl Pts',(-8.78043976788198,5.12926021261553,101.644435126248));
#7378=CARTESIAN_POINT('Ctrl Pts',(-7.87704317227089,6.26509245140728,101.575586964048));
#7379=CARTESIAN_POINT('Origin',(0.,0.,58.0000008642673));
#7380=CARTESIAN_POINT('Origin',(0.,0.,67.));
#7381=CARTESIAN_POINT('Ctrl Pts',(7.94873557470543,-8.69706949644262,66.0083748105161));
#7382=CARTESIAN_POINT('Ctrl Pts',(9.22137235797764,-7.53393595163052,66.0782419427385));
#7383=CARTESIAN_POINT('Ctrl Pts',(11.2466552896421,-4.64094429775108,66.2179762071832));
#7384=CARTESIAN_POINT('Ctrl Pts',(12.1550530436026,0.579891921539364,66.4275776038503));
#7385=CARTESIAN_POINT('Ctrl Pts',(10.7538165850936,5.68956530236257,66.6371790005174));
#7386=CARTESIAN_POINT('Ctrl Pts',(7.31761977941032,9.72277808587749,66.8467803971845));
#7387=CARTESIAN_POINT('Ctrl Pts',(2.49066981062593,11.9085236298414,67.0563817938516));
#7388=CARTESIAN_POINT('Ctrl Pts',(-2.80691243305815,11.8400062129082,67.2659831905187));
#7389=CARTESIAN_POINT('Ctrl Pts',(-5.98373754946356,10.2950854307716,67.4057174549634));
#7390=CARTESIAN_POINT('Ctrl Pts',(-7.33319062821999,9.22202419606059,67.4755845871857));
#7391=CARTESIAN_POINT('Ctrl Pts',(7.56275549209729,-8.27424958155417,66.338915167828));
#7392=CARTESIAN_POINT('Ctrl Pts',(8.77352128532291,-7.16759624560786,66.4087823000504));
#7393=CARTESIAN_POINT('Ctrl Pts',(10.7003124190837,-4.41511719742641,66.5485165644951));
#7394=CARTESIAN_POINT('Ctrl Pts',(11.5644210162122,0.55206413942149,66.7581179611622));
#7395=CARTESIAN_POINT('Ctrl Pts',(10.2311239978263,5.41341765720234,66.9677193578293));
#7396=CARTESIAN_POINT('Ctrl Pts',(6.96177648215821,9.25055747527402,67.1773207544963));
#7397=CARTESIAN_POINT('Ctrl Pts',(2.36930576101558,11.3299587240643,67.3869221511634));
#7398=CARTESIAN_POINT('Ctrl Pts',(-2.67086441958119,11.2646183481588,67.5965235478305));
#7399=CARTESIAN_POINT('Ctrl Pts',(-5.69328285785916,9.79467421523288,67.7362578122753));
#7400=CARTESIAN_POINT('Ctrl Pts',(-6.97713502316797,8.77371435821682,67.8061249444976));
#7401=CARTESIAN_POINT('Ctrl Pts',(7.17679335891161,-7.85141409568828,66.6694565792219));
#7402=CARTESIAN_POINT('Ctrl Pts',(8.32568589599494,-6.80123835695071,66.7393237114443));
#7403=CARTESIAN_POINT('Ctrl Pts',(10.1539794767326,-4.18926767456983,66.879057975889));
#7404=CARTESIAN_POINT('Ctrl Pts',(10.9737884603322,0.52426086154252,67.0886593725561));
#7405=CARTESIAN_POINT('Ctrl Pts',(9.70842050833575,5.13729197339098,67.2982607692232));
#7406=CARTESIAN_POINT('Ctrl Pts',(6.60591399166965,8.77835210699687,67.5078621658903));
#7407=CARTESIAN_POINT('Ctrl Pts',(2.24791784938634,10.7513994513905,67.7174635625574));
#7408=CARTESIAN_POINT('Ctrl Pts',(-2.53484039979471,10.6892254651097,67.9270649592245));
#7409=CARTESIAN_POINT('Ctrl Pts',(-5.4028492234107,9.29425145814563,68.0667992236692));
#7410=CARTESIAN_POINT('Ctrl Pts',(-6.62109839373432,8.32539021782038,68.1366663558915));
#7411=CARTESIAN_POINT('Ctrl Pts',(6.79086026896869,-7.42855365261437,67.));
#7412=CARTESIAN_POINT('Ctrl Pts',(7.87787591587081,-6.43485128288094,67.0698671322224));
#7413=CARTESIAN_POINT('Ctrl Pts',(9.60766270566594,-3.96338209115363,67.2096013966671));
#7414=CARTESIAN_POINT('Ctrl Pts',(10.383155237041,0.496497081492839,67.4192027933341));
#7415=CARTESIAN_POINT('Ctrl Pts',(9.18569961466666,4.86120176546555,67.6288041900012));
#7416=CARTESIAN_POINT('Ctrl Pts',(6.25002068207992,8.30617144982871,67.8384055866683));
#7417=CARTESIAN_POINT('Ctrl Pts',(2.12649152385387,10.1728494384257,68.0480069833354));
#7418=CARTESIAN_POINT('Ctrl Pts',(-2.39885508772169,10.1138246727892,68.2576083800025));
#7419=CARTESIAN_POINT('Ctrl Pts',(-5.11244961167518,8.7938102632894,68.3973426444472));
#7420=CARTESIAN_POINT('Ctrl Pts',(-6.26509245168767,7.87704317204331,68.4672097766696));
#7421=CARTESIAN_POINT('',(3.75397509345135,11.1682176760765,67.));
#7422=CARTESIAN_POINT('Ctrl Pts',(3.75394496293792,11.1678130432731,67.));
#7423=CARTESIAN_POINT('Ctrl Pts',(4.00393857425728,11.0636523753571,67.));
#7424=CARTESIAN_POINT('Ctrl Pts',(4.25037462810125,10.95087988895,66.9999999999417));
#7425=CARTESIAN_POINT('Ctrl Pts',(4.49280905432501,10.829664549138,66.9999999998285));
#7426=CARTESIAN_POINT('Ctrl Pts',(4.73220980001358,10.7099660261522,66.9999999997168));
#7427=CARTESIAN_POINT('Ctrl Pts',(4.96770886561658,10.5820342450611,66.9999999995515));
#7428=CARTESIAN_POINT('Ctrl Pts',(5.19884327024692,10.4459958399336,66.999999999344));
#7429=CARTESIAN_POINT('Ctrl Pts',(5.31948697542805,10.3749887682353,66.9999999992357));
#7430=CARTESIAN_POINT('Ctrl Pts',(5.43894092069511,10.3017725165869,66.999999999116));
#7431=CARTESIAN_POINT('Ctrl Pts',(5.55713477477435,10.2263616282913,66.9999999989875));
#7432=CARTESIAN_POINT('Ctrl Pts',(5.7982457026298,10.0725263092808,66.9999999987254));
#7433=CARTESIAN_POINT('Ctrl Pts',(6.0332131916975,9.91013661407812,66.9999999984469));
#7434=CARTESIAN_POINT('Ctrl Pts',(6.26154467352384,9.73947472050923,66.9999999981402));
#7435=CARTESIAN_POINT('Ctrl Pts',(6.48987615535017,9.56881282694034,66.9999999978334));
#7436=CARTESIAN_POINT('Ctrl Pts',(6.71157225278022,9.38987830953422,66.9999999974984));
#7437=CARTESIAN_POINT('Ctrl Pts',(6.92610259614132,9.20290579929248,66.9999999971326));
#7438=CARTESIAN_POINT('Ctrl Pts',(7.13313025809584,9.02247220170131,66.9999999967796));
#7439=CARTESIAN_POINT('Ctrl Pts',(7.33348474521227,8.83455220432564,66.999999996398));
#7440=CARTESIAN_POINT('Ctrl Pts',(7.52684192691326,8.63957626927787,66.9999999959949));
#7441=CARTESIAN_POINT('Ctrl Pts',(7.71973966229644,8.44506362695413,66.9999999955927));
#7442=CARTESIAN_POINT('Ctrl Pts',(7.90567362992339,8.24352797499438,66.9999999951691));
#7443=CARTESIAN_POINT('Ctrl Pts',(8.08427727493346,8.03537076278416,66.9999999947405));
#7444=CARTESIAN_POINT('Ctrl Pts',(8.26077416310239,7.82966891272981,66.999999994317));
#7445=CARTESIAN_POINT('Ctrl Pts',(8.4301128762516,7.61750023692997,66.9999999938886));
#7446=CARTESIAN_POINT('Ctrl Pts',(8.59189191223561,7.39923514041567,66.9999999934812));
#7447=CARTESIAN_POINT('Ctrl Pts',(8.64902621852563,7.32215206966538,66.9999999933373));
#7448=CARTESIAN_POINT('Ctrl Pts',(8.70521719766225,7.24430851301867,66.9999999931962));
#7449=CARTESIAN_POINT('Ctrl Pts',(8.76044563142929,7.16572046743357,66.9999999930592));
#7450=CARTESIAN_POINT('Ctrl Pts',(8.91552206445445,6.9450523630444,66.9999999926744));
#7451=CARTESIAN_POINT('Ctrl Pts',(9.0624670603245,6.71929297833565,66.9999999923261));
#7452=CARTESIAN_POINT('Ctrl Pts',(9.20100802255077,6.48887066115128,66.9999999919962));
#7453=CARTESIAN_POINT('Ctrl Pts',(9.33912285004098,6.25915709430139,66.9999999916673));
#7454=CARTESIAN_POINT('Ctrl Pts',(9.4688855492246,6.02480867225423,66.9999999913567));
#7455=CARTESIAN_POINT('Ctrl Pts',(9.5899810934514,5.78622467292767,66.9999999910565));
#7456=CARTESIAN_POINT('Ctrl Pts',(9.68505860853406,5.59890172938511,66.9999999908207));
#7457=CARTESIAN_POINT('Ctrl Pts',(9.77479240357127,5.40896717651731,66.9999999905915));
#7458=CARTESIAN_POINT('Ctrl Pts',(9.85900875823483,5.21660671261862,66.9999999903694));
#7459=CARTESIAN_POINT('Ctrl Pts',(9.96670777105811,4.97060898271349,66.9999999900852));
#7460=CARTESIAN_POINT('Ctrl Pts',(10.0653850596438,4.72064363221225,66.9999999898123));
#7461=CARTESIAN_POINT('Ctrl Pts',(10.1548884962253,4.46722627597033,66.9999999895615));
#7462=CARTESIAN_POINT('Ctrl Pts',(10.2435124939077,4.21629893675244,66.9999999893131));
#7463=CARTESIAN_POINT('Ctrl Pts',(10.3231420370642,3.9619864672712,66.9999999890864));
#7464=CARTESIAN_POINT('Ctrl Pts',(10.3935787156151,3.70478976070393,66.9999999889033));
#7465=CARTESIAN_POINT('Ctrl Pts',(10.4365222113002,3.5479833086405,66.9999999887917));
#7466=CARTESIAN_POINT('Ctrl Pts',(10.4760476963974,3.39010482118475,66.9999999886965));
#7467=CARTESIAN_POINT('Ctrl Pts',(10.5121007883466,3.23126936850162,66.9999999886249));
#7468=CARTESIAN_POINT('Ctrl Pts',(10.570509709932,2.97394310328613,66.999999988509));
#7469=CARTESIAN_POINT('Ctrl Pts',(10.6196005732069,2.71501797388198,66.9999999884583));
#7470=CARTESIAN_POINT('Ctrl Pts',(10.6593038879202,2.45499464939729,66.9999999884466));
#7471=CARTESIAN_POINT('Ctrl Pts',(10.6989766259005,2.19517157680217,66.999999988435));
#7472=CARTESIAN_POINT('Ctrl Pts',(10.7292763189063,1.93425135668352,66.9999999884622));
#7473=CARTESIAN_POINT('Ctrl Pts',(10.7500820270845,1.67272767031104,66.9999999885134));
#7474=CARTESIAN_POINT('Ctrl Pts',(10.7706823972254,1.41378504294598,66.9999999885641));
#7475=CARTESIAN_POINT('Ctrl Pts',(10.781975232062,1.15425020149815,66.9999999886383));
#7476=CARTESIAN_POINT('Ctrl Pts',(10.7837924482491,0.894605891131657,66.9999999887332));
#7477=CARTESIAN_POINT('Ctrl Pts',(10.7846786106925,0.767990776141172,66.9999999887795));
#7478=CARTESIAN_POINT('Ctrl Pts',(10.7833106951236,0.641349739014467,66.9999999888308));
#7479=CARTESIAN_POINT('Ctrl Pts',(10.7796647918351,0.514739716710909,66.999999988888));
#7480=CARTESIAN_POINT('Ctrl Pts',(10.7721405003563,0.253446249345758,66.999999989006));
#7481=CARTESIAN_POINT('Ctrl Pts',(10.7549168155408,-0.00771658994279101,
66.9999999891478));
#7482=CARTESIAN_POINT('Ctrl Pts',(10.7280596818594,-0.268215623708149,66.9999999893296));
#7483=CARTESIAN_POINT('Ctrl Pts',(10.7046022070956,-0.495739885344568,66.9999999894884));
#7484=CARTESIAN_POINT('Ctrl Pts',(10.6737949824639,-0.722757748867142,66.9999999896777));
#7485=CARTESIAN_POINT('Ctrl Pts',(10.6356538850813,-0.948897436061482,66.999999989917));
#7486=CARTESIAN_POINT('Ctrl Pts',(10.5911369858786,-1.21283943960545,66.9999999901963));
#7487=CARTESIAN_POINT('Ctrl Pts',(10.5367963517058,-1.4746068372062,66.9999999905467));
#7488=CARTESIAN_POINT('Ctrl Pts',(10.472821115717,-1.73366084765123,66.9999999909273));
#7489=CARTESIAN_POINT('Ctrl Pts',(10.4111757328506,-1.98328061708472,66.9999999912941));
#7490=CARTESIAN_POINT('Ctrl Pts',(10.3405841422403,-2.2303815919,66.9999999916891));
#7491=CARTESIAN_POINT('Ctrl Pts',(10.2611646204992,-2.47446661460373,66.9999999920889));
#7492=CARTESIAN_POINT('Ctrl Pts',(10.182151493182,-2.71730263970604,66.9999999924867));
#7493=CARTESIAN_POINT('Ctrl Pts',(10.0944002866716,-2.95715407550742,66.9999999928894));
#7494=CARTESIAN_POINT('Ctrl Pts',(9.99798184668782,-3.19350766779285,66.9999999932876));
#7495=CARTESIAN_POINT('Ctrl Pts',(9.90289172463406,-3.42660511203745,66.9999999936803));
#7496=CARTESIAN_POINT('Ctrl Pts',(9.79937123715406,-3.65630091227892,66.9999999940687));
#7497=CARTESIAN_POINT('Ctrl Pts',(9.68744809152049,-3.88207183440929,66.9999999944576));
#7498=CARTESIAN_POINT('Ctrl Pts',(9.67178355063854,-3.9136702836813,66.9999999945121));
#7499=CARTESIAN_POINT('Ctrl Pts',(9.65595435528329,-3.94519179456139,66.9999999945665));
#7500=CARTESIAN_POINT('Ctrl Pts',(9.63996052239914,-3.97663487507892,66.999999994621));
#7501=CARTESIAN_POINT('Ctrl Pts',(9.52419853847626,-4.20421718181691,66.9999999950157));
#7502=CARTESIAN_POINT('Ctrl Pts',(9.3998140424224,-4.4276941861601,66.9999999954126));
#7503=CARTESIAN_POINT('Ctrl Pts',(9.26706239090977,-4.64659545063393,66.9999999958338));
#7504=CARTESIAN_POINT('Ctrl Pts',(9.24671473319457,-4.68014778653474,66.9999999958984));
#7505=CARTESIAN_POINT('Ctrl Pts',(9.22617044661979,-4.71359253849356,66.9999999959636));
#7506=CARTESIAN_POINT('Ctrl Pts',(9.20543039366508,-4.74692791944957,66.9999999960295));
#7507=CARTESIAN_POINT('Ctrl Pts',(9.07147352534674,-4.96223610823853,66.999999996455));
#7508=CARTESIAN_POINT('Ctrl Pts',(8.92973180637266,-5.17237591851453,66.9999999968856));
#7509=CARTESIAN_POINT('Ctrl Pts',(8.7805364953783,-5.37695099076517,66.9999999972893));
#7510=CARTESIAN_POINT('Ctrl Pts',(8.63160675320765,-5.58116191778271,66.9999999976923));
#7511=CARTESIAN_POINT('Ctrl Pts',(8.47524945008296,-5.77982835517221,66.9999999980685));
#7512=CARTESIAN_POINT('Ctrl Pts',(8.31175821342922,-5.97251868539873,66.9999999984017));
#7513=CARTESIAN_POINT('Ctrl Pts',(8.1499908117403,-6.16317730838866,66.9999999987314));
#7514=CARTESIAN_POINT('Ctrl Pts',(7.98123863245119,-6.34798555311007,66.9999999990189));
#7515=CARTESIAN_POINT('Ctrl Pts',(7.80575824964729,-6.52648264506627,66.9999999992641));
#7516=CARTESIAN_POINT('Ctrl Pts',(7.77495171866094,-6.55781877567221,66.9999999993072));
#7517=CARTESIAN_POINT('Ctrl Pts',(7.74393776693697,-6.58896028314311,66.999999999349));
#7518=CARTESIAN_POINT('Ctrl Pts',(7.71271771008523,-6.61990452362864,66.9999999993896));
#7519=CARTESIAN_POINT('Ctrl Pts',(7.5281980146592,-6.80279406341052,66.9999999996294));
#7520=CARTESIAN_POINT('Ctrl Pts',(7.33700031412343,-6.978281689223,66.9999999998124));
#7521=CARTESIAN_POINT('Ctrl Pts',(7.13949754074847,-7.14591431121761,66.9999999999122));
#7522=CARTESIAN_POINT('Ctrl Pts',(7.02536878288597,-7.2427823328588,66.9999999999699));
#7523=CARTESIAN_POINT('Ctrl Pts',(6.9091339661825,-7.33702670531318,67.));
#7524=CARTESIAN_POINT('Ctrl Pts',(6.79086026896879,-7.42855365261429,67.));
#7525=CARTESIAN_POINT('Ctrl Pts',(3.75394496293854,11.167813043275,66.9999999999988));
#7526=CARTESIAN_POINT('Ctrl Pts',(3.31437263819414,11.3157858134241,67.0187939312835));
#7527=CARTESIAN_POINT('Ctrl Pts',(2.86613972116589,11.4378923949733,67.0375878625681));
#7528=CARTESIAN_POINT('Ctrl Pts',(2.41223109814228,11.5328131363567,67.0563817938527));
#7529=CARTESIAN_POINT('Ctrl Pts',(0.74256463682756,11.8819714698451,67.1255137626026));
#7530=CARTESIAN_POINT('Ctrl Pts',(-1.00389850906612,11.86328439451,67.1946457313525));
#7531=CARTESIAN_POINT('Ctrl Pts',(-2.66521701822933,11.477623669591,67.2637777001024));
#7532=CARTESIAN_POINT('Ctrl Pts',(-9.22041925426154,7.33520850679675,67.5839617745493));
#7533=CARTESIAN_POINT('Ctrl Pts',(-10.278121506078,6.00566781291082,67.6528099367549));
#7534=CARTESIAN_POINT('Ctrl Pts',(-11.8090703120937,2.88312107947622,67.7905062611662));
#7535=CARTESIAN_POINT('Ctrl Pts',(-11.9304035477313,-2.33415431689381,67.997050747783));
#7536=CARTESIAN_POINT('Ctrl Pts',(-9.852905863271,-7.11906695341946,68.2035952344));
#7537=CARTESIAN_POINT('Ctrl Pts',(-5.95907098392097,-10.5954026183355,68.4101397210168));
#7538=CARTESIAN_POINT('Ctrl Pts',(-0.972180468520724,-12.1149731227184,
68.6166842076337));
#7539=CARTESIAN_POINT('Ctrl Pts',(4.77881351111141,-11.3337951559249,68.8461780816525));
#7540=CARTESIAN_POINT('Ctrl Pts',(9.02925739874687,-8.1582329412177,69.0527225682694));
#7541=CARTESIAN_POINT('Ctrl Pts',(11.7618818706122,-3.1212542453604,69.2822164422881));
#7542=CARTESIAN_POINT('Ctrl Pts',(12.0652924724363,1.58281622432589,69.4658115415032));
#7543=CARTESIAN_POINT('Ctrl Pts',(10.2055187673294,6.39068364658962,69.6723560281201));
#7544=CARTESIAN_POINT('Ctrl Pts',(7.12343955566226,9.85080230954565,69.855951127335));
#7545=CARTESIAN_POINT('Ctrl Pts',(2.33551406458134,11.9301990858196,70.062495613952));
#7546=CARTESIAN_POINT('Ctrl Pts',(-2.87992126923584,11.8095493307324,70.2690401005688));
#7547=CARTESIAN_POINT('Ctrl Pts',(-6.00341850934415,10.2794354793637,70.4067364249801));
#7548=CARTESIAN_POINT('Ctrl Pts',(-7.33319062822,9.22202419606057,70.4755845871858));
#7549=CARTESIAN_POINT('Ctrl Pts',(-8.77260879817085,6.97852503365522,67.9145021318611));
#7550=CARTESIAN_POINT('Ctrl Pts',(-9.77887896955448,5.71355646764395,67.9833502940668));
#7551=CARTESIAN_POINT('Ctrl Pts',(-11.2353491211637,2.74269064542765,68.121046618478));
#7552=CARTESIAN_POINT('Ctrl Pts',(-11.3506368786797,-2.22108026701912,68.3275911050949));
#7553=CARTESIAN_POINT('Ctrl Pts',(-9.37394755221853,-6.77343377282894,68.5341355917118));
#7554=CARTESIAN_POINT('Ctrl Pts',(-5.66921466377336,-10.0807420494902,68.7406800783287));
#7555=CARTESIAN_POINT('Ctrl Pts',(-0.924594055992734,-11.5263331884321,
68.9472245649456));
#7556=CARTESIAN_POINT('Ctrl Pts',(4.54693605867297,-10.7829475094131,69.1767184389644));
#7557=CARTESIAN_POINT('Ctrl Pts',(8.59075917346462,-7.76156410027379,69.3832629255812));
#7558=CARTESIAN_POINT('Ctrl Pts',(11.1904604057753,-2.96925423564198,69.6127567996));
#7559=CARTESIAN_POINT('Ctrl Pts',(11.4789931332429,1.50625364078324,69.796351898815));
#7560=CARTESIAN_POINT('Ctrl Pts',(9.70944786764273,6.08045282366395,70.0028963854319));
#7561=CARTESIAN_POINT('Ctrl Pts',(6.77702784862852,9.37235540466349,70.1864914846469));
#7562=CARTESIAN_POINT('Ctrl Pts',(2.22168841659017,11.3505764928981,70.3930359712638));
#7563=CARTESIAN_POINT('Ctrl Pts',(-2.74032485537826,11.2356392937989,70.5995804578807));
#7564=CARTESIAN_POINT('Ctrl Pts',(-5.71200706795273,9.77978413101881,70.737276782292));
#7565=CARTESIAN_POINT('Ctrl Pts',(-6.97713502316799,8.77371435821681,70.8061249444976));
#7566=CARTESIAN_POINT('Ctrl Pts',(-8.32481361230823,6.62182335454654,68.245043543255));
#7567=CARTESIAN_POINT('Ctrl Pts',(-9.27964909241737,5.42142472706052,68.3138917054607));
#7568=CARTESIAN_POINT('Ctrl Pts',(-10.6616343556194,2.60223656282256,68.4515880298719));
#7569=CARTESIAN_POINT('Ctrl Pts',(-10.7708661225828,-2.10803037018394,68.6581325164888));
#7570=CARTESIAN_POINT('Ctrl Pts',(-8.89497541643143,-6.42782082211678,68.8646770031058));
#7571=CARTESIAN_POINT('Ctrl Pts',(-5.37933731057788,-9.56609403626145,69.0712214897226));
#7572=CARTESIAN_POINT('Ctrl Pts',(-0.876983282251512,-10.9376958378672,
69.2777659763395));
#7573=CARTESIAN_POINT('Ctrl Pts',(4.31508168804698,-10.2320908281196,69.5072598503583));
#7574=CARTESIAN_POINT('Ctrl Pts',(8.15227785799346,-7.36487749214157,69.7138043369751));
#7575=CARTESIAN_POINT('Ctrl Pts',(10.6190458497179,-2.81723069765407,69.9432982109939));
#7576=CARTESIAN_POINT('Ctrl Pts',(10.8926912176105,1.42971545094066,70.1268933102089));
#7577=CARTESIAN_POINT('Ctrl Pts',(9.21336464238242,5.77024290098477,70.3334377968258));
#7578=CARTESIAN_POINT('Ctrl Pts',(6.43059665425925,8.89392336138754,70.5170328960409));
#7579=CARTESIAN_POINT('Ctrl Pts',(2.10783886380045,10.7709592361919,70.7235773826578));
#7580=CARTESIAN_POINT('Ctrl Pts',(-2.60075239326757,10.661724070659,70.9301218692746));
#7581=CARTESIAN_POINT('Ctrl Pts',(-5.42061665335927,9.28012120085779,71.0678181936859));
#7582=CARTESIAN_POINT('Ctrl Pts',(-6.62109839373433,8.32539021782036,71.1366663558915));
#7583=CARTESIAN_POINT('Ctrl Pts',(-7.87704317204332,6.26509245168765,68.5755869640331));
#7584=CARTESIAN_POINT('Ctrl Pts',(-8.7804397677704,5.12926021283501,68.6444351262387));
#7585=CARTESIAN_POINT('Ctrl Pts',(-10.087930123933,2.46174441747579,68.78213145065));
#7586=CARTESIAN_POINT('Ctrl Pts',(-10.1910889633502,-1.99501943047673,68.9886759372669));
#7587=CARTESIAN_POINT('Ctrl Pts',(-8.41598115267409,-6.08224057748786,69.1952204238838));
#7588=CARTESIAN_POINT('Ctrl Pts',(-5.08942615461407,-9.05146641730431,69.4017649105007));
#7589=CARTESIAN_POINT('Ctrl Pts',(-0.829333267694279,-10.34906283647,69.6083093971175));
#7590=CARTESIAN_POINT('Ctrl Pts',(4.0832645850392,-9.68121976035576,69.8378032711364));
#7591=CARTESIAN_POINT('Ctrl Pts',(7.71382392857161,-6.96816237811592,70.0443477577532));
#7592=CARTESIAN_POINT('Ctrl Pts',(10.0476426047197,-2.66516929239314,70.273841631772));
#7593=CARTESIAN_POINT('Ctrl Pts',(10.306385336772,1.35321659335713,70.457436730987));
#7594=CARTESIAN_POINT('Ctrl Pts',(8.7172617081911,5.46006675379046,70.6639812176039));
#7595=CARTESIAN_POINT('Ctrl Pts',(6.08413416805421,8.41551541720441,70.8475763168189));
#7596=CARTESIAN_POINT('Ctrl Pts',(1.99395082446281,10.1913507587583,71.0541208034358));
#7597=CARTESIAN_POINT('Ctrl Pts',(-2.4612185700252,10.0878006703409,71.2606652900527));
#7598=CARTESIAN_POINT('Ctrl Pts',(-5.12926021283505,8.78043976777037,71.398361614464));
#7599=CARTESIAN_POINT('Ctrl Pts',(-6.26509245168768,7.8770431720433,71.4672097766696));
#7600=CARTESIAN_POINT('Ctrl Pts',(-11.4772326419934,2.66539879757421,67.7958731451918));
#7601=CARTESIAN_POINT('Ctrl Pts',(-11.8513691186349,1.05370027130519,67.8629323460559));
#7602=CARTESIAN_POINT('Ctrl Pts',(-11.8814875890325,-0.638378919366756,
67.92999154692));
#7603=CARTESIAN_POINT('Ctrl Pts',(-11.5639317277133,-2.2620938569194,67.997050747784));
#7604=CARTESIAN_POINT('Ctrl Pts',(-11.2379043195762,-3.9291251957351,68.0658989099897));
#7605=CARTESIAN_POINT('Ctrl Pts',(-10.5454050914229,-5.52409607457674,68.1347470721953));
#7606=CARTESIAN_POINT('Ctrl Pts',(-9.55018299745469,-6.90097079148349,68.2035952344009));
#7607=CARTESIAN_POINT('Ctrl Pts',(-8.55496090348645,-8.27784550839023,68.2724433966066));
#7608=CARTESIAN_POINT('Ctrl Pts',(-7.25701594370328,-9.4366240633621,68.3412915588122));
#7609=CARTESIAN_POINT('Ctrl Pts',(-5.77689504457846,-10.2692750915785,68.4101397210178));
#7610=CARTESIAN_POINT('Ctrl Pts',(-4.29677414545363,-11.1019261197949,68.4789878832234));
#7611=CARTESIAN_POINT('Ctrl Pts',(-2.63447730698714,-11.6084496212558,68.5478360454291));
#7612=CARTESIAN_POINT('Ctrl Pts',(-0.940679790809197,-11.7445346769672,
68.6166842076347));
#7613=CARTESIAN_POINT('Ctrl Pts',(0.753117725368749,-11.8806197326786,68.6855323698403));
#7614=CARTESIAN_POINT('Ctrl Pts',(2.47841591925812,-11.6462663426406,68.754380532046));
#7615=CARTESIAN_POINT('Ctrl Pts',(4.07150687114276,-11.0586983748037,68.8232286942516));
#7616=CARTESIAN_POINT('Ctrl Pts',(6.19562814032229,-10.2752744176877,68.9150262438591));
#7617=CARTESIAN_POINT('Ctrl Pts',(8.08471431260447,-8.8639134333736,69.0068237934666));
#7618=CARTESIAN_POINT('Ctrl Pts',(9.44310956252918,-7.05026545304046,69.0986213430741));
#7619=CARTESIAN_POINT('Ctrl Pts',(10.1223071874915,-6.14344146287389,69.1445201178779));
#7620=CARTESIAN_POINT('Ctrl Pts',(10.6688320818645,-5.13604572370255,69.1904188926816));
#7621=CARTESIAN_POINT('Ctrl Pts',(11.0584662282652,-4.07244269178119,69.2363176674854));
#7622=CARTESIAN_POINT('Ctrl Pts',(11.8377345210665,-1.94523662793853,69.3281152170929));
#7623=CARTESIAN_POINT('Ctrl Pts',(11.9894398219785,0.406798606904249,69.4199127667004));
#7624=CARTESIAN_POINT('Ctrl Pts',(11.4889641948435,2.61536366215199,69.5117103163079));
#7625=CARTESIAN_POINT('Ctrl Pts',(11.238726381276,3.71964618977588,69.5576090911117));
#7626=CARTESIAN_POINT('Ctrl Pts',(10.8254433356968,4.78806117250102,69.6035078659154));
#7627=CARTESIAN_POINT('Ctrl Pts',(10.2692655871825,5.77512202843165,69.6494066407192));
#7628=CARTESIAN_POINT('Ctrl Pts',(9.4349989644112,7.25571331232758,69.7182548029248));
#7629=CARTESIAN_POINT('Ctrl Pts',(8.27921926003622,8.55325781093589,69.7871029651304));
#7630=CARTESIAN_POINT('Ctrl Pts',(6.90334182600203,9.548596189619,69.855951127336));
#7631=CARTESIAN_POINT('Ctrl Pts',(5.52746439196783,10.5439345683021,69.9247992895417));
#7632=CARTESIAN_POINT('Ctrl Pts',(3.9314892282744,11.23706682706,69.9936474517473));
#7633=CARTESIAN_POINT('Ctrl Pts',(2.26426242412496,11.5635246639244,70.0624956139529));
#7634=CARTESIAN_POINT('Ctrl Pts',(0.639513709017616,11.8816649131467,70.1295896426734));
#7635=CARTESIAN_POINT('Ctrl Pts',(-1.05290215906515,11.8515771912002,70.1966836713938));
#7636=CARTESIAN_POINT('Ctrl Pts',(-2.66526069600949,11.4771987909728,70.2637777001143));
#7637=CARTESIAN_POINT('Ctrl Pts',(-9.22041925426156,7.33520850679672,70.5839617745493));
#7638=CARTESIAN_POINT('Ctrl Pts',(-10.2781215068649,6.00566781192165,70.6528099368061));
#7639=CARTESIAN_POINT('Ctrl Pts',(-11.808847667313,2.88294037266976,70.7905062613198));
#7640=CARTESIAN_POINT('Ctrl Pts',(-11.9308714660788,-2.33378446814023,70.9970507480904));
#7641=CARTESIAN_POINT('Ctrl Pts',(-9.85213095426031,-7.11968410578038,71.2035952348609));
#7642=CARTESIAN_POINT('Ctrl Pts',(-5.96126116677388,-10.5936418609074,71.4101397216314));
#7643=CARTESIAN_POINT('Ctrl Pts',(-0.968852808256602,-12.1176457682836,
71.6166842084021));
#7644=CARTESIAN_POINT('Ctrl Pts',(3.622026122748,-11.484762633192,71.8002793077536));
#7645=CARTESIAN_POINT('Ctrl Pts',(8.15565838116938,-9.03099741515936,72.0068237945242));
#7646=CARTESIAN_POINT('Ctrl Pts',(10.9763647331976,-5.25440652968579,72.1904188938757));
#7647=CARTESIAN_POINT('Ctrl Pts',(12.1638840036011,0.351903890141975,72.4199127680653));
#7648=CARTESIAN_POINT('Ctrl Pts',(10.9889939273714,5.52581372087567,72.6264572548359));
#7649=CARTESIAN_POINT('Ctrl Pts',(7.11873573177919,9.85093400226044,72.8559511290254));
#7650=CARTESIAN_POINT('Ctrl Pts',(2.33787225160796,11.929320167783,73.0624956157959));
#7651=CARTESIAN_POINT('Ctrl Pts',(-2.88117553707721,11.8097536841571,73.2690401025665));
#7652=CARTESIAN_POINT('Ctrl Pts',(-6.00341855467047,10.279435453101,73.4067364270802));
#7653=CARTESIAN_POINT('Ctrl Pts',(-7.33319066977132,9.2220241630197,73.475584589337));
#7654=CARTESIAN_POINT('Ctrl Pts',(-8.77260879817087,6.97852503365519,70.9145021318611));
#7655=CARTESIAN_POINT('Ctrl Pts',(-9.77887897030313,5.71355646670282,70.983350294118));
#7656=CARTESIAN_POINT('Ctrl Pts',(-11.2351372896599,2.74251872533488,71.1210466186317));
#7657=CARTESIAN_POINT('Ctrl Pts',(-11.3510820709732,-2.2207284036124,71.3275911054022));
#7658=CARTESIAN_POINT('Ctrl Pts',(-9.37321027866692,-6.77402091530103,71.5341355921728));
#7659=CARTESIAN_POINT('Ctrl Pts',(-5.67129847373928,-10.0790669128947,71.7406800789433));
#7660=CARTESIAN_POINT('Ctrl Pts',(-0.921428012518744,-11.5288758728407,
71.947224565714));
#7661=CARTESIAN_POINT('Ctrl Pts',(3.44636143823783,-10.9266127050996,72.1308196650655));
#7662=CARTESIAN_POINT('Ctrl Pts',(7.75963348911037,-8.59194593985291,72.3373641518361));
#7663=CARTESIAN_POINT('Ctrl Pts',(10.4431729344196,-4.99877898828777,72.5209592511876));
#7664=CARTESIAN_POINT('Ctrl Pts',(11.5728294357865,0.335154304625343,72.7504531253772));
#7665=CARTESIAN_POINT('Ctrl Pts',(10.4548787507892,5.25762954280141,72.9569976121477));
#7666=CARTESIAN_POINT('Ctrl Pts',(6.77255256252327,9.37248054780791,73.1864914863372));
#7667=CARTESIAN_POINT('Ctrl Pts',(2.22393205100694,11.3497403625435,73.3930359731078));
#7668=CARTESIAN_POINT('Ctrl Pts',(-2.74151818848818,11.2358336767088,73.5995804598784));
#7669=CARTESIAN_POINT('Ctrl Pts',(-5.71200711107589,9.77978410603095,73.7372767843921));
#7670=CARTESIAN_POINT('Ctrl Pts',(-6.97713506269937,8.7737143267802,73.8061249466489));
#7671=CARTESIAN_POINT('Ctrl Pts',(-8.32481361230825,6.62182335454651,71.245043543255));
#7672=CARTESIAN_POINT('Ctrl Pts',(-9.27964909312775,5.42142472616743,71.3138917055119));
#7673=CARTESIAN_POINT('Ctrl Pts',(-10.6614333369005,2.60207343009688,71.4515880300256));
#7674=CARTESIAN_POINT('Ctrl Pts',(-10.7712885900065,-2.1076964922557,71.6581325167962));
#7675=CARTESIAN_POINT('Ctrl Pts',(-8.8942757768152,-6.42837795327916,71.8646770035667));
#7676=CARTESIAN_POINT('Ctrl Pts',(-5.38131475327503,-9.56450452263947,72.0712214903373));
#7677=CARTESIAN_POINT('Ctrl Pts',(-0.873978848098358,-10.9401085557783,
72.2777659771079));
#7678=CARTESIAN_POINT('Ctrl Pts',(3.27072007536246,-10.3684560716822,72.4613610764594));
#7679=CARTESIAN_POINT('Ctrl Pts',(7.36362723118146,-8.15287851265558,72.66790556323));
#7680=CARTESIAN_POINT('Ctrl Pts',(9.90999228629871,-4.74312960903212,72.8515006625816));
#7681=CARTESIAN_POINT('Ctrl Pts',(10.9817747933114,0.318429247101717,73.0809945367711));
#7682=CARTESIAN_POINT('Ctrl Pts',(9.92075301505069,4.98946778859319,73.2875390235416));
#7683=CARTESIAN_POINT('Ctrl Pts',(6.42634992082733,8.89404195895247,73.5170328977312));
#7684=CARTESIAN_POINT('Ctrl Pts',(2.10996794169346,10.7701658867409,73.7235773845017));
#7685=CARTESIAN_POINT('Ctrl Pts',(-2.60188478829891,10.6619084848219,73.9301218712723));
#7686=CARTESIAN_POINT('Ctrl Pts',(-5.42061669427922,9.28012117714463,74.067818195786));
#7687=CARTESIAN_POINT('Ctrl Pts',(-6.62109843124572,8.32539018798794,74.1366663580428));
#7688=CARTESIAN_POINT('Ctrl Pts',(-7.87704317204334,6.26509245168763,71.5755869640331));
#7689=CARTESIAN_POINT('Ctrl Pts',(-8.78043976844251,5.12926021198996,71.6444351262899));
#7690=CARTESIAN_POINT('Ctrl Pts',(-10.08773991722,2.46159007313278,71.7821314508037));
#7691=CARTESIAN_POINT('Ctrl Pts',(-10.1914887077496,-1.99470353835656,71.9886759375742));
#7692=CARTESIAN_POINT('Ctrl Pts',(-8.41531914456462,-6.08276769504447,72.1952204243448));
#7693=CARTESIAN_POINT('Ctrl Pts',(-5.09129723880788,-9.0499625304139,72.4017649111153));
#7694=CARTESIAN_POINT('Ctrl Pts',(-0.826490431084071,-10.3513455791346,
72.6083093978859));
#7695=CARTESIAN_POINT('Ctrl Pts',(3.09511634961432,-9.81028880923653,72.7919044972375));
#7696=CARTESIAN_POINT('Ctrl Pts',(6.96765112272102,-7.71378551659476,72.998448984008));
#7697=CARTESIAN_POINT('Ctrl Pts',(9.3768297750878,-4.48744511943919,73.1820440833596));
#7698=CARTESIAN_POINT('Ctrl Pts',(10.3907202159078,0.301743719416987,73.4115379575492));
#7699=CARTESIAN_POINT('Ctrl Pts',(9.38661043138741,4.72134225351745,73.6180824443197));
#7700=CARTESIAN_POINT('Ctrl Pts',(6.08011600885981,8.4156274734104,73.8475763185092));
#7701=CARTESIAN_POINT('Ctrl Pts',(1.9959653404193,10.1906001811233,74.0541208052798));
#7702=CARTESIAN_POINT('Ctrl Pts',(-2.46229002218602,10.0879751179105,74.2606652920503));
#7703=CARTESIAN_POINT('Ctrl Pts',(-5.1292602515517,8.78043974533178,74.398361616564));
#7704=CARTESIAN_POINT('Ctrl Pts',(-6.26509248717897,7.87704314381492,74.4672097788209));
#7705=CARTESIAN_POINT('Ctrl Pts',(-11.4771857217072,2.66535893198562,70.7958731451918));
#7706=CARTESIAN_POINT('Ctrl Pts',(-11.8513884064192,1.05371244979829,70.8629323461583));
#7707=CARTESIAN_POINT('Ctrl Pts',(-11.881722928233,-0.63819447797194,70.9299915471248));
#7708=CARTESIAN_POINT('Ctrl Pts',(-11.5640774143131,-2.26198026761164,70.9970507480914));
#7709=CARTESIAN_POINT('Ctrl Pts',(-11.2379579621377,-3.9290843473531,71.0658989103482));
#7710=CARTESIAN_POINT('Ctrl Pts',(-10.5450444581983,-5.52438422656627,71.1347470726051));
#7711=CARTESIAN_POINT('Ctrl Pts',(-9.55010940831422,-6.90102712536062,71.2035952348619));
#7712=CARTESIAN_POINT('Ctrl Pts',(-8.55517435843021,-8.27767002415492,71.2724433971187));
#7713=CARTESIAN_POINT('Ctrl Pts',(-7.25821776260162,-9.4356559425304,71.3412915593756));
#7714=CARTESIAN_POINT('Ctrl Pts',(-5.77767140493457,-10.2686495529475,71.4101397216324));
#7715=CARTESIAN_POINT('Ctrl Pts',(-4.29712504726752,-11.1016431633646,71.4789878838893));
#7716=CARTESIAN_POINT('Ctrl Pts',(-2.63298892776197,-11.6096444658232,71.5478360461462));
#7717=CARTESIAN_POINT('Ctrl Pts',(-0.940131068445999,-11.7449795292229,
71.616684208403));
#7718=CARTESIAN_POINT('Ctrl Pts',(0.75272679087002,-11.8803145926226,71.6855323706599));
#7719=CARTESIAN_POINT('Ctrl Pts',(2.47430638999652,-11.6429834169633,71.7543805329167));
#7720=CARTESIAN_POINT('Ctrl Pts',(4.06966468133127,-11.0572979030931,71.8232286951736));
#7721=CARTESIAN_POINT('Ctrl Pts',(5.1332368755544,-10.6668408938463,71.8691274700115));
#7722=CARTESIAN_POINT('Ctrl Pts',(6.14071071075898,-10.1215597342835,71.9150262448494));
#7723=CARTESIAN_POINT('Ctrl Pts',(7.04741879689769,-9.44332305411897,71.9609250196873));
#7724=CARTESIAN_POINT('Ctrl Pts',(8.86083496917514,-8.08684969378981,72.0527225693631));
#7725=CARTESIAN_POINT('Ctrl Pts',(10.2711881451891,-6.1985542510533,72.1445201190389));
#7726=CARTESIAN_POINT('Ctrl Pts',(11.0579776759679,-4.07410632485393,72.2363176687147));
#7727=CARTESIAN_POINT('Ctrl Pts',(11.4513724413573,-3.01188236175427,72.2822164435526));
#7728=CARTESIAN_POINT('Ctrl Pts',(11.688876295438,-1.89062027778887,72.3281152183905));
#7729=CARTESIAN_POINT('Ctrl Pts',(11.7601833036229,-0.759859641757671,72.3740139932284));
#7730=CARTESIAN_POINT('Ctrl Pts',(11.9027973199928,1.50166163030478,72.4658115429042));
#7731=CARTESIAN_POINT('Ctrl Pts',(11.3806239527797,3.8011771106305,72.55760909258));
#7732=CARTESIAN_POINT('Ctrl Pts',(10.2722049221245,5.77528266651507,72.6494066422558));
#7733=CARTESIAN_POINT('Ctrl Pts',(9.44089064913319,7.2558618334285,72.7182548045126));
#7734=CARTESIAN_POINT('Ctrl Pts',(8.27981319045567,8.55339791784377,72.7871029667695));
#7735=CARTESIAN_POINT('Ctrl Pts',(6.90246388108847,9.54856365430511,72.8559511290264));
#7736=CARTESIAN_POINT('Ctrl Pts',(5.52511457172132,10.5437293907664,72.9247992912832));
#7737=CARTESIAN_POINT('Ctrl Pts',(3.93149341166444,11.2365247792739,72.9936474535401));
#7738=CARTESIAN_POINT('Ctrl Pts',(2.26484153352197,11.5629947262566,73.0624956157969));
#7739=CARTESIAN_POINT('Ctrl Pts',(0.640653112474655,11.8811467738817,73.1295896438987));
#7740=CARTESIAN_POINT('Ctrl Pts',(-1.05289203695798,11.8514022813322,73.1966836720005));
#7741=CARTESIAN_POINT('Ctrl Pts',(-2.66557549263655,11.4771611794012,73.2637777001022));
#7742=CARTESIAN_POINT('Ctrl Pts',(-9.22041925426156,7.33520850679672,73.5839617745493));
#7743=CARTESIAN_POINT('Ctrl Pts',(-10.278121506078,6.0056678129108,73.6528099367549));
#7744=CARTESIAN_POINT('Ctrl Pts',(-11.8089772613842,2.88385280783898,73.7905062611662));
#7745=CARTESIAN_POINT('Ctrl Pts',(-11.9305816882814,-2.33548573534148,73.997050747783));
#7746=CARTESIAN_POINT('Ctrl Pts',(-9.85256180458776,-7.11625650555063,74.2035952344));
#7747=CARTESIAN_POINT('Ctrl Pts',(-5.52735624791842,-10.9883008634019,74.4330891084187));
#7748=CARTESIAN_POINT('Ctrl Pts',(-0.355026919035857,-12.1637218724263,
74.6396335950356));
#7749=CARTESIAN_POINT('Ctrl Pts',(5.25340411536206,-10.9774578497278,74.8691274690544));
#7750=CARTESIAN_POINT('Ctrl Pts',(9.02675209237118,-8.15775181869846,75.0527225682694));
#7751=CARTESIAN_POINT('Ctrl Pts',(11.7614243412836,-3.12026952116551,75.2822164422881));
#7752=CARTESIAN_POINT('Ctrl Pts',(12.0661826279094,1.58103969554468,75.4658115415032));
#7753=CARTESIAN_POINT('Ctrl Pts',(10.003125571143,6.9298432740432,75.6953054155219));
#7754=CARTESIAN_POINT('Ctrl Pts',(6.61974503040405,10.2104814710098,75.8789005147369));
#7755=CARTESIAN_POINT('Ctrl Pts',(1.75367636342837,11.9130632101663,76.0854450013538));
#7756=CARTESIAN_POINT('Ctrl Pts',(-2.87866031722804,11.8114740869157,76.2690401005688));
#7757=CARTESIAN_POINT('Ctrl Pts',(-6.00341850934414,10.2794354793637,76.4067364249801));
#7758=CARTESIAN_POINT('Ctrl Pts',(-7.33319062822,9.22202419606058,76.4755845871858));
#7759=CARTESIAN_POINT('Ctrl Pts',(-8.77260879817087,6.97852503365519,73.9145021318611));
#7760=CARTESIAN_POINT('Ctrl Pts',(-9.77887896955449,5.71355646764393,73.9833502940668));
#7761=CARTESIAN_POINT('Ctrl Pts',(-11.2352606125375,2.7433868216374,74.121046618478));
#7762=CARTESIAN_POINT('Ctrl Pts',(-11.3508063262445,-2.22234699774159,74.3275911050949));
#7763=CARTESIAN_POINT('Ctrl Pts',(-9.3736202917554,-6.77075987549629,74.5341355917118));
#7764=CARTESIAN_POINT('Ctrl Pts',(-5.25846571398595,-10.454536929745,74.7636294657306));
#7765=CARTESIAN_POINT('Ctrl Pts',(-0.337426660768537,-11.5726954887476,
74.9701739523474));
#7766=CARTESIAN_POINT('Ctrl Pts',(4.9984560144402,-10.4439110321605,75.1996678263663));
#7767=CARTESIAN_POINT('Ctrl Pts',(8.58837559950936,-7.76110644195294,75.3832629255813));
#7768=CARTESIAN_POINT('Ctrl Pts',(11.1900250762267,-2.96831737194913,75.6127567996));
#7769=CARTESIAN_POINT('Ctrl Pts',(11.4798400678792,1.50456345873508,75.7963518988151));
#7770=CARTESIAN_POINT('Ctrl Pts',(9.51687349729798,6.59340881745254,76.0258457728338));
#7771=CARTESIAN_POINT('Ctrl Pts',(6.29779756366692,9.71454325161109,76.2094408720488));
#7772=CARTESIAN_POINT('Ctrl Pts',(1.6681227685094,11.3342565276939,76.4159853586657));
#7773=CARTESIAN_POINT('Ctrl Pts',(-2.7391252287493,11.2374705623856,76.5995804578807));
#7774=CARTESIAN_POINT('Ctrl Pts',(-5.71200706795273,9.77978413101882,76.737276782292));
#7775=CARTESIAN_POINT('Ctrl Pts',(-6.97713502316798,8.77371435821681,76.8061249444976));
#7776=CARTESIAN_POINT('Ctrl Pts',(-8.32481361230825,6.62182335454652,74.245043543255));
#7777=CARTESIAN_POINT('Ctrl Pts',(-9.27964909241738,5.4214247270605,74.3138917054607));
#7778=CARTESIAN_POINT('Ctrl Pts',(-10.6615503907921,2.60289718716098,74.451588029872));
#7779=CARTESIAN_POINT('Ctrl Pts',(-10.7710268735044,-2.10923241280421,74.6581325164888));
#7780=CARTESIAN_POINT('Ctrl Pts',(-8.89466496015717,-6.42528347408944,74.8646770031058));
#7781=CARTESIAN_POINT('Ctrl Pts',(-4.98955332618891,-9.92078469623536,75.0941708771245));
#7782=CARTESIAN_POINT('Ctrl Pts',(-0.319801914214014,-10.9816704580067,
75.3007153637414));
#7783=CARTESIAN_POINT('Ctrl Pts',(4.7435303034408,-9.91035420934516,75.5302092377602));
#7784=CARTESIAN_POINT('Ctrl Pts',(8.15001600393113,-7.36444329052665,75.7138043369752));
#7785=CARTESIAN_POINT('Ctrl Pts',(10.6186327208346,-2.81634169576306,75.9432982109939));
#7786=CARTESIAN_POINT('Ctrl Pts',(10.8934949516494,1.42811161784643,76.126893310209));
#7787=CARTESIAN_POINT('Ctrl Pts',(9.03060799394577,6.256994875817,76.3563871842277));
#7788=CARTESIAN_POINT('Ctrl Pts',(5.97582985729379,9.21861889217329,76.5399822834428));
#7789=CARTESIAN_POINT('Ctrl Pts',(1.58254527030899,10.7554540148397,76.7465267700596));
#7790=CARTESIAN_POINT('Ctrl Pts',(-2.59961409558191,10.6634618540379,76.9301218692747));
#7791=CARTESIAN_POINT('Ctrl Pts',(-5.42061665335927,9.28012120085779,77.0678181936859));
#7792=CARTESIAN_POINT('Ctrl Pts',(-6.62109839373433,8.32539021782037,77.1366663558915));
#7793=CARTESIAN_POINT('Ctrl Pts',(-7.87704317204334,6.26509245168763,74.5755869640331));
#7794=CARTESIAN_POINT('Ctrl Pts',(-8.78043976777041,5.129260212835,74.6444351262387));
#7795=CARTESIAN_POINT('Ctrl Pts',(-10.0878507056285,2.46236949040037,74.78213145065));
#7796=CARTESIAN_POINT('Ctrl Pts',(-10.1912410118883,-1.99615678454029,74.9886759372669));
#7797=CARTESIAN_POINT('Ctrl Pts',(-8.41568751014817,-6.07983977679974,75.1952204238838));
#7798=CARTESIAN_POINT('Ctrl Pts',(-4.72060580739486,-9.38705148547654,75.4247142979025));
#7799=CARTESIAN_POINT('Ctrl Pts',(-0.302137712196144,-10.3906477922549,
75.6312587845194));
#7800=CARTESIAN_POINT('Ctrl Pts',(4.48864075214041,-9.37678143012823,75.8607526585382));
#7801=CARTESIAN_POINT('Ctrl Pts',(7.71168377605217,-6.96775162304637,76.0443477577533));
#7802=CARTESIAN_POINT('Ctrl Pts',(10.047251677461,-2.66432815433085,76.273841631772));
#7803=CARTESIAN_POINT('Ctrl Pts',(10.3071459002143,1.35169911259799,76.457436730987));
#7804=CARTESIAN_POINT('Ctrl Pts',(8.54432100077419,5.92061409794688,76.6869306050058));
#7805=CARTESIAN_POINT('Ctrl Pts',(5.65382963932517,8.72271702413059,76.8705257042208));
#7806=CARTESIAN_POINT('Ctrl Pts',(1.49692927959518,10.1766584000976,77.0770701908377));
#7807=CARTESIAN_POINT('Ctrl Pts',(-2.46014160704802,10.0894449724295,77.2606652900527));
#7808=CARTESIAN_POINT('Ctrl Pts',(-5.12926021283505,8.78043976777038,77.398361614464));
#7809=CARTESIAN_POINT('Ctrl Pts',(-6.26509245168767,7.8770431720433,77.4672097766696));
#7810=CARTESIAN_POINT('Ctrl Pts',(-11.477209897418,2.66559015266696,73.7958731451577));
#7811=CARTESIAN_POINT('Ctrl Pts',(-11.8513710735059,1.0537092434677,73.8629323460331));
#7812=CARTESIAN_POINT('Ctrl Pts',(-11.8815742455117,-0.639013619640099,
73.9299915469086));
#7813=CARTESIAN_POINT('Ctrl Pts',(-11.5639776365146,-2.26239110651256,73.997050747784));
#7814=CARTESIAN_POINT('Ctrl Pts',(-11.2379083937152,-3.92907599207726,74.0658989099897));
#7815=CARTESIAN_POINT('Ctrl Pts',(-10.5452350991508,-5.52266624881345,74.1347470721953));
#7816=CARTESIAN_POINT('Ctrl Pts',(-9.55011761836825,-6.90026803085914,74.2035952344009));
#7817=CARTESIAN_POINT('Ctrl Pts',(-8.55500013758571,-8.27786981290482,74.2724433966066));
#7818=CARTESIAN_POINT('Ctrl Pts',(-7.25743847058509,-9.43948312026004,74.3412915588122));
#7819=CARTESIAN_POINT('Ctrl Pts',(-5.77707047103019,-10.2711794400379,74.4101397210178));
#7820=CARTESIAN_POINT('Ctrl Pts',(-3.80324647162366,-11.3801078664084,74.5019372706253));
#7821=CARTESIAN_POINT('Ctrl Pts',(-1.50443343656509,-11.9025172037525,74.5937348202328));
#7822=CARTESIAN_POINT('Ctrl Pts',(0.757419184293661,-11.7603165768143,74.6855323698403));
#7823=CARTESIAN_POINT('Ctrl Pts',(1.88834549472306,-11.6892162633452,74.7314311446441));
#7824=CARTESIAN_POINT('Ctrl Pts',(3.01003170160253,-11.4519634588055,74.7773299194479));
#7825=CARTESIAN_POINT('Ctrl Pts',(4.07226817093954,-11.05881941986,74.8232286942516));
#7826=CARTESIAN_POINT('Ctrl Pts',(6.19674110961352,-10.2725313419689,74.9150262438591));
#7827=CARTESIAN_POINT('Ctrl Pts',(8.08341509811776,-8.86267832645448,75.0068237934666));
#7828=CARTESIAN_POINT('Ctrl Pts',(9.4415523606624,-7.04939870860774,75.0986213430741));
#7829=CARTESIAN_POINT('Ctrl Pts',(10.1206209919347,-6.14275889968438,75.1445201178779));
#7830=CARTESIAN_POINT('Ctrl Pts',(10.6675554417171,-5.13526244017795,75.1904188926816));
#7831=CARTESIAN_POINT('Ctrl Pts',(11.0575749321242,-4.07182236578122,75.2363176674854));
#7832=CARTESIAN_POINT('Ctrl Pts',(11.8376139129383,-1.94494221698772,75.3281152170929));
#7833=CARTESIAN_POINT('Ctrl Pts',(11.9899930562512,0.405712391367027,75.4199127667004));
#7834=CARTESIAN_POINT('Ctrl Pts',(11.4906375555512,2.61561154841801,75.5117103163079));
#7835=CARTESIAN_POINT('Ctrl Pts',(11.2409598052012,3.72056112694352,75.5576090911117));
#7836=CARTESIAN_POINT('Ctrl Pts',(10.828348393848,4.79032184264308,75.6035078659154));
#7837=CARTESIAN_POINT('Ctrl Pts',(10.2713257412176,5.77688216952331,75.6494066407191));
#7838=CARTESIAN_POINT('Ctrl Pts',(9.15728043595692,7.75000282328371,75.7412041903266));
#7839=CARTESIAN_POINT('Ctrl Pts',(7.46559016558769,9.39032192176677,75.8330017399342));
#7840=CARTESIAN_POINT('Ctrl Pts',(5.45989528524981,10.4415636180481,75.9247992895417));
#7841=CARTESIAN_POINT('Ctrl Pts',(4.4570478450809,10.9671844661888,75.9706980643454));
#7842=CARTESIAN_POINT('Ctrl Pts',(3.37569925241981,11.3455359637791,76.0165968391492));
#7843=CARTESIAN_POINT('Ctrl Pts',(2.2636564287576,11.5623879500082,76.0624956139529));
#7844=CARTESIAN_POINT('Ctrl Pts',(0.6380916187231,11.8793784024435,76.1295896426694));
#7845=CARTESIAN_POINT('Ctrl Pts',(-1.05306087778312,11.8512753643104,76.1966836713858));
#7846=CARTESIAN_POINT('Ctrl Pts',(-2.66502053636782,11.4775348376412,76.2637777001022));
#7847=CARTESIAN_POINT('Ctrl Pts',(-9.22041925426151,7.33520850679679,76.5839617745493));
#7848=CARTESIAN_POINT('Ctrl Pts',(-10.278121506078,6.00566781291088,76.6528099367549));
#7849=CARTESIAN_POINT('Ctrl Pts',(-11.8091005394235,2.88243931381466,76.7905062611662));
#7850=CARTESIAN_POINT('Ctrl Pts',(-11.9298794635984,-2.33237479713116,76.997050747783));
#7851=CARTESIAN_POINT('Ctrl Pts',(-9.85242871016838,-7.12091050546944,77.2035952343999));
#7852=CARTESIAN_POINT('Ctrl Pts',(-6.39321369610212,-10.2050336671588,77.3871903336149));
#7853=CARTESIAN_POINT('Ctrl Pts',(-1.58578362050114,-12.0649576148052,77.5937348202318));
#7854=CARTESIAN_POINT('Ctrl Pts',(3.11959915185691,-11.76238687897,77.7773299194469));
#7855=CARTESIAN_POINT('Ctrl Pts',(8.15404243744992,-9.03184520286607,78.0068237934656));
#7856=CARTESIAN_POINT('Ctrl Pts',(11.6915364597007,-4.30654962481747,78.2363176674844));
#7857=CARTESIAN_POINT('Ctrl Pts',(12.0645126114337,1.58453793108602,78.4658115415032));
#7858=CARTESIAN_POINT('Ctrl Pts',(10.0041246309112,6.92805651338741,78.6953054155219));
#7859=CARTESIAN_POINT('Ctrl Pts',(6.61942756569849,10.2110511420917,78.8789005147369));
#7860=CARTESIAN_POINT('Ctrl Pts',(1.75384885677062,11.9127511623449,79.0854450013538));
#7861=CARTESIAN_POINT('Ctrl Pts',(-2.87875796105503,11.8116481149606,79.2690401005689));
#7862=CARTESIAN_POINT('Ctrl Pts',(-6.00341850934407,10.2794354793637,79.4067364249801));
#7863=CARTESIAN_POINT('Ctrl Pts',(-7.33319062821993,9.22202419606063,79.4755845871857));
#7864=CARTESIAN_POINT('Ctrl Pts',(-8.77260879817082,6.97852503365526,76.9145021318611));
#7865=CARTESIAN_POINT('Ctrl Pts',(-9.77887896955445,5.713556467644,76.9833502940668));
#7866=CARTESIAN_POINT('Ctrl Pts',(-11.2353778647004,2.74204200461149,77.121046618478));
#7867=CARTESIAN_POINT('Ctrl Pts',(-11.3501383001312,-2.21938720058973,77.3275911050949));
#7868=CARTESIAN_POINT('Ctrl Pts',(-9.37349354706225,-6.77518774082937,77.5341355917118));
#7869=CARTESIAN_POINT('Ctrl Pts',(-6.08227355374714,-9.70935364837575,77.7177306909268));
#7870=CARTESIAN_POINT('Ctrl Pts',(-1.50838359888081,-11.4787655418693,77.9242751775437));
#7871=CARTESIAN_POINT('Ctrl Pts',(2.96835542590772,-11.1907615905346,78.1078702767587));
#7872=CARTESIAN_POINT('Ctrl Pts',(7.75809610509885,-8.59275259155837,78.3373641507775));
#7873=CARTESIAN_POINT('Ctrl Pts',(11.1235671474475,-4.0969580092267,78.5668580247963));
#7874=CARTESIAN_POINT('Ctrl Pts',(11.4782510943531,1.50789166991078,78.796351898815));
#7875=CARTESIAN_POINT('Ctrl Pts',(9.51782406578241,6.59170890341939,79.0258457728338));
#7876=CARTESIAN_POINT('Ctrl Pts',(6.29749550731924,9.71508523396395,79.2094408720488));
#7877=CARTESIAN_POINT('Ctrl Pts',(1.66828688930994,11.333959647112,79.4159853586657));
#7878=CARTESIAN_POINT('Ctrl Pts',(-2.73921813362996,11.2376361317559,79.5995804578807));
#7879=CARTESIAN_POINT('Ctrl Pts',(-5.71200706795266,9.77978413101886,79.737276782292));
#7880=CARTESIAN_POINT('Ctrl Pts',(-6.97713502316792,8.77371435821686,79.8061249444976));
#7881=CARTESIAN_POINT('Ctrl Pts',(-8.3248136123082,6.62182335454658,77.2450435432551));
#7882=CARTESIAN_POINT('Ctrl Pts',(-9.27964909241734,5.42142472706057,77.3138917054607));
#7883=CARTESIAN_POINT('Ctrl Pts',(-10.6616616100457,2.60162104793811,77.4515880298719));
#7884=CARTESIAN_POINT('Ctrl Pts',(-10.7703930626015,-2.1064237547984,77.6581325164888));
#7885=CARTESIAN_POINT('Ctrl Pts',(-8.89454454160171,-6.42948519818293,77.8646770031057));
#7886=CARTESIAN_POINT('Ctrl Pts',(-5.77131318352238,-9.21368703338141,78.0482721023207));
#7887=CARTESIAN_POINT('Ctrl Pts',(-1.43095935015457,-10.892577309205,78.2548165889376));
#7888=CARTESIAN_POINT('Ctrl Pts',(2.81713555399291,-10.6191306256206,78.4384116881527));
#7889=CARTESIAN_POINT('Ctrl Pts',(7.3621683941786,-8.15364402154257,78.6679055621713));
#7890=CARTESIAN_POINT('Ctrl Pts',(10.5556071213721,-3.88734306406059,78.8973994361902));
#7891=CARTESIAN_POINT('Ctrl Pts',(10.8919870164012,1.43126979864393,79.1268933102089));
#7892=CARTESIAN_POINT('Ctrl Pts',(9.03151007322751,6.25538181117199,79.3563871842277));
#7893=CARTESIAN_POINT('Ctrl Pts',(5.97554320894038,9.21913318451774,79.5399822834427));
#7894=CARTESIAN_POINT('Ctrl Pts',(1.58270101923691,10.7551723019626,79.7465267700596));
#7895=CARTESIAN_POINT('Ctrl Pts',(-2.59970226136946,10.6636189643969,79.9301218692746));
#7896=CARTESIAN_POINT('Ctrl Pts',(-5.4206166533592,9.28012120085783,80.0678181936859));
#7897=CARTESIAN_POINT('Ctrl Pts',(-6.62109839373427,8.32539021782041,80.1366663558915));
#7898=CARTESIAN_POINT('Ctrl Pts',(-7.87704317204329,6.26509245168769,77.5755869640331));
#7899=CARTESIAN_POINT('Ctrl Pts',(-8.78043976777037,5.12926021283506,77.6444351262387));
#7900=CARTESIAN_POINT('Ctrl Pts',(-10.0879558812996,2.46116203005502,77.78213145065));
#7901=CARTESIAN_POINT('Ctrl Pts',(-10.1906414413507,-1.99349926254929,77.9886759372669));
#7902=CARTESIAN_POINT('Ctrl Pts',(-8.41557338193057,-6.08381535012694,78.1952204238838));
#7903=CARTESIAN_POINT('Ctrl Pts',(-5.46032031521809,-8.71804217446626,78.3788155230988));
#7904=CARTESIAN_POINT('Ctrl Pts',(-1.35349608597567,-10.3063954461426,78.5853600097157));
#7905=CARTESIAN_POINT('Ctrl Pts',(2.66595416957373,-10.0474906934744,78.7689551089307));
#7906=CARTESIAN_POINT('Ctrl Pts',(6.96627081455913,-7.71450987321612,78.9984489829495));
#7907=CARTESIAN_POINT('Ctrl Pts',(9.98766223740268,-3.67769059059376,79.2279428569682));
#7908=CARTESIAN_POINT('Ctrl Pts',(10.3057189952854,1.3546872538168,79.457436730987));
#7909=CARTESIAN_POINT('Ctrl Pts',(8.5451745944752,5.91908788699359,79.6869306050057));
#7910=CARTESIAN_POINT('Ctrl Pts',(5.65355839824496,8.72320362451546,79.8705257042208));
#7911=CARTESIAN_POINT('Ctrl Pts',(1.49707665772701,10.1763918556485,80.0770701908377));
#7912=CARTESIAN_POINT('Ctrl Pts',(-2.46022503358773,10.0895936232581,80.2606652900527));
#7913=CARTESIAN_POINT('Ctrl Pts',(-5.12926021283498,8.78043976777042,80.398361614464));
#7914=CARTESIAN_POINT('Ctrl Pts',(-6.26509245168762,7.87704317204335,80.4672097766696));
#7915=CARTESIAN_POINT('Ctrl Pts',(-11.4771561157387,2.66531752660634,76.7958731451918));
#7916=CARTESIAN_POINT('Ctrl Pts',(-11.8512050409245,1.05388088573176,76.8629323460559));
#7917=CARTESIAN_POINT('Ctrl Pts',(-11.8811460780785,-0.637424859418326,
76.92999154692));
#7918=CARTESIAN_POINT('Ctrl Pts',(-11.5635078506625,-2.26132839669635,76.997050747784));
#7919=CARTESIAN_POINT('Ctrl Pts',(-11.23739587912,-3.92855336657678,77.0658989099897));
#7920=CARTESIAN_POINT('Ctrl Pts',(-10.5449122946435,-5.52473193602263,77.1347470721953));
#7921=CARTESIAN_POINT('Ctrl Pts',(-9.55006768726785,-6.90109431356221,77.2035952344009));
#7922=CARTESIAN_POINT('Ctrl Pts',(-8.55522307989224,-8.2774566911018,77.2724433966066));
#7923=CARTESIAN_POINT('Ctrl Pts',(-7.25801744961757,-9.43400287673514,77.3412915588122));
#7924=CARTESIAN_POINT('Ctrl Pts',(-5.77764918238765,-10.2686061405177,77.4101397210178));
#7925=CARTESIAN_POINT('Ctrl Pts',(-4.79073700423438,-10.8250083163727,77.4560384958216));
#7926=CARTESIAN_POINT('Ctrl Pts',(-3.72241920965657,-11.238324749183,77.5019372706253));
#7927=CARTESIAN_POINT('Ctrl Pts',(-2.61809211557492,-11.4886548097369,77.5478360454291));
#7928=CARTESIAN_POINT('Ctrl Pts',(-0.409437927411573,-11.9893149308447,
77.6396335950366));
#7929=CARTESIAN_POINT('Ctrl Pts',(1.94325345876712,-11.8380295629271,77.7314311446441));
#7930=CARTESIAN_POINT('Ctrl Pts',(4.07000213031796,-11.0594566599936,77.8232286942516));
#7931=CARTESIAN_POINT('Ctrl Pts',(5.13337646609335,-10.6701702085269,77.8691274690554));
#7932=CARTESIAN_POINT('Ctrl Pts',(6.14026512321179,-10.1240618733062,77.9150262438591));
#7933=CARTESIAN_POINT('Ctrl Pts',(7.04735716277409,-9.44496994462255,77.9609250186628));
#7934=CARTESIAN_POINT('Ctrl Pts',(8.86154124189875,-8.08678608725522,78.0527225682704));
#7935=CARTESIAN_POINT('Ctrl Pts',(10.2765388507989,-6.19666785603604,78.1445201178779));
#7936=CARTESIAN_POINT('Ctrl Pts',(11.0586328855955,-4.07339122924592,78.2363176674854));
#7937=CARTESIAN_POINT('Ctrl Pts',(11.8407269203922,-1.95011460245581,78.3281152170929));
#7938=CARTESIAN_POINT('Ctrl Pts',(11.9899173810854,0.406320419905259,78.4199127667004));
#7939=CARTESIAN_POINT('Ctrl Pts',(11.4902107398439,2.61673704930577,78.5117103163079));
#7940=CARTESIAN_POINT('Ctrl Pts',(11.2403574192231,3.72194536400605,78.5576090911117));
#7941=CARTESIAN_POINT('Ctrl Pts',(10.8282798231187,4.79064908046614,78.6035078659154));
#7942=CARTESIAN_POINT('Ctrl Pts',(10.271503336948,5.77670111049822,78.6494066407191));
#7943=CARTESIAN_POINT('Ctrl Pts',(9.15795036460672,7.74880517056235,78.7412041903267));
#7944=CARTESIAN_POINT('Ctrl Pts',(7.46560183200058,9.39030248491426,78.8330017399342));
#7945=CARTESIAN_POINT('Ctrl Pts',(5.45983270367198,10.4416756697732,78.9247992895417));
#7946=CARTESIAN_POINT('Ctrl Pts',(4.45694813950769,10.9673622622026,78.9706980643454));
#7947=CARTESIAN_POINT('Ctrl Pts',(3.3757084264128,11.3455178222588,79.0165968391492));
#7948=CARTESIAN_POINT('Ctrl Pts',(2.26370391677337,11.5623008535541,79.0624956139529));
#7949=CARTESIAN_POINT('Ctrl Pts',(0.638195113509999,11.8791905088694,79.1295896426693));
#7950=CARTESIAN_POINT('Ctrl Pts',(-1.05305216126139,11.851258011086,79.1966836713857));
#7951=CARTESIAN_POINT('Ctrl Pts',(-2.66504097057401,11.4775703234265,79.2637777001021));
#7952=CARTESIAN_POINT('Ctrl Pts',(-9.22041925426156,7.33520850679673,79.5839617745493));
#7953=CARTESIAN_POINT('Ctrl Pts',(-10.278121506078,6.00566781291081,79.6528099367549));
#7954=CARTESIAN_POINT('Ctrl Pts',(-11.8090954136449,2.88244116900396,79.7905062611661));
#7955=CARTESIAN_POINT('Ctrl Pts',(-11.9298755430656,-2.33237126018878,79.997050747783));
#7956=CARTESIAN_POINT('Ctrl Pts',(-9.85242485894783,-7.12089424012131,80.2035952343999));
#7957=CARTESIAN_POINT('Ctrl Pts',(-6.39321507713588,-10.2050369777986,80.3871903336149));
#7958=CARTESIAN_POINT('Ctrl Pts',(-1.58578879637787,-12.0649403021533,80.5937348202318));
#7959=CARTESIAN_POINT('Ctrl Pts',(3.11960056838592,-11.7624053883542,80.7773299194468));
#7960=CARTESIAN_POINT('Ctrl Pts',(8.1540451571183,-9.03185522480699,81.0068237934656));
#7961=CARTESIAN_POINT('Ctrl Pts',(11.691537921171,-4.30655057937204,81.2363176674844));
#7962=CARTESIAN_POINT('Ctrl Pts',(12.0645206816135,1.58454182596952,81.4658115415031));
#7963=CARTESIAN_POINT('Ctrl Pts',(10.0041372516979,6.92806690683887,81.6953054155219));
#7964=CARTESIAN_POINT('Ctrl Pts',(6.61941150227292,10.2110346637377,81.878900514737));
#7965=CARTESIAN_POINT('Ctrl Pts',(1.75385007477044,11.9127501224611,82.0854450013538));
#7966=CARTESIAN_POINT('Ctrl Pts',(-2.87875925429088,11.8116390724549,82.2690401005689));
#7967=CARTESIAN_POINT('Ctrl Pts',(-6.00341850934414,10.2794354793637,82.4067364249801));
#7968=CARTESIAN_POINT('Ctrl Pts',(-7.33319062821999,9.22202419606058,82.4755845871857));
#7969=CARTESIAN_POINT('Ctrl Pts',(-8.77260879817086,6.9785250336552,79.9145021318611));
#7970=CARTESIAN_POINT('Ctrl Pts',(-9.77887896955449,5.71355646764393,79.9833502940668));
#7971=CARTESIAN_POINT('Ctrl Pts',(-11.2353729879984,2.74204376938042,80.121046618478));
#7972=CARTESIAN_POINT('Ctrl Pts',(-11.350134570117,-2.21938383586777,80.327591105095));
#7973=CARTESIAN_POINT('Ctrl Pts',(-9.37348988325965,-6.77517226622703,80.5341355917118));
#7974=CARTESIAN_POINT('Ctrl Pts',(-6.08227486721312,-9.70935679845473,80.7177306909268));
#7975=CARTESIAN_POINT('Ctrl Pts',(-1.50838852326946,-11.4787490706136,80.9242751775437));
#7976=CARTESIAN_POINT('Ctrl Pts',(2.96835677469499,-11.1907792003859,81.1078702767587));
#7977=CARTESIAN_POINT('Ctrl Pts',(7.75809869335668,-8.59276212616409,81.3373641507775));
#7978=CARTESIAN_POINT('Ctrl Pts',(11.1235685381416,-4.09695891686637,81.5668580247962));
#7979=CARTESIAN_POINT('Ctrl Pts',(11.4782587721842,1.50789537628796,81.796351898815));
#7980=CARTESIAN_POINT('Ctrl Pts',(9.51783607273111,6.59171879268376,82.0258457728338));
#7981=CARTESIAN_POINT('Ctrl Pts',(6.29748022453827,9.7150695561361,82.2094408720489));
#7982=CARTESIAN_POINT('Ctrl Pts',(1.66828804775977,11.333958657894,82.4159853586657));
#7983=CARTESIAN_POINT('Ctrl Pts',(-2.73921936414653,11.237627528617,82.5995804578807));
#7984=CARTESIAN_POINT('Ctrl Pts',(-5.71200706795272,9.77978413101882,82.737276782292));
#7985=CARTESIAN_POINT('Ctrl Pts',(-6.97713502316798,8.77371435821682,82.8061249444976));
#7986=CARTESIAN_POINT('Ctrl Pts',(-8.32481361230825,6.62182335454652,80.2450435432551));
#7987=CARTESIAN_POINT('Ctrl Pts',(-9.27964909241737,5.4214247270605,80.3138917054607));
#7988=CARTESIAN_POINT('Ctrl Pts',(-10.6616569824581,2.60162272266522,80.4515880298719));
#7989=CARTESIAN_POINT('Ctrl Pts',(-10.7703895231848,-2.10642056187828,80.6581325164888));
#7990=CARTESIAN_POINT('Ctrl Pts',(-8.89454106540721,-6.42947051386505,80.8646770031057));
#7991=CARTESIAN_POINT('Ctrl Pts',(-5.77131442973412,-9.21369002267378,81.0482721023208));
#7992=CARTESIAN_POINT('Ctrl Pts',(-1.43096402351519,-10.8925616793349,81.2548165889376));
#7993=CARTESIAN_POINT('Ctrl Pts',(2.8171368345931,-10.6191473360413,81.4384116881526));
#7994=CARTESIAN_POINT('Ctrl Pts',(7.36217085065521,-8.15365306906054,81.6679055621714));
#7995=CARTESIAN_POINT('Ctrl Pts',(10.5556084411108,-3.8873439252093,81.8973994361902));
#7996=CARTESIAN_POINT('Ctrl Pts',(10.8919943019687,1.43127331608428,82.1268933102089));
#7997=CARTESIAN_POINT('Ctrl Pts',(9.03152146657398,6.25539119586795,82.3563871842277));
#7998=CARTESIAN_POINT('Ctrl Pts',(5.97552870714296,9.21911830692036,82.5399822834428));
#7999=CARTESIAN_POINT('Ctrl Pts',(1.58270211848405,10.755171363324,82.7465267700597));
#8000=CARTESIAN_POINT('Ctrl Pts',(-2.59970342881931,10.6636108005982,82.9301218692747));
#8001=CARTESIAN_POINT('Ctrl Pts',(-5.42061665335927,9.2801212008578,83.0678181936859));
#8002=CARTESIAN_POINT('Ctrl Pts',(-6.62109839373432,8.32539021782037,83.1366663558915));
#8003=CARTESIAN_POINT('Ctrl Pts',(-7.87704317204334,6.26509245168763,80.5755869640331));
#8004=CARTESIAN_POINT('Ctrl Pts',(-8.7804397677704,5.129260212835,80.6444351262387));
#8005=CARTESIAN_POINT('Ctrl Pts',(-10.0879515028798,2.46116361529222,80.78213145065));
#8006=CARTESIAN_POINT('Ctrl Pts',(-10.1906380926451,-1.993496240821,80.9886759372669));
#8007=CARTESIAN_POINT('Ctrl Pts',(-8.41557009362318,-6.08380145542069,81.1952204238838));
#8008=CARTESIAN_POINT('Ctrl Pts',(-5.46032149462895,-8.71804500264275,81.3788155230988));
#8009=CARTESIAN_POINT('Ctrl Pts',(-1.35350050898234,-10.3063806576419,81.5853600097157));
#8010=CARTESIAN_POINT('Ctrl Pts',(2.66595538134511,-10.0475065046109,81.7689551089307));
#8011=CARTESIAN_POINT('Ctrl Pts',(6.96627313871781,-7.71451843400326,81.9984489829495));
#8012=CARTESIAN_POINT('Ctrl Pts',(9.98766348592345,-3.6776914058662,82.2279428569682));
#8013=CARTESIAN_POINT('Ctrl Pts',(10.30572588871,1.35469058169693,82.457436730987));
#8014=CARTESIAN_POINT('Ctrl Pts',(8.54518537455682,5.91909676656995,82.6869306050058));
#8015=CARTESIAN_POINT('Ctrl Pts',(5.65354467792711,8.72318954671185,82.8705257042208));
#8016=CARTESIAN_POINT('Ctrl Pts',(1.49707769827603,10.1763909674625,83.0770701908377));
#8017=CARTESIAN_POINT('Ctrl Pts',(-2.46022613746326,10.0895858987587,83.2606652900527));
#8018=CARTESIAN_POINT('Ctrl Pts',(-5.12926021283504,8.78043976777038,83.398361614464));
#8019=CARTESIAN_POINT('Ctrl Pts',(-6.26509245168767,7.87704317204331,83.4672097766696));
#8020=CARTESIAN_POINT('Ctrl Pts',(-11.4771523910193,2.66531925595751,79.7958731451918));
#8021=CARTESIAN_POINT('Ctrl Pts',(-11.8512003376449,1.05388333188088,79.8629323460559));
#8022=CARTESIAN_POINT('Ctrl Pts',(-11.8811417613169,-0.637421820654448,
79.92999154692));
#8023=CARTESIAN_POINT('Ctrl Pts',(-11.5635037408075,-2.26132301864511,79.997050747784));
#8024=CARTESIAN_POINT('Ctrl Pts',(-11.2373919816914,-3.92854558683243,80.0658989099897));
#8025=CARTESIAN_POINT('Ctrl Pts',(-10.5449084203189,-5.52471991347632,80.1347470721953));
#8026=CARTESIAN_POINT('Ctrl Pts',(-9.550064805543,-6.90108384011272,80.2035952344009));
#8027=CARTESIAN_POINT('Ctrl Pts',(-8.55522119076712,-8.27744776674907,80.2724433966065));
#8028=CARTESIAN_POINT('Ctrl Pts',(-7.25801752258787,-9.43400129337787,80.3412915588122));
#8029=CARTESIAN_POINT('Ctrl Pts',(-5.77765079916472,-10.2686033689003,80.4101397210178));
#8030=CARTESIAN_POINT('Ctrl Pts',(-4.79073965021591,-10.8250047525819,80.4560384958216));
#8031=CARTESIAN_POINT('Ctrl Pts',(-3.72242269893647,-11.2383166024385,80.5019372706253));
#8032=CARTESIAN_POINT('Ctrl Pts',(-2.61809561768659,-11.4886465928596,80.5478360454291));
#8033=CARTESIAN_POINT('Ctrl Pts',(-0.409441455186866,-11.9893065737018,
80.6396335950366));
#8034=CARTESIAN_POINT('Ctrl Pts',(1.94325322719469,-11.8380391168023,80.7314311446441));
#8035=CARTESIAN_POINT('Ctrl Pts',(4.07000334498365,-11.0594699208899,80.8232286942516));
#8036=CARTESIAN_POINT('Ctrl Pts',(5.13337840387811,-10.6701853229338,80.8691274690554));
#8037=CARTESIAN_POINT('Ctrl Pts',(6.14026732162442,-10.1240752902244,80.9150262438591));
#8038=CARTESIAN_POINT('Ctrl Pts',(7.04735945105877,-9.44498162538925,80.9609250186628));
#8039=CARTESIAN_POINT('Ctrl Pts',(8.86154370992751,-8.08679429571887,81.0527225682704));
#8040=CARTESIAN_POINT('Ctrl Pts',(10.2765408155484,-6.19667243754516,81.1445201178779));
#8041=CARTESIAN_POINT('Ctrl Pts',(11.0586359204473,-4.07339302739015,81.2363176674854));
#8042=CARTESIAN_POINT('Ctrl Pts',(11.8407310253462,-1.95011361723515,81.3281152170929));
#8043=CARTESIAN_POINT('Ctrl Pts',(11.9899241295232,0.406323344901146,81.4199127667004));
#8044=CARTESIAN_POINT('Ctrl Pts',(11.4902195829382,2.61674235384486,81.5117103163079));
#8045=CARTESIAN_POINT('Ctrl Pts',(11.2403673096456,3.72195185831675,81.5576090911116));
#8046=CARTESIAN_POINT('Ctrl Pts',(10.8282906236626,4.79065687449049,81.6035078659154));
#8047=CARTESIAN_POINT('Ctrl Pts',(10.2715123538885,5.77670753168119,81.6494066407192));
#8048=CARTESIAN_POINT('Ctrl Pts',(9.1579558143403,7.74880884606253,81.7412041903267));
#8049=CARTESIAN_POINT('Ctrl Pts',(7.46559293962803,9.39029272451171,81.8330017399342));
#8050=CARTESIAN_POINT('Ctrl Pts',(5.45982415101969,10.4416660050979,81.9247992895417));
#8051=CARTESIAN_POINT('Ctrl Pts',(4.45693975671555,10.967352645391,81.9706980643455));
#8052=CARTESIAN_POINT('Ctrl Pts',(3.37570388393741,11.3455116362183,82.0165968391492));
#8053=CARTESIAN_POINT('Ctrl Pts',(2.26370142736446,11.5622959257141,82.062495613953));
#8054=CARTESIAN_POINT('Ctrl Pts',(0.638195625238424,11.8791874202448,82.1295896426693));
#8055=CARTESIAN_POINT('Ctrl Pts',(-1.05305246740672,11.8512521193102,82.1966836713857));
#8056=CARTESIAN_POINT('Ctrl Pts',(-2.66504145689795,11.4775649911198,82.263777700102));
#8057=CARTESIAN_POINT('Ctrl Pts',(-9.2204192542615,7.33520850679679,82.5839617745493));
#8058=CARTESIAN_POINT('Ctrl Pts',(-10.278121506078,6.00566781291088,82.6528099367549));
#8059=CARTESIAN_POINT('Ctrl Pts',(-11.809090430835,2.88244305062068,82.7905062611661));
#8060=CARTESIAN_POINT('Ctrl Pts',(-11.9298716956292,-2.33236766611242,82.997050747783));
#8061=CARTESIAN_POINT('Ctrl Pts',(-9.85242112870064,-7.12087846731598,83.2035952343999));
#8062=CARTESIAN_POINT('Ctrl Pts',(-6.3932164049841,-10.2050398625138,83.3871903336149));
#8063=CARTESIAN_POINT('Ctrl Pts',(-1.58579380001865,-12.0649236829,83.5937348202318));
#8064=CARTESIAN_POINT('Ctrl Pts',(3.11960194738532,-11.76242317173,83.7773299194469));
#8065=CARTESIAN_POINT('Ctrl Pts',(8.15404785257919,-9.0318650978681,84.0068237934656));
#8066=CARTESIAN_POINT('Ctrl Pts',(11.6915394815467,-4.30655159432182,84.2363176674844));
#8067=CARTESIAN_POINT('Ctrl Pts',(12.0645286374733,1.58454561400805,84.4658115415032));
#8068=CARTESIAN_POINT('Ctrl Pts',(10.0041493783206,6.9280767757673,84.6953054155219));
#8069=CARTESIAN_POINT('Ctrl Pts',(6.61939606613674,10.2110187412378,84.878900514737));
#8070=CARTESIAN_POINT('Ctrl Pts',(1.75385107965304,11.912748879808,85.0854450013538));
#8071=CARTESIAN_POINT('Ctrl Pts',(-2.87876053374894,11.8116303156657,85.2690401005689));
#8072=CARTESIAN_POINT('Ctrl Pts',(-6.00341850934411,10.2794354793637,85.4067364249801));
#8073=CARTESIAN_POINT('Ctrl Pts',(-7.33319062821999,9.22202419606058,85.4755845871858));
#8074=CARTESIAN_POINT('Ctrl Pts',(-8.77260879817081,6.97852503365526,82.9145021318611));
#8075=CARTESIAN_POINT('Ctrl Pts',(-9.77887896955445,5.713556467644,82.9833502940668));
#8076=CARTESIAN_POINT('Ctrl Pts',(-11.2353682473181,2.74204555929706,83.121046618478));
#8077=CARTESIAN_POINT('Ctrl Pts',(-11.3501309096468,-2.21938041678244,83.3275911050949));
#8078=CARTESIAN_POINT('Ctrl Pts',(-9.37348633453496,-6.77515726023057,83.5341355917118));
#8079=CARTESIAN_POINT('Ctrl Pts',(-6.08227613009135,-9.70935954329935,83.7177306909268));
#8080=CARTESIAN_POINT('Ctrl Pts',(-1.50839328377466,-11.4787332590637,83.9242751775437));
#8081=CARTESIAN_POINT('Ctrl Pts',(2.9683580877484,-11.1907961195066,84.1078702767587));
#8082=CARTESIAN_POINT('Ctrl Pts',(7.75810125857447,-8.59277151912527,84.3373641507775));
#8083=CARTESIAN_POINT('Ctrl Pts',(11.1235700229355,-4.0969598819681,84.5668580247963));
#8084=CARTESIAN_POINT('Ctrl Pts',(11.4782663412562,1.50789898100507,84.7963518988151));
#8085=CARTESIAN_POINT('Ctrl Pts',(9.51784760954793,6.59172818289368,85.0258457728338));
#8086=CARTESIAN_POINT('Ctrl Pts',(6.29746553855179,9.71505440716789,85.2094408720488));
#8087=CARTESIAN_POINT('Ctrl Pts',(1.66828900345941,11.3339574757585,85.4159853586657));
#8088=CARTESIAN_POINT('Ctrl Pts',(-2.73922058155487,11.2376191973135,85.5995804578807));
#8089=CARTESIAN_POINT('Ctrl Pts',(-5.7120070679527,9.77978413101884,85.737276782292));
#8090=CARTESIAN_POINT('Ctrl Pts',(-6.97713502316798,8.77371435821682,85.8061249444976));
#8091=CARTESIAN_POINT('Ctrl Pts',(-8.3248136123082,6.62182335454658,83.2450435432551));
#8092=CARTESIAN_POINT('Ctrl Pts',(-9.27964909241733,5.42142472706057,83.3138917054607));
#8093=CARTESIAN_POINT('Ctrl Pts',(-10.661652483946,2.60162442125264,83.4515880298719));
#8094=CARTESIAN_POINT('Ctrl Pts',(-10.7703860497618,-2.10641731737218,83.6581325164888));
#8095=CARTESIAN_POINT('Ctrl Pts',(-8.89453769839693,-6.42945627422307,83.8646770031057));
#8096=CARTESIAN_POINT('Ctrl Pts',(-5.77131562795565,-9.21369262742534,84.0482721023207));
#8097=CARTESIAN_POINT('Ctrl Pts',(-1.43096854134047,-10.8925466754737,84.2548165889377));
#8098=CARTESIAN_POINT('Ctrl Pts',(2.81713808125977,-10.6191633910095,84.4384116881527));
#8099=CARTESIAN_POINT('Ctrl Pts',(7.36217328526286,-8.15366198216888,84.6679055621714));
#8100=CARTESIAN_POINT('Ctrl Pts',(10.555609850145,-3.887344840883,84.8973994361902));
#8101=CARTESIAN_POINT('Ctrl Pts',(10.8920014843358,1.4312767370522,85.126893310209));
#8102=CARTESIAN_POINT('Ctrl Pts',(9.03153241381687,6.25540010698034,85.3563871842277));
#8103=CARTESIAN_POINT('Ctrl Pts',(5.97551477164306,9.2191039311925,85.5399822834428));
#8104=CARTESIAN_POINT('Ctrl Pts',(1.58270302534339,10.7551702416147,85.7465267700596));
#8105=CARTESIAN_POINT('Ctrl Pts',(-2.59970458383812,10.6636028947525,85.9301218692747));
#8106=CARTESIAN_POINT('Ctrl Pts',(-5.42061665335924,9.28012120085782,86.0678181936859));
#8107=CARTESIAN_POINT('Ctrl Pts',(-6.62109839373432,8.32539021782037,86.1366663558915));
#8108=CARTESIAN_POINT('Ctrl Pts',(-7.87704317204329,6.26509245168769,83.5755869640331));
#8109=CARTESIAN_POINT('Ctrl Pts',(-8.78043976777037,5.12926021283506,83.6444351262387));
#8110=CARTESIAN_POINT('Ctrl Pts',(-10.0879472465905,2.46116522309116,83.78213145065));
#8111=CARTESIAN_POINT('Ctrl Pts',(-10.1906348063859,-1.99349317029401,83.9886759372669));
#8112=CARTESIAN_POINT('Ctrl Pts',(-8.41556690860879,-6.08378798147053,84.1952204238837));
#8113=CARTESIAN_POINT('Ctrl Pts',(-5.46032262864696,-8.71804746697675,84.3788155230988));
#8114=CARTESIAN_POINT('Ctrl Pts',(-1.3535047847951,-10.3063664614469,84.5853600097157));
#8115=CARTESIAN_POINT('Ctrl Pts',(2.66595656098973,-10.047521695573,84.7689551089307));
#8116=CARTESIAN_POINT('Ctrl Pts',(6.96627544218383,-7.71452686761508,84.9984489829495));
#8117=CARTESIAN_POINT('Ctrl Pts',(9.98766481893787,-3.67769227272079,85.2279428569682));
#8118=CARTESIAN_POINT('Ctrl Pts',(10.305732684489,1.3546938182962,85.457436730987));
#8119=CARTESIAN_POINT('Ctrl Pts',(8.54519573255773,5.91910519803686,85.6869306050058));
#8120=CARTESIAN_POINT('Ctrl Pts',(5.65353149340664,8.72317594379395,85.8705257042208));
#8121=CARTESIAN_POINT('Ctrl Pts',(1.49707855679291,10.176389906045,86.0770701908377));
#8122=CARTESIAN_POINT('Ctrl Pts',(-2.46022722959611,10.0895784183282,86.2606652900527));
#8123=CARTESIAN_POINT('Ctrl Pts',(-5.12926021283502,8.7804397677704,86.398361614464));
#8124=CARTESIAN_POINT('Ctrl Pts',(-6.26509245168767,7.87704317204331,86.4672097766696));
#8125=CARTESIAN_POINT('Ctrl Pts',(-11.4771487636648,2.66532101115468,82.7958731451919));
#8126=CARTESIAN_POINT('Ctrl Pts',(-11.8511957528461,1.05388581515836,82.8629323460559));
#8127=CARTESIAN_POINT('Ctrl Pts',(-11.881137540847,-0.63741873724017,82.92999154692));
#8128=CARTESIAN_POINT('Ctrl Pts',(-11.5634997236738,-2.26131768019053,82.997050747784));
#8129=CARTESIAN_POINT('Ctrl Pts',(-11.2373881733181,-3.92853793317974,83.0658989099896));
#8130=CARTESIAN_POINT('Ctrl Pts',(-10.5449046510087,-5.52470820024733,83.1347470721953));
#8131=CARTESIAN_POINT('Ctrl Pts',(-9.55006200415717,-6.90107359538065,83.2035952344009));
#8132=CARTESIAN_POINT('Ctrl Pts',(-8.55521935730571,-8.27743899051396,83.2724433966065));
#8133=CARTESIAN_POINT('Ctrl Pts',(-7.25801758591218,-9.43399951371297,83.3412915588121));
#8134=CARTESIAN_POINT('Ctrl Pts',(-5.77765235636184,-10.2686004870698,83.4101397210178));
#8135=CARTESIAN_POINT('Ctrl Pts',(-4.79074220332825,-10.8250011359743,83.4560384958215));
#8136=CARTESIAN_POINT('Ctrl Pts',(-3.72242606889167,-11.2383086516156,83.5019372706253));
#8137=CARTESIAN_POINT('Ctrl Pts',(-2.61809900031697,-11.4886386194457,83.5478360454291));
#8138=CARTESIAN_POINT('Ctrl Pts',(-0.409444863167606,-11.9892985551058,
83.6396335950366));
#8139=CARTESIAN_POINT('Ctrl Pts',(1.94325301053406,-11.8380482995208,83.7314311446441));
#8140=CARTESIAN_POINT('Ctrl Pts',(4.07000454315277,-11.0594827279628,83.8232286942516));
#8141=CARTESIAN_POINT('Ctrl Pts',(5.13338030946214,-10.6701999421837,83.8691274690554));
#8142=CARTESIAN_POINT('Ctrl Pts',(6.14026949050082,-10.1240883274114,83.9150262438591));
#8143=CARTESIAN_POINT('Ctrl Pts',(7.04736171979104,-9.44499301732678,83.9609250186629));
#8144=CARTESIAN_POINT('Ctrl Pts',(8.86154617837146,-8.08680239715762,84.0527225682704));
#8145=CARTESIAN_POINT('Ctrl Pts',(10.2765428299582,-6.19667699573942,84.1445201178779));
#8146=CARTESIAN_POINT('Ctrl Pts',(11.0586389869369,-4.07339485336451,84.2363176674854));
#8147=CARTESIAN_POINT('Ctrl Pts',(11.8407351439156,-1.95011271098958,84.3281152170929));
#8148=CARTESIAN_POINT('Ctrl Pts',(11.9899308062862,0.406326172342006,84.4199127667004));
#8149=CARTESIAN_POINT('Ctrl Pts',(11.4902282246358,2.61674744325482,84.5117103163079));
#8150=CARTESIAN_POINT('Ctrl Pts',(11.2403769338106,3.72195807871119,84.5576090911116));
#8151=CARTESIAN_POINT('Ctrl Pts',(10.8283010819801,4.79066431106295,84.6035078659154));
#8152=CARTESIAN_POINT('Ctrl Pts',(10.2715210714111,5.77671362975323,84.6494066407191));
#8153=CARTESIAN_POINT('Ctrl Pts',(9.15796105027328,7.7488122671338,84.7412041903266));
#8154=CARTESIAN_POINT('Ctrl Pts',(7.46558439418168,9.39028324986874,84.8330017399342));
#8155=CARTESIAN_POINT('Ctrl Pts',(5.45981588319323,10.4416565814678,84.9247992895417));
#8156=CARTESIAN_POINT('Ctrl Pts',(4.45693162769897,10.9673432472674,84.9706980643454));
#8157=CARTESIAN_POINT('Ctrl Pts',(3.37569940848047,11.3455055002829,85.0165968391492));
#8158=CARTESIAN_POINT('Ctrl Pts',(2.26369891560925,11.562290995678,85.0624956139529));
#8159=CARTESIAN_POINT('Ctrl Pts',(0.638195983987739,11.8791842529714,85.1295896426693));
#8160=CARTESIAN_POINT('Ctrl Pts',(-1.05305284905532,11.8512463209042,85.1966836713857));
#8161=CARTESIAN_POINT('Ctrl Pts',(-2.6650419785079,11.4775597796572,85.2637777001021));
#8162=CARTESIAN_POINT('Ctrl Pts',(-9.22041925426155,7.33520850679673,85.5839617745493));
#8163=CARTESIAN_POINT('Ctrl Pts',(-10.278121506078,6.00566781291081,85.6528099367549));
#8164=CARTESIAN_POINT('Ctrl Pts',(-11.8090855845607,2.88244495641858,85.7905062611662));
#8165=CARTESIAN_POINT('Ctrl Pts',(-11.9298679200603,-2.33236402385712,85.997050747783));
#8166=CARTESIAN_POINT('Ctrl Pts',(-9.85241751284468,-7.12086315603322,86.2035952343999));
#8167=CARTESIAN_POINT('Ctrl Pts',(-6.39321768170562,-10.2050423596445,86.3871903336149));
#8168=CARTESIAN_POINT('Ctrl Pts',(-1.58579863924335,-12.0649077084923,86.5937348202319));
#8169=CARTESIAN_POINT('Ctrl Pts',(3.11960329290636,-11.7624402744804,86.7773299194468));
#8170=CARTESIAN_POINT('Ctrl Pts',(8.15405052510665,-9.03187482077201,87.0068237934656));
#8171=CARTESIAN_POINT('Ctrl Pts',(11.6915411331235,-4.30655266567837,87.2363176674844));
#8172=CARTESIAN_POINT('Ctrl Pts',(12.0645364791192,1.58454929402555,87.4658115415031));
#8173=CARTESIAN_POINT('Ctrl Pts',(10.0041610435282,6.92808615363811,87.6953054155219));
#8174=CARTESIAN_POINT('Ctrl Pts',(6.61938121750588,10.2110033391441,87.878900514737));
#8175=CARTESIAN_POINT('Ctrl Pts',(1.75385189314651,11.9127474555635,88.0854450013538));
#8176=CARTESIAN_POINT('Ctrl Pts',(-2.87876180134935,11.811621826835,88.2690401005688));
#8177=CARTESIAN_POINT('Ctrl Pts',(-6.00341850934413,10.2794354793637,88.4067364249801));
#8178=CARTESIAN_POINT('Ctrl Pts',(-7.33319062821999,9.22202419606058,88.4755845871857));
#8179=CARTESIAN_POINT('Ctrl Pts',(-8.77260879817086,6.9785250336552,85.9145021318611));
#8180=CARTESIAN_POINT('Ctrl Pts',(-9.77887896955449,5.71355646764394,85.9833502940668));
#8181=CARTESIAN_POINT('Ctrl Pts',(-11.2353636365391,2.74204737222417,86.1210466184781));
#8182=CARTESIAN_POINT('Ctrl Pts',(-11.350127317551,-2.21937695185381,86.3275911050949));
#8183=CARTESIAN_POINT('Ctrl Pts',(-9.37348289462697,-6.77514269332699,86.5341355917118));
#8184=CARTESIAN_POINT('Ctrl Pts',(-6.08227734433952,-9.709361919387,86.7177306909268));
#8185=CARTESIAN_POINT('Ctrl Pts',(-1.50839788783766,-11.4787180610259,86.9242751775438));
#8186=CARTESIAN_POINT('Ctrl Pts',(2.96835936892386,-11.1908123910743,87.1078702767587));
#8187=CARTESIAN_POINT('Ctrl Pts',(7.75810380196441,-8.59278076922666,87.3373641507775));
#8188=CARTESIAN_POINT('Ctrl Pts',(11.1235715944989,-4.09696090073734,87.5668580247963));
#8189=CARTESIAN_POINT('Ctrl Pts',(11.4782738016702,1.50790248294324,87.796351898815));
#8190=CARTESIAN_POINT('Ctrl Pts',(9.51785870738951,6.59173710588948,88.0258457728338));
#8191=CARTESIAN_POINT('Ctrl Pts',(6.29745141151003,9.71503975333315,88.2094408720488));
#8192=CARTESIAN_POINT('Ctrl Pts',(1.6682897770804,11.3339561208546,88.4159853586657));
#8193=CARTESIAN_POINT('Ctrl Pts',(-2.73922178768165,11.2376111209502,88.5995804578807));
#8194=CARTESIAN_POINT('Ctrl Pts',(-5.71200706795272,9.77978413101883,88.737276782292));
#8195=CARTESIAN_POINT('Ctrl Pts',(-6.97713502316797,8.77371435821682,88.8061249444976));
#8196=CARTESIAN_POINT('Ctrl Pts',(-8.32481361230824,6.62182335454652,86.2450435432551));
#8197=CARTESIAN_POINT('Ctrl Pts',(-9.27964909241737,5.42142472706051,86.3138917054607));
#8198=CARTESIAN_POINT('Ctrl Pts',(-10.6616481087016,2.60162614167244,86.451588029872));
#8199=CARTESIAN_POINT('Ctrl Pts',(-10.7703826412224,-2.10641402936501,86.6581325164888));
#8200=CARTESIAN_POINT('Ctrl Pts',(-8.89453443463051,-6.42944245125111,86.8646770031058));
#8201=CARTESIAN_POINT('Ctrl Pts',(-5.77131678004345,-9.21369488225062,87.0482721023207));
#8202=CARTESIAN_POINT('Ctrl Pts',(-1.43097291069316,-10.892532253787,87.2548165889377));
#8203=CARTESIAN_POINT('Ctrl Pts',(2.81713929765341,-10.6191788314973,87.4384116881527));
#8204=CARTESIAN_POINT('Ctrl Pts',(7.36217569915178,-8.15367075971433,87.6679055621714));
#8205=CARTESIAN_POINT('Ctrl Pts',(10.5556113415188,-3.88734580748115,87.8973994361902));
#8206=CARTESIAN_POINT('Ctrl Pts',(10.8920085635983,1.43128006048597,88.126893310209));
#8207=CARTESIAN_POINT('Ctrl Pts',(9.03154294452051,6.25540857472448,88.3563871842277));
#8208=CARTESIAN_POINT('Ctrl Pts',(5.97550136652511,9.21909002532919,88.5399822834428));
#8209=CARTESIAN_POINT('Ctrl Pts',(1.58270375943002,10.7551689559553,88.7465267700596));
#8210=CARTESIAN_POINT('Ctrl Pts',(-2.59970572815874,10.6635952308276,88.9301218692747));
#8211=CARTESIAN_POINT('Ctrl Pts',(-5.42061665335926,9.2801212008578,89.0678181936859));
#8212=CARTESIAN_POINT('Ctrl Pts',(-6.62109839373432,8.32539021782037,89.1366663558915));
#8213=CARTESIAN_POINT('Ctrl Pts',(-7.87704317204333,6.26509245168764,86.5755869640331));
#8214=CARTESIAN_POINT('Ctrl Pts',(-8.7804397677704,5.129260212835,86.6444351262387));
#8215=CARTESIAN_POINT('Ctrl Pts',(-10.0879431069364,2.46116685153362,86.78213145065));
#8216=CARTESIAN_POINT('Ctrl Pts',(-10.1906315815226,-1.99349005861783,86.9886759372669));
#8217=CARTESIAN_POINT('Ctrl Pts',(-8.4155638212677,-6.08377490177742,87.1952204238838));
#8218=CARTESIAN_POINT('Ctrl Pts',(-5.46032371902722,-8.71804960021974,87.3788155230988));
#8219=CARTESIAN_POINT('Ctrl Pts',(-1.35350892009847,-10.3063528160829,87.5853600097157));
#8220=CARTESIAN_POINT('Ctrl Pts',(2.66595771197252,-10.0475363051275,87.7689551089307));
#8221=CARTESIAN_POINT('Ctrl Pts',(6.96627772604537,-7.71453517296028,87.9984489829495));
#8222=CARTESIAN_POINT('Ctrl Pts',(9.98766622986429,-3.67769318775119,88.2279428569682));
#8223=CARTESIAN_POINT('Ctrl Pts',(10.3057393827133,1.35469696261001,88.457436730987));
#8224=CARTESIAN_POINT('Ctrl Pts',(8.54520569645006,5.91911320998456,88.6869306050058));
#8225=CARTESIAN_POINT('Ctrl Pts',(5.65351881070213,8.7231627854776,88.8705257042208));
#8226=CARTESIAN_POINT('Ctrl Pts',(1.49707925183645,10.1763886894889,89.0770701908376));
#8227=CARTESIAN_POINT('Ctrl Pts',(-2.46022831162484,10.089571166797,89.2606652900527));
#8228=CARTESIAN_POINT('Ctrl Pts',(-5.12926021283504,8.78043976777038,89.398361614464));
#8229=CARTESIAN_POINT('Ctrl Pts',(-6.26509245168767,7.87704317204331,89.4672097766696));
#8230=CARTESIAN_POINT('Ctrl Pts',(-11.4771452296648,2.66532278926494,85.795873145192));
#8231=CARTESIAN_POINT('Ctrl Pts',(-11.8511912819187,1.05388833097207,85.862932346056));
#8232=CARTESIAN_POINT('Ctrl Pts',(-11.8811334137047,-0.637415615749547,
85.92999154692));
#8233=CARTESIAN_POINT('Ctrl Pts',(-11.5634957962728,-2.26131238250689,85.997050747784));
#8234=CARTESIAN_POINT('Ctrl Pts',(-11.2373844509868,-3.92853040124861,86.0658989099896));
#8235=CARTESIAN_POINT('Ctrl Pts',(-10.544900981915,-5.52469677864047,86.1347470721953));
#8236=CARTESIAN_POINT('Ctrl Pts',(-9.55005927904062,-6.90106356801339,86.2035952344009));
#8237=CARTESIAN_POINT('Ctrl Pts',(-8.55521757616625,-8.2774303573863,86.2724433966065));
#8238=CARTESIAN_POINT('Ctrl Pts',(-7.25801763948933,-9.43399755874031,86.3412915588121));
#8239=CARTESIAN_POINT('Ctrl Pts',(-5.77765385632625,-10.2685975090514,86.4101397210178));
#8240=CARTESIAN_POINT('Ctrl Pts',(-4.79074466755085,-10.8249974759255,86.4560384958216));
#8241=CARTESIAN_POINT('Ctrl Pts',(-3.7224293247816,-11.2383008867805,86.5019372706253));
#8242=CARTESIAN_POINT('Ctrl Pts',(-2.61810226858969,-11.4886308745162,86.5478360454291));
#8243=CARTESIAN_POINT('Ctrl Pts',(-0.409448156205868,-11.9892908499876,
86.6396335950366));
#8244=CARTESIAN_POINT('Ctrl Pts',(1.94325280986866,-11.8380571329817,86.7314311446441));
#8245=CARTESIAN_POINT('Ctrl Pts',(4.07000572714671,-11.0594951063242,86.8232286942516));
#8246=CARTESIAN_POINT('Ctrl Pts',(5.13338218578574,-10.6702140929955,86.8691274690553));
#8247=CARTESIAN_POINT('Ctrl Pts',(6.14027163222566,-10.1241010022539,86.9150262438591));
#8248=CARTESIAN_POINT('Ctrl Pts',(7.04736397038669,-9.44500413141996,86.9609250186628));
#8249=CARTESIAN_POINT('Ctrl Pts',(8.86154864670874,-8.0868103897521,87.0527225682704));
#8250=CARTESIAN_POINT('Ctrl Pts',(10.2765448899153,-6.19668152771493,87.1445201178779));
#8251=CARTESIAN_POINT('Ctrl Pts',(11.0586420807177,-4.07339670475575,87.2363176674854));
#8252=CARTESIAN_POINT('Ctrl Pts',(11.8407392715201,-1.95011188179649,87.3281152170929));
#8253=CARTESIAN_POINT('Ctrl Pts',(11.9899374099184,0.406328902084831,87.4199127667004));
#8254=CARTESIAN_POINT('Ctrl Pts',(11.4902366732269,2.61675232594176,87.5117103163079));
#8255=CARTESIAN_POINT('Ctrl Pts',(11.2403863048811,3.72196403787015,87.5576090911117));
#8256=CARTESIAN_POINT('Ctrl Pts',(10.828311217763,4.79067140979244,87.6035078659154));
#8257=CARTESIAN_POINT('Ctrl Pts',(10.2715295075158,5.77671942319943,87.6494066407192));
#8258=CARTESIAN_POINT('Ctrl Pts',(9.15796608702126,7.74881545001351,87.7412041903267));
#8259=CARTESIAN_POINT('Ctrl Pts',(7.46557617401039,9.39027404276625,87.8330017399342));
#8260=CARTESIAN_POINT('Ctrl Pts',(5.45980788467824,10.4416473859562,87.9247992895417));
#8261=CARTESIAN_POINT('Ctrl Pts',(4.45692374001217,10.9673340575512,87.9706980643455));
#8262=CARTESIAN_POINT('Ctrl Pts',(3.3756950012658,11.3454994167554,88.0165968391492));
#8263=CARTESIAN_POINT('Ctrl Pts',(2.26369638856845,11.5622860694051,88.062495613953));
#8264=CARTESIAN_POINT('Ctrl Pts',(0.638196205351692,11.8791810183532,88.1295896426694));
#8265=CARTESIAN_POINT('Ctrl Pts',(-1.05305329881718,11.8512406134419,88.1966836713858));
#8266=CARTESIAN_POINT('Ctrl Pts',(-2.66504253209616,11.4775546832623,88.2637777001022));
#8267=CARTESIAN_POINT('Ctrl Pts',(-9.2204192542616,7.33520850679667,88.5839617745492));
#8268=CARTESIAN_POINT('Ctrl Pts',(-10.2781215060781,6.00566781291074,88.6528099367549));
#8269=CARTESIAN_POINT('Ctrl Pts',(-11.8090808688018,2.88244688422617,88.7905062611661));
#8270=CARTESIAN_POINT('Ctrl Pts',(-11.9298642150399,-2.33236034133287,88.997050747783));
#8271=CARTESIAN_POINT('Ctrl Pts',(-9.85241400527684,-7.12084827819309,89.2035952343999));
#8272=CARTESIAN_POINT('Ctrl Pts',(-6.39321890924291,-10.2050445034489,89.387190333615));
#8273=CARTESIAN_POINT('Ctrl Pts',(-1.58580332136024,-12.0648923350104,89.5937348202318));
#8274=CARTESIAN_POINT('Ctrl Pts',(3.11960460856371,-11.7624567380253,89.7773299194469));
#8275=CARTESIAN_POINT('Ctrl Pts',(8.15405317586572,-9.03188439300919,90.0068237934656));
#8276=CARTESIAN_POINT('Ctrl Pts',(11.6915428687625,-4.30655378971887,90.2363176674844));
#8277=CARTESIAN_POINT('Ctrl Pts',(12.0645442070873,1.58455286550176,90.4658115415032));
#8278=CARTESIAN_POINT('Ctrl Pts',(10.0041722771194,6.9280950710157,90.695305415522));
#8279=CARTESIAN_POINT('Ctrl Pts',(6.61936692014639,10.2109884252058,90.8789005147369));
#8280=CARTESIAN_POINT('Ctrl Pts',(1.75385253458097,11.9127458685459,91.0854450013539));
#8281=CARTESIAN_POINT('Ctrl Pts',(-2.87876305857244,11.8116135898515,91.2690401005688));
#8282=CARTESIAN_POINT('Ctrl Pts',(-6.0034185093442,10.2794354793636,91.4067364249801));
#8283=CARTESIAN_POINT('Ctrl Pts',(-7.33319062822005,9.22202419606053,91.4755845871858));
#8284=CARTESIAN_POINT('Ctrl Pts',(-8.77260879817091,6.97852503365514,88.9145021318611));
#8285=CARTESIAN_POINT('Ctrl Pts',(-9.77887896955453,5.71355646764387,88.9833502940668));
#8286=CARTESIAN_POINT('Ctrl Pts',(-11.2353591499334,2.74204920609566,89.121046618478));
#8287=CARTESIAN_POINT('Ctrl Pts',(-11.3501237925748,-2.21937344860765,89.3275911050949));
#8288=CARTESIAN_POINT('Ctrl Pts',(-9.37347955773006,-6.77512853880078,89.5341355917118));
#8289=CARTESIAN_POINT('Ctrl Pts',(-6.08227851180473,-9.70936395931144,89.7177306909268));
#8290=CARTESIAN_POINT('Ctrl Pts',(-1.50840234241281,-11.4787034347143,89.9242751775437));
#8291=CARTESIAN_POINT('Ctrl Pts',(2.96836062166185,-11.1908280544965,90.1078702767587));
#8292=CARTESIAN_POINT('Ctrl Pts',(7.75810632463499,-8.59278987598348,90.3373641507775));
#8293=CARTESIAN_POINT('Ctrl Pts',(11.1235732460396,-4.0969619696323,90.5668580247963));
#8294=CARTESIAN_POINT('Ctrl Pts',(11.478281153936,1.50790588160752,90.7963518988151));
#8295=CARTESIAN_POINT('Ctrl Pts',(9.51786939460543,6.59174559075141,91.0258457728338));
#8296=CARTESIAN_POINT('Ctrl Pts',(6.29743780894076,9.71502556394718,91.2094408720488));
#8297=CARTESIAN_POINT('Ctrl Pts',(1.6682903870129,11.3339546110863,91.4159853586657));
#8298=CARTESIAN_POINT('Ctrl Pts',(-2.73922298393513,11.2376032841985,91.5995804578807));
#8299=CARTESIAN_POINT('Ctrl Pts',(-5.71200706795278,9.77978413101878,91.737276782292));
#8300=CARTESIAN_POINT('Ctrl Pts',(-6.97713502316803,8.77371435821677,91.8061249444976));
#8301=CARTESIAN_POINT('Ctrl Pts',(-8.32481361230829,6.62182335454646,89.2450435432551));
#8302=CARTESIAN_POINT('Ctrl Pts',(-9.27964909241741,5.42142472706044,89.3138917054607));
#8303=CARTESIAN_POINT('Ctrl Pts',(-10.6616438512893,2.60162788196419,89.451588029872));
#8304=CARTESIAN_POINT('Ctrl Pts',(-10.7703792963754,-2.10641070499821,89.6581325164888));
#8305=CARTESIAN_POINT('Ctrl Pts',(-8.89453126859972,-6.42942901959788,89.8646770031058));
#8306=CARTESIAN_POINT('Ctrl Pts',(-5.77131788774917,-9.21369681807883,90.0482721023208));
#8307=CARTESIAN_POINT('Ctrl Pts',(-1.43097713817383,-10.8925183746231,90.2548165889377));
#8308=CARTESIAN_POINT('Ctrl Pts',(2.81714048704013,-10.6191936948994,90.4384116881527));
#8309=CARTESIAN_POINT('Ctrl Pts',(7.36217809337388,-8.15367940123688,90.6679055621715));
#8310=CARTESIAN_POINT('Ctrl Pts',(10.5556129087868,-3.88734682164304,90.8973994361902));
#8311=CARTESIAN_POINT('Ctrl Pts',(10.8920155402397,1.43128328591594,91.126893310209));
#8312=CARTESIAN_POINT('Ctrl Pts',(9.03155308558561,6.25541662669636,91.3563871842277));
#8313=CARTESIAN_POINT('Ctrl Pts',(5.97548845907855,9.2190765602117,91.5399822834428));
#8314=CARTESIAN_POINT('Ctrl Pts',(1.58270433819424,10.7551675233359,91.7465267700596));
#8315=CARTESIAN_POINT('Ctrl Pts',(-2.59970686311706,10.6635877942774,91.9301218692747));
#8316=CARTESIAN_POINT('Ctrl Pts',(-5.42061665335932,9.28012120085776,92.0678181936859));
#8317=CARTESIAN_POINT('Ctrl Pts',(-6.62109839373438,8.32539021782033,92.1366663558915));
#8318=CARTESIAN_POINT('Ctrl Pts',(-7.87704317204338,6.26509245168758,89.5755869640331));
#8319=CARTESIAN_POINT('Ctrl Pts',(-8.78043976777044,5.12926021283494,89.6444351262387));
#8320=CARTESIAN_POINT('Ctrl Pts',(-10.0879390787745,2.46116849876521,89.78213145065));
#8321=CARTESIAN_POINT('Ctrl Pts',(-10.1906284169276,-1.99348691254931,89.9886759372669));
#8322=CARTESIAN_POINT('Ctrl Pts',(-8.41556082638902,-6.08376219235407,90.1952204238838));
#8323=CARTESIAN_POINT('Ctrl Pts',(-5.46032476742587,-8.71805143163624,90.3788155230988));
#8324=CARTESIAN_POINT('Ctrl Pts',(-1.35351292113948,-10.306339684033,90.5853600097157));
#8325=CARTESIAN_POINT('Ctrl Pts',(2.6659588373851,-10.0475503686564,90.7689551089307));
#8326=CARTESIAN_POINT('Ctrl Pts',(6.96627999129764,-7.71454334960349,90.9984489829495));
#8327=CARTESIAN_POINT('Ctrl Pts',(9.98766771260399,-3.67769414777794,91.2279428569683));
#8328=CARTESIAN_POINT('Ctrl Pts',(10.3057459838407,1.35470001419399,91.4574367309871));
#8329=CARTESIAN_POINT('Ctrl Pts',(8.5452152916858,5.91912082852486,91.6869306050058));
#8330=CARTESIAN_POINT('Ctrl Pts',(5.65350659886446,8.72315004420964,91.8705257042208));
#8331=CARTESIAN_POINT('Ctrl Pts',(1.49707979991727,10.176387333871,92.0770701908377));
#8332=CARTESIAN_POINT('Ctrl Pts',(-2.46022938481248,10.089564130402,92.2606652900527));
#8333=CARTESIAN_POINT('Ctrl Pts',(-5.1292602128351,8.78043976777035,92.398361614464));
#8334=CARTESIAN_POINT('Ctrl Pts',(-6.26509245168772,7.87704317204327,92.4672097766696));
#8335=CARTESIAN_POINT('Ctrl Pts',(-11.4771417852354,2.66532458758813,88.7958731451919));
#8336=CARTESIAN_POINT('Ctrl Pts',(-11.8511869204898,1.05389087514474,88.8629323460559));
#8337=CARTESIAN_POINT('Ctrl Pts',(-11.8811293770038,-0.637412462047942,
88.92999154692));
#8338=CARTESIAN_POINT('Ctrl Pts',(-11.5634919557047,-2.26130712654944,88.997050747784));
#8339=CARTESIAN_POINT('Ctrl Pts',(-11.2373808117839,-3.92852298695239,89.0658989099896));
#8340=CARTESIAN_POINT('Ctrl Pts',(-10.5448974085296,-5.52468563257223,89.1347470721952));
#8341=CARTESIAN_POINT('Ctrl Pts',(-9.55005662639626,-6.90105374761752,89.2035952344009));
#8342=CARTESIAN_POINT('Ctrl Pts',(-8.55521584426289,-8.2774218626628,89.2724433966065));
#8343=CARTESIAN_POINT('Ctrl Pts',(-7.25801768325039,-9.43399544713354,89.3412915588122));
#8344=CARTESIAN_POINT('Ctrl Pts',(-5.77765530126902,-10.2685944472341,89.4101397210178));
#8345=CARTESIAN_POINT('Ctrl Pts',(-4.79074704661473,-10.8249937806345,89.4560384958216));
#8346=CARTESIAN_POINT('Ctrl Pts',(-3.72243247152979,-11.2382932987592,89.5019372706253));
#8347=CARTESIAN_POINT('Ctrl Pts',(-2.61810542731292,-11.4886233444269,89.5478360454291));
#8348=CARTESIAN_POINT('Ctrl Pts',(-0.409451338879191,-11.9892834357624,
89.6396335950366));
#8349=CARTESIAN_POINT('Ctrl Pts',(1.94325262608244,-11.8380656372698,89.7314311446441));
#8350=CARTESIAN_POINT('Ctrl Pts',(4.07000689901667,-11.0595070791015,89.8232286942516));
#8351=CARTESIAN_POINT('Ctrl Pts',(5.13338403548377,-10.6702278000173,89.8691274690554));
#8352=CARTESIAN_POINT('Ctrl Pts',(6.14027374894398,-10.1241133310142,89.9150262438591));
#8353=CARTESIAN_POINT('Ctrl Pts',(7.04736620411057,-9.44501497812612,89.9609250186629));
#8354=CARTESIAN_POINT('Ctrl Pts',(8.86155111444375,-8.08681827235001,90.0527225682704));
#8355=CARTESIAN_POINT('Ctrl Pts',(10.2765469916023,-6.19668603103412,90.1445201178779));
#8356=CARTESIAN_POINT('Ctrl Pts',(11.0586451978465,-4.07339857933224,90.2363176674854));
#8357=CARTESIAN_POINT('Ctrl Pts',(11.8407434040907,-1.95011112763035,90.3281152170929));
#8358=CARTESIAN_POINT('Ctrl Pts',(11.9899439394206,0.406331534457489,90.4199127667004));
#8359=CARTESIAN_POINT('Ctrl Pts',(11.4902449365392,2.61675700995698,90.5117103163079));
#8360=CARTESIAN_POINT('Ctrl Pts',(11.2403954350985,3.72196974770671,90.5576090911117));
#8361=CARTESIAN_POINT('Ctrl Pts',(10.828321049105,4.79067818880944,90.6035078659154));
#8362=CARTESIAN_POINT('Ctrl Pts',(10.2715376786949,5.77672492906033,90.6494066407192));
#8363=CARTESIAN_POINT('Ctrl Pts',(9.15797093787479,7.74881840956214,90.7412041903267));
#8364=CARTESIAN_POINT('Ctrl Pts',(7.46556825938858,9.39026508665693,90.8330017399342));
#8365=CARTESIAN_POINT('Ctrl Pts',(5.45980014120729,10.4416384066781,90.9247992895417));
#8366=CARTESIAN_POINT('Ctrl Pts',(4.45691608211667,10.9673250666887,90.9706980643454));
#8367=CARTESIAN_POINT('Ctrl Pts',(3.37569066310227,11.3454933874309,91.0165968391492));
#8368=CARTESIAN_POINT('Ctrl Pts',(2.26369385237837,11.5622811520068,91.062495613953));
#8369=CARTESIAN_POINT('Ctrl Pts',(0.638196303254681,11.8791777263492,91.1295896426694));
#8370=CARTESIAN_POINT('Ctrl Pts',(-1.05305380998013,11.8512349945664,91.1966836713858));
#8371=CARTESIAN_POINT('Ctrl Pts',(-2.66504311459146,11.4775496966141,91.2637777001022));
#8372=CARTESIAN_POINT('Ctrl Pts',(-9.22041925426155,7.33520850679674,91.5839617745493));
#8373=CARTESIAN_POINT('Ctrl Pts',(-10.278121506078,6.00566781291082,91.6528099367549));
#8374=CARTESIAN_POINT('Ctrl Pts',(-11.8089272981847,2.88248426237067,91.7905062611661));
#8375=CARTESIAN_POINT('Ctrl Pts',(-11.9306828290976,-2.33290277258547,91.9970507477831));
#8376=CARTESIAN_POINT('Ctrl Pts',(-9.85242073988094,-7.12127880657051,92.2035952344));
#8377=CARTESIAN_POINT('Ctrl Pts',(-6.39272599011924,-10.2040250700254,92.387190333615));
#8378=CARTESIAN_POINT('Ctrl Pts',(-1.58581586874284,-12.0649369771812,92.5937348202318));
#8379=CARTESIAN_POINT('Ctrl Pts',(3.11972461457315,-11.7622220764787,92.7773299194469));
#8380=CARTESIAN_POINT('Ctrl Pts',(8.15404705963492,-9.03191659807515,93.0068237934655));
#8381=CARTESIAN_POINT('Ctrl Pts',(11.6915647335053,-4.30651170092935,93.2363176674844));
#8382=CARTESIAN_POINT('Ctrl Pts',(12.0645482463675,1.58454806455288,93.4658115415031));
#8383=CARTESIAN_POINT('Ctrl Pts',(10.0041864009495,6.9281106812157,93.6953054155219));
#8384=CARTESIAN_POINT('Ctrl Pts',(6.61935235604359,10.2109722207608,93.8789005147369));
#8385=CARTESIAN_POINT('Ctrl Pts',(1.75385360690861,11.9127453991239,94.0854450013539));
#8386=CARTESIAN_POINT('Ctrl Pts',(-2.87876458087383,11.8116049859592,94.2690401005688));
#8387=CARTESIAN_POINT('Ctrl Pts',(-6.00341850934427,10.2794354793636,94.4067364249801));
#8388=CARTESIAN_POINT('Ctrl Pts',(-7.33319062822011,9.22202419606048,94.4755845871858));
#8389=CARTESIAN_POINT('Ctrl Pts',(-8.77260879817086,6.97852503365521,91.9145021318611));
#8390=CARTESIAN_POINT('Ctrl Pts',(-9.77887896955448,5.71355646764394,91.9833502940668));
#8391=CARTESIAN_POINT('Ctrl Pts',(-11.2352130370964,2.74208477455385,92.121046618478));
#8392=CARTESIAN_POINT('Ctrl Pts',(-11.3509026275468,-2.21988955002341,92.3275911050949));
#8393=CARTESIAN_POINT('Ctrl Pts',(-9.37348593419562,-6.77553813541532,92.5341355917119));
#8394=CARTESIAN_POINT('Ctrl Pts',(-6.08180957874087,-9.70839405532294,92.7177306909269));
#8395=CARTESIAN_POINT('Ctrl Pts',(-1.50841427626582,-11.478745906528,92.9242751775437));
#8396=CARTESIAN_POINT('Ctrl Pts',(2.9684747886308,-11.1906047939484,93.1078702767588));
#8397=CARTESIAN_POINT('Ctrl Pts',(7.75810050727896,-8.59282051577198,93.3373641507775));
#8398=CARTESIAN_POINT('Ctrl Pts',(11.1235940470307,-4.09692192526552,93.5668580247963));
#8399=CARTESIAN_POINT('Ctrl Pts',(11.4782849970763,1.50790131464901,93.796351898815));
#8400=CARTESIAN_POINT('Ctrl Pts',(9.51788283138016,6.59176044323958,94.0258457728338));
#8401=CARTESIAN_POINT('Ctrl Pts',(6.29742395264369,9.71501014676852,94.2094408720488));
#8402=CARTESIAN_POINT('Ctrl Pts',(1.66829140686486,11.3339541646137,94.4159853586657));
#8403=CARTESIAN_POINT('Ctrl Pts',(-2.73922443236388,11.2375950983663,94.5995804578807));
#8404=CARTESIAN_POINT('Ctrl Pts',(-5.71200706795285,9.77978413101875,94.737276782292));
#8405=CARTESIAN_POINT('Ctrl Pts',(-6.97713502316809,8.77371435821672,94.8061249444976));
#8406=CARTESIAN_POINT('Ctrl Pts',(-8.32481361230824,6.62182335454653,92.2450435432551));
#8407=CARTESIAN_POINT('Ctrl Pts',(-9.27964909241737,5.42142472706051,92.3138917054607));
#8408=CARTESIAN_POINT('Ctrl Pts',(-10.6615052009074,2.60166163920742,92.4515880298719));
#8409=CARTESIAN_POINT('Ctrl Pts',(-10.7711183398829,-2.10690047524995,92.6581325164889));
#8410=CARTESIAN_POINT('Ctrl Pts',(-8.89453730214512,-6.42981769540062,92.8646770031058));
#8411=CARTESIAN_POINT('Ctrl Pts',(-5.77087293776635,-9.21277643446593,93.0482721023208));
#8412=CARTESIAN_POINT('Ctrl Pts',(-1.4309884606372,-10.8925586774571,93.2548165889376));
#8413=CARTESIAN_POINT('Ctrl Pts',(2.81724881553604,-10.6189818331691,93.4384116881527));
#8414=CARTESIAN_POINT('Ctrl Pts',(7.36217257429669,-8.15370847628896,93.6679055621714));
#8415=CARTESIAN_POINT('Ctrl Pts',(10.5556326460575,-3.88730882169427,93.8973994361902));
#8416=CARTESIAN_POINT('Ctrl Pts',(10.8920191872585,1.43127895243818,94.126893310209));
#8417=CARTESIAN_POINT('Ctrl Pts',(9.03156583556011,6.25543072116902,94.3563871842277));
#8418=CARTESIAN_POINT('Ctrl Pts',(5.97547531090721,9.21906193000119,94.5399822834427));
#8419=CARTESIAN_POINT('Ctrl Pts',(1.58270530590583,10.7551670997204,94.7465267700596));
#8420=CARTESIAN_POINT('Ctrl Pts',(-2.59970823735758,10.6635800264677,94.9301218692746));
#8421=CARTESIAN_POINT('Ctrl Pts',(-5.42061665335939,9.28012120085772,95.0678181936859));
#8422=CARTESIAN_POINT('Ctrl Pts',(-6.62109839373444,8.32539021782028,95.1366663558915));
#8423=CARTESIAN_POINT('Ctrl Pts',(-7.87704317204333,6.26509245168764,92.5755869640331));
#8424=CARTESIAN_POINT('Ctrl Pts',(-8.7804397677704,5.12926021283501,92.6444351262387));
#8425=CARTESIAN_POINT('Ctrl Pts',(-10.087807897659,2.46120044264645,92.78213145065));
#8426=CARTESIAN_POINT('Ctrl Pts',(-10.1913276508129,-1.99395035004236,92.9886759372669));
#8427=CARTESIAN_POINT('Ctrl Pts',(-8.41556653904949,-6.08412996318538,93.1952204238838));
#8428=CARTESIAN_POINT('Ctrl Pts',(-5.45990379646653,-8.71718055507981,93.3788155230988));
#8429=CARTESIAN_POINT('Ctrl Pts',(-1.35352363531604,-10.3063778198817,93.5853600097157));
#8430=CARTESIAN_POINT('Ctrl Pts',(2.66606132817074,-10.0473499025365,93.7689551089308));
#8431=CARTESIAN_POINT('Ctrl Pts',(6.96627476964063,-7.7145708607046,93.9984489829495));
#8432=CARTESIAN_POINT('Ctrl Pts',(9.98768638618668,-3.67765819223295,94.2279428569683));
#8433=CARTESIAN_POINT('Ctrl Pts',(10.3057494347633,1.35469591345756,94.457436730987));
#8434=CARTESIAN_POINT('Ctrl Pts',(8.54522735522439,5.91913416454413,94.6869306050058));
#8435=CARTESIAN_POINT('Ctrl Pts',(5.65349415928731,8.72313620052735,94.8705257042208));
#8436=CARTESIAN_POINT('Ctrl Pts',(1.49708071597545,10.1763869329769,95.0770701908377));
#8437=CARTESIAN_POINT('Ctrl Pts',(-2.46023068440364,10.0895567805579,95.2606652900527));
#8438=CARTESIAN_POINT('Ctrl Pts',(-5.12926021283516,8.78043976777031,95.398361614464));
#8439=CARTESIAN_POINT('Ctrl Pts',(-6.26509245168778,7.87704317204322,95.4672097766696));
#8440=CARTESIAN_POINT('Ctrl Pts',(-11.4771986731785,2.66524897101786,91.7958731451918));
#8441=CARTESIAN_POINT('Ctrl Pts',(-11.8513740516031,1.05372501742498,91.8629323460559));
#8442=CARTESIAN_POINT('Ctrl Pts',(-11.8816246237361,-0.637763649859905,
91.92999154692));
#8443=CARTESIAN_POINT('Ctrl Pts',(-11.564013225741,-2.26173427242324,91.997050747784));
#8444=CARTESIAN_POINT('Ctrl Pts',(-11.2379287993571,-3.92902811724656,92.0658989099897));
#8445=CARTESIAN_POINT('Ctrl Pts',(-10.5451747696183,-5.52515346190806,92.1347470721953));
#8446=CARTESIAN_POINT('Ctrl Pts',(-9.55010498916865,-6.90123105863651,92.203595234401));
#8447=CARTESIAN_POINT('Ctrl Pts',(-8.55503520871903,-8.27730865536493,92.2724433966066));
#8448=CARTESIAN_POINT('Ctrl Pts',(-7.25764967755859,-9.43333850416033,92.3412915588122));
#8449=CARTESIAN_POINT('Ctrl Pts',(-5.77731344081927,-10.2679328251096,92.4101397210178));
#8450=CARTESIAN_POINT('Ctrl Pts',(-4.79042261632641,-10.8243290390758,92.4560384958216));
#8451=CARTESIAN_POINT('Ctrl Pts',(-3.72222036713183,-11.2378650184437,92.5019372706253));
#8452=CARTESIAN_POINT('Ctrl Pts',(-2.61795716072584,-11.4883294296304,92.5478360454291));
#8453=CARTESIAN_POINT('Ctrl Pts',(-0.409430747913807,-11.9892582520038,
92.6396335950366));
#8454=CARTESIAN_POINT('Ctrl Pts',(1.94333949374383,-11.8379008016526,92.7314311446441));
#8455=CARTESIAN_POINT('Ctrl Pts',(4.07008222631266,-11.0593668572947,92.8232286942516));
#8456=CARTESIAN_POINT('Ctrl Pts',(5.13345359259714,-10.6700998851157,92.8691274690554));
#8457=CARTESIAN_POINT('Ctrl Pts',(6.14031808160945,-10.124038789435,92.9150262438591));
#8458=CARTESIAN_POINT('Ctrl Pts',(7.04739558587561,-9.44497106583822,92.9609250186628));
#8459=CARTESIAN_POINT('Ctrl Pts',(8.86155059440781,-8.08683561864469,93.0527225682703));
#8460=CARTESIAN_POINT('Ctrl Pts',(10.2765576639557,-6.19667365978672,93.1445201178779));
#8461=CARTESIAN_POINT('Ctrl Pts',(11.0586579013021,-4.07338072726146,93.2363176674854));
#8462=CARTESIAN_POINT('Ctrl Pts',(11.8407581386485,-1.95008779473618,93.3281152170929));
#8463=CARTESIAN_POINT('Ctrl Pts',(11.9899515437933,0.406336111456411,93.4199127667004));
#8464=CARTESIAN_POINT('Ctrl Pts',(11.4902528533969,2.6167607779638,93.5117103163079));
#8465=CARTESIAN_POINT('Ctrl Pts',(11.2404035081986,3.7219731112175,93.5576090911117));
#8466=CARTESIAN_POINT('Ctrl Pts',(10.8283311391151,4.79068563454985,93.6035078659154));
#8467=CARTESIAN_POINT('Ctrl Pts',(10.2715467226506,5.77673244506684,93.6494066407192));
#8468=CARTESIAN_POINT('Ctrl Pts',(9.1579778897217,7.74882606610082,93.7412041903267));
#8469=CARTESIAN_POINT('Ctrl Pts',(7.46556086726898,9.39025683587314,93.8330017399342));
#8470=CARTESIAN_POINT('Ctrl Pts',(5.45979260078202,10.4416295156825,93.9247992895417));
#8471=CARTESIAN_POINT('Ctrl Pts',(4.4569084675385,10.9673158555872,93.9706980643454));
#8472=CARTESIAN_POINT('Ctrl Pts',(3.37568652328644,11.3454876730012,94.0165968391492));
#8473=CARTESIAN_POINT('Ctrl Pts',(2.26369153795699,11.5622767221331,94.062495613953));
#8474=CARTESIAN_POINT('Ctrl Pts',(0.638196656071862,11.8791751744299,94.1295896427144));
#8475=CARTESIAN_POINT('Ctrl Pts',(-1.05305431439553,11.8512295932713,94.1966836714759));
#8476=CARTESIAN_POINT('Ctrl Pts',(-2.66504376336264,11.4775447273415,94.2637777002373));
#8477=CARTESIAN_POINT('Ctrl Pts',(-9.2204192542616,7.33520850679667,94.5839617745493));
#8478=CARTESIAN_POINT('Ctrl Pts',(-10.2781215060781,6.00566781291075,94.6528099367549));
#8479=CARTESIAN_POINT('Ctrl Pts',(-11.8089254991357,2.88248258223065,94.7905062611661));
#8480=CARTESIAN_POINT('Ctrl Pts',(-11.9306849323259,-2.33290480800643,94.997050747783));
#8481=CARTESIAN_POINT('Ctrl Pts',(-9.85241785983695,-7.12127341465688,95.2035952343999));
#8482=CARTESIAN_POINT('Ctrl Pts',(-6.39272370267844,-10.2040212695033,95.3871903336149));
#8483=CARTESIAN_POINT('Ctrl Pts',(-1.58581652034528,-12.0649165065397,95.5937348202318));
#8484=CARTESIAN_POINT('Ctrl Pts',(3.11972760460054,-11.7622342009631,95.7773299194468));
#8485=CARTESIAN_POINT('Ctrl Pts',(8.15405056453217,-9.03192418893473,96.0068237934656));
#8486=CARTESIAN_POINT('Ctrl Pts',(11.6915669172983,-4.30651234229117,96.2363176674844));
#8487=CARTESIAN_POINT('Ctrl Pts',(12.0645559160654,1.58455174068281,96.4658115415031));
#8488=CARTESIAN_POINT('Ctrl Pts',(10.0041969054468,6.9281188644939,96.695305415522));
#8489=CARTESIAN_POINT('Ctrl Pts',(6.61933908118082,10.2109582299982,96.8789005147369));
#8490=CARTESIAN_POINT('Ctrl Pts',(1.75385396730669,11.9127435604613,97.0854450013538));
#8491=CARTESIAN_POINT('Ctrl Pts',(-2.87876581823694,11.8115972144812,97.2690401005689));
#8492=CARTESIAN_POINT('Ctrl Pts',(-6.00341850934434,10.2794354793636,97.4067364249801));
#8493=CARTESIAN_POINT('Ctrl Pts',(-7.33319062822018,9.22202419606043,97.4755845871857));
#8494=CARTESIAN_POINT('Ctrl Pts',(-8.7726087981709,6.97852503365515,94.9145021318611));
#8495=CARTESIAN_POINT('Ctrl Pts',(-9.77887896955452,5.71355646764388,94.9833502940668));
#8496=CARTESIAN_POINT('Ctrl Pts',(-11.2352113253826,2.7420831757376,95.121046618478));
#8497=CARTESIAN_POINT('Ctrl Pts',(-11.3509046284221,-2.21989148701067,95.3275911050949));
#8498=CARTESIAN_POINT('Ctrl Pts',(-9.37348319399217,-6.77553300583594,95.5341355917118));
#8499=CARTESIAN_POINT('Ctrl Pts',(-6.08180740216815,-9.70839043964903,95.7177306909268));
#8500=CARTESIAN_POINT('Ctrl Pts',(-1.5084148963347,-11.4787264306612,95.9242751775437));
#8501=CARTESIAN_POINT('Ctrl Pts',(2.96847763424241,-11.1906163291117,96.1078702767588));
#8502=CARTESIAN_POINT('Ctrl Pts',(7.75810384251234,-8.59282773741698,96.3373641507775));
#8503=CARTESIAN_POINT('Ctrl Pts',(11.1235961249319,-4.09692253493305,96.5668580247963));
#8504=CARTESIAN_POINT('Ctrl Pts',(11.4782922939042,1.50790481287072,96.796351898815));
#8505=CARTESIAN_POINT('Ctrl Pts',(9.51789282495991,6.59176822964353,97.0258457728338));
#8506=CARTESIAN_POINT('Ctrl Pts',(6.29741132286454,9.7149968357248,97.2094408720489));
#8507=CARTESIAN_POINT('Ctrl Pts',(1.66829174943423,11.3339524154279,97.4159853586657));
#8508=CARTESIAN_POINT('Ctrl Pts',(-2.7392256097218,11.2375877045046,97.5995804578808));
#8509=CARTESIAN_POINT('Ctrl Pts',(-5.71200706795292,9.7797841310187,97.737276782292));
#8510=CARTESIAN_POINT('Ctrl Pts',(-6.97713502316816,8.77371435821667,97.8061249444976));
#8511=CARTESIAN_POINT('Ctrl Pts',(-8.32481361230828,6.62182335454647,95.2450435432551));
#8512=CARTESIAN_POINT('Ctrl Pts',(-9.2796490924174,5.42142472706045,95.3138917054607));
#8513=CARTESIAN_POINT('Ctrl Pts',(-10.661503576554,2.6016601220365,95.4515880298719));
#8514=CARTESIAN_POINT('Ctrl Pts',(-10.7711202384873,-2.10690231345422,95.6581325164889));
#8515=CARTESIAN_POINT('Ctrl Pts',(-8.89453470201592,-6.42981282778199,95.8646770031057));
#8516=CARTESIAN_POINT('Ctrl Pts',(-5.77087087240676,-9.21277300342211,96.0482721023208));
#8517=CARTESIAN_POINT('Ctrl Pts',(-1.43098904961375,-10.8925401962917,96.2548165889376));
#8518=CARTESIAN_POINT('Ctrl Pts',(2.8172515163034,-10.618992779098,96.4384116881527));
#8519=CARTESIAN_POINT('Ctrl Pts',(7.36217573951595,-8.15371532895061,96.6679055621714));
#8520=CARTESIAN_POINT('Ctrl Pts',(10.5556346178947,-3.88730940006975,96.8973994361902));
#8521=CARTESIAN_POINT('Ctrl Pts',(10.8920261112908,1.43128227233741,97.126893310209));
#8522=CARTESIAN_POINT('Ctrl Pts',(9.0315753184396,6.25543811032942,97.3563871842277));
#8523=CARTESIAN_POINT('Ctrl Pts',(5.97546332653961,9.21904929839951,97.5399822834428));
#8524=CARTESIAN_POINT('Ctrl Pts',(1.58270563097161,10.7551654399033,97.7465267700596));
#8525=CARTESIAN_POINT('Ctrl Pts',(-2.59970935439781,10.6635730101895,97.9301218692747));
#8526=CARTESIAN_POINT('Ctrl Pts',(-5.42061665335945,9.28012120085769,98.0678181936859));
#8527=CARTESIAN_POINT('Ctrl Pts',(-6.62109839373449,8.32539021782024,98.1366663558916));
#8528=CARTESIAN_POINT('Ctrl Pts',(-7.87704317204337,6.26509245168759,95.5755869640331));
#8529=CARTESIAN_POINT('Ctrl Pts',(-8.78043976777044,5.12926021283495,95.6444351262387));
#8530=CARTESIAN_POINT('Ctrl Pts',(-10.0878063607006,2.46119900758881,95.78213145065));
#8531=CARTESIAN_POINT('Ctrl Pts',(-10.1913294472631,-1.99395208895633,95.9886759372669));
#8532=CARTESIAN_POINT('Ctrl Pts',(-8.41556407933382,-6.08412535698248,96.1952204238838));
#8533=CARTESIAN_POINT('Ctrl Pts',(-5.45990184282149,-8.71717730834648,96.3788155230988));
#8534=CARTESIAN_POINT('Ctrl Pts',(-1.35352419384761,-10.3063603333091,96.5853600097157));
#8535=CARTESIAN_POINT('Ctrl Pts',(2.66606388347468,-10.0473602593539,96.7689551089307));
#8536=CARTESIAN_POINT('Ctrl Pts',(6.96627776433806,-7.71457734471604,96.9984489829495));
#8537=CARTESIAN_POINT('Ctrl Pts',(9.9876882517078,-3.67765873989927,97.2279428569683));
#8538=CARTESIAN_POINT('Ctrl Pts',(10.3057559861048,1.35469905443442,97.457436730987));
#8539=CARTESIAN_POINT('Ctrl Pts',(8.54523632771495,5.91914115592664,97.6869306050058));
#8540=CARTESIAN_POINT('Ctrl Pts',(5.6534828208106,8.72312424795922,97.8705257042208));
#8541=CARTESIAN_POINT('Ctrl Pts',(1.49708102401011,10.1763853623701,98.0770701908377));
#8542=CARTESIAN_POINT('Ctrl Pts',(-2.46023174066981,10.0895501418136,98.2606652900527));
#8543=CARTESIAN_POINT('Ctrl Pts',(-5.12926021283522,8.78043976777028,98.398361614464));
#8544=CARTESIAN_POINT('Ctrl Pts',(-6.26509245168783,7.87704317204318,98.4672097766696));
#8545=CARTESIAN_POINT('Ctrl Pts',(-11.4771979920928,2.66524761508883,94.7958731451918));
#8546=CARTESIAN_POINT('Ctrl Pts',(-11.8513736199115,1.05372321357984,94.8629323460559));
#8547=CARTESIAN_POINT('Ctrl Pts',(-11.8816254215238,-0.637765536226859,
94.9299915469199));
#8548=CARTESIAN_POINT('Ctrl Pts',(-11.5640138480443,-2.26173501074178,94.997050747784));
#8549=CARTESIAN_POINT('Ctrl Pts',(-11.2379292414946,-3.92902767688945,95.0658989099896));
#8550=CARTESIAN_POINT('Ctrl Pts',(-10.545173550665,-5.52515054577265,95.1347470721953));
#8551=CARTESIAN_POINT('Ctrl Pts',(-9.55010305078313,-6.90122720299789,95.2035952344009));
#8552=CARTESIAN_POINT('Ctrl Pts',(-8.55503255090124,-8.27730386022311,95.2724433966065));
#8553=CARTESIAN_POINT('Ctrl Pts',(-7.25764724196699,-9.43333430579034,95.3412915588122));
#8554=CARTESIAN_POINT('Ctrl Pts',(-5.77731168192681,-10.2679255314245,95.4101397210178));
#8555=CARTESIAN_POINT('Ctrl Pts',(-4.79042130856668,-10.8243196818472,95.4560384958215));
#8556=CARTESIAN_POINT('Ctrl Pts',(-3.72221971249284,-11.2378519567441,95.5019372706253));
#8557=CARTESIAN_POINT('Ctrl Pts',(-2.6179566380315,-11.488316614544,95.547836045429));
#8558=CARTESIAN_POINT('Ctrl Pts',(-0.409430489108794,-11.9892459301438,
95.6396335950365));
#8559=CARTESIAN_POINT('Ctrl Pts',(1.94334157336378,-11.8379047773556,95.7314311446441));
#8560=CARTESIAN_POINT('Ctrl Pts',(4.07008505016954,-11.059375056552,95.8232286942516));
#8561=CARTESIAN_POINT('Ctrl Pts',(5.13345678857244,-10.6701101961502,95.8691274690553));
#8562=CARTESIAN_POINT('Ctrl Pts',(6.14032138055865,-10.1240481937446,95.9150262438591));
#8563=CARTESIAN_POINT('Ctrl Pts',(7.04739886540048,-9.44497940236467,95.9609250186628));
#8564=CARTESIAN_POINT('Ctrl Pts',(8.86155383508413,-8.08684181960482,96.0527225682703));
#8565=CARTESIAN_POINT('Ctrl Pts',(10.2765603761904,-6.19667708094769,96.1445201178779));
#8566=CARTESIAN_POINT('Ctrl Pts',(11.0586614464969,-4.07338189502449,96.2363176674854));
#8567=CARTESIAN_POINT('Ctrl Pts',(11.8407625168034,-1.95008670910129,96.3281152170929));
#8568=CARTESIAN_POINT('Ctrl Pts',(11.9899581163103,0.406338924087985,96.4199127667003));
#8569=CARTESIAN_POINT('Ctrl Pts',(11.4902609133143,2.61676536816716,96.5117103163079));
#8570=CARTESIAN_POINT('Ctrl Pts',(11.2404123118163,3.72197859020672,96.5576090911116));
#8571=CARTESIAN_POINT('Ctrl Pts',(10.8283405096927,4.79069201496876,96.6035078659154));
#8572=CARTESIAN_POINT('Ctrl Pts',(10.2715544895881,5.7767375786021,96.6494066407191));
#8573=CARTESIAN_POINT('Ctrl Pts',(9.15798244937898,7.74882870586882,96.7412041903267));
#8574=CARTESIAN_POINT('Ctrl Pts',(7.46555353724624,9.39024838862073,96.8330017399342));
#8575=CARTESIAN_POINT('Ctrl Pts',(5.45978534760989,10.4416209733789,96.9247992895417));
#8576=CARTESIAN_POINT('Ctrl Pts',(4.45690125279173,10.967307265758,96.9706980643454));
#8577=CARTESIAN_POINT('Ctrl Pts',(3.37568233859767,11.3454817836386,97.0165968391492));
#8578=CARTESIAN_POINT('Ctrl Pts',(2.26368901152695,11.562271859769,97.0624956139529));
#8579=CARTESIAN_POINT('Ctrl Pts',(0.638196554746655,11.8791718131015,97.1295896426694));
#8580=CARTESIAN_POINT('Ctrl Pts',(-1.05305492179969,11.8512241575609,97.1966836713858));
#8581=CARTESIAN_POINT('Ctrl Pts',(-2.6650443881794,11.4775399542491,97.2637777001022));
#8582=CARTESIAN_POINT('Ctrl Pts',(-9.22041925426144,7.33520850679687,97.5839617745493));
#8583=CARTESIAN_POINT('Ctrl Pts',(-10.278121506078,6.00566781291092,97.6528099367549));
#8584=CARTESIAN_POINT('Ctrl Pts',(-11.8090674498706,2.88245277930103,97.7905062611661));
#8585=CARTESIAN_POINT('Ctrl Pts',(-11.9298535091733,-2.33234911832316,97.997050747783));
#8586=CARTESIAN_POINT('Ctrl Pts',(-9.85240407755028,-7.12080600147059,98.2035952343999));
#8587=CARTESIAN_POINT('Ctrl Pts',(-6.39322231460321,-10.2050491065848,98.387190333615));
#8588=CARTESIAN_POINT('Ctrl Pts',(-1.58581649137187,-12.0648494394179,98.5937348202318));
#8589=CARTESIAN_POINT('Ctrl Pts',(3.11960840698496,-11.7625026570899,98.7773299194469));
#8590=CARTESIAN_POINT('Ctrl Pts',(8.1540610077372,-9.03191220945769,99.0068237934656));
#8591=CARTESIAN_POINT('Ctrl Pts',(11.6915485163032,-4.30655744431261,99.2363176674844));
#8592=CARTESIAN_POINT('Ctrl Pts',(12.064566719081,1.58456293106563,99.4658115415031));
#8593=CARTESIAN_POINT('Ctrl Pts',(10.0042036486194,6.92811932878025,99.6953054155219));
#8594=CARTESIAN_POINT('Ctrl Pts',(6.61932701852637,10.2109463304298,99.878900514737));
#8595=CARTESIAN_POINT('Ctrl Pts',(1.75385358996065,11.9127402896958,100.085445001354));
#8596=CARTESIAN_POINT('Ctrl Pts',(-2.87876677787951,11.8115902495873,100.269040100569));
#8597=CARTESIAN_POINT('Ctrl Pts',(-6.00341850934422,10.2794354793636,100.40673642498));
#8598=CARTESIAN_POINT('Ctrl Pts',(-7.33319062822011,9.22202419606049,100.475584587186));
#8599=CARTESIAN_POINT('Ctrl Pts',(-8.77260879817075,6.97852503365533,97.9145021318611));
#8600=CARTESIAN_POINT('Ctrl Pts',(-9.77887896955443,5.71355646764404,97.9833502940668));
#8601=CARTESIAN_POINT('Ctrl Pts',(-11.2353463830698,2.74205481396089,98.121046618478));
#8602=CARTESIAN_POINT('Ctrl Pts',(-11.3501136069512,-2.21936277192656,98.3275911050949));
#8603=CARTESIAN_POINT('Ctrl Pts',(-9.37347011302315,-6.77508831747768,98.5341355917118));
#8604=CARTESIAN_POINT('Ctrl Pts',(-6.08228175048063,-9.70936833961491,98.7177306909269));
#8605=CARTESIAN_POINT('Ctrl Pts',(-1.50841487230742,-11.4786626239321,98.9242751775437));
#8606=CARTESIAN_POINT('Ctrl Pts',(2.96836423840634,-11.1908717418813,99.1078702767588));
#8607=CARTESIAN_POINT('Ctrl Pts',(7.75811377804027,-8.59281633974267,99.3373641507775));
#8608=CARTESIAN_POINT('Ctrl Pts',(11.1235786198746,-4.09696544507489,99.5668580247963));
#8609=CARTESIAN_POINT('Ctrl Pts',(11.4783025715064,1.50791546022476,99.796351898815));
#8610=CARTESIAN_POINT('Ctrl Pts',(9.51789924026077,6.59176867208247,100.025845772834));
#8611=CARTESIAN_POINT('Ctrl Pts',(6.29739984631892,9.7149855142785,100.209440872049));
#8612=CARTESIAN_POINT('Ctrl Pts',(1.6682913901626,11.3339493037203,100.415985358666));
#8613=CARTESIAN_POINT('Ctrl Pts',(-2.73922652287526,11.2375810780382,100.599580457881));
#8614=CARTESIAN_POINT('Ctrl Pts',(-5.7120070679528,9.77978413101878,100.737276782292));
#8615=CARTESIAN_POINT('Ctrl Pts',(-6.97713502316809,8.77371435821673,100.806124944498));
#8616=CARTESIAN_POINT('Ctrl Pts',(-8.32481361230814,6.62182335454665,98.2450435432551));
#8617=CARTESIAN_POINT('Ctrl Pts',(-9.27964909241732,5.42142472706061,98.3138917054607));
#8618=CARTESIAN_POINT('Ctrl Pts',(-10.6616317366181,2.6016332036485,98.451588029872));
#8619=CARTESIAN_POINT('Ctrl Pts',(-10.7703696312607,-2.10640057348681,98.6581325164888));
#8620=CARTESIAN_POINT('Ctrl Pts',(-8.89452230750665,-6.42939085238952,98.8646770031057));
#8621=CARTESIAN_POINT('Ctrl Pts',(-5.77132096067546,-9.21370097491847,99.0482721023208));
#8622=CARTESIAN_POINT('Ctrl Pts',(-1.43098902926985,-10.8924796485642,99.2548165889376));
#8623=CARTESIAN_POINT('Ctrl Pts',(2.81714392083735,-10.6192351509125,99.4384116881527));
#8624=CARTESIAN_POINT('Ctrl Pts',(7.3621851672532,-8.15370451304131,99.6679055621714));
#8625=CARTESIAN_POINT('Ctrl Pts',(10.5556180084009,-3.88735011915062,99.8973994361902));
#8626=CARTESIAN_POINT('Ctrl Pts',(10.8920358636077,1.43129237633532,100.126893310209));
#8627=CARTESIAN_POINT('Ctrl Pts',(9.03158140604859,6.25543853048431,100.356387184228));
#8628=CARTESIAN_POINT('Ctrl Pts',(5.9754524364382,9.21903855481861,100.539982283443));
#8629=CARTESIAN_POINT('Ctrl Pts',(1.58270529008943,10.7551624871299,100.74652677006));
#8630=CARTESIAN_POINT('Ctrl Pts',(-2.59971022075265,10.6635667221226,100.930121869275));
#8631=CARTESIAN_POINT('Ctrl Pts',(-5.42061665335934,9.28012120085776,101.067818193686));
#8632=CARTESIAN_POINT('Ctrl Pts',(-6.62109839373443,8.32539021782029,101.136666355892));
#8633=CARTESIAN_POINT('Ctrl Pts',(-7.87704317204324,6.26509245168775,98.5755869640331));
#8634=CARTESIAN_POINT('Ctrl Pts',(-8.78043976777035,5.1292602128351,98.6444351262387));
#8635=CARTESIAN_POINT('Ctrl Pts',(-10.0879276164735,2.46117353576848,98.78213145065));
#8636=CARTESIAN_POINT('Ctrl Pts',(-10.1906192727056,-1.9934773245185,98.9886759372669));
#8637=CARTESIAN_POINT('Ctrl Pts',(-8.41555234977982,-6.08372607738681,99.1952204238838));
#8638=CARTESIAN_POINT('Ctrl Pts',(-5.46032767595615,-8.71805536409074,99.3788155230989));
#8639=CARTESIAN_POINT('Ctrl Pts',(-1.35352417536612,-10.3063030425673,99.5853600097157));
#8640=CARTESIAN_POINT('Ctrl Pts',(2.66596208640186,-10.0475895937382,99.7689551089307));
#8641=CARTESIAN_POINT('Ctrl Pts',(6.96628668411611,-7.71456711051279,99.9984489829495));
#8642=CARTESIAN_POINT('Ctrl Pts',(9.98767253724357,-3.67769726911325,100.227942856968));
#8643=CARTESIAN_POINT('Ctrl Pts',(10.3057652133175,1.35470861460345,100.457436730987));
#8644=CARTESIAN_POINT('Ctrl Pts',(8.54524208789108,5.91914155316418,100.686930605006));
#8645=CARTESIAN_POINT('Ctrl Pts',(5.653472517643,8.72311408186497,100.870525704221));
#8646=CARTESIAN_POINT('Ctrl Pts',(1.49708070197555,10.1763825683492,101.077070190838));
#8647=CARTESIAN_POINT('Ctrl Pts',(-2.46023255977418,10.0895441921034,101.260665290053));
#8648=CARTESIAN_POINT('Ctrl Pts',(-5.12926021283512,8.78043976777034,101.398361614464));
#8649=CARTESIAN_POINT('Ctrl Pts',(-6.26509245168777,7.87704317204323,101.46720977667));
#8650=CARTESIAN_POINT('Ctrl Pts',(-11.4771319482463,2.66533010722389,97.7958731440544));
#8651=CARTESIAN_POINT('Ctrl Pts',(-11.8511744523549,1.05389866051509,97.8629323452976));
#8652=CARTESIAN_POINT('Ctrl Pts',(-11.8811177836979,-0.637402848276131,
97.9299915465408));
#8653=CARTESIAN_POINT('Ctrl Pts',(-11.5634809273507,-2.26129161591005,97.997050747784));
#8654=CARTESIAN_POINT('Ctrl Pts',(-11.2373703652974,-3.92850141270506,98.0658989099897));
#8655=CARTESIAN_POINT('Ctrl Pts',(-10.5448872214231,-5.52465370708732,98.1347470721953));
#8656=CARTESIAN_POINT('Ctrl Pts',(-9.5500490689335,-6.90102543648727,98.2035952344009));
#8657=CARTESIAN_POINT('Ctrl Pts',(-8.55521091644389,-8.27739716588723,98.2724433966065));
#8658=CARTESIAN_POINT('Ctrl Pts',(-7.25801775533896,-9.43398833030488,98.3412915588122));
#8659=CARTESIAN_POINT('Ctrl Pts',(-5.77765932625085,-10.2685848626385,98.4101397210178));
#8660=CARTESIAN_POINT('Ctrl Pts',(-4.79075370685881,-10.8249825508609,98.4560384958216));
#8661=CARTESIAN_POINT('Ctrl Pts',(-3.72244130169646,-11.2382715137126,98.5019372706253));
#8662=CARTESIAN_POINT('Ctrl Pts',(-2.61811429005858,-11.4886019237531,98.5478360454291));
#8663=CARTESIAN_POINT('Ctrl Pts',(-0.40946026678268,-11.9892627438341,98.6396335950366));
#8664=CARTESIAN_POINT('Ctrl Pts',(1.94325218239544,-11.8380893526702,98.7314311446441));
#8665=CARTESIAN_POINT('Ctrl Pts',(4.0700103589886,-11.0595407695803,98.8232286942516));
#8666=CARTESIAN_POINT('Ctrl Pts',(5.13338944728518,-10.6702664780354,98.8691274690554));
#8667=CARTESIAN_POINT('Ctrl Pts',(6.1402799674355,-10.124148388509,98.9150262438591));
#8668=CARTESIAN_POINT('Ctrl Pts',(7.04737281477342,-9.44504601114848,98.9609250186629));
#8669=CARTESIAN_POINT('Ctrl Pts',(8.86155850944917,-8.08684125642743,99.0527225682704));
#8670=CARTESIAN_POINT('Ctrl Pts',(10.2765535128753,-6.19669935036969,99.1445201178779));
#8671=CARTESIAN_POINT('Ctrl Pts',(11.058654655144,-4.0734043222654,99.2363176674854));
#8672=CARTESIAN_POINT('Ctrl Pts',(11.8407557974126,-1.95010929416104,99.3281152170929));
#8673=CARTESIAN_POINT('Ctrl Pts',(11.9899630785237,0.406338855989896,99.4199127667004));
#8674=CARTESIAN_POINT('Ctrl Pts',(11.4902686867711,2.61676994543057,99.5117103163079));
#8675=CARTESIAN_POINT('Ctrl Pts',(11.2404214908947,3.72198549015093,99.5576090911116));
#8676=CARTESIAN_POINT('Ctrl Pts',(10.8283488768025,4.79069676969372,99.6035078659154));
#8677=CARTESIAN_POINT('Ctrl Pts',(10.2715607482332,5.77673987285967,99.6494066407192));
#8678=CARTESIAN_POINT('Ctrl Pts',(9.15798449109482,7.74882607919153,99.7412041903267));
#8679=CARTESIAN_POINT('Ctrl Pts',(7.46554617604852,9.39023958001606,99.8330017399342));
#8680=CARTESIAN_POINT('Ctrl Pts',(5.45977831442123,10.4416126608141,99.9247992895417));
#8681=CARTESIAN_POINT('Ctrl Pts',(4.45689438360761,10.9672992012131,99.9706980643454));
#8682=CARTESIAN_POINT('Ctrl Pts',(3.37567806614874,11.3454756366055,100.016596839149));
#8683=CARTESIAN_POINT('Ctrl Pts',(2.26368623888947,11.5622664938301,100.062495613953));
#8684=CARTESIAN_POINT('Ctrl Pts',(0.638195974507535,11.8791675889524,100.129589642669));
#8685=CARTESIAN_POINT('Ctrl Pts',(-1.05305565355614,11.8512186468954,100.196683671386));
#8686=CARTESIAN_POINT('Ctrl Pts',(-2.66504500808957,11.4775353477373,100.263777700102));
#8687=CARTESIAN_POINT('Ctrl Pts',(-9.22041925426149,7.33520850679681,100.583961774549));
#8688=CARTESIAN_POINT('Ctrl Pts',(-10.278121506078,6.00566781291085,100.652809936755));
#8689=CARTESIAN_POINT('Ctrl Pts',(-11.8090632030379,2.88245477521109,100.790506261166));
#8690=CARTESIAN_POINT('Ctrl Pts',(-11.9298500720659,-2.33234533733015,100.997050747783));
#8691=CARTESIAN_POINT('Ctrl Pts',(-9.8524009502204,-7.12079262390859,101.2035952344));
#8692=CARTESIAN_POINT('Ctrl Pts',(-6.39322336278713,-10.2050501145976,101.387190333615));
#8693=CARTESIAN_POINT('Ctrl Pts',(-1.58582060936716,-12.0648361054247,101.593734820232));
#8694=CARTESIAN_POINT('Ctrl Pts',(3.11960963226486,-11.7625169130882,101.777329919447));
#8695=CARTESIAN_POINT('Ctrl Pts',(8.15406358120291,-9.03192118500565,102.006823793466));
#8696=CARTESIAN_POINT('Ctrl Pts',(11.6915505267306,-4.30655874653746,102.236317667484));
#8697=CARTESIAN_POINT('Ctrl Pts',(12.0645740036681,1.58456607269485,102.465811541503));
#8698=CARTESIAN_POINT('Ctrl Pts',(10.0042134054971,6.92812666221127,102.695305415522));
#8699=CARTESIAN_POINT('Ctrl Pts',(6.61931462191184,10.2109330987396,102.878900514737));
#8700=CARTESIAN_POINT('Ctrl Pts',(1.75385369828998,11.9127382022896,103.085445001354));
#8701=CARTESIAN_POINT('Ctrl Pts',(-2.87876800228877,11.8115828854221,103.269040100569));
#8702=CARTESIAN_POINT('Ctrl Pts',(-6.00341850934459,10.2794354793634,103.40673642498));
#8703=CARTESIAN_POINT('Ctrl Pts',(-7.33319062822043,9.22202419606023,103.475584587186));
#8704=CARTESIAN_POINT('Ctrl Pts',(-8.7726087981708,6.97852503365527,100.914502131861));
#8705=CARTESIAN_POINT('Ctrl Pts',(-9.77887896955447,5.71355646764398,100.983350294067));
#8706=CARTESIAN_POINT('Ctrl Pts',(-11.2353423426038,2.74205671264131,101.121046618478));
#8707=CARTESIAN_POINT('Ctrl Pts',(-11.3501103368651,-2.21935917497657,101.327591105095));
#8708=CARTESIAN_POINT('Ctrl Pts',(-9.37346713783545,-6.7750755903141,101.534135591712));
#8709=CARTESIAN_POINT('Ctrl Pts',(-6.08228274734497,-9.70936929891729,101.717730690927));
#8710=CARTESIAN_POINT('Ctrl Pts',(-1.50841879012588,-11.4786499380069,101.924275177544));
#8711=CARTESIAN_POINT('Ctrl Pts',(2.96836540507086,-11.1908853050247,102.107870276759));
#8712=CARTESIAN_POINT('Ctrl Pts',(7.75811622713935,-8.59282487880879,102.337364150778));
#8713=CARTESIAN_POINT('Ctrl Pts',(11.1235805328508,-4.09696668350365,102.566858024796));
#8714=CARTESIAN_POINT('Ctrl Pts',(11.4783095019584,1.50791844990242,102.796351898815));
#8715=CARTESIAN_POINT('Ctrl Pts',(9.51790852258173,6.59177564990567,103.025845772834));
#8716=CARTESIAN_POINT('Ctrl Pts',(6.2973880520961,9.71497292544471,103.209440872049));
#8717=CARTESIAN_POINT('Ctrl Pts',(1.66829149292839,11.3339473178772,103.415985358666));
#8718=CARTESIAN_POINT('Ctrl Pts',(-2.73922768790744,11.2375740717011,103.599580457881));
#8719=CARTESIAN_POINT('Ctrl Pts',(-5.71200706795315,9.77978413101858,103.737276782292));
#8720=CARTESIAN_POINT('Ctrl Pts',(-6.9771350231684,8.77371435821648,103.806124944498));
#8721=CARTESIAN_POINT('Ctrl Pts',(-8.32481361230819,6.62182335454659,101.245043543255));
#8722=CARTESIAN_POINT('Ctrl Pts',(-9.27964909241736,5.42142472706055,101.313891705461));
#8723=CARTESIAN_POINT('Ctrl Pts',(-10.661627902562,2.60163500542947,101.451588029872));
#8724=CARTESIAN_POINT('Ctrl Pts',(-10.770366528288,-2.10639716020544,101.658132516489));
#8725=CARTESIAN_POINT('Ctrl Pts',(-8.89451948466184,-6.42937877520838,101.864677003106));
#8726=CARTESIAN_POINT('Ctrl Pts',(-5.77132190653067,-9.21370188530551,102.048272102321));
#8727=CARTESIAN_POINT('Ctrl Pts',(-1.43099274734353,-10.8924676106722,102.254816588938));
#8728=CARTESIAN_POINT('Ctrl Pts',(2.81714502847101,-10.6192480213035,102.438411688153));
#8729=CARTESIAN_POINT('Ctrl Pts',(7.36218749163895,-8.15371261586907,102.667905562171));
#8730=CARTESIAN_POINT('Ctrl Pts',(10.555619823757,-3.88735129418189,102.89739943619));
#8731=CARTESIAN_POINT('Ctrl Pts',(10.8920424399939,1.43129521364959,103.126893310209));
#8732=CARTESIAN_POINT('Ctrl Pts',(9.03159021402352,6.25544515233427,103.356387184228));
#8733=CARTESIAN_POINT('Ctrl Pts',(5.97544124492999,9.21902660856992,103.539982283443));
#8734=CARTESIAN_POINT('Ctrl Pts',(1.58270538760863,10.7551606027353,103.74652677006));
#8735=CARTESIAN_POINT('Ctrl Pts',(-2.59971132610739,10.6635600735785,103.930121869275));
#8736=CARTESIAN_POINT('Ctrl Pts',(-5.42061665335967,9.28012120085757,104.067818193686));
#8737=CARTESIAN_POINT('Ctrl Pts',(-6.62109839373472,8.32539021782005,104.136666355892));
#8738=CARTESIAN_POINT('Ctrl Pts',(-7.87704317204328,6.2650924516877,101.575586964033));
#8739=CARTESIAN_POINT('Ctrl Pts',(-8.78043976777039,5.12926021283504,101.644435126239));
#8740=CARTESIAN_POINT('Ctrl Pts',(-10.0879239888887,2.46117524113141,101.78213145065));
#8741=CARTESIAN_POINT('Ctrl Pts',(-10.1906163369791,-1.99347409436007,101.988675937267));
#8742=CARTESIAN_POINT('Ctrl Pts',(-8.41554967957155,-6.08371464958141,102.195220423884));
#8743=CARTESIAN_POINT('Ctrl Pts',(-5.46032857125195,-8.71805622526333,102.378815523099));
#8744=CARTESIAN_POINT('Ctrl Pts',(-1.35352769432699,-10.3062916526569,102.585360009716));
#8745=CARTESIAN_POINT('Ctrl Pts',(2.665963134405,-10.0476017715233,102.768955108931));
#8746=CARTESIAN_POINT('Ctrl Pts',(6.9662888832863,-7.71457477745347,102.99844898295));
#8747=CARTESIAN_POINT('Ctrl Pts',(9.9876742547324,-3.67769838132471,103.227942856968));
#8748=CARTESIAN_POINT('Ctrl Pts',(10.3057714357358,1.35471129895783,103.457436730987));
#8749=CARTESIAN_POINT('Ctrl Pts',(8.54525042182207,5.91914781851197,103.686930605006));
#8750=CARTESIAN_POINT('Ctrl Pts',(5.65346192932124,8.72310277780123,103.870525704221));
#8751=CARTESIAN_POINT('Ctrl Pts',(1.4970807947088,10.1763807852345,104.077070190838));
#8752=CARTESIAN_POINT('Ctrl Pts',(-2.46023360501285,10.0895379012991,104.260665290053));
#8753=CARTESIAN_POINT('Ctrl Pts',(-5.12926021283543,8.78043976777016,104.398361614464));
#8754=CARTESIAN_POINT('Ctrl Pts',(-6.26509245168805,7.877043172043,104.46720977667));
#8755=CARTESIAN_POINT('Ctrl Pts',(-11.4771288345792,2.66533193604384,100.795873145192));
#8756=CARTESIAN_POINT('Ctrl Pts',(-11.8511704897397,1.05390126412905,100.862932346056));
#8757=CARTESIAN_POINT('Ctrl Pts',(-11.8811140797343,-0.637399622201942,
100.92999154692));
#8758=CARTESIAN_POINT('Ctrl Pts',(-11.5634774069186,-2.26128653300286,100.997050747784));
#8759=CARTESIAN_POINT('Ctrl Pts',(-11.2373670314491,-3.92849443285581,101.06589890999));
#8760=CARTESIAN_POINT('Ctrl Pts',(-10.544883990834,-5.52464352838166,101.134747072195));
#8761=CARTESIAN_POINT('Ctrl Pts',(-9.5500466728829,-6.90101635564865,101.203595234401));
#8762=CARTESIAN_POINT('Ctrl Pts',(-8.55520935493171,-8.27738918291574,101.272443396607));
#8763=CARTESIAN_POINT('Ctrl Pts',(-7.2580177596444,-9.43398574192396,101.341291558812));
#8764=CARTESIAN_POINT('Ctrl Pts',(-5.77766057084562,-10.2685815636926,101.410139721018));
#8765=CARTESIAN_POINT('Ctrl Pts',(-4.79075577831309,-10.8249787782051,101.456038495822));
#8766=CARTESIAN_POINT('Ctrl Pts',(-3.72244405533102,-11.2382645539444,101.501937270625));
#8767=CARTESIAN_POINT('Ctrl Pts',(-2.61811705320702,-11.4885951384092,101.547836045429));
#8768=CARTESIAN_POINT('Ctrl Pts',(-0.409463048959062,-11.9892563073388,
101.639633595037));
#8769=CARTESIAN_POINT('Ctrl Pts',(1.94325207185661,-11.8380967111706,101.731431144644));
#8770=CARTESIAN_POINT('Ctrl Pts',(4.07001149851179,-11.0595513182926,101.823228694252));
#8771=CARTESIAN_POINT('Ctrl Pts',(5.13339121183935,-10.6702786218536,101.869127469055));
#8772=CARTESIAN_POINT('Ctrl Pts',(6.14028200162679,-10.1241594762372,101.915026243859));
#8773=CARTESIAN_POINT('Ctrl Pts',(7.04737499118689,-9.44505588326176,101.960925018663));
#8774=CARTESIAN_POINT('Ctrl Pts',(8.86156097030719,-8.08684869731082,102.05272256827));
#8775=CARTESIAN_POINT('Ctrl Pts',(10.2765557485181,-6.19670372192376,102.144520117878));
#8776=CARTESIAN_POINT('Ctrl Pts',(11.058657833011,-4.0734062703839,102.236317667485));
#8777=CARTESIAN_POINT('Ctrl Pts',(11.8407599175039,-1.95010881884415,102.328115217093));
#8778=CARTESIAN_POINT('Ctrl Pts',(11.9899693082788,0.406341108848368,102.4199127667));
#8779=CARTESIAN_POINT('Ctrl Pts',(11.490276279025,2.61677390861666,102.511710316308));
#8780=CARTESIAN_POINT('Ctrl Pts',(11.2404297643981,3.72199030850087,102.557609091112));
#8781=CARTESIAN_POINT('Ctrl Pts',(10.8283576447639,4.79070242640402,102.603507865915));
#8782=CARTESIAN_POINT('Ctrl Pts',(10.2715679997091,5.77674437471677,102.649406640719));
#8783=CARTESIAN_POINT('Ctrl Pts',(9.15798870959943,7.74882827134228,102.741204190327));
#8784=CARTESIAN_POINT('Ctrl Pts',(7.465539317807,9.39023148960621,102.833001739934));
#8785=CARTESIAN_POINT('Ctrl Pts',(5.45977146909952,10.4416044448941,102.924799289542));
#8786=CARTESIAN_POINT('Ctrl Pts',(4.45688754474582,10.967290922538,102.970698064345));
#8787=CARTESIAN_POINT('Ctrl Pts',(3.37567400616338,11.3454698344379,103.016596839149));
#8788=CARTESIAN_POINT('Ctrl Pts',(2.26368371295611,11.5622616498912,103.062495613953));
#8789=CARTESIAN_POINT('Ctrl Pts',(0.638195691025407,11.8791641457353,103.129589642669));
#8790=CARTESIAN_POINT('Ctrl Pts',(-1.05305635453808,11.8512133601294,103.196683671386));
#8791=CARTESIAN_POINT('Ctrl Pts',(-2.6650456797753,11.4775307543193,103.263777700102));
#8792=CARTESIAN_POINT('Origin',(12.,0.,67.));
#8793=CARTESIAN_POINT('Origin',(0.,0.,67.));
#8794=CARTESIAN_POINT('Origin',(0.,0.,58.0000008642673));
#8795=CARTESIAN_POINT('Origin',(0.,0.,58.0000008642673));
#8796=CARTESIAN_POINT('Origin',(0.,0.,58.0000008642673));
#8797=CARTESIAN_POINT('Origin',(0.,0.,58.0000008642673));
#8798=CARTESIAN_POINT('Origin',(0.,0.,58.0000008642673));
#8799=CARTESIAN_POINT('Origin',(0.,0.,58.0000008642673));
#8800=CARTESIAN_POINT('Origin',(0.,0.,58.0000008642673));
#8801=CARTESIAN_POINT('Origin',(0.,0.,58.0000008642673));
#8802=CARTESIAN_POINT('Origin',(0.,0.,58.0000008642673));
#8803=CARTESIAN_POINT('Origin',(0.,0.,58.0000008642673));
#8804=CARTESIAN_POINT('Origin',(0.,0.,58.0000008642673));
#8805=CARTESIAN_POINT('Origin',(0.,0.,58.0000008642673));
#8806=CARTESIAN_POINT('Origin',(0.,0.,58.0000008642673));
#8807=CARTESIAN_POINT('Origin',(0.,0.,58.0000008642673));
#8808=CARTESIAN_POINT('',(11.7822138078155,-0.0292035857874995,105.403641973019));
#8809=CARTESIAN_POINT('Ctrl Pts',(11.78225,4.87136906970547E-16,105.403641973019));
#8810=CARTESIAN_POINT('Ctrl Pts',(11.78225,-0.00973512645749146,105.403641973019));
#8811=CARTESIAN_POINT('Ctrl Pts',(11.7822379344756,-0.0194696623372004,
105.403641973019));
#8812=CARTESIAN_POINT('Ctrl Pts',(11.7822138078155,-0.0292035857874995,
105.403641973019));
#8813=CARTESIAN_POINT('Ctrl Pts',(-11.4749131268142,2.66345264668483,103.795873145192));
#8814=CARTESIAN_POINT('Ctrl Pts',(-11.6237007352825,2.0282173486588,103.822318518224));
#8815=CARTESIAN_POINT('Ctrl Pts',(-11.7200018590517,1.38095152459821,103.848763891256));
#8816=CARTESIAN_POINT('Ctrl Pts',(-11.7606066449341,0.730103488327742,103.875209264289));
#8817=CARTESIAN_POINT('Ctrl Pts',(-11.9096691664468,-1.65919736130858,103.972291760868));
#8818=CARTESIAN_POINT('Ctrl Pts',(-11.3081307236574,-4.09677448980061,104.069374257448));
#8819=CARTESIAN_POINT('Ctrl Pts',(-10.0610383559342,-6.14017528606947,104.166456754027));
#8820=CARTESIAN_POINT('Ctrl Pts',(-8.81394598821089,-8.18357608233834,104.263539250607));
#8821=CARTESIAN_POINT('Ctrl Pts',(-6.92129969555371,-9.83280054638403,104.360621747186));
#8822=CARTESIAN_POINT('Ctrl Pts',(-4.7276146005061,-10.7936228084127,104.457704243766));
#8823=CARTESIAN_POINT('Ctrl Pts',(-2.53392950545844,-11.7544450704414,104.554786740345));
#8824=CARTESIAN_POINT('Ctrl Pts',(-0.0392056080203498,-12.0268651304529,
104.651869236925));
#8825=CARTESIAN_POINT('Ctrl Pts',(2.30863510765555,-11.5584301593759,104.748951733504));
#8826=CARTESIAN_POINT('Ctrl Pts',(4.6564758233314,-11.0899951882989,104.846034230083));
#8827=CARTESIAN_POINT('Ctrl Pts',(6.85743335724507,-9.88070518613328,104.943116726663));
#8828=CARTESIAN_POINT('Ctrl Pts',(8.51264744201361,-8.15040064079737,105.040199223242));
#8829=CARTESIAN_POINT('Ctrl Pts',(10.1678615267821,-6.42009609546147,105.137281719822));
#8830=CARTESIAN_POINT('Ctrl Pts',(11.2773321624056,-4.16877700695513,105.234364216401));
#8831=CARTESIAN_POINT('Ctrl Pts',(11.6434645356267,-1.80348371223252,105.331446712981));
#8832=CARTESIAN_POINT('Ctrl Pts',(11.7342224745769,-1.2171680511697,105.35551179966));
#8833=CARTESIAN_POINT('Ctrl Pts',(11.7793053167279,-0.623849141162596,105.37957688634));
#8834=CARTESIAN_POINT('Ctrl Pts',(11.7797020637567,-0.0302695332517968,
105.403641973019));
#8835=CARTESIAN_POINT('Origin',(-12.0208152801713,12.0208152801713,29.0000004321337));
#8836=CARTESIAN_POINT('',(-4.57098306729564,19.470647493047,-4.32335223022817E-15));
#8837=CARTESIAN_POINT('',(-4.57098306729564,19.470647493047,3.03179170984077E-14));
#8838=CARTESIAN_POINT('',(-12.0208152801713,12.0208152801713,3.33066907387547E-14));
#8839=CARTESIAN_POINT('Ctrl Pts',(11.877249999752,5.10447718803475E-16,
105.322675613577));
#8840=CARTESIAN_POINT('Ctrl Pts',(11.877249999752,11.877249999752,105.322675613577));
#8841=CARTESIAN_POINT('Ctrl Pts',(-1.08575115737831E-15,11.877249999752,
105.322675613577));
#8842=CARTESIAN_POINT('Ctrl Pts',(-11.877249999752,11.877249999752,105.322675613577));
#8843=CARTESIAN_POINT('Ctrl Pts',(-11.877249999752,-1.66105459595314E-15,
105.322675613577));
#8844=CARTESIAN_POINT('Ctrl Pts',(-11.877249999752,-11.877249999752,105.322675613577));
#8845=CARTESIAN_POINT('Ctrl Pts',(1.08575115737831E-15,-11.877249999752,
105.322675613577));
#8846=CARTESIAN_POINT('Ctrl Pts',(11.877249999752,-11.877249999752,105.322675613577));
#8847=CARTESIAN_POINT('Ctrl Pts',(11.877249999752,5.10447718803475E-16,
105.322675613577));
#8848=CARTESIAN_POINT('Ctrl Pts',(11.7564997726604,4.80454501827826E-16,
105.426599039018));
#8849=CARTESIAN_POINT('Ctrl Pts',(11.7564997726604,11.7564997726604,105.426599039018));
#8850=CARTESIAN_POINT('Ctrl Pts',(-1.04939446586796E-15,11.7564997726604,
105.426599039018));
#8851=CARTESIAN_POINT('Ctrl Pts',(-11.7564997726604,11.7564997726604,105.426599039018));
#8852=CARTESIAN_POINT('Ctrl Pts',(-11.7564997726604,-1.61833442990809E-15,
105.426599039018));
#8853=CARTESIAN_POINT('Ctrl Pts',(-11.7564997726604,-11.7564997726604,105.426599039018));
#8854=CARTESIAN_POINT('Ctrl Pts',(1.04939446586796E-15,-11.7564997726604,
105.426599039018));
#8855=CARTESIAN_POINT('Ctrl Pts',(11.7564997726604,-11.7564997726604,105.426599039018));
#8856=CARTESIAN_POINT('Ctrl Pts',(11.7564997726604,4.80454501827826E-16,
105.426599039018));
#8857=CARTESIAN_POINT('Ctrl Pts',(11.5126414873811,4.2220900256347E-16,
105.630012924159));
#8858=CARTESIAN_POINT('Ctrl Pts',(11.5126414873811,11.5126414873811,105.630012924159));
#8859=CARTESIAN_POINT('Ctrl Pts',(-9.78693458400206E-16,11.5126414873811,
105.630012924159));
#8860=CARTESIAN_POINT('Ctrl Pts',(-11.5126414873811,11.5126414873811,105.630012924159));
#8861=CARTESIAN_POINT('Ctrl Pts',(-11.5126414873811,-1.53517791423694E-15,
105.630012924159));
#8862=CARTESIAN_POINT('Ctrl Pts',(-11.5126414873811,-11.5126414873811,105.630012924159));
#8863=CARTESIAN_POINT('Ctrl Pts',(9.78693458400206E-16,-11.5126414873811,
105.630012924159));
#8864=CARTESIAN_POINT('Ctrl Pts',(11.5126414873811,-11.5126414873811,105.630012924159));
#8865=CARTESIAN_POINT('Ctrl Pts',(11.5126414873811,4.2220900256347E-16,
105.630012924159));
#8866=CARTESIAN_POINT('Ctrl Pts',(11.1397806896251,3.40063466576215E-16,
105.921835086752));
#8867=CARTESIAN_POINT('Ctrl Pts',(11.1397806896251,11.1397806896251,105.921835086752));
#8868=CARTESIAN_POINT('Ctrl Pts',(-8.78678968493825E-16,11.1397806896251,
105.921835086752));
#8869=CARTESIAN_POINT('Ctrl Pts',(-11.1397806896251,11.1397806896251,105.921835086752));
#8870=CARTESIAN_POINT('Ctrl Pts',(-11.1397806896251,-1.41729447041143E-15,
105.921835086752));
#8871=CARTESIAN_POINT('Ctrl Pts',(-11.1397806896251,-11.1397806896251,105.921835086752));
#8872=CARTESIAN_POINT('Ctrl Pts',(8.78678968493825E-16,-11.1397806896251,
105.921835086752));
#8873=CARTESIAN_POINT('Ctrl Pts',(11.1397806896251,-11.1397806896251,105.921835086752));
#8874=CARTESIAN_POINT('Ctrl Pts',(11.1397806896251,3.40063466576215E-16,
105.921835086752));
#8875=CARTESIAN_POINT('Ctrl Pts',(10.6282524132627,2.41154144978698E-16,
106.283894393247));
#8876=CARTESIAN_POINT('Ctrl Pts',(10.6282524132627,10.6282524132627,106.283894393247));
#8877=CARTESIAN_POINT('Ctrl Pts',(-7.57599908291543E-16,10.6282524132627,
106.283894393247));
#8878=CARTESIAN_POINT('Ctrl Pts',(-10.6282524132627,10.6282524132627,106.283894393247));
#8879=CARTESIAN_POINT('Ctrl Pts',(-10.6282524132627,-1.27404567160439E-15,
106.283894393247));
#8880=CARTESIAN_POINT('Ctrl Pts',(-10.6282524132627,-10.6282524132627,106.283894393247));
#8881=CARTESIAN_POINT('Ctrl Pts',(7.57599908291543E-16,-10.6282524132627,
106.283894393247));
#8882=CARTESIAN_POINT('Ctrl Pts',(10.6282524132627,-10.6282524132627,106.283894393247));
#8883=CARTESIAN_POINT('Ctrl Pts',(10.6282524132627,2.41154144978698E-16,
106.283894393247));
#8884=CARTESIAN_POINT('Ctrl Pts',(9.96326347030663,1.36403776951767E-16,
106.688378123885));
#8885=CARTESIAN_POINT('Ctrl Pts',(9.96326347030663,9.96326347030663,106.688378123885));
#8886=CARTESIAN_POINT('Ctrl Pts',(-6.28082054890695E-16,9.96326347030663,
106.688378123885));
#8887=CARTESIAN_POINT('Ctrl Pts',(-9.96326347030663,9.96326347030663,106.688378123885));
#8888=CARTESIAN_POINT('Ctrl Pts',(-9.96326347030663,-1.11976033282962E-15,
106.688378123885));
#8889=CARTESIAN_POINT('Ctrl Pts',(-9.96326347030663,-9.96326347030663,106.688378123885));
#8890=CARTESIAN_POINT('Ctrl Pts',(6.28082054890695E-16,-9.96326347030663,
106.688378123885));
#8891=CARTESIAN_POINT('Ctrl Pts',(9.96326347030663,-9.96326347030663,106.688378123885));
#8892=CARTESIAN_POINT('Ctrl Pts',(9.96326347030663,1.36403776951767E-16,
106.688378123885));
#8893=CARTESIAN_POINT('Ctrl Pts',(9.27047141753719,5.21821899531248E-17,
107.040589139384));
#8894=CARTESIAN_POINT('Ctrl Pts',(9.27047141753719,9.27047141753719,107.040589139384));
#8895=CARTESIAN_POINT('Ctrl Pts',(-5.2229376319134E-16,9.27047141753719,
107.040589139384));
#8896=CARTESIAN_POINT('Ctrl Pts',(-9.27047141753719,9.27047141753719,107.040589139384));
#8897=CARTESIAN_POINT('Ctrl Pts',(-9.27047141753719,-9.92405336429555E-16,
107.040589139384));
#8898=CARTESIAN_POINT('Ctrl Pts',(-9.27047141753719,-9.27047141753719,107.040589139384));
#8899=CARTESIAN_POINT('Ctrl Pts',(5.2229376319134E-16,-9.27047141753719,
107.040589139384));
#8900=CARTESIAN_POINT('Ctrl Pts',(9.27047141753719,-9.27047141753719,107.040589139384));
#8901=CARTESIAN_POINT('Ctrl Pts',(9.27047141753719,5.21821899531248E-17,
107.040589139384));
#8902=CARTESIAN_POINT('Ctrl Pts',(8.54770269191778,-9.90573800545209E-18,
107.336440916978));
#8903=CARTESIAN_POINT('Ctrl Pts',(8.54770269191778,8.54770269191778,107.336440916978));
#8904=CARTESIAN_POINT('Ctrl Pts',(-4.42090138557225E-16,8.54770269191778,
107.336440916978));
#8905=CARTESIAN_POINT('Ctrl Pts',(-8.54770269191778,8.54770269191778,107.336440916978));
#8906=CARTESIAN_POINT('Ctrl Pts',(-8.54770269191778,-8.94086015119903E-16,
107.336440916978));
#8907=CARTESIAN_POINT('Ctrl Pts',(-8.54770269191778,-8.54770269191778,107.336440916978));
#8908=CARTESIAN_POINT('Ctrl Pts',(4.42090138557225E-16,-8.54770269191778,
107.336440916978));
#8909=CARTESIAN_POINT('Ctrl Pts',(8.54770269191778,-8.54770269191778,107.336440916978));
#8910=CARTESIAN_POINT('Ctrl Pts',(8.54770269191778,-9.90573800545209E-18,
107.336440916978));
#8911=CARTESIAN_POINT('Ctrl Pts',(7.7939472782625,-4.91142493199008E-17,
107.574034523911));
#8912=CARTESIAN_POINT('Ctrl Pts',(7.7939472782625,7.7939472782625,107.574034523911));
#8913=CARTESIAN_POINT('Ctrl Pts',(-3.88333214688919E-16,7.7939472782625,
107.574034523911));
#8914=CARTESIAN_POINT('Ctrl Pts',(-7.7939472782625,7.7939472782625,107.574034523911));
#8915=CARTESIAN_POINT('Ctrl Pts',(-7.7939472782625,-8.25780678697739E-16,
107.574034523911));
#8916=CARTESIAN_POINT('Ctrl Pts',(-7.7939472782625,-7.7939472782625,107.574034523911));
#8917=CARTESIAN_POINT('Ctrl Pts',(3.88333214688919E-16,-7.7939472782625,
107.574034523911));
#8918=CARTESIAN_POINT('Ctrl Pts',(7.7939472782625,-7.7939472782625,107.574034523911));
#8919=CARTESIAN_POINT('Ctrl Pts',(7.7939472782625,-4.91142493199008E-17,
107.574034523911));
#8920=CARTESIAN_POINT('Ctrl Pts',(7.0106339093952,-6.64982671086621E-17,
107.756056125301));
#8921=CARTESIAN_POINT('Ctrl Pts',(7.0106339093952,7.0106339093952,107.756056125301));
#8922=CARTESIAN_POINT('Ctrl Pts',(-3.59803588291717E-16,7.0106339093952,
107.756056125301));
#8923=CARTESIAN_POINT('Ctrl Pts',(-7.0106339093952,7.0106339093952,107.756056125301));
#8924=CARTESIAN_POINT('Ctrl Pts',(-7.0106339093952,-7.86105443692097E-16,
107.756056125301));
#8925=CARTESIAN_POINT('Ctrl Pts',(-7.0106339093952,-7.0106339093952,107.756056125301));
#8926=CARTESIAN_POINT('Ctrl Pts',(3.59803588291717E-16,-7.0106339093952,
107.756056125301));
#8927=CARTESIAN_POINT('Ctrl Pts',(7.0106339093952,-7.0106339093952,107.756056125301));
#8928=CARTESIAN_POINT('Ctrl Pts',(7.0106339093952,-6.64982671086621E-17,
107.756056125301));
#8929=CARTESIAN_POINT('Ctrl Pts',(6.20007820863193,-6.37675614057774E-17,
107.886859331898));
#8930=CARTESIAN_POINT('Ctrl Pts',(6.20007820863193,6.20007820863193,107.886859331898));
#8931=CARTESIAN_POINT('Ctrl Pts',(-3.54524907557359E-16,6.20007820863193,
107.886859331898));
#8932=CARTESIAN_POINT('Ctrl Pts',(-6.20007820863193,6.20007820863193,107.886859331898));
#8933=CARTESIAN_POINT('Ctrl Pts',(-6.20007820863193,-7.72817376520495E-16,
107.886859331898));
#8934=CARTESIAN_POINT('Ctrl Pts',(-6.20007820863193,-6.20007820863193,107.886859331898));
#8935=CARTESIAN_POINT('Ctrl Pts',(3.54524907557359E-16,-6.20007820863193,
107.886859331898));
#8936=CARTESIAN_POINT('Ctrl Pts',(6.20007820863193,-6.20007820863193,107.886859331898));
#8937=CARTESIAN_POINT('Ctrl Pts',(6.20007820863193,-6.37675614057774E-17,
107.886859331898));
#8938=CARTESIAN_POINT('Ctrl Pts',(5.53167039938214,-4.68428773892073E-17,
107.953968929944));
#8939=CARTESIAN_POINT('Ctrl Pts',(5.53167039938213,5.53167039938213,107.953968929944));
#8940=CARTESIAN_POINT('Ctrl Pts',(-3.67340313839965E-16,5.53167039938214,
107.953968929944));
#8941=CARTESIAN_POINT('Ctrl Pts',(-5.53167039938213,5.53167039938213,107.953968929944));
#8942=CARTESIAN_POINT('Ctrl Pts',(-5.53167039938214,-7.81523505069138E-16,
107.953968929944));
#8943=CARTESIAN_POINT('Ctrl Pts',(-5.53167039938213,-5.53167039938213,107.953968929944));
#8944=CARTESIAN_POINT('Ctrl Pts',(3.67340313839966E-16,-5.53167039938214,
107.953968929944));
#8945=CARTESIAN_POINT('Ctrl Pts',(5.53167039938213,-5.53167039938213,107.953968929944));
#8946=CARTESIAN_POINT('Ctrl Pts',(5.53167039938214,-4.68428773892073E-17,
107.953968929944));
#8947=CARTESIAN_POINT('Ctrl Pts',(5.01985528338139,-2.63897188017482E-17,
107.9845426371));
#8948=CARTESIAN_POINT('Ctrl Pts',(5.01985528338139,5.01985528338139,107.9845426371));
#8949=CARTESIAN_POINT('Ctrl Pts',(-3.85921372791626E-16,5.01985528338139,
107.9845426371));
#8950=CARTESIAN_POINT('Ctrl Pts',(-5.01985528338139,5.01985528338139,107.9845426371));
#8951=CARTESIAN_POINT('Ctrl Pts',(-5.01985528338139,-7.98232464385001E-16,
107.9845426371));
#8952=CARTESIAN_POINT('Ctrl Pts',(-5.01985528338139,-5.01985528338139,107.9845426371));
#8953=CARTESIAN_POINT('Ctrl Pts',(3.85921372791626E-16,-5.01985528338139,
107.9845426371));
#8954=CARTESIAN_POINT('Ctrl Pts',(5.01985528338139,-5.01985528338139,107.9845426371));
#8955=CARTESIAN_POINT('Ctrl Pts',(5.01985528338139,-2.63897188017482E-17,
107.9845426371));
#8956=CARTESIAN_POINT('Ctrl Pts',(4.67405085252075,-9.36198017225241E-18,
107.996287249864));
#8957=CARTESIAN_POINT('Ctrl Pts',(4.67405085252075,4.67405085252075,107.996287249864));
#8958=CARTESIAN_POINT('Ctrl Pts',(-4.02229961297609E-16,4.67405085252075,
107.996287249864));
#8959=CARTESIAN_POINT('Ctrl Pts',(-4.67405085252075,4.67405085252075,107.996287249864));
#8960=CARTESIAN_POINT('Ctrl Pts',(-4.67405085252075,-8.13821902767471E-16,
107.996287249864));
#8961=CARTESIAN_POINT('Ctrl Pts',(-4.67405085252075,-4.67405085252075,107.996287249864));
#8962=CARTESIAN_POINT('Ctrl Pts',(4.02229961297609E-16,-4.67405085252075,
107.996287249864));
#8963=CARTESIAN_POINT('Ctrl Pts',(4.67405085252075,-4.67405085252075,107.996287249864));
#8964=CARTESIAN_POINT('Ctrl Pts',(4.67405085252075,-9.36198017225241E-18,
107.996287249864));
#8965=CARTESIAN_POINT('Ctrl Pts',(4.5,0.,108.));
#8966=CARTESIAN_POINT('Ctrl Pts',(4.5,4.5,108.));
#8967=CARTESIAN_POINT('Ctrl Pts',(-4.11364601090691E-16,4.5,108.));
#8968=CARTESIAN_POINT('Ctrl Pts',(-4.5,4.5,108.));
#8969=CARTESIAN_POINT('Ctrl Pts',(-4.5,-8.22729202181382E-16,108.));
#8970=CARTESIAN_POINT('Ctrl Pts',(-4.5,-4.5,108.));
#8971=CARTESIAN_POINT('Ctrl Pts',(4.11364601090691E-16,-4.5,108.));
#8972=CARTESIAN_POINT('Ctrl Pts',(4.5,-4.5,108.));
#8973=CARTESIAN_POINT('Ctrl Pts',(4.5,0.,108.));
#8974=CARTESIAN_POINT('Ctrl Pts',(11.7797020637584,-0.0302695332633501,
105.403641973018));
#8975=CARTESIAN_POINT('Ctrl Pts',(11.7782280367355,-0.0205271707651603,
105.404891752731));
#8976=CARTESIAN_POINT('Ctrl Pts',(11.7767409996843,-0.0107968235854341,
105.406141753531));
#8977=CARTESIAN_POINT('Ctrl Pts',(11.7752413322103,-0.00107845940660692,
105.407391804799));
#8978=CARTESIAN_POINT('Origin',(0.,0.,61.454230324285));
#8979=CARTESIAN_POINT('Ctrl Pts',(9.0366968355112,4.43139956322121,106.614084431921));
#8980=CARTESIAN_POINT('Ctrl Pts',(9.93697154141178,2.59544912166778,106.517080255435));
#8981=CARTESIAN_POINT('Ctrl Pts',(10.2586518135152,0.479406967982745,106.420076078948));
#8982=CARTESIAN_POINT('Ctrl Pts',(9.94636381343289,-1.53950140309241,106.323071902462));
#8983=CARTESIAN_POINT('Ctrl Pts',(9.63382367549297,-3.56003981832972,106.225989405882));
#8984=CARTESIAN_POINT('Ctrl Pts',(8.68629113423566,-5.48328753816663,106.128906909303));
#8985=CARTESIAN_POINT('Ctrl Pts',(7.27251953797917,-6.96152007832073,106.031824412723));
#8986=CARTESIAN_POINT('Ctrl Pts',(5.85874794172279,-8.43975261847473,105.934741916144));
#8987=CARTESIAN_POINT('Ctrl Pts',(3.97873729046734,-9.47296997894605,105.837659419564));
#8988=CARTESIAN_POINT('Ctrl Pts',(1.97318539289289,-9.87334056763943,105.740576922985));
#8989=CARTESIAN_POINT('Ctrl Pts',(-0.0323665046816962,-10.2737111563328,
105.643494426405));
#8990=CARTESIAN_POINT('Ctrl Pts',(-2.1634596485753,-10.0412349732482,105.546411929826));
#8991=CARTESIAN_POINT('Ctrl Pts',(-4.03746079591426,-9.22067692673315,105.449329433246));
#8992=CARTESIAN_POINT('Ctrl Pts',(-5.91146194325313,-8.40011888021816,105.352246936667));
#8993=CARTESIAN_POINT('Ctrl Pts',(-7.52837109403739,-6.99147897027295,105.255164440087));
#8994=CARTESIAN_POINT('Ctrl Pts',(-8.59386563837892,-5.24606152447167,105.158081943508));
#8995=CARTESIAN_POINT('Ctrl Pts',(-9.65936018272047,-3.50064407867034,105.060999446928));
#8996=CARTESIAN_POINT('Ctrl Pts',(-10.1734401206192,-1.41844909701291,104.963916950349));
#8997=CARTESIAN_POINT('Ctrl Pts',(-10.0463297787571,0.622577000305431,104.86683445377));
#8998=CARTESIAN_POINT('Ctrl Pts',(-9.91921943689703,2.66360309758972,104.769751957192));
#8999=CARTESIAN_POINT('Ctrl Pts',(-9.15091881529756,4.66346031053632,104.672669460614));
#9000=CARTESIAN_POINT('Ctrl Pts',(-7.8770431721097,6.26509245160995,104.575586964036));
#9001=CARTESIAN_POINT('Ctrl Pts',(-9.22041925426133,7.33520850679701,103.583961774549));
#9002=CARTESIAN_POINT('Ctrl Pts',(-10.711880637608,5.46042890874547,103.681044271129));
#9003=CARTESIAN_POINT('Ctrl Pts',(-12.511207609238,0.778379767183565,103.875209264288));
#9004=CARTESIAN_POINT('Ctrl Pts',(-10.7065922808696,-6.53435161829359,104.166456754026));
#9005=CARTESIAN_POINT('Ctrl Pts',(-5.02865340289721,-11.4820250104314,104.457704243765));
#9006=CARTESIAN_POINT('Ctrl Pts',(2.45551828941804,-12.2992851904663,104.748951733503));
#9007=CARTESIAN_POINT('Ctrl Pts',(9.05839089116005,-8.67141518396892,105.040199223241));
#9008=CARTESIAN_POINT('Ctrl Pts',(12.3868027980307,-1.91745791844936,105.33144671298));
#9009=CARTESIAN_POINT('Ctrl Pts',(11.6323910196686,3.04107708342933,105.525611706139));
#9010=CARTESIAN_POINT('Ctrl Pts',(10.57677868352,5.19164403078428,105.622694202718));
#9011=CARTESIAN_POINT('Ctrl Pts',(-8.77260879817065,6.97852503365546,103.914502131861));
#9012=CARTESIAN_POINT('Ctrl Pts',(-10.191546026729,5.19479831461612,104.011584628441));
#9013=CARTESIAN_POINT('Ctrl Pts',(-11.9033090393417,0.74019876259296,104.2057496216));
#9014=CARTESIAN_POINT('Ctrl Pts',(-10.186170035146,-6.21715438358034,104.496997111338));
#9015=CARTESIAN_POINT('Ctrl Pts',(-4.78398070499177,-10.9242566378944,104.788244601076));
#9016=CARTESIAN_POINT('Ctrl Pts',(2.3365577678501,-11.7015910219119,105.079492090815));
#9017=CARTESIAN_POINT('Ctrl Pts',(8.61849182729357,-8.24980991249062,105.370739580553));
#9018=CARTESIAN_POINT('Ctrl Pts',(11.7849817610611,-1.8239325389651,105.661987070292));
#9019=CARTESIAN_POINT('Ctrl Pts',(11.0670845265742,2.89364500465923,105.856152063451));
#9020=CARTESIAN_POINT('Ctrl Pts',(10.0627026992911,4.93968532973274,105.95323456003));
#9021=CARTESIAN_POINT('Ctrl Pts',(-8.32481361230804,6.62182335454677,104.245043543255));
#9022=CARTESIAN_POINT('Ctrl Pts',(-9.6712230045414,4.92914642732746,104.342126039835));
#9023=CARTESIAN_POINT('Ctrl Pts',(-11.2954126752132,0.701992593296426,104.536291032993));
#9024=CARTESIAN_POINT('Ctrl Pts',(-9.66573520188484,-5.89997903576269,104.827538522732));
#9025=CARTESIAN_POINT('Ctrl Pts',(-4.53928513709431,-10.3664989871926,105.11878601247));
#9026=CARTESIAN_POINT('Ctrl Pts',(2.21762213223905,-11.1038925525824,105.410033502209));
#9027=CARTESIAN_POINT('Ctrl Pts',(8.17861069360377,-7.82818685240898,105.701280991947));
#9028=CARTESIAN_POINT('Ctrl Pts',(11.1831652496077,-1.73038231930998,105.992528481686));
#9029=CARTESIAN_POINT('Ctrl Pts',(10.5017724855062,2.74623652603164,106.186693474845));
#9030=CARTESIAN_POINT('Ctrl Pts',(9.54861680085294,4.68774822371673,106.283775971424));
#9031=CARTESIAN_POINT('Ctrl Pts',(-7.87704317204315,6.26509245168787,104.575586964033));
#9032=CARTESIAN_POINT('Ctrl Pts',(-9.15091881526866,4.66346031060138,104.672669460613));
#9033=CARTESIAN_POINT('Ctrl Pts',(-10.6875200585141,0.663745884644213,104.866834453772));
#9034=CARTESIAN_POINT('Ctrl Pts',(-9.14528024481855,-5.58283906032558,105.15808194351));
#9035=CARTESIAN_POINT('Ctrl Pts',(-4.29455279246725,-9.80875879016,105.449329433248));
#9036=CARTESIAN_POINT('Ctrl Pts',(2.0987266392109,-10.5061873394138,105.740576922987));
#9037=CARTESIAN_POINT('Ctrl Pts',(7.73875859297569,-7.40653525800068,106.031824412725));
#9038=CARTESIAN_POINT('Ctrl Pts',(10.5813562167464,-1.63679209849243,106.323071902464));
#9039=CARTESIAN_POINT('Ctrl Pts',(9.9364516859919,2.59886612278147,106.517236895623));
#9040=CARTESIAN_POINT('Ctrl Pts',(9.03451508866948,4.43584599315974,106.614319392202));
#9041=CARTESIAN_POINT('Origin',(13.,-3.39999999999999,48.037090787037));
#9042=CARTESIAN_POINT('',(13.5,-8.04999999999999,48.037090787037));
#9043=CARTESIAN_POINT('Origin',(13.5,-3.39999999999999,48.037090787037));
#9044=CARTESIAN_POINT('',(13.,-8.04999999999999,48.037090787037));
#9045=CARTESIAN_POINT('Origin',(13.5,-3.39999999999999,48.037090787037));
#9046=CARTESIAN_POINT('',(13.5,-6.54999999999999,48.037090787037));
#9047=CARTESIAN_POINT('Origin',(13.5,-3.39999999999999,48.037090787037));
#9048=CARTESIAN_POINT('Origin',(3.,-3.39999999999999,48.037090787037));
#9049=CARTESIAN_POINT('',(3.,-6.54999999999999,48.037090787037));
#9050=CARTESIAN_POINT('Origin',(3.,-3.39999999999999,48.037090787037));
#9051=CARTESIAN_POINT('',(3.,-6.54999999999999,48.037090787037));
#9052=CARTESIAN_POINT('Origin',(-19.,-3.07433306935454,53.8014011866961));
#9053=CARTESIAN_POINT('',(3.,-3.07433306935454,53.8014011866961));
#9054=CARTESIAN_POINT('',(-19.,-3.07433306935454,53.8014011866961));
#9055=CARTESIAN_POINT('',(3.,-8.22920577608082,51.201281821978));
#9056=CARTESIAN_POINT('',(3.,-3.07433306935454,53.8014011866961));
#9057=CARTESIAN_POINT('',(-19.,-8.22920577608082,51.201281821978));
#9058=CARTESIAN_POINT('Origin',(-19.,-8.22920577608082,51.201281821978));
#9059=CARTESIAN_POINT('',(3.,-8.55487270672628,45.436971422319));
#9060=CARTESIAN_POINT('',(3.,-8.22920577608082,51.201281821978));
#9061=CARTESIAN_POINT('',(-19.,-8.55487270672628,45.436971422319));
#9062=CARTESIAN_POINT('Origin',(-19.,-8.55487270672628,45.436971422319));
#9063=CARTESIAN_POINT('',(3.,-3.72566693064545,42.272780387378));
#9064=CARTESIAN_POINT('',(3.,-8.55487270672628,45.436971422319));
#9065=CARTESIAN_POINT('',(-19.,-3.72566693064545,42.272780387378));
#9066=CARTESIAN_POINT('Origin',(-19.,-3.72566693064545,42.272780387378));
#9067=CARTESIAN_POINT('',(3.,1.42920577608084,44.872899752096));
#9068=CARTESIAN_POINT('',(3.,-3.72566693064545,42.272780387378));
#9069=CARTESIAN_POINT('',(-19.,1.42920577608084,44.872899752096));
#9070=CARTESIAN_POINT('Origin',(-19.,1.75487270672629,50.6372101517551));
#9071=CARTESIAN_POINT('',(3.,1.75487270672629,50.6372101517551));
#9072=CARTESIAN_POINT('',(-19.,1.75487270672629,50.6372101517551));
#9073=CARTESIAN_POINT('',(3.,1.75487270672629,50.6372101517551));
#9074=CARTESIAN_POINT('Origin',(-19.,1.42920577608084,44.872899752096));
#9075=CARTESIAN_POINT('',(3.,1.42920577608084,44.872899752096));
#9076=CARTESIAN_POINT('Origin',(3.,-3.39999999999999,48.037090787037));
#9077=CARTESIAN_POINT('Origin',(0.,0.,3.57935903139151E-14));
#9078=CARTESIAN_POINT('Origin',(0.,0.,3.57935903139151E-14));
#9079=CARTESIAN_POINT('Origin',(0.,0.,3.57935903139151E-14));
#9080=CARTESIAN_POINT('',(-10.2,-8.9,3.77697872977478E-14));
#9081=CARTESIAN_POINT('',(-10.2,-8.9,3.77697872977478E-14));
#9082=CARTESIAN_POINT('',(10.2,-8.9,3.77697872977478E-14));
#9083=CARTESIAN_POINT('Origin',(-12.,0.,108.000000864267));
#9084=CARTESIAN_POINT('Origin',(0.,0.,40.));
#9085=CARTESIAN_POINT('',(-10.2,-8.9,40.));
#9086=CARTESIAN_POINT('',(10.2,-8.89999999999999,40.));
#9087=CARTESIAN_POINT('',(-10.2,-8.9,40.));
#9088=CARTESIAN_POINT('Origin',(-10.2,-8.9,3.77697872977478E-14));
#9089=CARTESIAN_POINT('',(-10.2,-8.9,3.77697872977478E-14));
#9090=CARTESIAN_POINT('Origin',(10.2,-8.9,3.77697872977478E-14));
#9091=CARTESIAN_POINT('Origin',(24.575,-3.39999999999999,48.037090787037));
#9092=CARTESIAN_POINT('',(26.,-9.4,48.037090787037));
#9093=CARTESIAN_POINT('Origin',(26.,-3.39999999999999,48.037090787037));
#9094=CARTESIAN_POINT('',(23.15,-6.54999999999999,48.037090787037));
#9095=CARTESIAN_POINT('',(24.575,-7.97499999999999,48.037090787037));
#9096=CARTESIAN_POINT('Origin',(23.15,-3.39999999999999,48.037090787037));
#9097=CARTESIAN_POINT('Origin',(23.,-3.39999999999999,48.037090787037));
#9098=CARTESIAN_POINT('',(22.5,-8.04999999999999,48.037090787037));
#9099=CARTESIAN_POINT('Origin',(22.5,-3.39999999999999,48.037090787037));
#9100=CARTESIAN_POINT('',(23.,-8.04999999999999,48.037090787037));
#9101=CARTESIAN_POINT('',(23.,-8.04999999999999,48.037090787037));
#9102=CARTESIAN_POINT('Origin',(23.,-3.39999999999999,48.037090787037));
#9103=CARTESIAN_POINT('Origin',(22.5,-3.39999999999999,48.037090787037));
#9104=CARTESIAN_POINT('',(22.5,-6.54999999999999,48.037090787037));
#9105=CARTESIAN_POINT('Origin',(22.5,-3.39999999999999,48.037090787037));
#9106=CARTESIAN_POINT('Origin',(23.25,-8.7315566615702,29.6821020668897));
#9107=CARTESIAN_POINT('',(23.5,23.9248863496541,32.6195151230847));
#9108=CARTESIAN_POINT('',(23.5,-19.3976334754354,28.3894686678449));
#9109=CARTESIAN_POINT('',(23.5,-8.7072619907238,29.433285329172));
#9110=CARTESIAN_POINT('',(23.0023665245647,-18.9,28.9380580095377));
#9111=CARTESIAN_POINT('',(23.5,-19.3976334754354,28.3894686678449));
#9112=CARTESIAN_POINT('',(23.,-18.9,28.9404357882458));
#9113=CARTESIAN_POINT('',(18.1026789802239,-18.9,33.861046299317));
#9114=CARTESIAN_POINT('',(23.,23.1526832306045,33.046494354348));
#9115=CARTESIAN_POINT('',(23.,-8.75585133241659,29.9309188046073));
#9116=CARTESIAN_POINT('',(23.0447420976531,23.1772528742188,33.0039384832841));
#9117=CARTESIAN_POINT('',(19.9504836717964,21.4780740077427,35.947002611168));
#9118=CARTESIAN_POINT('',(23.0447420976531,23.1772528742188,33.0039384832841));
#9119=CARTESIAN_POINT('Origin',(23.,-19.1488167377177,28.6637633386913));
#9120=CARTESIAN_POINT('',(20.9976334754354,-19.3976334754354,28.3894686678449));
#9121=CARTESIAN_POINT('',(23.,-19.3976334754354,28.3894686678449));
#9122=CARTESIAN_POINT('',(20.5,-18.9,28.9380580095377));
#9123=CARTESIAN_POINT('',(18.1680801562381,-16.568080156238,31.5087580028422));
#9124=CARTESIAN_POINT('',(23.,-18.9,28.9380580095377));
#9125=CARTESIAN_POINT('Origin',(23.,23.5510696119365,32.8117268031844));
#9126=CARTESIAN_POINT('',(20.5,23.1772528742188,33.0039384832841));
#9127=CARTESIAN_POINT('',(23.,23.1772528742188,33.0039384832841));
#9128=CARTESIAN_POINT('',(20.955257902347,23.9248863496541,32.6195151230847));
#9129=CARTESIAN_POINT('',(19.3081683445545,21.2200035039145,34.0103305248422));
#9130=CARTESIAN_POINT('',(23.,23.9248863496541,32.6195151230847));
#9131=CARTESIAN_POINT('Origin',(21.75,-20.15,47.5763070787909));
#9132=CARTESIAN_POINT('',(22.0047330491293,-20.4047330491293,28.2911346374382));
#9133=CARTESIAN_POINT('',(21.9070826147501,-20.3070826147501,28.3006693061386));
#9134=CARTESIAN_POINT('',(23.,-21.4,29.1939559540526));
#9135=CARTESIAN_POINT('',(25.3500634581576,-23.7500634581576,31.3257331456545));
#9136=CARTESIAN_POINT('',(23.,-21.4,48.037090787037));
#9137=CARTESIAN_POINT('',(23.,-21.4,47.5763070787909));
#9138=CARTESIAN_POINT('',(20.5,-18.9,48.037090787037));
#9139=CARTESIAN_POINT('',(23.,-21.4,48.037090787037));
#9140=CARTESIAN_POINT('',(20.5,-18.9,37.7767906900413));
#9141=CARTESIAN_POINT('Origin',(23.,-21.4,28.1939559540526));
#9142=CARTESIAN_POINT('',(22.0894841953061,25.1646868433648,32.7405702626472));
#9143=CARTESIAN_POINT('',(9.29107905355836,11.1750014411246,31.3746058777364));
#9144=CARTESIAN_POINT('',(24.2949700260015,25.1646868433648,32.7405702626472));
#9145=CARTESIAN_POINT('',(23.,25.1646868433648,32.7405702626472));
#9146=CARTESIAN_POINT('',(25.,24.3250710289907,32.6585894842046));
#9147=CARTESIAN_POINT('',(35.5400705567979,11.772966507935,31.4329916785031));
#9148=CARTESIAN_POINT('',(25.,-19.5658154230715,28.3730472441995));
#9149=CARTESIAN_POINT('',(25.,-8.7072619907238,29.433285329172));
#9150=CARTESIAN_POINT('',(24.1650343075857,-20.4047330491293,28.2911346374382));
#9151=CARTESIAN_POINT('',(23.8333094524068,-20.7380279743452,28.258591446907));
#9152=CARTESIAN_POINT('',(23.,-20.4047330491293,28.2911346374382));
#9153=CARTESIAN_POINT('Origin',(21.75,19.0136960870824,42.7154303788026));
#9154=CARTESIAN_POINT('',(20.5,10.0233937586588,55.787090787037));
#9155=CARTESIAN_POINT('',(20.5,10.9454160692941,54.1901012993047));
#9156=CARTESIAN_POINT('',(23.,12.1884572681199,57.037090787037));
#9157=CARTESIAN_POINT('',(23.,12.1884572681199,57.037090787037));
#9158=CARTESIAN_POINT('',(23.,25.6599537942355,33.7037743498172));
#9159=CARTESIAN_POINT('',(23.,20.096227841813,43.3404303788026));
#9160=CARTESIAN_POINT('',(23.8330983198656,26.1131101947375,34.5850810801038));
#9161=CARTESIAN_POINT('Origin',(24.6454051469866,25.3464593780857,33.8649690806844));
#9162=CARTESIAN_POINT('',(26.,23.6781183246261,33.600176047646));
#9163=CARTESIAN_POINT('',(29.2197087203479,21.5951190607307,36.6318105169206));
#9164=CARTESIAN_POINT('',(24.2949700260015,25.6599537942354,33.7037743498172));
#9165=CARTESIAN_POINT('',(24.2949700260015,25.5361370565178,33.4629733280247));
#9166=CARTESIAN_POINT('',(25.,25.238149466442,34.4343608764079));
#9167=CARTESIAN_POINT('',(23.9276423961523,25.8797180449804,33.3231315018396));
#9168=CARTESIAN_POINT('',(26.,24.0959298112067,34.4127433526792));
#9169=CARTESIAN_POINT('',(26.348008313945,23.6984278748334,34.4052202746948));
#9170=CARTESIAN_POINT('',(26.,24.4277617144672,35.0580960153434));
#9171=CARTESIAN_POINT('Origin',(23.,25.4123203188001,33.2221723062322));
#9172=CARTESIAN_POINT('',(23.,25.6599537942355,33.7037743498172));
#9173=CARTESIAN_POINT('Origin',(24.700586500414,-20.1356895552952,28.5877272109986));
#9174=CARTESIAN_POINT('',(25.,-21.4,30.0368631010485));
#9175=CARTESIAN_POINT('',(26.,-20.4,30.1392594806588));
#9176=CARTESIAN_POINT('',(25.8984116287284,-20.5015883712716,30.1288571992301));
#9177=CARTESIAN_POINT('',(24.1650343075857,-21.4,29.1939559540526));
#9178=CARTESIAN_POINT('',(28.5681756881291,-21.4,33.6389761178896));
#9179=CARTESIAN_POINT('',(24.1650343075857,-20.653549786847,28.5168399665918));
#9180=CARTESIAN_POINT('',(26.,-19.5610823739422,29.3782649404242));
#9181=CARTESIAN_POINT('',(25.505065567052,-19.5634249229292,28.8807480899539));
#9182=CARTESIAN_POINT('',(26.,-17.9170061906003,27.8868992086869));
#9183=CARTESIAN_POINT('Origin',(23.,-20.9023665245646,28.7425452957454));
#9184=CARTESIAN_POINT('',(23.,-21.4,29.1939559540526));
#9185=CARTESIAN_POINT('Origin',(25.5,-8.75585133241659,29.9309188046073));
#9186=CARTESIAN_POINT('',(26.,-8.80444067410938,30.4285522800427));
#9187=CARTESIAN_POINT('Origin',(25.5,19.6632151399207,43.0904303788025));
#9188=CARTESIAN_POINT('',(25.,12.1884572681199,57.037090787037));
#9189=CARTESIAN_POINT('',(26.,11.3224318643355,56.537090787037));
#9190=CARTESIAN_POINT('',(25.,12.1884572681199,57.037090787037));
#9191=CARTESIAN_POINT('',(26.,19.2302024380285,42.8404303788026));
#9192=CARTESIAN_POINT('',(25.,20.096227841813,43.3404303788026));
#9193=CARTESIAN_POINT('Origin',(25.5,-3.39999999999999,48.037090787037));
#9194=CARTESIAN_POINT('',(25.,-21.4,48.037090787037));
#9195=CARTESIAN_POINT('',(26.,-20.4,48.037090787037));
#9196=CARTESIAN_POINT('',(25.,-21.4,48.037090787037));
#9197=CARTESIAN_POINT('Origin',(26.,-3.39999999999999,48.037090787037));
#9198=CARTESIAN_POINT('Origin',(25.,-3.39999999999999,48.037090787037));
#9199=CARTESIAN_POINT('Origin',(25.5,-20.9,47.5763070787909));
#9200=CARTESIAN_POINT('',(25.,-21.4,47.5763070787909));
#9201=CARTESIAN_POINT('',(26.,-20.4,47.5763070787909));
#9202=CARTESIAN_POINT('Origin',(26.,2.37997689711773,47.1155233705448));
#9203=CARTESIAN_POINT('Origin',(21.75,-3.39999999999999,48.037090787037));
#9204=CARTESIAN_POINT('Origin',(20.5,-3.39999999999999,48.037090787037));
#9205=CARTESIAN_POINT('Origin',(23.,-3.39999999999999,48.037090787037));
#9206=CARTESIAN_POINT('Origin',(23.,26.1599537942355,32.8377489460328));
#9207=CARTESIAN_POINT('',(23.,12.1884572681199,57.037090787037));
#9208=CARTESIAN_POINT('Origin',(23.,-3.39999999999999,48.037090787037));
#9209=CARTESIAN_POINT('',(23.,-21.4,48.037090787037));
#9210=CARTESIAN_POINT('Origin',(23.,-21.4,48.037090787037));
#9211=CARTESIAN_POINT('Origin',(23.,23.4272528742188,32.5709257813919));
#9212=CARTESIAN_POINT('',(23.,10.0233937586588,55.787090787037));
#9213=CARTESIAN_POINT('',(23.,17.6473456270741,42.5820187964821));
#9214=CARTESIAN_POINT('',(23.,10.0233937586588,55.787090787037));
#9215=CARTESIAN_POINT('Origin',(23.,-18.9,48.037090787037));
#9216=CARTESIAN_POINT('',(23.,-18.9,48.037090787037));
#9217=CARTESIAN_POINT('',(23.,-18.9,48.037090787037));
#9218=CARTESIAN_POINT('',(23.,-18.9,47.5763070787909));
#9219=CARTESIAN_POINT('Origin',(23.,-3.39999999999999,48.037090787037));
#9220=CARTESIAN_POINT('Origin',(23.,-3.39999999999999,48.037090787037));
#9221=CARTESIAN_POINT('Origin',(23.,2.37997689711773,47.1155233705448));
#9222=CARTESIAN_POINT('Origin',(23.,-3.39999999999999,48.037090787037));
#9223=CARTESIAN_POINT('',(23.,-6.54999999999999,48.037090787037));
#9224=UNCERTAINTY_MEASURE_WITH_UNIT(LENGTH_MEASURE(0.01),#9228,
'DISTANCE_ACCURACY_VALUE',
'Maximum model space distance between geometric entities at asserted c
onnectivities');
#9225=UNCERTAINTY_MEASURE_WITH_UNIT(LENGTH_MEASURE(0.01),#9228,
'DISTANCE_ACCURACY_VALUE',
'Maximum model space distance between geometric entities at asserted c
onnectivities');
#9226=(
GEOMETRIC_REPRESENTATION_CONTEXT(3)
GLOBAL_UNCERTAINTY_ASSIGNED_CONTEXT((#9224))
GLOBAL_UNIT_ASSIGNED_CONTEXT((#9228,#9229,#9230))
REPRESENTATION_CONTEXT('','3D')
);
#9227=(
GEOMETRIC_REPRESENTATION_CONTEXT(3)
GLOBAL_UNCERTAINTY_ASSIGNED_CONTEXT((#9225))
GLOBAL_UNIT_ASSIGNED_CONTEXT((#9228,#9229,#9230))
REPRESENTATION_CONTEXT('','3D')
);
#9228=(
LENGTH_UNIT()
NAMED_UNIT(*)
SI_UNIT(.MILLI.,.METRE.)
);
#9229=(
NAMED_UNIT(*)
PLANE_ANGLE_UNIT()
SI_UNIT($,.RADIAN.)
);
#9230=(
NAMED_UNIT(*)
SI_UNIT($,.STERADIAN.)
SOLID_ANGLE_UNIT()
);
#9231=SHAPE_DEFINITION_REPRESENTATION(#9232,#9233);
#9232=PRODUCT_DEFINITION_SHAPE('',$,#9235);
#9233=SHAPE_REPRESENTATION('',(#2732),#9226);
#9234=PRODUCT_DEFINITION_CONTEXT('part definition',#9239,'design');
#9235=PRODUCT_DEFINITION('EndEffector_HGR','EndEffector_HGR v27',#9236,
#9234);
#9236=PRODUCT_DEFINITION_FORMATION('',$,#9241);
#9237=PRODUCT_RELATED_PRODUCT_CATEGORY('EndEffector_HGR v27',
'EndEffector_HGR v27',(#9241));
#9238=APPLICATION_PROTOCOL_DEFINITION('international standard',
'automotive_design',2009,#9239);
#9239=APPLICATION_CONTEXT(
'Core Data for Automotive Mechanical Design Process');
#9240=PRODUCT_CONTEXT('part definition',#9239,'mechanical');
#9241=PRODUCT('EndEffector_HGR','EndEffector_HGR v27',$,(#9240));
#9242=PRESENTATION_STYLE_ASSIGNMENT((#9243));
#9243=SURFACE_STYLE_USAGE(.BOTH.,#9244);
#9244=SURFACE_SIDE_STYLE('',(#9245));
#9245=SURFACE_STYLE_FILL_AREA(#9246);
#9246=FILL_AREA_STYLE('Steel - Satin',(#9247));
#9247=FILL_AREA_STYLE_COLOUR('Steel - Satin',#9248);
#9248=COLOUR_RGB('Steel - Satin',0.627450980392157,0.627450980392157,0.627450980392157);
ENDSEC;
END-ISO-10303-21;
