ISO-10303-21;
HEADER;
/* Generated by software containing ST-Developer
 * from STEP Tools, Inc. (www.steptools.com) 
 */

FILE_DESCRIPTION(
/* description */ (''),
/* implementation_level */ '2;1');

FILE_NAME(
/* name */ 'RailEnd_noScrewhole.step',
/* time_stamp */ '2026-07-11T17:14:08+02:00',
/* author */ (''),
/* organization */ (''),
/* preprocessor_version */ 'ST-DEVELOPER v20.1',
/* originating_system */ 'Autodesk Translation Framework v15.8.0.0',
/* authorisation */ '');

FILE_SCHEMA (('AUTOMOTIVE_DESIGN { 1 0 10303 214 3 1 1 }'));
ENDSEC;

DATA;
#10=MECHANICAL_DESIGN_GEOMETRIC_PRESENTATION_REPRESENTATION('',(#13,#14),
#2552);
#11=SHAPE_REPRESENTATION_RELATIONSHIP('SRR','None',#2558,#12);
#12=ADVANCED_BREP_SHAPE_REPRESENTATION('',(#15,#16),#2551);
#13=STYLED_ITEM('',(#2567),#15);
#14=STYLED_ITEM('',(#2567),#16);
#15=MANIFOLD_SOLID_BREP('RailEnd',#1577);
#16=MANIFOLD_SOLID_BREP('PulleyCover_RailEnd',#1578);
#17=CYLINDRICAL_SURFACE('',#1606,18.);
#18=CYLINDRICAL_SURFACE('',#1628,15.5);
#19=CYLINDRICAL_SURFACE('',#1632,4.15);
#20=CYLINDRICAL_SURFACE('',#1637,18.);
#21=CYLINDRICAL_SURFACE('',#1643,15.5);
#22=CYLINDRICAL_SURFACE('',#1647,3.15);
#23=CYLINDRICAL_SURFACE('',#1672,18.);
#24=CYLINDRICAL_SURFACE('',#1681,4.15);
#25=CYLINDRICAL_SURFACE('',#1687,15.5);
#26=CYLINDRICAL_SURFACE('',#1689,3.15);
#27=CONICAL_SURFACE('',#1600,14.5,0.785398163397449);
#28=CONICAL_SURFACE('',#1626,16.75,0.785398163397448);
#29=CONICAL_SURFACE('',#1666,17.5,0.785398163397447);
#30=CONICAL_SURFACE('',#1678,4.575,0.785398163397448);
#31=CONICAL_SURFACE('',#1685,16.75,0.785398163397448);
#32=FACE_BOUND('',#162,.T.);
#33=FACE_BOUND('',#170,.T.);
#34=FACE_BOUND('',#200,.T.);
#35=FACE_BOUND('',#203,.T.);
#36=FACE_BOUND('',#210,.T.);
#37=FACE_BOUND('',#211,.T.);
#38=FACE_BOUND('',#222,.T.);
#39=FACE_BOUND('',#238,.T.);
#40=FACE_BOUND('',#242,.T.);
#41=CIRCLE('',#1590,11.);
#42=CIRCLE('',#1598,3.15);
#43=CIRCLE('',#1601,18.);
#44=CIRCLE('',#1607,18.);
#45=CIRCLE('',#1627,15.5);
#46=CIRCLE('',#1629,15.5);
#47=CIRCLE('',#1633,4.15);
#48=CIRCLE('',#1634,4.15);
#49=CIRCLE('',#1636,3.15);
#50=CIRCLE('',#1638,18.);
#51=CIRCLE('',#1639,18.);
#52=CIRCLE('',#1642,15.5);
#53=CIRCLE('',#1644,15.5);
#54=CIRCLE('',#1657,15.5);
#55=CIRCLE('',#1658,4.15);
#56=CIRCLE('',#1667,17.);
#57=CIRCLE('',#1668,18.);
#58=CIRCLE('',#1673,18.);
#59=CIRCLE('',#1677,6.);
#60=CIRCLE('',#1679,3.15);
#61=CIRCLE('',#1680,3.15);
#62=CIRCLE('',#1682,4.15);
#63=CIRCLE('',#1684,3.15);
#64=CIRCLE('',#1686,15.5);
#65=FACE_OUTER_BOUND('',#152,.T.);
#66=FACE_OUTER_BOUND('',#153,.T.);
#67=FACE_OUTER_BOUND('',#154,.T.);
#68=FACE_OUTER_BOUND('',#155,.T.);
#69=FACE_OUTER_BOUND('',#156,.T.);
#70=FACE_OUTER_BOUND('',#157,.T.);
#71=FACE_OUTER_BOUND('',#158,.T.);
#72=FACE_OUTER_BOUND('',#159,.T.);
#73=FACE_OUTER_BOUND('',#160,.T.);
#74=FACE_OUTER_BOUND('',#161,.T.);
#75=FACE_OUTER_BOUND('',#163,.T.);
#76=FACE_OUTER_BOUND('',#164,.T.);
#77=FACE_OUTER_BOUND('',#165,.T.);
#78=FACE_OUTER_BOUND('',#166,.T.);
#79=FACE_OUTER_BOUND('',#167,.T.);
#80=FACE_OUTER_BOUND('',#168,.T.);
#81=FACE_OUTER_BOUND('',#169,.T.);
#82=FACE_OUTER_BOUND('',#171,.T.);
#83=FACE_OUTER_BOUND('',#172,.T.);
#84=FACE_OUTER_BOUND('',#173,.T.);
#85=FACE_OUTER_BOUND('',#174,.T.);
#86=FACE_OUTER_BOUND('',#175,.T.);
#87=FACE_OUTER_BOUND('',#176,.T.);
#88=FACE_OUTER_BOUND('',#177,.T.);
#89=FACE_OUTER_BOUND('',#178,.T.);
#90=FACE_OUTER_BOUND('',#179,.T.);
#91=FACE_OUTER_BOUND('',#180,.T.);
#92=FACE_OUTER_BOUND('',#181,.T.);
#93=FACE_OUTER_BOUND('',#182,.T.);
#94=FACE_OUTER_BOUND('',#183,.T.);
#95=FACE_OUTER_BOUND('',#184,.T.);
#96=FACE_OUTER_BOUND('',#185,.T.);
#97=FACE_OUTER_BOUND('',#186,.T.);
#98=FACE_OUTER_BOUND('',#187,.T.);
#99=FACE_OUTER_BOUND('',#188,.T.);
#100=FACE_OUTER_BOUND('',#189,.T.);
#101=FACE_OUTER_BOUND('',#190,.T.);
#102=FACE_OUTER_BOUND('',#191,.T.);
#103=FACE_OUTER_BOUND('',#192,.T.);
#104=FACE_OUTER_BOUND('',#193,.T.);
#105=FACE_OUTER_BOUND('',#194,.T.);
#106=FACE_OUTER_BOUND('',#195,.T.);
#107=FACE_OUTER_BOUND('',#196,.T.);
#108=FACE_OUTER_BOUND('',#197,.T.);
#109=FACE_OUTER_BOUND('',#198,.T.);
#110=FACE_OUTER_BOUND('',#199,.T.);
#111=FACE_OUTER_BOUND('',#201,.T.);
#112=FACE_OUTER_BOUND('',#202,.T.);
#113=FACE_OUTER_BOUND('',#204,.T.);
#114=FACE_OUTER_BOUND('',#205,.T.);
#115=FACE_OUTER_BOUND('',#206,.T.);
#116=FACE_OUTER_BOUND('',#207,.T.);
#117=FACE_OUTER_BOUND('',#208,.T.);
#118=FACE_OUTER_BOUND('',#209,.T.);
#119=FACE_OUTER_BOUND('',#212,.T.);
#120=FACE_OUTER_BOUND('',#213,.T.);
#121=FACE_OUTER_BOUND('',#214,.T.);
#122=FACE_OUTER_BOUND('',#215,.T.);
#123=FACE_OUTER_BOUND('',#216,.T.);
#124=FACE_OUTER_BOUND('',#217,.T.);
#125=FACE_OUTER_BOUND('',#218,.T.);
#126=FACE_OUTER_BOUND('',#219,.T.);
#127=FACE_OUTER_BOUND('',#220,.T.);
#128=FACE_OUTER_BOUND('',#221,.T.);
#129=FACE_OUTER_BOUND('',#223,.T.);
#130=FACE_OUTER_BOUND('',#224,.T.);
#131=FACE_OUTER_BOUND('',#225,.T.);
#132=FACE_OUTER_BOUND('',#226,.T.);
#133=FACE_OUTER_BOUND('',#227,.T.);
#134=FACE_OUTER_BOUND('',#228,.T.);
#135=FACE_OUTER_BOUND('',#229,.T.);
#136=FACE_OUTER_BOUND('',#230,.T.);
#137=FACE_OUTER_BOUND('',#231,.T.);
#138=FACE_OUTER_BOUND('',#232,.T.);
#139=FACE_OUTER_BOUND('',#233,.T.);
#140=FACE_OUTER_BOUND('',#234,.T.);
#141=FACE_OUTER_BOUND('',#235,.T.);
#142=FACE_OUTER_BOUND('',#236,.T.);
#143=FACE_OUTER_BOUND('',#237,.T.);
#144=FACE_OUTER_BOUND('',#239,.T.);
#145=FACE_OUTER_BOUND('',#240,.T.);
#146=FACE_OUTER_BOUND('',#241,.T.);
#147=FACE_OUTER_BOUND('',#243,.T.);
#148=FACE_OUTER_BOUND('',#244,.T.);
#149=FACE_OUTER_BOUND('',#245,.T.);
#150=FACE_OUTER_BOUND('',#246,.T.);
#151=FACE_OUTER_BOUND('',#247,.T.);
#152=EDGE_LOOP('',(#986,#987,#988,#989,#990,#991,#992));
#153=EDGE_LOOP('',(#993,#994,#995,#996,#997));
#154=EDGE_LOOP('',(#998,#999,#1000,#1001,#1002,#1003,#1004));
#155=EDGE_LOOP('',(#1005,#1006,#1007,#1008,#1009,#1010,#1011));
#156=EDGE_LOOP('',(#1012,#1013,#1014,#1015));
#157=EDGE_LOOP('',(#1016,#1017,#1018,#1019));
#158=EDGE_LOOP('',(#1020,#1021,#1022));
#159=EDGE_LOOP('',(#1023,#1024,#1025,#1026,#1027));
#160=EDGE_LOOP('',(#1028,#1029,#1030,#1031));
#161=EDGE_LOOP('',(#1032,#1033,#1034,#1035));
#162=EDGE_LOOP('',(#1036,#1037,#1038,#1039,#1040,#1041));
#163=EDGE_LOOP('',(#1042,#1043,#1044,#1045));
#164=EDGE_LOOP('',(#1046,#1047,#1048,#1049));
#165=EDGE_LOOP('',(#1050,#1051,#1052,#1053));
#166=EDGE_LOOP('',(#1054,#1055,#1056,#1057));
#167=EDGE_LOOP('',(#1058,#1059,#1060,#1061));
#168=EDGE_LOOP('',(#1062,#1063,#1064,#1065));
#169=EDGE_LOOP('',(#1066,#1067,#1068,#1069,#1070,#1071));
#170=EDGE_LOOP('',(#1072));
#171=EDGE_LOOP('',(#1073,#1074,#1075,#1076,#1077,#1078,#1079,#1080));
#172=EDGE_LOOP('',(#1081,#1082,#1083,#1084));
#173=EDGE_LOOP('',(#1085,#1086,#1087,#1088,#1089,#1090,#1091));
#174=EDGE_LOOP('',(#1092,#1093,#1094,#1095,#1096,#1097));
#175=EDGE_LOOP('',(#1098,#1099,#1100,#1101));
#176=EDGE_LOOP('',(#1102,#1103,#1104,#1105));
#177=EDGE_LOOP('',(#1106,#1107,#1108,#1109));
#178=EDGE_LOOP('',(#1110,#1111,#1112,#1113));
#179=EDGE_LOOP('',(#1114,#1115,#1116,#1117));
#180=EDGE_LOOP('',(#1118,#1119,#1120,#1121,#1122,#1123,#1124));
#181=EDGE_LOOP('',(#1125,#1126,#1127,#1128));
#182=EDGE_LOOP('',(#1129,#1130,#1131,#1132));
#183=EDGE_LOOP('',(#1133,#1134,#1135,#1136));
#184=EDGE_LOOP('',(#1137,#1138,#1139));
#185=EDGE_LOOP('',(#1140,#1141,#1142,#1143));
#186=EDGE_LOOP('',(#1144,#1145,#1146,#1147));
#187=EDGE_LOOP('',(#1148,#1149,#1150,#1151));
#188=EDGE_LOOP('',(#1152,#1153,#1154,#1155));
#189=EDGE_LOOP('',(#1156,#1157,#1158,#1159,#1160,#1161,#1162,#1163));
#190=EDGE_LOOP('',(#1164,#1165,#1166,#1167));
#191=EDGE_LOOP('',(#1168,#1169,#1170,#1171,#1172,#1173));
#192=EDGE_LOOP('',(#1174,#1175,#1176,#1177,#1178,#1179,#1180));
#193=EDGE_LOOP('',(#1181,#1182,#1183,#1184));
#194=EDGE_LOOP('',(#1185,#1186,#1187,#1188,#1189));
#195=EDGE_LOOP('',(#1190,#1191,#1192,#1193,#1194,#1195));
#196=EDGE_LOOP('',(#1196,#1197,#1198,#1199));
#197=EDGE_LOOP('',(#1200,#1201,#1202,#1203));
#198=EDGE_LOOP('',(#1204,#1205,#1206,#1207));
#199=EDGE_LOOP('',(#1208,#1209,#1210,#1211,#1212,#1213,#1214));
#200=EDGE_LOOP('',(#1215,#1216,#1217,#1218));
#201=EDGE_LOOP('',(#1219,#1220,#1221,#1222));
#202=EDGE_LOOP('',(#1223));
#203=EDGE_LOOP('',(#1224));
#204=EDGE_LOOP('',(#1225,#1226,#1227,#1228));
#205=EDGE_LOOP('',(#1229,#1230,#1231,#1232));
#206=EDGE_LOOP('',(#1233,#1234,#1235,#1236));
#207=EDGE_LOOP('',(#1237,#1238,#1239,#1240));
#208=EDGE_LOOP('',(#1241,#1242,#1243,#1244));
#209=EDGE_LOOP('',(#1245,#1246,#1247,#1248,#1249,#1250,#1251,#1252,#1253,
#1254,#1255,#1256));
#210=EDGE_LOOP('',(#1257));
#211=EDGE_LOOP('',(#1258,#1259,#1260,#1261));
#212=EDGE_LOOP('',(#1262,#1263,#1264,#1265));
#213=EDGE_LOOP('',(#1266,#1267,#1268,#1269));
#214=EDGE_LOOP('',(#1270,#1271,#1272,#1273));
#215=EDGE_LOOP('',(#1274,#1275,#1276,#1277));
#216=EDGE_LOOP('',(#1278,#1279,#1280,#1281));
#217=EDGE_LOOP('',(#1282,#1283,#1284,#1285));
#218=EDGE_LOOP('',(#1286,#1287,#1288,#1289,#1290,#1291));
#219=EDGE_LOOP('',(#1292,#1293,#1294,#1295));
#220=EDGE_LOOP('',(#1296,#1297,#1298,#1299));
#221=EDGE_LOOP('',(#1300,#1301,#1302,#1303));
#222=EDGE_LOOP('',(#1304));
#223=EDGE_LOOP('',(#1305,#1306,#1307,#1308,#1309));
#224=EDGE_LOOP('',(#1310,#1311,#1312,#1313,#1314,#1315));
#225=EDGE_LOOP('',(#1316,#1317,#1318,#1319,#1320,#1321));
#226=EDGE_LOOP('',(#1322,#1323,#1324,#1325));
#227=EDGE_LOOP('',(#1326,#1327,#1328,#1329,#1330,#1331));
#228=EDGE_LOOP('',(#1332,#1333,#1334,#1335));
#229=EDGE_LOOP('',(#1336,#1337,#1338,#1339));
#230=EDGE_LOOP('',(#1340,#1341,#1342,#1343));
#231=EDGE_LOOP('',(#1344,#1345,#1346,#1347));
#232=EDGE_LOOP('',(#1348,#1349,#1350,#1351));
#233=EDGE_LOOP('',(#1352,#1353,#1354,#1355,#1356));
#234=EDGE_LOOP('',(#1357,#1358,#1359,#1360));
#235=EDGE_LOOP('',(#1361,#1362,#1363,#1364,#1365));
#236=EDGE_LOOP('',(#1366,#1367,#1368,#1369,#1370,#1371));
#237=EDGE_LOOP('',(#1372,#1373,#1374,#1375,#1376,#1377));
#238=EDGE_LOOP('',(#1378));
#239=EDGE_LOOP('',(#1379,#1380,#1381,#1382,#1383));
#240=EDGE_LOOP('',(#1384,#1385,#1386,#1387));
#241=EDGE_LOOP('',(#1388));
#242=EDGE_LOOP('',(#1389));
#243=EDGE_LOOP('',(#1390,#1391,#1392,#1393));
#244=EDGE_LOOP('',(#1394,#1395,#1396,#1397));
#245=EDGE_LOOP('',(#1398,#1399,#1400,#1401,#1402));
#246=EDGE_LOOP('',(#1403,#1404,#1405,#1406,#1407));
#247=EDGE_LOOP('',(#1408,#1409,#1410,#1411,#1412,#1413,#1414,#1415,#1416,
#1417));
#248=LINE('',#2111,#440);
#249=LINE('',#2113,#441);
#250=LINE('',#2115,#442);
#251=LINE('',#2117,#443);
#252=LINE('',#2119,#444);
#253=LINE('',#2121,#445);
#254=LINE('',#2122,#446);
#255=LINE('',#2125,#447);
#256=LINE('',#2127,#448);
#257=LINE('',#2129,#449);
#258=LINE('',#2130,#450);
#259=LINE('',#2133,#451);
#260=LINE('',#2135,#452);
#261=LINE('',#2137,#453);
#262=LINE('',#2139,#454);
#263=LINE('',#2140,#455);
#264=LINE('',#2143,#456);
#265=LINE('',#2145,#457);
#266=LINE('',#2147,#458);
#267=LINE('',#2149,#459);
#268=LINE('',#2150,#460);
#269=LINE('',#2153,#461);
#270=LINE('',#2155,#462);
#271=LINE('',#2156,#463);
#272=LINE('',#2159,#464);
#273=LINE('',#2160,#465);
#274=LINE('',#2164,#466);
#275=LINE('',#2166,#467);
#276=LINE('',#2167,#468);
#277=LINE('',#2170,#469);
#278=LINE('',#2172,#470);
#279=LINE('',#2174,#471);
#280=LINE('',#2175,#472);
#281=LINE('',#2178,#473);
#282=LINE('',#2180,#474);
#283=LINE('',#2181,#475);
#284=LINE('',#2184,#476);
#285=LINE('',#2187,#477);
#286=LINE('',#2190,#478);
#287=LINE('',#2192,#479);
#288=LINE('',#2194,#480);
#289=LINE('',#2196,#481);
#290=LINE('',#2198,#482);
#291=LINE('',#2199,#483);
#292=LINE('',#2202,#484);
#293=LINE('',#2204,#485);
#294=LINE('',#2205,#486);
#295=LINE('',#2208,#487);
#296=LINE('',#2209,#488);
#297=LINE('',#2212,#489);
#298=LINE('',#2213,#490);
#299=LINE('',#2216,#491);
#300=LINE('',#2217,#492);
#301=LINE('',#2220,#493);
#302=LINE('',#2221,#494);
#303=LINE('',#2223,#495);
#304=LINE('',#2230,#496);
#305=LINE('',#2232,#497);
#306=LINE('',#2233,#498);
#307=LINE('',#2234,#499);
#308=LINE('',#2237,#500);
#309=LINE('',#2241,#501);
#310=LINE('',#2243,#502);
#311=LINE('',#2244,#503);
#312=LINE('',#2247,#504);
#313=LINE('',#2249,#505);
#314=LINE('',#2251,#506);
#315=LINE('',#2253,#507);
#316=LINE('',#2254,#508);
#317=LINE('',#2257,#509);
#318=LINE('',#2258,#510);
#319=LINE('',#2261,#511);
#320=LINE('',#2262,#512);
#321=LINE('',#2265,#513);
#322=LINE('',#2269,#514);
#323=LINE('',#2270,#515);
#324=LINE('',#2273,#516);
#325=LINE('',#2274,#517);
#326=LINE('',#2277,#518);
#327=LINE('',#2279,#519);
#328=LINE('',#2280,#520);
#329=LINE('',#2283,#521);
#330=LINE('',#2284,#522);
#331=LINE('',#2287,#523);
#332=LINE('',#2288,#524);
#333=LINE('',#2291,#525);
#334=LINE('',#2293,#526);
#335=LINE('',#2294,#527);
#336=LINE('',#2297,#528);
#337=LINE('',#2298,#529);
#338=LINE('',#2300,#530);
#339=LINE('',#2301,#531);
#340=LINE('',#2303,#532);
#341=LINE('',#2306,#533);
#342=LINE('',#2307,#534);
#343=LINE('',#2310,#535);
#344=LINE('',#2311,#536);
#345=LINE('',#2313,#537);
#346=LINE('',#2316,#538);
#347=LINE('',#2318,#539);
#348=LINE('',#2319,#540);
#349=LINE('',#2322,#541);
#350=LINE('',#2323,#542);
#351=LINE('',#2326,#543);
#352=LINE('',#2328,#544);
#353=LINE('',#2329,#545);
#354=LINE('',#2332,#546);
#355=LINE('',#2333,#547);
#356=LINE('',#2336,#548);
#357=LINE('',#2338,#549);
#358=LINE('',#2339,#550);
#359=LINE('',#2341,#551);
#360=LINE('',#2346,#552);
#361=LINE('',#2349,#553);
#362=LINE('',#2351,#554);
#363=LINE('',#2354,#555);
#364=LINE('',#2356,#556);
#365=LINE('',#2358,#557);
#366=LINE('',#2359,#558);
#367=LINE('',#2364,#559);
#368=LINE('',#2374,#560);
#369=LINE('',#2377,#561);
#370=LINE('',#2380,#562);
#371=LINE('',#2382,#563);
#372=LINE('',#2383,#564);
#373=LINE('',#2386,#565);
#374=LINE('',#2390,#566);
#375=LINE('',#2393,#567);
#376=LINE('',#2396,#568);
#377=LINE('',#2400,#569);
#378=LINE('',#2402,#570);
#379=LINE('',#2404,#571);
#380=LINE('',#2405,#572);
#381=LINE('',#2407,#573);
#382=LINE('',#2408,#574);
#383=LINE('',#2410,#575);
#384=LINE('',#2412,#576);
#385=LINE('',#2417,#577);
#386=LINE('',#2419,#578);
#387=LINE('',#2421,#579);
#388=LINE('',#2423,#580);
#389=LINE('',#2425,#581);
#390=LINE('',#2426,#582);
#391=LINE('',#2429,#583);
#392=LINE('',#2431,#584);
#393=LINE('',#2432,#585);
#394=LINE('',#2435,#586);
#395=LINE('',#2437,#587);
#396=LINE('',#2438,#588);
#397=LINE('',#2441,#589);
#398=LINE('',#2444,#590);
#399=LINE('',#2449,#591);
#400=LINE('',#2450,#592);
#401=LINE('',#2453,#593);
#402=LINE('',#2455,#594);
#403=LINE('',#2457,#595);
#404=LINE('',#2458,#596);
#405=LINE('',#2462,#597);
#406=LINE('',#2464,#598);
#407=LINE('',#2466,#599);
#408=LINE('',#2468,#600);
#409=LINE('',#2470,#601);
#410=LINE('',#2471,#602);
#411=LINE('',#2473,#603);
#412=LINE('',#2474,#604);
#413=LINE('',#2478,#605);
#414=LINE('',#2480,#606);
#415=LINE('',#2482,#607);
#416=LINE('',#2484,#608);
#417=LINE('',#2486,#609);
#418=LINE('',#2487,#610);
#419=LINE('',#2491,#611);
#420=LINE('',#2492,#612);
#421=LINE('',#2493,#613);
#422=LINE('',#2497,#614);
#423=LINE('',#2498,#615);
#424=LINE('',#2499,#616);
#425=LINE('',#2503,#617);
#426=LINE('',#2507,#618);
#427=LINE('',#2508,#619);
#428=LINE('',#2510,#620);
#429=LINE('',#2511,#621);
#430=LINE('',#2513,#622);
#431=LINE('',#2516,#623);
#432=LINE('',#2519,#624);
#433=LINE('',#2522,#625);
#434=LINE('',#2523,#626);
#435=LINE('',#2524,#627);
#436=LINE('',#2530,#628);
#437=LINE('',#2537,#629);
#438=LINE('',#2544,#630);
#439=LINE('',#2547,#631);
#440=VECTOR('',#1695,10.);
#441=VECTOR('',#1696,10.);
#442=VECTOR('',#1697,10.);
#443=VECTOR('',#1698,10.);
#444=VECTOR('',#1699,10.);
#445=VECTOR('',#1700,10.);
#446=VECTOR('',#1701,10.);
#447=VECTOR('',#1704,10.);
#448=VECTOR('',#1705,10.);
#449=VECTOR('',#1706,10.);
#450=VECTOR('',#1707,10.);
#451=VECTOR('',#1710,10.);
#452=VECTOR('',#1711,10.);
#453=VECTOR('',#1712,10.);
#454=VECTOR('',#1713,10.);
#455=VECTOR('',#1714,10.);
#456=VECTOR('',#1717,10.);
#457=VECTOR('',#1718,10.);
#458=VECTOR('',#1719,10.);
#459=VECTOR('',#1720,10.);
#460=VECTOR('',#1721,10.);
#461=VECTOR('',#1724,10.);
#462=VECTOR('',#1725,10.);
#463=VECTOR('',#1726,10.);
#464=VECTOR('',#1729,10.);
#465=VECTOR('',#1730,10.);
#466=VECTOR('',#1733,10.);
#467=VECTOR('',#1734,10.);
#468=VECTOR('',#1735,10.);
#469=VECTOR('',#1738,10.);
#470=VECTOR('',#1739,10.);
#471=VECTOR('',#1740,10.);
#472=VECTOR('',#1741,10.);
#473=VECTOR('',#1744,10.);
#474=VECTOR('',#1745,10.);
#475=VECTOR('',#1746,10.);
#476=VECTOR('',#1749,10.);
#477=VECTOR('',#1752,10.);
#478=VECTOR('',#1753,10.);
#479=VECTOR('',#1754,10.);
#480=VECTOR('',#1755,10.);
#481=VECTOR('',#1756,10.);
#482=VECTOR('',#1757,10.);
#483=VECTOR('',#1758,10.);
#484=VECTOR('',#1761,10.);
#485=VECTOR('',#1762,10.);
#486=VECTOR('',#1763,10.);
#487=VECTOR('',#1766,10.);
#488=VECTOR('',#1767,10.);
#489=VECTOR('',#1770,10.);
#490=VECTOR('',#1771,10.);
#491=VECTOR('',#1774,10.);
#492=VECTOR('',#1775,10.);
#493=VECTOR('',#1778,10.);
#494=VECTOR('',#1779,10.);
#495=VECTOR('',#1782,10.);
#496=VECTOR('',#1789,10.);
#497=VECTOR('',#1790,10.);
#498=VECTOR('',#1791,10.);
#499=VECTOR('',#1792,10.);
#500=VECTOR('',#1795,10.);
#501=VECTOR('',#1800,10.);
#502=VECTOR('',#1801,10.);
#503=VECTOR('',#1802,10.);
#504=VECTOR('',#1805,10.);
#505=VECTOR('',#1806,10.);
#506=VECTOR('',#1807,10.);
#507=VECTOR('',#1808,10.);
#508=VECTOR('',#1809,10.);
#509=VECTOR('',#1812,10.);
#510=VECTOR('',#1813,10.);
#511=VECTOR('',#1816,10.);
#512=VECTOR('',#1817,10.);
#513=VECTOR('',#1820,10.);
#514=VECTOR('',#1825,10.);
#515=VECTOR('',#1826,10.);
#516=VECTOR('',#1829,10.);
#517=VECTOR('',#1830,10.);
#518=VECTOR('',#1833,10.);
#519=VECTOR('',#1834,10.);
#520=VECTOR('',#1835,10.);
#521=VECTOR('',#1838,10.);
#522=VECTOR('',#1839,10.);
#523=VECTOR('',#1842,10.);
#524=VECTOR('',#1843,10.);
#525=VECTOR('',#1846,10.);
#526=VECTOR('',#1847,10.);
#527=VECTOR('',#1848,10.);
#528=VECTOR('',#1851,10.);
#529=VECTOR('',#1852,10.);
#530=VECTOR('',#1855,10.);
#531=VECTOR('',#1856,10.);
#532=VECTOR('',#1859,10.);
#533=VECTOR('',#1862,10.);
#534=VECTOR('',#1863,10.);
#535=VECTOR('',#1866,10.);
#536=VECTOR('',#1867,10.);
#537=VECTOR('',#1870,10.);
#538=VECTOR('',#1873,10.);
#539=VECTOR('',#1874,10.);
#540=VECTOR('',#1875,10.);
#541=VECTOR('',#1878,10.);
#542=VECTOR('',#1879,10.);
#543=VECTOR('',#1882,10.);
#544=VECTOR('',#1883,10.);
#545=VECTOR('',#1884,10.);
#546=VECTOR('',#1887,10.);
#547=VECTOR('',#1888,10.);
#548=VECTOR('',#1891,10.);
#549=VECTOR('',#1892,10.);
#550=VECTOR('',#1893,10.);
#551=VECTOR('',#1896,10.);
#552=VECTOR('',#1903,10.);
#553=VECTOR('',#1908,10.);
#554=VECTOR('',#1911,10.);
#555=VECTOR('',#1912,10.);
#556=VECTOR('',#1913,10.);
#557=VECTOR('',#1914,10.);
#558=VECTOR('',#1915,10.);
#559=VECTOR('',#1920,4.15);
#560=VECTOR('',#1931,10.);
#561=VECTOR('',#1934,10.);
#562=VECTOR('',#1937,10.);
#563=VECTOR('',#1938,10.);
#564=VECTOR('',#1939,10.);
#565=VECTOR('',#1942,10.);
#566=VECTOR('',#1947,10.);
#567=VECTOR('',#1952,10.);
#568=VECTOR('',#1957,3.15);
#569=VECTOR('',#1960,10.);
#570=VECTOR('',#1961,10.);
#571=VECTOR('',#1962,10.);
#572=VECTOR('',#1963,10.);
#573=VECTOR('',#1966,10.);
#574=VECTOR('',#1967,10.);
#575=VECTOR('',#1970,10.);
#576=VECTOR('',#1973,10.);
#577=VECTOR('',#1978,10.);
#578=VECTOR('',#1979,10.);
#579=VECTOR('',#1980,10.);
#580=VECTOR('',#1981,10.);
#581=VECTOR('',#1982,10.);
#582=VECTOR('',#1983,10.);
#583=VECTOR('',#1986,10.);
#584=VECTOR('',#1987,10.);
#585=VECTOR('',#1988,10.);
#586=VECTOR('',#1991,10.);
#587=VECTOR('',#1992,10.);
#588=VECTOR('',#1993,10.);
#589=VECTOR('',#1996,10.);
#590=VECTOR('',#1999,10.);
#591=VECTOR('',#2004,10.);
#592=VECTOR('',#2005,10.);
#593=VECTOR('',#2008,10.);
#594=VECTOR('',#2009,10.);
#595=VECTOR('',#2010,10.);
#596=VECTOR('',#2011,10.);
#597=VECTOR('',#2014,10.);
#598=VECTOR('',#2015,10.);
#599=VECTOR('',#2016,10.);
#600=VECTOR('',#2017,10.);
#601=VECTOR('',#2018,10.);
#602=VECTOR('',#2019,10.);
#603=VECTOR('',#2022,10.);
#604=VECTOR('',#2023,10.);
#605=VECTOR('',#2026,10.);
#606=VECTOR('',#2027,10.);
#607=VECTOR('',#2028,10.);
#608=VECTOR('',#2029,10.);
#609=VECTOR('',#2030,10.);
#610=VECTOR('',#2031,10.);
#611=VECTOR('',#2034,10.);
#612=VECTOR('',#2035,10.);
#613=VECTOR('',#2036,10.);
#614=VECTOR('',#2039,10.);
#615=VECTOR('',#2040,10.);
#616=VECTOR('',#2041,10.);
#617=VECTOR('',#2044,10.);
#618=VECTOR('',#2051,10.);
#619=VECTOR('',#2052,10.);
#620=VECTOR('',#2055,10.);
#621=VECTOR('',#2056,10.);
#622=VECTOR('',#2059,10.);
#623=VECTOR('',#2062,10.);
#624=VECTOR('',#2067,10.);
#625=VECTOR('',#2070,10.);
#626=VECTOR('',#2071,10.);
#627=VECTOR('',#2072,10.);
#628=VECTOR('',#2079,4.575);
#629=VECTOR('',#2088,4.15);
#630=VECTOR('',#2099,10.);
#631=VECTOR('',#2104,3.15);
#632=VERTEX_POINT('',#2109);
#633=VERTEX_POINT('',#2110);
#634=VERTEX_POINT('',#2112);
#635=VERTEX_POINT('',#2114);
#636=VERTEX_POINT('',#2116);
#637=VERTEX_POINT('',#2118);
#638=VERTEX_POINT('',#2120);
#639=VERTEX_POINT('',#2124);
#640=VERTEX_POINT('',#2126);
#641=VERTEX_POINT('',#2128);
#642=VERTEX_POINT('',#2132);
#643=VERTEX_POINT('',#2134);
#644=VERTEX_POINT('',#2136);
#645=VERTEX_POINT('',#2138);
#646=VERTEX_POINT('',#2142);
#647=VERTEX_POINT('',#2144);
#648=VERTEX_POINT('',#2146);
#649=VERTEX_POINT('',#2148);
#650=VERTEX_POINT('',#2152);
#651=VERTEX_POINT('',#2154);
#652=VERTEX_POINT('',#2158);
#653=VERTEX_POINT('',#2162);
#654=VERTEX_POINT('',#2163);
#655=VERTEX_POINT('',#2165);
#656=VERTEX_POINT('',#2169);
#657=VERTEX_POINT('',#2171);
#658=VERTEX_POINT('',#2173);
#659=VERTEX_POINT('',#2177);
#660=VERTEX_POINT('',#2179);
#661=VERTEX_POINT('',#2183);
#662=VERTEX_POINT('',#2185);
#663=VERTEX_POINT('',#2188);
#664=VERTEX_POINT('',#2189);
#665=VERTEX_POINT('',#2191);
#666=VERTEX_POINT('',#2193);
#667=VERTEX_POINT('',#2195);
#668=VERTEX_POINT('',#2197);
#669=VERTEX_POINT('',#2201);
#670=VERTEX_POINT('',#2203);
#671=VERTEX_POINT('',#2207);
#672=VERTEX_POINT('',#2211);
#673=VERTEX_POINT('',#2215);
#674=VERTEX_POINT('',#2219);
#675=VERTEX_POINT('',#2225);
#676=VERTEX_POINT('',#2228);
#677=VERTEX_POINT('',#2229);
#678=VERTEX_POINT('',#2231);
#679=VERTEX_POINT('',#2236);
#680=VERTEX_POINT('',#2240);
#681=VERTEX_POINT('',#2242);
#682=VERTEX_POINT('',#2246);
#683=VERTEX_POINT('',#2248);
#684=VERTEX_POINT('',#2250);
#685=VERTEX_POINT('',#2252);
#686=VERTEX_POINT('',#2256);
#687=VERTEX_POINT('',#2260);
#688=VERTEX_POINT('',#2264);
#689=VERTEX_POINT('',#2268);
#690=VERTEX_POINT('',#2272);
#691=VERTEX_POINT('',#2276);
#692=VERTEX_POINT('',#2278);
#693=VERTEX_POINT('',#2282);
#694=VERTEX_POINT('',#2286);
#695=VERTEX_POINT('',#2290);
#696=VERTEX_POINT('',#2292);
#697=VERTEX_POINT('',#2296);
#698=VERTEX_POINT('',#2305);
#699=VERTEX_POINT('',#2309);
#700=VERTEX_POINT('',#2315);
#701=VERTEX_POINT('',#2317);
#702=VERTEX_POINT('',#2321);
#703=VERTEX_POINT('',#2325);
#704=VERTEX_POINT('',#2327);
#705=VERTEX_POINT('',#2331);
#706=VERTEX_POINT('',#2335);
#707=VERTEX_POINT('',#2337);
#708=VERTEX_POINT('',#2345);
#709=VERTEX_POINT('',#2352);
#710=VERTEX_POINT('',#2353);
#711=VERTEX_POINT('',#2355);
#712=VERTEX_POINT('',#2357);
#713=VERTEX_POINT('',#2361);
#714=VERTEX_POINT('',#2363);
#715=VERTEX_POINT('',#2367);
#716=VERTEX_POINT('',#2370);
#717=VERTEX_POINT('',#2371);
#718=VERTEX_POINT('',#2373);
#719=VERTEX_POINT('',#2375);
#720=VERTEX_POINT('',#2379);
#721=VERTEX_POINT('',#2381);
#722=VERTEX_POINT('',#2385);
#723=VERTEX_POINT('',#2389);
#724=VERTEX_POINT('',#2398);
#725=VERTEX_POINT('',#2399);
#726=VERTEX_POINT('',#2401);
#727=VERTEX_POINT('',#2403);
#728=VERTEX_POINT('',#2415);
#729=VERTEX_POINT('',#2416);
#730=VERTEX_POINT('',#2418);
#731=VERTEX_POINT('',#2420);
#732=VERTEX_POINT('',#2422);
#733=VERTEX_POINT('',#2424);
#734=VERTEX_POINT('',#2428);
#735=VERTEX_POINT('',#2430);
#736=VERTEX_POINT('',#2434);
#737=VERTEX_POINT('',#2436);
#738=VERTEX_POINT('',#2440);
#739=VERTEX_POINT('',#2442);
#740=VERTEX_POINT('',#2445);
#741=VERTEX_POINT('',#2448);
#742=VERTEX_POINT('',#2452);
#743=VERTEX_POINT('',#2454);
#744=VERTEX_POINT('',#2456);
#745=VERTEX_POINT('',#2460);
#746=VERTEX_POINT('',#2461);
#747=VERTEX_POINT('',#2463);
#748=VERTEX_POINT('',#2465);
#749=VERTEX_POINT('',#2467);
#750=VERTEX_POINT('',#2469);
#751=VERTEX_POINT('',#2476);
#752=VERTEX_POINT('',#2477);
#753=VERTEX_POINT('',#2479);
#754=VERTEX_POINT('',#2481);
#755=VERTEX_POINT('',#2483);
#756=VERTEX_POINT('',#2485);
#757=VERTEX_POINT('',#2489);
#758=VERTEX_POINT('',#2490);
#759=VERTEX_POINT('',#2495);
#760=VERTEX_POINT('',#2496);
#761=VERTEX_POINT('',#2501);
#762=VERTEX_POINT('',#2502);
#763=VERTEX_POINT('',#2515);
#764=VERTEX_POINT('',#2521);
#765=VERTEX_POINT('',#2526);
#766=VERTEX_POINT('',#2529);
#767=VERTEX_POINT('',#2531);
#768=VERTEX_POINT('',#2535);
#769=VERTEX_POINT('',#2539);
#770=EDGE_CURVE('',#632,#633,#248,.T.);
#771=EDGE_CURVE('',#634,#632,#249,.T.);
#772=EDGE_CURVE('',#635,#634,#250,.T.);
#773=EDGE_CURVE('',#636,#635,#251,.T.);
#774=EDGE_CURVE('',#637,#636,#252,.T.);
#775=EDGE_CURVE('',#638,#637,#253,.T.);
#776=EDGE_CURVE('',#633,#638,#254,.T.);
#777=EDGE_CURVE('',#635,#639,#255,.T.);
#778=EDGE_CURVE('',#639,#640,#256,.T.);
#779=EDGE_CURVE('',#640,#641,#257,.T.);
#780=EDGE_CURVE('',#641,#636,#258,.T.);
#781=EDGE_CURVE('',#634,#642,#259,.T.);
#782=EDGE_CURVE('',#642,#643,#260,.T.);
#783=EDGE_CURVE('',#644,#643,#261,.T.);
#784=EDGE_CURVE('',#644,#645,#262,.T.);
#785=EDGE_CURVE('',#639,#645,#263,.T.);
#786=EDGE_CURVE('',#646,#632,#264,.T.);
#787=EDGE_CURVE('',#647,#646,#265,.T.);
#788=EDGE_CURVE('',#648,#647,#266,.T.);
#789=EDGE_CURVE('',#648,#649,#267,.T.);
#790=EDGE_CURVE('',#642,#649,#268,.F.);
#791=EDGE_CURVE('',#647,#650,#269,.T.);
#792=EDGE_CURVE('',#650,#651,#270,.T.);
#793=EDGE_CURVE('',#651,#648,#271,.T.);
#794=EDGE_CURVE('',#652,#646,#272,.T.);
#795=EDGE_CURVE('',#652,#650,#273,.T.);
#796=EDGE_CURVE('',#653,#654,#274,.F.);
#797=EDGE_CURVE('',#653,#655,#275,.T.);
#798=EDGE_CURVE('',#655,#654,#276,.T.);
#799=EDGE_CURVE('',#656,#655,#277,.F.);
#800=EDGE_CURVE('',#656,#657,#278,.T.);
#801=EDGE_CURVE('',#658,#657,#279,.T.);
#802=EDGE_CURVE('',#658,#654,#280,.T.);
#803=EDGE_CURVE('',#643,#659,#281,.T.);
#804=EDGE_CURVE('',#659,#660,#282,.T.);
#805=EDGE_CURVE('',#660,#644,#283,.T.);
#806=EDGE_CURVE('',#661,#659,#284,.T.);
#807=EDGE_CURVE('',#662,#661,#41,.T.);
#808=EDGE_CURVE('',#660,#662,#285,.T.);
#809=EDGE_CURVE('',#663,#664,#286,.T.);
#810=EDGE_CURVE('',#664,#665,#287,.T.);
#811=EDGE_CURVE('',#665,#666,#288,.T.);
#812=EDGE_CURVE('',#666,#667,#289,.T.);
#813=EDGE_CURVE('',#667,#668,#290,.T.);
#814=EDGE_CURVE('',#668,#663,#291,.T.);
#815=EDGE_CURVE('',#663,#669,#292,.T.);
#816=EDGE_CURVE('',#669,#670,#293,.T.);
#817=EDGE_CURVE('',#664,#670,#294,.T.);
#818=EDGE_CURVE('',#668,#671,#295,.T.);
#819=EDGE_CURVE('',#671,#669,#296,.T.);
#820=EDGE_CURVE('',#667,#672,#297,.T.);
#821=EDGE_CURVE('',#672,#671,#298,.T.);
#822=EDGE_CURVE('',#666,#673,#299,.T.);
#823=EDGE_CURVE('',#673,#672,#300,.T.);
#824=EDGE_CURVE('',#665,#674,#301,.T.);
#825=EDGE_CURVE('',#674,#673,#302,.T.);
#826=EDGE_CURVE('',#670,#674,#303,.T.);
#827=EDGE_CURVE('',#675,#675,#42,.T.);
#828=EDGE_CURVE('',#676,#677,#304,.T.);
#829=EDGE_CURVE('',#677,#678,#305,.T.);
#830=EDGE_CURVE('',#678,#661,#306,.T.);
#831=EDGE_CURVE('',#649,#676,#307,.T.);
#832=EDGE_CURVE('',#679,#662,#308,.T.);
#833=EDGE_CURVE('',#678,#679,#43,.T.);
#834=EDGE_CURVE('',#680,#645,#309,.T.);
#835=EDGE_CURVE('',#679,#681,#310,.T.);
#836=EDGE_CURVE('',#681,#680,#311,.T.);
#837=EDGE_CURVE('',#645,#682,#312,.T.);
#838=EDGE_CURVE('',#683,#680,#313,.T.);
#839=EDGE_CURVE('',#684,#683,#314,.T.);
#840=EDGE_CURVE('',#685,#684,#315,.T.);
#841=EDGE_CURVE('',#682,#685,#316,.T.);
#842=EDGE_CURVE('',#681,#686,#317,.T.);
#843=EDGE_CURVE('',#686,#683,#318,.T.);
#844=EDGE_CURVE('',#687,#679,#319,.T.);
#845=EDGE_CURVE('',#686,#687,#320,.T.);
#846=EDGE_CURVE('',#688,#678,#321,.T.);
#847=EDGE_CURVE('',#687,#688,#44,.T.);
#848=EDGE_CURVE('',#689,#677,#322,.T.);
#849=EDGE_CURVE('',#688,#689,#323,.T.);
#850=EDGE_CURVE('',#676,#690,#324,.T.);
#851=EDGE_CURVE('',#690,#689,#325,.T.);
#852=EDGE_CURVE('',#651,#691,#326,.T.);
#853=EDGE_CURVE('',#692,#691,#327,.T.);
#854=EDGE_CURVE('',#690,#692,#328,.T.);
#855=EDGE_CURVE('',#693,#641,#329,.T.);
#856=EDGE_CURVE('',#637,#693,#330,.T.);
#857=EDGE_CURVE('',#640,#694,#331,.T.);
#858=EDGE_CURVE('',#694,#693,#332,.T.);
#859=EDGE_CURVE('',#657,#695,#333,.T.);
#860=EDGE_CURVE('',#695,#696,#334,.T.);
#861=EDGE_CURVE('',#696,#658,#335,.T.);
#862=EDGE_CURVE('',#697,#694,#336,.T.);
#863=EDGE_CURVE('',#693,#697,#337,.T.);
#864=EDGE_CURVE('',#696,#697,#338,.T.);
#865=EDGE_CURVE('',#694,#658,#339,.T.);
#866=EDGE_CURVE('',#697,#638,#340,.T.);
#867=EDGE_CURVE('',#633,#698,#341,.T.);
#868=EDGE_CURVE('',#698,#646,#342,.T.);
#869=EDGE_CURVE('',#698,#699,#343,.T.);
#870=EDGE_CURVE('',#699,#652,#344,.T.);
#871=EDGE_CURVE('',#682,#653,#345,.F.);
#872=EDGE_CURVE('',#700,#692,#346,.T.);
#873=EDGE_CURVE('',#691,#701,#347,.F.);
#874=EDGE_CURVE('',#701,#700,#348,.T.);
#875=EDGE_CURVE('',#700,#702,#349,.T.);
#876=EDGE_CURVE('',#702,#688,#350,.T.);
#877=EDGE_CURVE('',#703,#656,#351,.T.);
#878=EDGE_CURVE('',#685,#704,#352,.T.);
#879=EDGE_CURVE('',#704,#703,#353,.T.);
#880=EDGE_CURVE('',#684,#705,#354,.T.);
#881=EDGE_CURVE('',#705,#704,#355,.T.);
#882=EDGE_CURVE('',#706,#705,#356,.T.);
#883=EDGE_CURVE('',#706,#707,#357,.T.);
#884=EDGE_CURVE('',#707,#703,#358,.T.);
#885=EDGE_CURVE('',#706,#687,#359,.T.);
#886=EDGE_CURVE('',#702,#706,#45,.T.);
#887=EDGE_CURVE('',#708,#702,#360,.T.);
#888=EDGE_CURVE('',#708,#707,#46,.T.);
#889=EDGE_CURVE('',#701,#708,#361,.T.);
#890=EDGE_CURVE('',#695,#699,#362,.T.);
#891=EDGE_CURVE('',#709,#710,#363,.T.);
#892=EDGE_CURVE('',#711,#709,#364,.T.);
#893=EDGE_CURVE('',#712,#711,#365,.T.);
#894=EDGE_CURVE('',#710,#712,#366,.T.);
#895=EDGE_CURVE('',#713,#713,#47,.T.);
#896=EDGE_CURVE('',#713,#714,#367,.T.);
#897=EDGE_CURVE('',#714,#714,#48,.T.);
#898=EDGE_CURVE('',#715,#715,#49,.T.);
#899=EDGE_CURVE('',#716,#717,#50,.T.);
#900=EDGE_CURVE('',#718,#717,#368,.T.);
#901=EDGE_CURVE('',#719,#718,#51,.F.);
#902=EDGE_CURVE('',#716,#719,#369,.T.);
#903=EDGE_CURVE('',#720,#719,#370,.F.);
#904=EDGE_CURVE('',#720,#721,#371,.T.);
#905=EDGE_CURVE('',#721,#716,#372,.T.);
#906=EDGE_CURVE('',#718,#722,#373,.F.);
#907=EDGE_CURVE('',#722,#720,#52,.F.);
#908=EDGE_CURVE('',#722,#723,#374,.T.);
#909=EDGE_CURVE('',#723,#721,#53,.T.);
#910=EDGE_CURVE('',#717,#723,#375,.T.);
#911=EDGE_CURVE('',#715,#675,#376,.T.);
#912=EDGE_CURVE('',#724,#725,#377,.T.);
#913=EDGE_CURVE('',#725,#726,#378,.T.);
#914=EDGE_CURVE('',#726,#727,#379,.T.);
#915=EDGE_CURVE('',#727,#724,#380,.T.);
#916=EDGE_CURVE('',#709,#725,#381,.T.);
#917=EDGE_CURVE('',#711,#724,#382,.T.);
#918=EDGE_CURVE('',#712,#727,#383,.T.);
#919=EDGE_CURVE('',#710,#726,#384,.T.);
#920=EDGE_CURVE('',#728,#729,#385,.T.);
#921=EDGE_CURVE('',#729,#730,#386,.T.);
#922=EDGE_CURVE('',#730,#731,#387,.T.);
#923=EDGE_CURVE('',#731,#732,#388,.T.);
#924=EDGE_CURVE('',#732,#733,#389,.T.);
#925=EDGE_CURVE('',#733,#728,#390,.T.);
#926=EDGE_CURVE('',#730,#734,#391,.T.);
#927=EDGE_CURVE('',#734,#735,#392,.T.);
#928=EDGE_CURVE('',#735,#731,#393,.T.);
#929=EDGE_CURVE('',#732,#736,#394,.T.);
#930=EDGE_CURVE('',#736,#737,#395,.T.);
#931=EDGE_CURVE('',#737,#733,#396,.T.);
#932=EDGE_CURVE('',#728,#738,#397,.T.);
#933=EDGE_CURVE('',#738,#739,#54,.T.);
#934=EDGE_CURVE('',#739,#729,#398,.T.);
#935=EDGE_CURVE('',#740,#740,#55,.T.);
#936=EDGE_CURVE('',#741,#737,#399,.T.);
#937=EDGE_CURVE('',#738,#741,#400,.T.);
#938=EDGE_CURVE('',#736,#742,#401,.T.);
#939=EDGE_CURVE('',#743,#742,#402,.T.);
#940=EDGE_CURVE('',#743,#744,#403,.T.);
#941=EDGE_CURVE('',#744,#741,#404,.T.);
#942=EDGE_CURVE('',#745,#746,#405,.F.);
#943=EDGE_CURVE('',#747,#745,#406,.T.);
#944=EDGE_CURVE('',#748,#747,#407,.F.);
#945=EDGE_CURVE('',#749,#748,#408,.T.);
#946=EDGE_CURVE('',#750,#749,#409,.F.);
#947=EDGE_CURVE('',#746,#750,#410,.T.);
#948=EDGE_CURVE('',#742,#748,#411,.T.);
#949=EDGE_CURVE('',#747,#743,#412,.T.);
#950=EDGE_CURVE('',#751,#752,#413,.F.);
#951=EDGE_CURVE('',#753,#751,#414,.T.);
#952=EDGE_CURVE('',#754,#753,#415,.F.);
#953=EDGE_CURVE('',#755,#754,#416,.T.);
#954=EDGE_CURVE('',#756,#755,#417,.F.);
#955=EDGE_CURVE('',#752,#756,#418,.T.);
#956=EDGE_CURVE('',#757,#758,#419,.T.);
#957=EDGE_CURVE('',#758,#754,#420,.T.);
#958=EDGE_CURVE('',#753,#757,#421,.T.);
#959=EDGE_CURVE('',#759,#760,#422,.T.);
#960=EDGE_CURVE('',#760,#756,#423,.T.);
#961=EDGE_CURVE('',#755,#759,#424,.T.);
#962=EDGE_CURVE('',#761,#762,#425,.T.);
#963=EDGE_CURVE('',#762,#760,#56,.T.);
#964=EDGE_CURVE('',#759,#761,#57,.T.);
#965=EDGE_CURVE('',#761,#745,#426,.T.);
#966=EDGE_CURVE('',#746,#762,#427,.T.);
#967=EDGE_CURVE('',#752,#750,#428,.T.);
#968=EDGE_CURVE('',#749,#751,#429,.T.);
#969=EDGE_CURVE('',#744,#761,#430,.T.);
#970=EDGE_CURVE('',#763,#759,#431,.T.);
#971=EDGE_CURVE('',#744,#763,#58,.T.);
#972=EDGE_CURVE('',#763,#758,#432,.T.);
#973=EDGE_CURVE('',#734,#764,#433,.T.);
#974=EDGE_CURVE('',#763,#764,#434,.T.);
#975=EDGE_CURVE('',#757,#735,#435,.T.);
#976=EDGE_CURVE('',#765,#765,#59,.T.);
#977=EDGE_CURVE('',#765,#766,#436,.T.);
#978=EDGE_CURVE('',#767,#766,#60,.T.);
#979=EDGE_CURVE('',#766,#767,#61,.T.);
#980=EDGE_CURVE('',#768,#768,#62,.T.);
#981=EDGE_CURVE('',#768,#740,#437,.T.);
#982=EDGE_CURVE('',#769,#769,#63,.T.);
#983=EDGE_CURVE('',#764,#741,#64,.T.);
#984=EDGE_CURVE('',#739,#764,#438,.T.);
#985=EDGE_CURVE('',#767,#769,#439,.T.);
#986=ORIENTED_EDGE('',*,*,#770,.F.);
#987=ORIENTED_EDGE('',*,*,#771,.F.);
#988=ORIENTED_EDGE('',*,*,#772,.F.);
#989=ORIENTED_EDGE('',*,*,#773,.F.);
#990=ORIENTED_EDGE('',*,*,#774,.F.);
#991=ORIENTED_EDGE('',*,*,#775,.F.);
#992=ORIENTED_EDGE('',*,*,#776,.F.);
#993=ORIENTED_EDGE('',*,*,#773,.T.);
#994=ORIENTED_EDGE('',*,*,#777,.T.);
#995=ORIENTED_EDGE('',*,*,#778,.T.);
#996=ORIENTED_EDGE('',*,*,#779,.T.);
#997=ORIENTED_EDGE('',*,*,#780,.T.);
#998=ORIENTED_EDGE('',*,*,#772,.T.);
#999=ORIENTED_EDGE('',*,*,#781,.T.);
#1000=ORIENTED_EDGE('',*,*,#782,.T.);
#1001=ORIENTED_EDGE('',*,*,#783,.F.);
#1002=ORIENTED_EDGE('',*,*,#784,.T.);
#1003=ORIENTED_EDGE('',*,*,#785,.F.);
#1004=ORIENTED_EDGE('',*,*,#777,.F.);
#1005=ORIENTED_EDGE('',*,*,#771,.T.);
#1006=ORIENTED_EDGE('',*,*,#786,.F.);
#1007=ORIENTED_EDGE('',*,*,#787,.F.);
#1008=ORIENTED_EDGE('',*,*,#788,.F.);
#1009=ORIENTED_EDGE('',*,*,#789,.T.);
#1010=ORIENTED_EDGE('',*,*,#790,.F.);
#1011=ORIENTED_EDGE('',*,*,#781,.F.);
#1012=ORIENTED_EDGE('',*,*,#788,.T.);
#1013=ORIENTED_EDGE('',*,*,#791,.T.);
#1014=ORIENTED_EDGE('',*,*,#792,.T.);
#1015=ORIENTED_EDGE('',*,*,#793,.T.);
#1016=ORIENTED_EDGE('',*,*,#791,.F.);
#1017=ORIENTED_EDGE('',*,*,#787,.T.);
#1018=ORIENTED_EDGE('',*,*,#794,.F.);
#1019=ORIENTED_EDGE('',*,*,#795,.T.);
#1020=ORIENTED_EDGE('',*,*,#796,.F.);
#1021=ORIENTED_EDGE('',*,*,#797,.T.);
#1022=ORIENTED_EDGE('',*,*,#798,.T.);
#1023=ORIENTED_EDGE('',*,*,#798,.F.);
#1024=ORIENTED_EDGE('',*,*,#799,.F.);
#1025=ORIENTED_EDGE('',*,*,#800,.T.);
#1026=ORIENTED_EDGE('',*,*,#801,.F.);
#1027=ORIENTED_EDGE('',*,*,#802,.T.);
#1028=ORIENTED_EDGE('',*,*,#803,.T.);
#1029=ORIENTED_EDGE('',*,*,#804,.T.);
#1030=ORIENTED_EDGE('',*,*,#805,.T.);
#1031=ORIENTED_EDGE('',*,*,#783,.T.);
#1032=ORIENTED_EDGE('',*,*,#804,.F.);
#1033=ORIENTED_EDGE('',*,*,#806,.F.);
#1034=ORIENTED_EDGE('',*,*,#807,.F.);
#1035=ORIENTED_EDGE('',*,*,#808,.F.);
#1036=ORIENTED_EDGE('',*,*,#809,.T.);
#1037=ORIENTED_EDGE('',*,*,#810,.T.);
#1038=ORIENTED_EDGE('',*,*,#811,.T.);
#1039=ORIENTED_EDGE('',*,*,#812,.T.);
#1040=ORIENTED_EDGE('',*,*,#813,.T.);
#1041=ORIENTED_EDGE('',*,*,#814,.T.);
#1042=ORIENTED_EDGE('',*,*,#809,.F.);
#1043=ORIENTED_EDGE('',*,*,#815,.T.);
#1044=ORIENTED_EDGE('',*,*,#816,.T.);
#1045=ORIENTED_EDGE('',*,*,#817,.F.);
#1046=ORIENTED_EDGE('',*,*,#814,.F.);
#1047=ORIENTED_EDGE('',*,*,#818,.T.);
#1048=ORIENTED_EDGE('',*,*,#819,.T.);
#1049=ORIENTED_EDGE('',*,*,#815,.F.);
#1050=ORIENTED_EDGE('',*,*,#813,.F.);
#1051=ORIENTED_EDGE('',*,*,#820,.T.);
#1052=ORIENTED_EDGE('',*,*,#821,.T.);
#1053=ORIENTED_EDGE('',*,*,#818,.F.);
#1054=ORIENTED_EDGE('',*,*,#812,.F.);
#1055=ORIENTED_EDGE('',*,*,#822,.T.);
#1056=ORIENTED_EDGE('',*,*,#823,.T.);
#1057=ORIENTED_EDGE('',*,*,#820,.F.);
#1058=ORIENTED_EDGE('',*,*,#811,.F.);
#1059=ORIENTED_EDGE('',*,*,#824,.T.);
#1060=ORIENTED_EDGE('',*,*,#825,.T.);
#1061=ORIENTED_EDGE('',*,*,#822,.F.);
#1062=ORIENTED_EDGE('',*,*,#810,.F.);
#1063=ORIENTED_EDGE('',*,*,#817,.T.);
#1064=ORIENTED_EDGE('',*,*,#826,.T.);
#1065=ORIENTED_EDGE('',*,*,#824,.F.);
#1066=ORIENTED_EDGE('',*,*,#826,.F.);
#1067=ORIENTED_EDGE('',*,*,#816,.F.);
#1068=ORIENTED_EDGE('',*,*,#819,.F.);
#1069=ORIENTED_EDGE('',*,*,#821,.F.);
#1070=ORIENTED_EDGE('',*,*,#823,.F.);
#1071=ORIENTED_EDGE('',*,*,#825,.F.);
#1072=ORIENTED_EDGE('',*,*,#827,.F.);
#1073=ORIENTED_EDGE('',*,*,#828,.T.);
#1074=ORIENTED_EDGE('',*,*,#829,.T.);
#1075=ORIENTED_EDGE('',*,*,#830,.T.);
#1076=ORIENTED_EDGE('',*,*,#806,.T.);
#1077=ORIENTED_EDGE('',*,*,#803,.F.);
#1078=ORIENTED_EDGE('',*,*,#782,.F.);
#1079=ORIENTED_EDGE('',*,*,#790,.T.);
#1080=ORIENTED_EDGE('',*,*,#831,.T.);
#1081=ORIENTED_EDGE('',*,*,#832,.T.);
#1082=ORIENTED_EDGE('',*,*,#807,.T.);
#1083=ORIENTED_EDGE('',*,*,#830,.F.);
#1084=ORIENTED_EDGE('',*,*,#833,.T.);
#1085=ORIENTED_EDGE('',*,*,#834,.T.);
#1086=ORIENTED_EDGE('',*,*,#784,.F.);
#1087=ORIENTED_EDGE('',*,*,#805,.F.);
#1088=ORIENTED_EDGE('',*,*,#808,.T.);
#1089=ORIENTED_EDGE('',*,*,#832,.F.);
#1090=ORIENTED_EDGE('',*,*,#835,.T.);
#1091=ORIENTED_EDGE('',*,*,#836,.T.);
#1092=ORIENTED_EDGE('',*,*,#837,.F.);
#1093=ORIENTED_EDGE('',*,*,#834,.F.);
#1094=ORIENTED_EDGE('',*,*,#838,.F.);
#1095=ORIENTED_EDGE('',*,*,#839,.F.);
#1096=ORIENTED_EDGE('',*,*,#840,.F.);
#1097=ORIENTED_EDGE('',*,*,#841,.F.);
#1098=ORIENTED_EDGE('',*,*,#836,.F.);
#1099=ORIENTED_EDGE('',*,*,#842,.T.);
#1100=ORIENTED_EDGE('',*,*,#843,.T.);
#1101=ORIENTED_EDGE('',*,*,#838,.T.);
#1102=ORIENTED_EDGE('',*,*,#835,.F.);
#1103=ORIENTED_EDGE('',*,*,#844,.F.);
#1104=ORIENTED_EDGE('',*,*,#845,.F.);
#1105=ORIENTED_EDGE('',*,*,#842,.F.);
#1106=ORIENTED_EDGE('',*,*,#833,.F.);
#1107=ORIENTED_EDGE('',*,*,#846,.F.);
#1108=ORIENTED_EDGE('',*,*,#847,.F.);
#1109=ORIENTED_EDGE('',*,*,#844,.T.);
#1110=ORIENTED_EDGE('',*,*,#829,.F.);
#1111=ORIENTED_EDGE('',*,*,#848,.F.);
#1112=ORIENTED_EDGE('',*,*,#849,.F.);
#1113=ORIENTED_EDGE('',*,*,#846,.T.);
#1114=ORIENTED_EDGE('',*,*,#828,.F.);
#1115=ORIENTED_EDGE('',*,*,#850,.T.);
#1116=ORIENTED_EDGE('',*,*,#851,.T.);
#1117=ORIENTED_EDGE('',*,*,#848,.T.);
#1118=ORIENTED_EDGE('',*,*,#793,.F.);
#1119=ORIENTED_EDGE('',*,*,#852,.T.);
#1120=ORIENTED_EDGE('',*,*,#853,.F.);
#1121=ORIENTED_EDGE('',*,*,#854,.F.);
#1122=ORIENTED_EDGE('',*,*,#850,.F.);
#1123=ORIENTED_EDGE('',*,*,#831,.F.);
#1124=ORIENTED_EDGE('',*,*,#789,.F.);
#1125=ORIENTED_EDGE('',*,*,#774,.T.);
#1126=ORIENTED_EDGE('',*,*,#780,.F.);
#1127=ORIENTED_EDGE('',*,*,#855,.F.);
#1128=ORIENTED_EDGE('',*,*,#856,.F.);
#1129=ORIENTED_EDGE('',*,*,#779,.F.);
#1130=ORIENTED_EDGE('',*,*,#857,.T.);
#1131=ORIENTED_EDGE('',*,*,#858,.T.);
#1132=ORIENTED_EDGE('',*,*,#855,.T.);
#1133=ORIENTED_EDGE('',*,*,#801,.T.);
#1134=ORIENTED_EDGE('',*,*,#859,.T.);
#1135=ORIENTED_EDGE('',*,*,#860,.T.);
#1136=ORIENTED_EDGE('',*,*,#861,.T.);
#1137=ORIENTED_EDGE('',*,*,#858,.F.);
#1138=ORIENTED_EDGE('',*,*,#862,.F.);
#1139=ORIENTED_EDGE('',*,*,#863,.F.);
#1140=ORIENTED_EDGE('',*,*,#864,.T.);
#1141=ORIENTED_EDGE('',*,*,#862,.T.);
#1142=ORIENTED_EDGE('',*,*,#865,.T.);
#1143=ORIENTED_EDGE('',*,*,#861,.F.);
#1144=ORIENTED_EDGE('',*,*,#775,.T.);
#1145=ORIENTED_EDGE('',*,*,#856,.T.);
#1146=ORIENTED_EDGE('',*,*,#863,.T.);
#1147=ORIENTED_EDGE('',*,*,#866,.T.);
#1148=ORIENTED_EDGE('',*,*,#770,.T.);
#1149=ORIENTED_EDGE('',*,*,#867,.T.);
#1150=ORIENTED_EDGE('',*,*,#868,.T.);
#1151=ORIENTED_EDGE('',*,*,#786,.T.);
#1152=ORIENTED_EDGE('',*,*,#869,.T.);
#1153=ORIENTED_EDGE('',*,*,#870,.T.);
#1154=ORIENTED_EDGE('',*,*,#794,.T.);
#1155=ORIENTED_EDGE('',*,*,#868,.F.);
#1156=ORIENTED_EDGE('',*,*,#778,.F.);
#1157=ORIENTED_EDGE('',*,*,#785,.T.);
#1158=ORIENTED_EDGE('',*,*,#837,.T.);
#1159=ORIENTED_EDGE('',*,*,#871,.T.);
#1160=ORIENTED_EDGE('',*,*,#796,.T.);
#1161=ORIENTED_EDGE('',*,*,#802,.F.);
#1162=ORIENTED_EDGE('',*,*,#865,.F.);
#1163=ORIENTED_EDGE('',*,*,#857,.F.);
#1164=ORIENTED_EDGE('',*,*,#872,.T.);
#1165=ORIENTED_EDGE('',*,*,#853,.T.);
#1166=ORIENTED_EDGE('',*,*,#873,.T.);
#1167=ORIENTED_EDGE('',*,*,#874,.T.);
#1168=ORIENTED_EDGE('',*,*,#872,.F.);
#1169=ORIENTED_EDGE('',*,*,#875,.T.);
#1170=ORIENTED_EDGE('',*,*,#876,.T.);
#1171=ORIENTED_EDGE('',*,*,#849,.T.);
#1172=ORIENTED_EDGE('',*,*,#851,.F.);
#1173=ORIENTED_EDGE('',*,*,#854,.T.);
#1174=ORIENTED_EDGE('',*,*,#877,.T.);
#1175=ORIENTED_EDGE('',*,*,#799,.T.);
#1176=ORIENTED_EDGE('',*,*,#797,.F.);
#1177=ORIENTED_EDGE('',*,*,#871,.F.);
#1178=ORIENTED_EDGE('',*,*,#841,.T.);
#1179=ORIENTED_EDGE('',*,*,#878,.T.);
#1180=ORIENTED_EDGE('',*,*,#879,.T.);
#1181=ORIENTED_EDGE('',*,*,#840,.T.);
#1182=ORIENTED_EDGE('',*,*,#880,.T.);
#1183=ORIENTED_EDGE('',*,*,#881,.T.);
#1184=ORIENTED_EDGE('',*,*,#878,.F.);
#1185=ORIENTED_EDGE('',*,*,#881,.F.);
#1186=ORIENTED_EDGE('',*,*,#882,.F.);
#1187=ORIENTED_EDGE('',*,*,#883,.T.);
#1188=ORIENTED_EDGE('',*,*,#884,.T.);
#1189=ORIENTED_EDGE('',*,*,#879,.F.);
#1190=ORIENTED_EDGE('',*,*,#880,.F.);
#1191=ORIENTED_EDGE('',*,*,#839,.T.);
#1192=ORIENTED_EDGE('',*,*,#843,.F.);
#1193=ORIENTED_EDGE('',*,*,#845,.T.);
#1194=ORIENTED_EDGE('',*,*,#885,.F.);
#1195=ORIENTED_EDGE('',*,*,#882,.T.);
#1196=ORIENTED_EDGE('',*,*,#885,.T.);
#1197=ORIENTED_EDGE('',*,*,#847,.T.);
#1198=ORIENTED_EDGE('',*,*,#876,.F.);
#1199=ORIENTED_EDGE('',*,*,#886,.T.);
#1200=ORIENTED_EDGE('',*,*,#886,.F.);
#1201=ORIENTED_EDGE('',*,*,#887,.F.);
#1202=ORIENTED_EDGE('',*,*,#888,.T.);
#1203=ORIENTED_EDGE('',*,*,#883,.F.);
#1204=ORIENTED_EDGE('',*,*,#874,.F.);
#1205=ORIENTED_EDGE('',*,*,#889,.T.);
#1206=ORIENTED_EDGE('',*,*,#887,.T.);
#1207=ORIENTED_EDGE('',*,*,#875,.F.);
#1208=ORIENTED_EDGE('',*,*,#776,.T.);
#1209=ORIENTED_EDGE('',*,*,#866,.F.);
#1210=ORIENTED_EDGE('',*,*,#864,.F.);
#1211=ORIENTED_EDGE('',*,*,#860,.F.);
#1212=ORIENTED_EDGE('',*,*,#890,.T.);
#1213=ORIENTED_EDGE('',*,*,#869,.F.);
#1214=ORIENTED_EDGE('',*,*,#867,.F.);
#1215=ORIENTED_EDGE('',*,*,#891,.F.);
#1216=ORIENTED_EDGE('',*,*,#892,.F.);
#1217=ORIENTED_EDGE('',*,*,#893,.F.);
#1218=ORIENTED_EDGE('',*,*,#894,.F.);
#1219=ORIENTED_EDGE('',*,*,#895,.F.);
#1220=ORIENTED_EDGE('',*,*,#896,.T.);
#1221=ORIENTED_EDGE('',*,*,#897,.F.);
#1222=ORIENTED_EDGE('',*,*,#896,.F.);
#1223=ORIENTED_EDGE('',*,*,#895,.T.);
#1224=ORIENTED_EDGE('',*,*,#898,.T.);
#1225=ORIENTED_EDGE('',*,*,#899,.T.);
#1226=ORIENTED_EDGE('',*,*,#900,.F.);
#1227=ORIENTED_EDGE('',*,*,#901,.F.);
#1228=ORIENTED_EDGE('',*,*,#902,.F.);
#1229=ORIENTED_EDGE('',*,*,#902,.T.);
#1230=ORIENTED_EDGE('',*,*,#903,.F.);
#1231=ORIENTED_EDGE('',*,*,#904,.T.);
#1232=ORIENTED_EDGE('',*,*,#905,.T.);
#1233=ORIENTED_EDGE('',*,*,#901,.T.);
#1234=ORIENTED_EDGE('',*,*,#906,.T.);
#1235=ORIENTED_EDGE('',*,*,#907,.T.);
#1236=ORIENTED_EDGE('',*,*,#903,.T.);
#1237=ORIENTED_EDGE('',*,*,#907,.F.);
#1238=ORIENTED_EDGE('',*,*,#908,.T.);
#1239=ORIENTED_EDGE('',*,*,#909,.T.);
#1240=ORIENTED_EDGE('',*,*,#904,.F.);
#1241=ORIENTED_EDGE('',*,*,#900,.T.);
#1242=ORIENTED_EDGE('',*,*,#910,.T.);
#1243=ORIENTED_EDGE('',*,*,#908,.F.);
#1244=ORIENTED_EDGE('',*,*,#906,.F.);
#1245=ORIENTED_EDGE('',*,*,#859,.F.);
#1246=ORIENTED_EDGE('',*,*,#800,.F.);
#1247=ORIENTED_EDGE('',*,*,#877,.F.);
#1248=ORIENTED_EDGE('',*,*,#884,.F.);
#1249=ORIENTED_EDGE('',*,*,#888,.F.);
#1250=ORIENTED_EDGE('',*,*,#889,.F.);
#1251=ORIENTED_EDGE('',*,*,#873,.F.);
#1252=ORIENTED_EDGE('',*,*,#852,.F.);
#1253=ORIENTED_EDGE('',*,*,#792,.F.);
#1254=ORIENTED_EDGE('',*,*,#795,.F.);
#1255=ORIENTED_EDGE('',*,*,#870,.F.);
#1256=ORIENTED_EDGE('',*,*,#890,.F.);
#1257=ORIENTED_EDGE('',*,*,#897,.T.);
#1258=ORIENTED_EDGE('',*,*,#905,.F.);
#1259=ORIENTED_EDGE('',*,*,#909,.F.);
#1260=ORIENTED_EDGE('',*,*,#910,.F.);
#1261=ORIENTED_EDGE('',*,*,#899,.F.);
#1262=ORIENTED_EDGE('',*,*,#898,.F.);
#1263=ORIENTED_EDGE('',*,*,#911,.T.);
#1264=ORIENTED_EDGE('',*,*,#827,.T.);
#1265=ORIENTED_EDGE('',*,*,#911,.F.);
#1266=ORIENTED_EDGE('',*,*,#912,.T.);
#1267=ORIENTED_EDGE('',*,*,#913,.T.);
#1268=ORIENTED_EDGE('',*,*,#914,.T.);
#1269=ORIENTED_EDGE('',*,*,#915,.T.);
#1270=ORIENTED_EDGE('',*,*,#892,.T.);
#1271=ORIENTED_EDGE('',*,*,#916,.T.);
#1272=ORIENTED_EDGE('',*,*,#912,.F.);
#1273=ORIENTED_EDGE('',*,*,#917,.F.);
#1274=ORIENTED_EDGE('',*,*,#893,.T.);
#1275=ORIENTED_EDGE('',*,*,#917,.T.);
#1276=ORIENTED_EDGE('',*,*,#915,.F.);
#1277=ORIENTED_EDGE('',*,*,#918,.F.);
#1278=ORIENTED_EDGE('',*,*,#894,.T.);
#1279=ORIENTED_EDGE('',*,*,#918,.T.);
#1280=ORIENTED_EDGE('',*,*,#914,.F.);
#1281=ORIENTED_EDGE('',*,*,#919,.F.);
#1282=ORIENTED_EDGE('',*,*,#891,.T.);
#1283=ORIENTED_EDGE('',*,*,#919,.T.);
#1284=ORIENTED_EDGE('',*,*,#913,.F.);
#1285=ORIENTED_EDGE('',*,*,#916,.F.);
#1286=ORIENTED_EDGE('',*,*,#920,.T.);
#1287=ORIENTED_EDGE('',*,*,#921,.T.);
#1288=ORIENTED_EDGE('',*,*,#922,.T.);
#1289=ORIENTED_EDGE('',*,*,#923,.T.);
#1290=ORIENTED_EDGE('',*,*,#924,.T.);
#1291=ORIENTED_EDGE('',*,*,#925,.T.);
#1292=ORIENTED_EDGE('',*,*,#926,.T.);
#1293=ORIENTED_EDGE('',*,*,#927,.T.);
#1294=ORIENTED_EDGE('',*,*,#928,.T.);
#1295=ORIENTED_EDGE('',*,*,#922,.F.);
#1296=ORIENTED_EDGE('',*,*,#929,.T.);
#1297=ORIENTED_EDGE('',*,*,#930,.T.);
#1298=ORIENTED_EDGE('',*,*,#931,.T.);
#1299=ORIENTED_EDGE('',*,*,#924,.F.);
#1300=ORIENTED_EDGE('',*,*,#920,.F.);
#1301=ORIENTED_EDGE('',*,*,#932,.T.);
#1302=ORIENTED_EDGE('',*,*,#933,.T.);
#1303=ORIENTED_EDGE('',*,*,#934,.T.);
#1304=ORIENTED_EDGE('',*,*,#935,.T.);
#1305=ORIENTED_EDGE('',*,*,#931,.F.);
#1306=ORIENTED_EDGE('',*,*,#936,.F.);
#1307=ORIENTED_EDGE('',*,*,#937,.F.);
#1308=ORIENTED_EDGE('',*,*,#932,.F.);
#1309=ORIENTED_EDGE('',*,*,#925,.F.);
#1310=ORIENTED_EDGE('',*,*,#930,.F.);
#1311=ORIENTED_EDGE('',*,*,#938,.T.);
#1312=ORIENTED_EDGE('',*,*,#939,.F.);
#1313=ORIENTED_EDGE('',*,*,#940,.T.);
#1314=ORIENTED_EDGE('',*,*,#941,.T.);
#1315=ORIENTED_EDGE('',*,*,#936,.T.);
#1316=ORIENTED_EDGE('',*,*,#942,.F.);
#1317=ORIENTED_EDGE('',*,*,#943,.F.);
#1318=ORIENTED_EDGE('',*,*,#944,.F.);
#1319=ORIENTED_EDGE('',*,*,#945,.F.);
#1320=ORIENTED_EDGE('',*,*,#946,.F.);
#1321=ORIENTED_EDGE('',*,*,#947,.F.);
#1322=ORIENTED_EDGE('',*,*,#939,.T.);
#1323=ORIENTED_EDGE('',*,*,#948,.T.);
#1324=ORIENTED_EDGE('',*,*,#944,.T.);
#1325=ORIENTED_EDGE('',*,*,#949,.T.);
#1326=ORIENTED_EDGE('',*,*,#950,.F.);
#1327=ORIENTED_EDGE('',*,*,#951,.F.);
#1328=ORIENTED_EDGE('',*,*,#952,.F.);
#1329=ORIENTED_EDGE('',*,*,#953,.F.);
#1330=ORIENTED_EDGE('',*,*,#954,.F.);
#1331=ORIENTED_EDGE('',*,*,#955,.F.);
#1332=ORIENTED_EDGE('',*,*,#956,.T.);
#1333=ORIENTED_EDGE('',*,*,#957,.T.);
#1334=ORIENTED_EDGE('',*,*,#952,.T.);
#1335=ORIENTED_EDGE('',*,*,#958,.T.);
#1336=ORIENTED_EDGE('',*,*,#959,.T.);
#1337=ORIENTED_EDGE('',*,*,#960,.T.);
#1338=ORIENTED_EDGE('',*,*,#954,.T.);
#1339=ORIENTED_EDGE('',*,*,#961,.T.);
#1340=ORIENTED_EDGE('',*,*,#962,.T.);
#1341=ORIENTED_EDGE('',*,*,#963,.T.);
#1342=ORIENTED_EDGE('',*,*,#959,.F.);
#1343=ORIENTED_EDGE('',*,*,#964,.T.);
#1344=ORIENTED_EDGE('',*,*,#962,.F.);
#1345=ORIENTED_EDGE('',*,*,#965,.T.);
#1346=ORIENTED_EDGE('',*,*,#942,.T.);
#1347=ORIENTED_EDGE('',*,*,#966,.T.);
#1348=ORIENTED_EDGE('',*,*,#950,.T.);
#1349=ORIENTED_EDGE('',*,*,#967,.T.);
#1350=ORIENTED_EDGE('',*,*,#946,.T.);
#1351=ORIENTED_EDGE('',*,*,#968,.T.);
#1352=ORIENTED_EDGE('',*,*,#949,.F.);
#1353=ORIENTED_EDGE('',*,*,#943,.T.);
#1354=ORIENTED_EDGE('',*,*,#965,.F.);
#1355=ORIENTED_EDGE('',*,*,#969,.F.);
#1356=ORIENTED_EDGE('',*,*,#940,.F.);
#1357=ORIENTED_EDGE('',*,*,#964,.F.);
#1358=ORIENTED_EDGE('',*,*,#970,.F.);
#1359=ORIENTED_EDGE('',*,*,#971,.F.);
#1360=ORIENTED_EDGE('',*,*,#969,.T.);
#1361=ORIENTED_EDGE('',*,*,#961,.F.);
#1362=ORIENTED_EDGE('',*,*,#953,.T.);
#1363=ORIENTED_EDGE('',*,*,#957,.F.);
#1364=ORIENTED_EDGE('',*,*,#972,.F.);
#1365=ORIENTED_EDGE('',*,*,#970,.T.);
#1366=ORIENTED_EDGE('',*,*,#927,.F.);
#1367=ORIENTED_EDGE('',*,*,#973,.T.);
#1368=ORIENTED_EDGE('',*,*,#974,.F.);
#1369=ORIENTED_EDGE('',*,*,#972,.T.);
#1370=ORIENTED_EDGE('',*,*,#956,.F.);
#1371=ORIENTED_EDGE('',*,*,#975,.T.);
#1372=ORIENTED_EDGE('',*,*,#960,.F.);
#1373=ORIENTED_EDGE('',*,*,#963,.F.);
#1374=ORIENTED_EDGE('',*,*,#966,.F.);
#1375=ORIENTED_EDGE('',*,*,#947,.T.);
#1376=ORIENTED_EDGE('',*,*,#967,.F.);
#1377=ORIENTED_EDGE('',*,*,#955,.T.);
#1378=ORIENTED_EDGE('',*,*,#976,.T.);
#1379=ORIENTED_EDGE('',*,*,#976,.F.);
#1380=ORIENTED_EDGE('',*,*,#977,.T.);
#1381=ORIENTED_EDGE('',*,*,#978,.F.);
#1382=ORIENTED_EDGE('',*,*,#979,.F.);
#1383=ORIENTED_EDGE('',*,*,#977,.F.);
#1384=ORIENTED_EDGE('',*,*,#980,.F.);
#1385=ORIENTED_EDGE('',*,*,#981,.T.);
#1386=ORIENTED_EDGE('',*,*,#935,.F.);
#1387=ORIENTED_EDGE('',*,*,#981,.F.);
#1388=ORIENTED_EDGE('',*,*,#980,.T.);
#1389=ORIENTED_EDGE('',*,*,#982,.T.);
#1390=ORIENTED_EDGE('',*,*,#974,.T.);
#1391=ORIENTED_EDGE('',*,*,#983,.T.);
#1392=ORIENTED_EDGE('',*,*,#941,.F.);
#1393=ORIENTED_EDGE('',*,*,#971,.T.);
#1394=ORIENTED_EDGE('',*,*,#933,.F.);
#1395=ORIENTED_EDGE('',*,*,#937,.T.);
#1396=ORIENTED_EDGE('',*,*,#983,.F.);
#1397=ORIENTED_EDGE('',*,*,#984,.F.);
#1398=ORIENTED_EDGE('',*,*,#926,.F.);
#1399=ORIENTED_EDGE('',*,*,#921,.F.);
#1400=ORIENTED_EDGE('',*,*,#934,.F.);
#1401=ORIENTED_EDGE('',*,*,#984,.T.);
#1402=ORIENTED_EDGE('',*,*,#973,.F.);
#1403=ORIENTED_EDGE('',*,*,#978,.T.);
#1404=ORIENTED_EDGE('',*,*,#979,.T.);
#1405=ORIENTED_EDGE('',*,*,#985,.T.);
#1406=ORIENTED_EDGE('',*,*,#982,.F.);
#1407=ORIENTED_EDGE('',*,*,#985,.F.);
#1408=ORIENTED_EDGE('',*,*,#928,.F.);
#1409=ORIENTED_EDGE('',*,*,#975,.F.);
#1410=ORIENTED_EDGE('',*,*,#958,.F.);
#1411=ORIENTED_EDGE('',*,*,#951,.T.);
#1412=ORIENTED_EDGE('',*,*,#968,.F.);
#1413=ORIENTED_EDGE('',*,*,#945,.T.);
#1414=ORIENTED_EDGE('',*,*,#948,.F.);
#1415=ORIENTED_EDGE('',*,*,#938,.F.);
#1416=ORIENTED_EDGE('',*,*,#929,.F.);
#1417=ORIENTED_EDGE('',*,*,#923,.F.);
#1418=PLANE('',#1580);
#1419=PLANE('',#1581);
#1420=PLANE('',#1582);
#1421=PLANE('',#1583);
#1422=PLANE('',#1584);
#1423=PLANE('',#1585);
#1424=PLANE('',#1586);
#1425=PLANE('',#1587);
#1426=PLANE('',#1588);
#1427=PLANE('',#1589);
#1428=PLANE('',#1591);
#1429=PLANE('',#1592);
#1430=PLANE('',#1593);
#1431=PLANE('',#1594);
#1432=PLANE('',#1595);
#1433=PLANE('',#1596);
#1434=PLANE('',#1597);
#1435=PLANE('',#1599);
#1436=PLANE('',#1602);
#1437=PLANE('',#1603);
#1438=PLANE('',#1604);
#1439=PLANE('',#1605);
#1440=PLANE('',#1608);
#1441=PLANE('',#1609);
#1442=PLANE('',#1610);
#1443=PLANE('',#1611);
#1444=PLANE('',#1612);
#1445=PLANE('',#1613);
#1446=PLANE('',#1614);
#1447=PLANE('',#1615);
#1448=PLANE('',#1616);
#1449=PLANE('',#1617);
#1450=PLANE('',#1618);
#1451=PLANE('',#1619);
#1452=PLANE('',#1620);
#1453=PLANE('',#1621);
#1454=PLANE('',#1622);
#1455=PLANE('',#1623);
#1456=PLANE('',#1624);
#1457=PLANE('',#1625);
#1458=PLANE('',#1630);
#1459=PLANE('',#1631);
#1460=PLANE('',#1635);
#1461=PLANE('',#1640);
#1462=PLANE('',#1641);
#1463=PLANE('',#1645);
#1464=PLANE('',#1646);
#1465=PLANE('',#1648);
#1466=PLANE('',#1649);
#1467=PLANE('',#1650);
#1468=PLANE('',#1651);
#1469=PLANE('',#1652);
#1470=PLANE('',#1653);
#1471=PLANE('',#1654);
#1472=PLANE('',#1655);
#1473=PLANE('',#1656);
#1474=PLANE('',#1659);
#1475=PLANE('',#1660);
#1476=PLANE('',#1661);
#1477=PLANE('',#1662);
#1478=PLANE('',#1663);
#1479=PLANE('',#1664);
#1480=PLANE('',#1665);
#1481=PLANE('',#1669);
#1482=PLANE('',#1670);
#1483=PLANE('',#1671);
#1484=PLANE('',#1674);
#1485=PLANE('',#1675);
#1486=PLANE('',#1676);
#1487=PLANE('',#1683);
#1488=PLANE('',#1688);
#1489=PLANE('',#1690);
#1490=ADVANCED_FACE('',(#65),#1418,.F.);
#1491=ADVANCED_FACE('',(#66),#1419,.T.);
#1492=ADVANCED_FACE('',(#67),#1420,.T.);
#1493=ADVANCED_FACE('',(#68),#1421,.T.);
#1494=ADVANCED_FACE('',(#69),#1422,.T.);
#1495=ADVANCED_FACE('',(#70),#1423,.T.);
#1496=ADVANCED_FACE('',(#71),#1424,.T.);
#1497=ADVANCED_FACE('',(#72),#1425,.T.);
#1498=ADVANCED_FACE('',(#73),#1426,.T.);
#1499=ADVANCED_FACE('',(#74,#32),#1427,.T.);
#1500=ADVANCED_FACE('',(#75),#1428,.F.);
#1501=ADVANCED_FACE('',(#76),#1429,.F.);
#1502=ADVANCED_FACE('',(#77),#1430,.F.);
#1503=ADVANCED_FACE('',(#78),#1431,.F.);
#1504=ADVANCED_FACE('',(#79),#1432,.F.);
#1505=ADVANCED_FACE('',(#80),#1433,.F.);
#1506=ADVANCED_FACE('',(#81,#33),#1434,.T.);
#1507=ADVANCED_FACE('',(#82),#1435,.T.);
#1508=ADVANCED_FACE('',(#83),#27,.T.);
#1509=ADVANCED_FACE('',(#84),#1436,.T.);
#1510=ADVANCED_FACE('',(#85),#1437,.T.);
#1511=ADVANCED_FACE('',(#86),#1438,.T.);
#1512=ADVANCED_FACE('',(#87),#1439,.T.);
#1513=ADVANCED_FACE('',(#88),#17,.T.);
#1514=ADVANCED_FACE('',(#89),#1440,.T.);
#1515=ADVANCED_FACE('',(#90),#1441,.T.);
#1516=ADVANCED_FACE('',(#91),#1442,.T.);
#1517=ADVANCED_FACE('',(#92),#1443,.T.);
#1518=ADVANCED_FACE('',(#93),#1444,.T.);
#1519=ADVANCED_FACE('',(#94),#1445,.T.);
#1520=ADVANCED_FACE('',(#95),#1446,.T.);
#1521=ADVANCED_FACE('',(#96),#1447,.T.);
#1522=ADVANCED_FACE('',(#97),#1448,.T.);
#1523=ADVANCED_FACE('',(#98),#1449,.T.);
#1524=ADVANCED_FACE('',(#99),#1450,.T.);
#1525=ADVANCED_FACE('',(#100),#1451,.T.);
#1526=ADVANCED_FACE('',(#101),#1452,.T.);
#1527=ADVANCED_FACE('',(#102),#1453,.T.);
#1528=ADVANCED_FACE('',(#103),#1454,.T.);
#1529=ADVANCED_FACE('',(#104),#1455,.T.);
#1530=ADVANCED_FACE('',(#105),#1456,.F.);
#1531=ADVANCED_FACE('',(#106),#1457,.T.);
#1532=ADVANCED_FACE('',(#107),#28,.F.);
#1533=ADVANCED_FACE('',(#108),#18,.F.);
#1534=ADVANCED_FACE('',(#109),#1458,.T.);
#1535=ADVANCED_FACE('',(#110,#34),#1459,.F.);
#1536=ADVANCED_FACE('',(#111),#19,.T.);
#1537=ADVANCED_FACE('',(#112,#35),#1460,.T.);
#1538=ADVANCED_FACE('',(#113),#20,.T.);
#1539=ADVANCED_FACE('',(#114),#1461,.F.);
#1540=ADVANCED_FACE('',(#115),#1462,.T.);
#1541=ADVANCED_FACE('',(#116),#21,.F.);
#1542=ADVANCED_FACE('',(#117),#1463,.F.);
#1543=ADVANCED_FACE('',(#118,#36,#37),#1464,.F.);
#1544=ADVANCED_FACE('',(#119),#22,.F.);
#1545=ADVANCED_FACE('',(#120),#1465,.F.);
#1546=ADVANCED_FACE('',(#121),#1466,.T.);
#1547=ADVANCED_FACE('',(#122),#1467,.T.);
#1548=ADVANCED_FACE('',(#123),#1468,.T.);
#1549=ADVANCED_FACE('',(#124),#1469,.T.);
#1550=ADVANCED_FACE('',(#125),#1470,.T.);
#1551=ADVANCED_FACE('',(#126),#1471,.T.);
#1552=ADVANCED_FACE('',(#127),#1472,.T.);
#1553=ADVANCED_FACE('',(#128,#38),#1473,.F.);
#1554=ADVANCED_FACE('',(#129),#1474,.T.);
#1555=ADVANCED_FACE('',(#130),#1475,.T.);
#1556=ADVANCED_FACE('',(#131),#1476,.T.);
#1557=ADVANCED_FACE('',(#132),#1477,.T.);
#1558=ADVANCED_FACE('',(#133),#1478,.T.);
#1559=ADVANCED_FACE('',(#134),#1479,.T.);
#1560=ADVANCED_FACE('',(#135),#1480,.T.);
#1561=ADVANCED_FACE('',(#136),#29,.T.);
#1562=ADVANCED_FACE('',(#137),#1481,.T.);
#1563=ADVANCED_FACE('',(#138),#1482,.T.);
#1564=ADVANCED_FACE('',(#139),#1483,.T.);
#1565=ADVANCED_FACE('',(#140),#23,.T.);
#1566=ADVANCED_FACE('',(#141),#1484,.T.);
#1567=ADVANCED_FACE('',(#142),#1485,.T.);
#1568=ADVANCED_FACE('',(#143,#39),#1486,.T.);
#1569=ADVANCED_FACE('',(#144),#30,.F.);
#1570=ADVANCED_FACE('',(#145),#24,.T.);
#1571=ADVANCED_FACE('',(#146,#40),#1487,.T.);
#1572=ADVANCED_FACE('',(#147),#31,.T.);
#1573=ADVANCED_FACE('',(#148),#25,.F.);
#1574=ADVANCED_FACE('',(#149),#1488,.T.);
#1575=ADVANCED_FACE('',(#150),#26,.F.);
#1576=ADVANCED_FACE('',(#151),#1489,.T.);
#1577=CLOSED_SHELL('',(#1490,#1491,#1492,#1493,#1494,#1495,#1496,#1497,
#1498,#1499,#1500,#1501,#1502,#1503,#1504,#1505,#1506,#1507,#1508,#1509,
#1510,#1511,#1512,#1513,#1514,#1515,#1516,#1517,#1518,#1519,#1520,#1521,
#1522,#1523,#1524,#1525,#1526,#1527,#1528,#1529,#1530,#1531,#1532,#1533,
#1534,#1535,#1536,#1537,#1538,#1539,#1540,#1541,#1542,#1543,#1544,#1545,
#1546,#1547,#1548,#1549));
#1578=CLOSED_SHELL('',(#1550,#1551,#1552,#1553,#1554,#1555,#1556,#1557,
#1558,#1559,#1560,#1561,#1562,#1563,#1564,#1565,#1566,#1567,#1568,#1569,
#1570,#1571,#1572,#1573,#1574,#1575,#1576));
#1579=AXIS2_PLACEMENT_3D('',#2107,#1691,#1692);
#1580=AXIS2_PLACEMENT_3D('',#2108,#1693,#1694);
#1581=AXIS2_PLACEMENT_3D('',#2123,#1702,#1703);
#1582=AXIS2_PLACEMENT_3D('',#2131,#1708,#1709);
#1583=AXIS2_PLACEMENT_3D('',#2141,#1715,#1716);
#1584=AXIS2_PLACEMENT_3D('',#2151,#1722,#1723);
#1585=AXIS2_PLACEMENT_3D('',#2157,#1727,#1728);
#1586=AXIS2_PLACEMENT_3D('',#2161,#1731,#1732);
#1587=AXIS2_PLACEMENT_3D('',#2168,#1736,#1737);
#1588=AXIS2_PLACEMENT_3D('',#2176,#1742,#1743);
#1589=AXIS2_PLACEMENT_3D('',#2182,#1747,#1748);
#1590=AXIS2_PLACEMENT_3D('',#2186,#1750,#1751);
#1591=AXIS2_PLACEMENT_3D('',#2200,#1759,#1760);
#1592=AXIS2_PLACEMENT_3D('',#2206,#1764,#1765);
#1593=AXIS2_PLACEMENT_3D('',#2210,#1768,#1769);
#1594=AXIS2_PLACEMENT_3D('',#2214,#1772,#1773);
#1595=AXIS2_PLACEMENT_3D('',#2218,#1776,#1777);
#1596=AXIS2_PLACEMENT_3D('',#2222,#1780,#1781);
#1597=AXIS2_PLACEMENT_3D('',#2224,#1783,#1784);
#1598=AXIS2_PLACEMENT_3D('',#2226,#1785,#1786);
#1599=AXIS2_PLACEMENT_3D('',#2227,#1787,#1788);
#1600=AXIS2_PLACEMENT_3D('',#2235,#1793,#1794);
#1601=AXIS2_PLACEMENT_3D('',#2238,#1796,#1797);
#1602=AXIS2_PLACEMENT_3D('',#2239,#1798,#1799);
#1603=AXIS2_PLACEMENT_3D('',#2245,#1803,#1804);
#1604=AXIS2_PLACEMENT_3D('',#2255,#1810,#1811);
#1605=AXIS2_PLACEMENT_3D('',#2259,#1814,#1815);
#1606=AXIS2_PLACEMENT_3D('',#2263,#1818,#1819);
#1607=AXIS2_PLACEMENT_3D('',#2266,#1821,#1822);
#1608=AXIS2_PLACEMENT_3D('',#2267,#1823,#1824);
#1609=AXIS2_PLACEMENT_3D('',#2271,#1827,#1828);
#1610=AXIS2_PLACEMENT_3D('',#2275,#1831,#1832);
#1611=AXIS2_PLACEMENT_3D('',#2281,#1836,#1837);
#1612=AXIS2_PLACEMENT_3D('',#2285,#1840,#1841);
#1613=AXIS2_PLACEMENT_3D('',#2289,#1844,#1845);
#1614=AXIS2_PLACEMENT_3D('',#2295,#1849,#1850);
#1615=AXIS2_PLACEMENT_3D('',#2299,#1853,#1854);
#1616=AXIS2_PLACEMENT_3D('',#2302,#1857,#1858);
#1617=AXIS2_PLACEMENT_3D('',#2304,#1860,#1861);
#1618=AXIS2_PLACEMENT_3D('',#2308,#1864,#1865);
#1619=AXIS2_PLACEMENT_3D('',#2312,#1868,#1869);
#1620=AXIS2_PLACEMENT_3D('',#2314,#1871,#1872);
#1621=AXIS2_PLACEMENT_3D('',#2320,#1876,#1877);
#1622=AXIS2_PLACEMENT_3D('',#2324,#1880,#1881);
#1623=AXIS2_PLACEMENT_3D('',#2330,#1885,#1886);
#1624=AXIS2_PLACEMENT_3D('',#2334,#1889,#1890);
#1625=AXIS2_PLACEMENT_3D('',#2340,#1894,#1895);
#1626=AXIS2_PLACEMENT_3D('',#2342,#1897,#1898);
#1627=AXIS2_PLACEMENT_3D('',#2343,#1899,#1900);
#1628=AXIS2_PLACEMENT_3D('',#2344,#1901,#1902);
#1629=AXIS2_PLACEMENT_3D('',#2347,#1904,#1905);
#1630=AXIS2_PLACEMENT_3D('',#2348,#1906,#1907);
#1631=AXIS2_PLACEMENT_3D('',#2350,#1909,#1910);
#1632=AXIS2_PLACEMENT_3D('',#2360,#1916,#1917);
#1633=AXIS2_PLACEMENT_3D('',#2362,#1918,#1919);
#1634=AXIS2_PLACEMENT_3D('',#2365,#1921,#1922);
#1635=AXIS2_PLACEMENT_3D('',#2366,#1923,#1924);
#1636=AXIS2_PLACEMENT_3D('',#2368,#1925,#1926);
#1637=AXIS2_PLACEMENT_3D('',#2369,#1927,#1928);
#1638=AXIS2_PLACEMENT_3D('',#2372,#1929,#1930);
#1639=AXIS2_PLACEMENT_3D('',#2376,#1932,#1933);
#1640=AXIS2_PLACEMENT_3D('',#2378,#1935,#1936);
#1641=AXIS2_PLACEMENT_3D('',#2384,#1940,#1941);
#1642=AXIS2_PLACEMENT_3D('',#2387,#1943,#1944);
#1643=AXIS2_PLACEMENT_3D('',#2388,#1945,#1946);
#1644=AXIS2_PLACEMENT_3D('',#2391,#1948,#1949);
#1645=AXIS2_PLACEMENT_3D('',#2392,#1950,#1951);
#1646=AXIS2_PLACEMENT_3D('',#2394,#1953,#1954);
#1647=AXIS2_PLACEMENT_3D('',#2395,#1955,#1956);
#1648=AXIS2_PLACEMENT_3D('',#2397,#1958,#1959);
#1649=AXIS2_PLACEMENT_3D('',#2406,#1964,#1965);
#1650=AXIS2_PLACEMENT_3D('',#2409,#1968,#1969);
#1651=AXIS2_PLACEMENT_3D('',#2411,#1971,#1972);
#1652=AXIS2_PLACEMENT_3D('',#2413,#1974,#1975);
#1653=AXIS2_PLACEMENT_3D('',#2414,#1976,#1977);
#1654=AXIS2_PLACEMENT_3D('',#2427,#1984,#1985);
#1655=AXIS2_PLACEMENT_3D('',#2433,#1989,#1990);
#1656=AXIS2_PLACEMENT_3D('',#2439,#1994,#1995);
#1657=AXIS2_PLACEMENT_3D('',#2443,#1997,#1998);
#1658=AXIS2_PLACEMENT_3D('',#2446,#2000,#2001);
#1659=AXIS2_PLACEMENT_3D('',#2447,#2002,#2003);
#1660=AXIS2_PLACEMENT_3D('',#2451,#2006,#2007);
#1661=AXIS2_PLACEMENT_3D('',#2459,#2012,#2013);
#1662=AXIS2_PLACEMENT_3D('',#2472,#2020,#2021);
#1663=AXIS2_PLACEMENT_3D('',#2475,#2024,#2025);
#1664=AXIS2_PLACEMENT_3D('',#2488,#2032,#2033);
#1665=AXIS2_PLACEMENT_3D('',#2494,#2037,#2038);
#1666=AXIS2_PLACEMENT_3D('',#2500,#2042,#2043);
#1667=AXIS2_PLACEMENT_3D('',#2504,#2045,#2046);
#1668=AXIS2_PLACEMENT_3D('',#2505,#2047,#2048);
#1669=AXIS2_PLACEMENT_3D('',#2506,#2049,#2050);
#1670=AXIS2_PLACEMENT_3D('',#2509,#2053,#2054);
#1671=AXIS2_PLACEMENT_3D('',#2512,#2057,#2058);
#1672=AXIS2_PLACEMENT_3D('',#2514,#2060,#2061);
#1673=AXIS2_PLACEMENT_3D('',#2517,#2063,#2064);
#1674=AXIS2_PLACEMENT_3D('',#2518,#2065,#2066);
#1675=AXIS2_PLACEMENT_3D('',#2520,#2068,#2069);
#1676=AXIS2_PLACEMENT_3D('',#2525,#2073,#2074);
#1677=AXIS2_PLACEMENT_3D('',#2527,#2075,#2076);
#1678=AXIS2_PLACEMENT_3D('',#2528,#2077,#2078);
#1679=AXIS2_PLACEMENT_3D('',#2532,#2080,#2081);
#1680=AXIS2_PLACEMENT_3D('',#2533,#2082,#2083);
#1681=AXIS2_PLACEMENT_3D('',#2534,#2084,#2085);
#1682=AXIS2_PLACEMENT_3D('',#2536,#2086,#2087);
#1683=AXIS2_PLACEMENT_3D('',#2538,#2089,#2090);
#1684=AXIS2_PLACEMENT_3D('',#2540,#2091,#2092);
#1685=AXIS2_PLACEMENT_3D('',#2541,#2093,#2094);
#1686=AXIS2_PLACEMENT_3D('',#2542,#2095,#2096);
#1687=AXIS2_PLACEMENT_3D('',#2543,#2097,#2098);
#1688=AXIS2_PLACEMENT_3D('',#2545,#2100,#2101);
#1689=AXIS2_PLACEMENT_3D('',#2546,#2102,#2103);
#1690=AXIS2_PLACEMENT_3D('',#2548,#2105,#2106);
#1691=DIRECTION('axis',(0.,0.,1.));
#1692=DIRECTION('refdir',(1.,0.,0.));
#1693=DIRECTION('center_axis',(0.707106781186547,0.707106781186548,0.));
#1694=DIRECTION('ref_axis',(0.,0.,-1.));
#1695=DIRECTION('',(-0.577350269189626,0.577350269189626,-0.577350269189626));
#1696=DIRECTION('',(0.,0.,-1.));
#1697=DIRECTION('',(0.707106781186548,-0.707106781186547,0.));
#1698=DIRECTION('',(0.577350269189626,-0.577350269189626,0.577350269189625));
#1699=DIRECTION('',(0.,0.,1.));
#1700=DIRECTION('',(-0.577350269189626,0.577350269189625,0.577350269189626));
#1701=DIRECTION('',(-0.707106781186548,0.707106781186547,0.));
#1702=DIRECTION('center_axis',(-0.707106781186547,-2.18068397039413E-16,
0.707106781186548));
#1703=DIRECTION('ref_axis',(0.707106781186548,0.,0.707106781186547));
#1704=DIRECTION('',(-3.08395284618099E-16,1.,0.));
#1705=DIRECTION('',(-0.707106781186548,-4.13182225969415E-17,-0.707106781186547));
#1706=DIRECTION('',(-0.577350269189626,-0.577350269189626,-0.577350269189626));
#1707=DIRECTION('',(3.08395284618099E-16,-1.,0.));
#1708=DIRECTION('center_axis',(0.,0.,1.));
#1709=DIRECTION('ref_axis',(1.,0.,0.));
#1710=DIRECTION('',(1.,0.,0.));
#1711=DIRECTION('',(-0.707106781186548,0.707106781186547,0.));
#1712=DIRECTION('',(0.,-1.,0.));
#1713=DIRECTION('',(0.654653670707963,0.755928946018467,0.));
#1714=DIRECTION('',(1.,5.84327907697451E-17,0.));
#1715=DIRECTION('center_axis',(0.,-1.,0.));
#1716=DIRECTION('ref_axis',(1.,0.,0.));
#1717=DIRECTION('',(-1.,0.,0.));
#1718=DIRECTION('',(0.,0.,-1.));
#1719=DIRECTION('',(-0.81347039605155,0.,-0.581606322823036));
#1720=DIRECTION('',(-1.,0.,0.));
#1721=DIRECTION('',(0.,0.,1.));
#1722=DIRECTION('center_axis',(0.52839174671171,-0.417875872174474,-0.739041214995058));
#1723=DIRECTION('ref_axis',(-0.81347039605155,0.,-0.581606322823036));
#1724=DIRECTION('',(0.703186532141156,0.703186532141156,0.105154182183067));
#1725=DIRECTION('',(2.68453053156882E-16,-0.870483650517941,0.492197332561808));
#1726=DIRECTION('',(-0.703186532141156,-0.703186532141156,-0.105154182183067));
#1727=DIRECTION('center_axis',(0.707106781186548,-0.707106781186547,0.));
#1728=DIRECTION('ref_axis',(0.,0.,-1.));
#1729=DIRECTION('',(-0.707106781186547,-0.707106781186548,0.));
#1730=DIRECTION('',(0.,0.,1.));
#1731=DIRECTION('center_axis',(0.475742433489219,0.575246431079514,-0.665402645402044));
#1732=DIRECTION('ref_axis',(-0.813470396051551,0.,-0.581606322823036));
#1733=DIRECTION('',(0.813470396051551,4.75333454498619E-17,0.581606322823036));
#1734=DIRECTION('',(-0.656103609945649,-0.271767013561439,-0.704038879150991));
#1735=DIRECTION('',(-0.703186532141156,0.703186532141156,0.105154182183067));
#1736=DIRECTION('center_axis',(0.707106781186547,0.707106781186548,0.));
#1737=DIRECTION('ref_axis',(0.,0.,-1.));
#1738=DIRECTION('',(0.603866544372001,-0.603866544372001,0.520279149280881));
#1739=DIRECTION('',(0.,0.,-1.));
#1740=DIRECTION('',(0.707106781186548,-0.707106781186547,0.));
#1741=DIRECTION('',(0.,0.,1.));
#1742=DIRECTION('center_axis',(-0.707106781186547,0.,0.707106781186548));
#1743=DIRECTION('ref_axis',(0.707106781186548,0.,0.707106781186547));
#1744=DIRECTION('',(0.577350269189626,-0.577350269189626,0.577350269189626));
#1745=DIRECTION('',(0.,1.,0.));
#1746=DIRECTION('',(-0.654653670707984,-0.377964473009204,-0.654653670707984));
#1747=DIRECTION('center_axis',(-1.,0.,0.));
#1748=DIRECTION('ref_axis',(0.,-1.,0.));
#1749=DIRECTION('',(0.,0.,-1.));
#1750=DIRECTION('center_axis',(1.,0.,0.));
#1751=DIRECTION('ref_axis',(0.,-1.,0.));
#1752=DIRECTION('',(0.,-0.500000000000055,0.866025403784407));
#1753=DIRECTION('',(0.,-0.866025403784439,-0.5));
#1754=DIRECTION('',(0.,-3.84592537276713E-16,-1.));
#1755=DIRECTION('',(0.,0.866025403784439,-0.5));
#1756=DIRECTION('',(0.,0.866025403784439,0.5));
#1757=DIRECTION('',(0.,0.,1.));
#1758=DIRECTION('',(0.,-0.866025403784439,0.5));
#1759=DIRECTION('center_axis',(0.,-0.5,0.866025403784439));
#1760=DIRECTION('ref_axis',(0.,-0.866025403784439,-0.5));
#1761=DIRECTION('',(1.,0.,0.));
#1762=DIRECTION('',(0.,-0.866025403784439,-0.5));
#1763=DIRECTION('',(1.,0.,0.));
#1764=DIRECTION('center_axis',(0.,0.5,0.866025403784439));
#1765=DIRECTION('ref_axis',(0.,-0.866025403784439,0.5));
#1766=DIRECTION('',(1.,0.,0.));
#1767=DIRECTION('',(0.,-0.866025403784439,0.5));
#1768=DIRECTION('center_axis',(0.,1.,0.));
#1769=DIRECTION('ref_axis',(0.,0.,1.));
#1770=DIRECTION('',(1.,0.,0.));
#1771=DIRECTION('',(0.,0.,1.));
#1772=DIRECTION('center_axis',(0.,0.5,-0.866025403784439));
#1773=DIRECTION('ref_axis',(0.,0.866025403784439,0.5));
#1774=DIRECTION('',(1.,0.,0.));
#1775=DIRECTION('',(0.,0.866025403784439,0.5));
#1776=DIRECTION('center_axis',(0.,-0.5,-0.866025403784439));
#1777=DIRECTION('ref_axis',(0.,0.866025403784439,-0.5));
#1778=DIRECTION('',(1.,0.,0.));
#1779=DIRECTION('',(0.,0.866025403784439,-0.5));
#1780=DIRECTION('center_axis',(0.,-1.,3.84592537276713E-16));
#1781=DIRECTION('ref_axis',(0.,-3.84592537276713E-16,-1.));
#1782=DIRECTION('',(0.,-3.84592537276713E-16,-1.));
#1783=DIRECTION('center_axis',(-1.,0.,0.));
#1784=DIRECTION('ref_axis',(0.,-1.,0.));
#1785=DIRECTION('center_axis',(-1.,0.,0.));
#1786=DIRECTION('ref_axis',(3.08215985034019E-16,-1.,0.));
#1787=DIRECTION('center_axis',(-0.707106781186547,-0.707106781186548,0.));
#1788=DIRECTION('ref_axis',(0.,0.,1.));
#1789=DIRECTION('',(0.603866544372001,-0.603866544372001,0.520279149280879));
#1790=DIRECTION('',(0.,0.,1.));
#1791=DIRECTION('',(-0.707106781186548,0.707106781186547,0.));
#1792=DIRECTION('',(0.703186532141156,-0.703186532141156,-0.105154182183067));
#1793=DIRECTION('center_axis',(1.,0.,0.));
#1794=DIRECTION('ref_axis',(1.72275986579766E-16,-1.,0.));
#1795=DIRECTION('',(-0.707106781186547,-0.612372435695794,-0.353553390593274));
#1796=DIRECTION('center_axis',(-1.,0.,0.));
#1797=DIRECTION('ref_axis',(2.77555756156289E-16,-1.,0.));
#1798=DIRECTION('center_axis',(-0.707106781186548,0.612372435695772,0.353553390593312));
#1799=DIRECTION('ref_axis',(0.447213595499997,0.,0.894427190999896));
#1800=DIRECTION('',(-0.681189005097156,-0.724056658012981,-0.108275090957339));
#1801=DIRECTION('',(0.,0.500000000000055,-0.866025403784407));
#1802=DIRECTION('',(-0.637100605899393,-0.334831942018803,-0.694255276225211));
#1803=DIRECTION('center_axis',(-4.10491227047941E-17,0.147895050973757,
-0.98900306061077));
#1804=DIRECTION('ref_axis',(3.05003880365229E-16,-0.98900306061077,-0.147895050973757));
#1805=DIRECTION('',(1.,5.84327907697451E-17,8.73801195730721E-18));
#1806=DIRECTION('',(-1.,-2.77555756156289E-16,-5.95032308610617E-33));
#1807=DIRECTION('',(0.681189005097164,0.724056658012974,0.108275090957338));
#1808=DIRECTION('',(1.,3.0417002619261E-16,3.97988538197265E-18));
#1809=DIRECTION('',(-3.05003880365229E-16,0.98900306061077,0.147895050973757));
#1810=DIRECTION('center_axis',(-2.49999201373399E-16,0.900717048118527,
-0.434406260577178));
#1811=DIRECTION('ref_axis',(0.,0.434406260577178,0.900717048118527));
#1812=DIRECTION('',(1.,2.77555756156289E-16,-2.96196450711453E-32));
#1813=DIRECTION('',(-0.637100605899376,-0.334831942018809,-0.694255276225223));
#1814=DIRECTION('center_axis',(-2.40370335797937E-16,0.866025403784407,
0.500000000000055));
#1815=DIRECTION('ref_axis',(-1.54197642309066E-16,0.500000000000055,-0.866025403784407));
#1816=DIRECTION('',(-1.,-2.77555756156289E-16,0.));
#1817=DIRECTION('',(1.54197642309066E-16,-0.500000000000055,0.866025403784407));
#1818=DIRECTION('center_axis',(-1.,-2.77555756156289E-16,0.));
#1819=DIRECTION('ref_axis',(2.77555756156289E-16,-1.,0.));
#1820=DIRECTION('',(-1.,-2.77555756156289E-16,0.));
#1821=DIRECTION('center_axis',(1.,3.08395284618099E-16,0.));
#1822=DIRECTION('ref_axis',(3.08395284618099E-16,-1.,0.));
#1823=DIRECTION('center_axis',(2.77555756156289E-16,-1.,0.));
#1824=DIRECTION('ref_axis',(0.,0.,1.));
#1825=DIRECTION('',(-1.,-2.77555756156289E-16,0.));
#1826=DIRECTION('',(0.,0.,-1.));
#1827=DIRECTION('center_axis',(1.81168122863279E-16,-0.652726952494779,
-0.757593245407375));
#1828=DIRECTION('ref_axis',(-1.,0.,-2.39136401969715E-16));
#1829=DIRECTION('',(1.,2.77555756156289E-16,0.));
#1830=DIRECTION('',(0.603866544372002,-0.603866544372001,0.520279149280879));
#1831=DIRECTION('center_axis',(-4.10491227047941E-17,0.147895050973757,
-0.98900306061077));
#1832=DIRECTION('ref_axis',(3.05003880365229E-16,-0.98900306061077,-0.147895050973757));
#1833=DIRECTION('',(3.05003880365229E-16,-0.98900306061077,-0.147895050973757));
#1834=DIRECTION('',(-1.,-2.77555756156289E-16,0.));
#1835=DIRECTION('',(-0.703186532141157,0.703186532141155,0.105154182183067));
#1836=DIRECTION('center_axis',(-1.,-3.08395284618099E-16,0.));
#1837=DIRECTION('ref_axis',(3.08395284618099E-16,-1.,0.));
#1838=DIRECTION('',(0.,0.,1.));
#1839=DIRECTION('',(-3.08395284618099E-16,1.,0.));
#1840=DIRECTION('center_axis',(-0.707106781186548,0.707106781186548,0.));
#1841=DIRECTION('ref_axis',(0.,0.,1.));
#1842=DIRECTION('',(0.,0.,-1.));
#1843=DIRECTION('',(-0.707106781186547,-0.707106781186547,0.));
#1844=DIRECTION('center_axis',(0.5,0.5,-0.707106781186548));
#1845=DIRECTION('ref_axis',(-0.816496580927726,0.,-0.577350269189625));
#1846=DIRECTION('',(2.51803695464911E-16,-0.816496580927726,-0.577350269189625));
#1847=DIRECTION('',(-0.707106781186548,0.707106781186547,0.));
#1848=DIRECTION('',(0.281084637714821,0.678598344545847,0.678598344545847));
#1849=DIRECTION('center_axis',(-0.577350269189626,0.577350269189625,-0.577350269189627));
#1850=DIRECTION('ref_axis',(-0.707106781186548,0.,0.707106781186547));
#1851=DIRECTION('',(-1.57009245868377E-15,0.707106781186548,0.707106781186547));
#1852=DIRECTION('',(0.707106781186547,-7.85046229341888E-16,-0.707106781186548));
#1853=DIRECTION('center_axis',(-4.13182225969414E-17,0.707106781186547,
-0.707106781186548));
#1854=DIRECTION('ref_axis',(-1.,0.,5.8432790769745E-17));
#1855=DIRECTION('',(-1.,-5.84327907697451E-17,0.));
#1856=DIRECTION('',(1.,5.84327907697451E-17,0.));
#1857=DIRECTION('center_axis',(-0.707106781186548,-2.18068397039413E-16,
-0.707106781186547));
#1858=DIRECTION('ref_axis',(-0.707106781186547,0.,0.707106781186548));
#1859=DIRECTION('',(3.08395284618099E-16,-1.,0.));
#1860=DIRECTION('center_axis',(0.,-0.707106781186548,-0.707106781186547));
#1861=DIRECTION('ref_axis',(-1.,0.,0.));
#1862=DIRECTION('',(1.,0.,0.));
#1863=DIRECTION('',(0.281084637714819,-0.678598344545848,0.678598344545847));
#1864=DIRECTION('center_axis',(0.5,-0.5,-0.707106781186547));
#1865=DIRECTION('ref_axis',(-0.816496580927726,0.,-0.577350269189626));
#1866=DIRECTION('',(0.707106781186547,0.707106781186548,0.));
#1867=DIRECTION('',(2.51803695464911E-16,-0.816496580927726,0.577350269189626));
#1868=DIRECTION('center_axis',(-5.84327907697451E-17,1.,0.));
#1869=DIRECTION('ref_axis',(-1.,-5.84327907697451E-17,0.));
#1870=DIRECTION('',(0.703186532141155,4.10891515047067E-17,0.711005415601946));
#1871=DIRECTION('center_axis',(-2.10274366087941E-16,0.757593245407376,
-0.652726952494777));
#1872=DIRECTION('ref_axis',(-1.,0.,3.22147515564135E-16));
#1873=DIRECTION('',(0.546592656635338,-0.546592656635336,-0.634407546790428));
#1874=DIRECTION('',(2.01297914292531E-16,-0.652726952494777,-0.757593245407376));
#1875=DIRECTION('',(1.,2.77555756156289E-16,0.));
#1876=DIRECTION('center_axis',(0.707106781186547,0.707106781186548,0.));
#1877=DIRECTION('ref_axis',(0.,0.,-1.));
#1878=DIRECTION('',(0.,0.,1.));
#1879=DIRECTION('',(0.707106781186548,-0.707106781186547,0.));
#1880=DIRECTION('center_axis',(0.707106781186549,0.104577593447474,-0.699330770772124));
#1881=DIRECTION('ref_axis',(-0.703186532141155,0.,-0.711005415601946));
#1882=DIRECTION('',(3.05003880365229E-16,-0.98900306061077,-0.147895050973757));
#1883=DIRECTION('',(0.490486773364898,-0.7849286429882,0.37856274324185));
#1884=DIRECTION('',(0.681189005097164,-0.36605380046338,0.634023780706254));
#1885=DIRECTION('center_axis',(1.35718114271103E-16,-0.434406260577207,
-0.900717048118513));
#1886=DIRECTION('ref_axis',(-1.,0.,-1.50677856663868E-16));
#1887=DIRECTION('',(-0.4904867733649,-0.784928642988199,0.378562743241849));
#1888=DIRECTION('',(-1.,-3.0417002619261E-16,-3.9798853819727E-18));
#1889=DIRECTION('center_axis',(-2.65408912443565E-16,0.866025403784439,
0.5));
#1890=DIRECTION('ref_axis',(-1.5419764230905E-16,0.5,-0.866025403784439));
#1891=DIRECTION('',(-1.5419764230905E-16,0.5,-0.866025403784439));
#1892=DIRECTION('',(-1.,-3.06467814089236E-16,0.));
#1893=DIRECTION('',(-1.5419764230905E-16,0.5,-0.866025403784439));
#1894=DIRECTION('center_axis',(0.707106781186549,-0.612372435695793,-0.353553390593273));
#1895=DIRECTION('ref_axis',(-0.447213595499957,0.,-0.894427190999916));
#1896=DIRECTION('',(0.707106781186546,0.612372435695797,0.353553390593273));
#1897=DIRECTION('center_axis',(1.,2.22044604925031E-16,0.));
#1898=DIRECTION('ref_axis',(3.07503469895789E-16,-1.,0.));
#1899=DIRECTION('center_axis',(-1.,-3.08395284618099E-16,0.));
#1900=DIRECTION('ref_axis',(3.06467814089236E-16,-1.,0.));
#1901=DIRECTION('center_axis',(-1.,-3.06467814089236E-16,0.));
#1902=DIRECTION('ref_axis',(3.06467814089236E-16,-1.,0.));
#1903=DIRECTION('',(1.,5.55111512312578E-16,0.));
#1904=DIRECTION('center_axis',(-1.,-3.08395284618099E-16,0.));
#1905=DIRECTION('ref_axis',(3.08395284618099E-16,-1.,0.));
#1906=DIRECTION('center_axis',(-2.77555756156289E-16,1.,0.));
#1907=DIRECTION('ref_axis',(0.,0.,-1.));
#1908=DIRECTION('',(0.,0.,1.));
#1909=DIRECTION('center_axis',(0.,0.,1.));
#1910=DIRECTION('ref_axis',(1.,0.,0.));
#1911=DIRECTION('',(3.08395284618099E-16,-1.,0.));
#1912=DIRECTION('',(2.49488320140485E-16,1.,0.));
#1913=DIRECTION('',(-1.,-1.08845394571094E-16,0.));
#1914=DIRECTION('',(3.74232480210727E-16,-1.,0.));
#1915=DIRECTION('',(1.,0.,0.));
#1916=DIRECTION('center_axis',(1.,2.77555756156289E-16,0.));
#1917=DIRECTION('ref_axis',(2.77555756156289E-16,-1.,0.));
#1918=DIRECTION('center_axis',(1.,3.08395284618099E-16,0.));
#1919=DIRECTION('ref_axis',(3.10147530553429E-16,-1.,0.));
#1920=DIRECTION('',(-1.,-2.77555756156289E-16,0.));
#1921=DIRECTION('center_axis',(-1.,-3.08395284618099E-16,0.));
#1922=DIRECTION('ref_axis',(2.77555756156289E-16,-1.,0.));
#1923=DIRECTION('center_axis',(1.,3.08395284618099E-16,0.));
#1924=DIRECTION('ref_axis',(0.,0.,-1.));
#1925=DIRECTION('center_axis',(-1.,-3.08395284618099E-16,0.));
#1926=DIRECTION('ref_axis',(3.10147530553429E-16,-1.,0.));
#1927=DIRECTION('center_axis',(-1.,-3.36431219583381E-16,0.));
#1928=DIRECTION('ref_axis',(3.36431219583381E-16,-1.,0.));
#1929=DIRECTION('center_axis',(1.,3.08395284618099E-16,0.));
#1930=DIRECTION('ref_axis',(3.36431219583381E-16,-1.,0.));
#1931=DIRECTION('',(-1.,-3.36431219583381E-16,0.));
#1932=DIRECTION('center_axis',(-1.,0.,0.));
#1933=DIRECTION('ref_axis',(3.36431219583381E-16,-1.,0.));
#1934=DIRECTION('',(1.,3.36431219583381E-16,0.));
#1935=DIRECTION('center_axis',(-3.06467814089236E-16,1.,0.));
#1936=DIRECTION('ref_axis',(0.,0.,-1.));
#1937=DIRECTION('',(0.,0.,1.));
#1938=DIRECTION('',(-1.,-3.06467814089236E-16,0.));
#1939=DIRECTION('',(0.,0.,-1.));
#1940=DIRECTION('center_axis',(1.,0.,0.));
#1941=DIRECTION('ref_axis',(0.,1.,0.));
#1942=DIRECTION('',(0.,0.,-1.));
#1943=DIRECTION('center_axis',(1.,0.,0.));
#1944=DIRECTION('ref_axis',(3.06467814089236E-16,-1.,0.));
#1945=DIRECTION('center_axis',(-1.,-3.06467814089236E-16,0.));
#1946=DIRECTION('ref_axis',(3.06467814089236E-16,-1.,0.));
#1947=DIRECTION('',(-1.,-3.06467814089236E-16,0.));
#1948=DIRECTION('center_axis',(-1.,-3.08395284618099E-16,0.));
#1949=DIRECTION('ref_axis',(3.08395284618099E-16,-1.,0.));
#1950=DIRECTION('center_axis',(3.06467814089236E-16,-1.,0.));
#1951=DIRECTION('ref_axis',(0.,0.,1.));
#1952=DIRECTION('',(0.,0.,1.));
#1953=DIRECTION('center_axis',(-1.,-3.08395284618099E-16,0.));
#1954=DIRECTION('ref_axis',(3.08395284618099E-16,-1.,0.));
#1955=DIRECTION('center_axis',(-1.,-3.08215985034019E-16,0.));
#1956=DIRECTION('ref_axis',(3.08215985034019E-16,-1.,0.));
#1957=DIRECTION('',(-1.,-3.08215985034019E-16,0.));
#1958=DIRECTION('center_axis',(0.,0.,1.));
#1959=DIRECTION('ref_axis',(1.,0.,0.));
#1960=DIRECTION('',(-1.,-1.08845394571094E-16,0.));
#1961=DIRECTION('',(2.49488320140485E-16,1.,0.));
#1962=DIRECTION('',(1.,0.,0.));
#1963=DIRECTION('',(3.74232480210727E-16,-1.,0.));
#1964=DIRECTION('center_axis',(-1.08845394571094E-16,1.,0.));
#1965=DIRECTION('ref_axis',(-1.,-1.08845394571094E-16,0.));
#1966=DIRECTION('',(0.,0.,1.));
#1967=DIRECTION('',(0.,0.,1.));
#1968=DIRECTION('center_axis',(-1.,-3.74232480210727E-16,0.));
#1969=DIRECTION('ref_axis',(3.74232480210727E-16,-1.,0.));
#1970=DIRECTION('',(0.,0.,1.));
#1971=DIRECTION('center_axis',(0.,-1.,0.));
#1972=DIRECTION('ref_axis',(1.,0.,0.));
#1973=DIRECTION('',(0.,0.,1.));
#1974=DIRECTION('center_axis',(1.,-2.49488320140485E-16,0.));
#1975=DIRECTION('ref_axis',(2.49488320140485E-16,1.,0.));
#1976=DIRECTION('center_axis',(-0.707106781186547,0.104577593447474,-0.699330770772126));
#1977=DIRECTION('ref_axis',(-0.703186532141157,0.,0.711005415601945));
#1978=DIRECTION('',(-3.05003880365229E-16,0.98900306061077,0.147895050973757));
#1979=DIRECTION('',(0.681189005097165,0.36605380046338,-0.634023780706253));
#1980=DIRECTION('',(0.490486773364904,0.784928642988193,-0.378562743241857));
#1981=DIRECTION('',(3.05003880365229E-16,-0.98900306061077,-0.147895050973757));
#1982=DIRECTION('',(-0.546592656635337,0.546592656635336,0.634407546790428));
#1983=DIRECTION('',(-0.703186532141157,0.,0.711005415601945));
#1984=DIRECTION('center_axis',(-2.79350333855385E-17,-0.434406260577217,
-0.900717048118508));
#1985=DIRECTION('ref_axis',(-1.,0.,3.10142163334106E-17));
#1986=DIRECTION('',(-1.,-2.48161092835584E-17,4.29827621253049E-17));
#1987=DIRECTION('',(0.490486773364862,0.784928642988214,-0.378562743241867));
#1988=DIRECTION('',(1.,2.48161092835584E-17,-4.29827621253049E-17));
#1989=DIRECTION('center_axis',(-3.04782700498215E-17,0.757593245407376,
-0.652726952494777));
#1990=DIRECTION('ref_axis',(-1.,0.,4.66937513968605E-17));
#1991=DIRECTION('',(-1.,0.,4.66937513968605E-17));
#1992=DIRECTION('',(-0.546592656635337,0.546592656635336,0.634407546790428));
#1993=DIRECTION('',(1.,0.,-4.66937513968605E-17));
#1994=DIRECTION('center_axis',(1.,3.08395284618099E-16,0.));
#1995=DIRECTION('ref_axis',(0.,0.,-1.));
#1996=DIRECTION('',(0.,0.,1.));
#1997=DIRECTION('center_axis',(-1.,-3.08395284618099E-16,0.));
#1998=DIRECTION('ref_axis',(0.,-1.,0.));
#1999=DIRECTION('',(-1.5419764230905E-16,0.5,-0.866025403784439));
#2000=DIRECTION('center_axis',(1.,3.08395284618099E-16,0.));
#2001=DIRECTION('ref_axis',(2.7755575615629E-16,-1.,0.));
#2002=DIRECTION('center_axis',(0.,1.,0.));
#2003=DIRECTION('ref_axis',(0.,0.,-1.));
#2004=DIRECTION('',(0.,0.,-1.));
#2005=DIRECTION('',(-1.,0.,0.));
#2006=DIRECTION('center_axis',(-0.707106781186547,-0.707106781186548,0.));
#2007=DIRECTION('ref_axis',(0.,0.,1.));
#2008=DIRECTION('',(0.703186532141157,-0.703186532141155,-0.105154182183067));
#2009=DIRECTION('',(-0.603866544372003,0.603866544372001,-0.520279149280878));
#2010=DIRECTION('',(0.,0.,1.));
#2011=DIRECTION('',(-0.707106781186547,0.707106781186547,0.));
#2012=DIRECTION('center_axis',(0.612295476504352,-0.516064871680952,-0.598975206222454));
#2013=DIRECTION('ref_axis',(-0.699288488636321,0.,-0.7148395691767));
#2014=DIRECTION('',(-0.702587651711194,-0.702587651711194,-0.11287685026567));
#2015=DIRECTION('',(0.699288488636321,2.18352988389198E-16,0.7148395691767));
#2016=DIRECTION('',(0.,0.757593245407376,-0.652726952494777));
#2017=DIRECTION('',(-0.69928848863632,-0.706978521761442,-0.105721234521447));
#2018=DIRECTION('',(0.702587651711195,0.00772631382148979,0.711555265413503));
#2019=DIRECTION('',(-2.33638184542157E-16,0.757593245407376,-0.652726952494777));
#2020=DIRECTION('center_axis',(2.03814138221188E-16,-0.652726952494777,
-0.757593245407376));
#2021=DIRECTION('ref_axis',(-1.,0.,-2.69028452215928E-16));
#2022=DIRECTION('',(1.,3.12250225675825E-16,0.));
#2023=DIRECTION('',(-1.,-3.12250225675825E-16,0.));
#2024=DIRECTION('center_axis',(0.688801367220463,0.652974932136474,-0.314922870742327));
#2025=DIRECTION('ref_axis',(-0.415805896829683,0.,-0.909453383171267));
#2026=DIRECTION('',(-0.67122431368234,0.410321008185415,-0.617328592374738));
#2027=DIRECTION('',(0.656341464763412,-0.746167175191038,-0.111581487262206));
#2028=DIRECTION('',(0.,0.434406260577176,0.900717048118528));
#2029=DIRECTION('',(-0.65634146476341,0.377231984868842,-0.653384964032793));
#2030=DIRECTION('',(0.671224313682342,-0.738551751932402,-0.0632394689987904));
#2031=DIRECTION('',(-1.33968842370582E-16,0.434406260577177,0.900717048118528));
#2032=DIRECTION('center_axis',(-2.81249101545074E-16,0.900717048118528,
-0.434406260577176));
#2033=DIRECTION('ref_axis',(0.,0.434406260577176,0.900717048118528));
#2034=DIRECTION('',(0.637100605899395,0.334831942018801,0.69425527622521));
#2035=DIRECTION('',(1.,3.12250225675825E-16,4.96774178298603E-33));
#2036=DIRECTION('',(-1.,-3.12250225675825E-16,-1.44878864360731E-34));
#2037=DIRECTION('center_axis',(0.707106781186545,0.612372435695774,0.353553390593314));
#2038=DIRECTION('ref_axis',(0.447213595499999,0.,-0.894427190999895));
#2039=DIRECTION('',(0.707106781186549,-0.612372435695771,-0.353553390593311));
#2040=DIRECTION('',(-1.54197642309066E-16,0.500000000000055,-0.866025403784407));
#2041=DIRECTION('',(1.54197642309066E-16,-0.500000000000055,0.866025403784407));
#2042=DIRECTION('center_axis',(-1.,-5.55111512312575E-16,0.));
#2043=DIRECTION('ref_axis',(3.10377825733501E-16,-1.,0.));
#2044=DIRECTION('',(0.707106781186548,0.707106781186548,0.));
#2045=DIRECTION('center_axis',(-1.,-3.08395284618099E-16,0.));
#2046=DIRECTION('ref_axis',(3.08395284618099E-16,-1.,0.));
#2047=DIRECTION('center_axis',(1.,3.08395284618099E-16,0.));
#2048=DIRECTION('ref_axis',(3.12250225675826E-16,-1.,0.));
#2049=DIRECTION('center_axis',(0.707106781186548,-0.707106781186548,0.));
#2050=DIRECTION('ref_axis',(0.,0.,-1.));
#2051=DIRECTION('',(0.,0.,-1.));
#2052=DIRECTION('',(0.,0.,1.));
#2053=DIRECTION('center_axis',(0.707106781186547,0.104577593447474,-0.699330770772126));
#2054=DIRECTION('ref_axis',(-0.703186532141157,0.,-0.711005415601945));
#2055=DIRECTION('',(3.05003880365229E-16,-0.98900306061077,-0.147895050973757));
#2056=DIRECTION('',(-3.05003880365229E-16,0.98900306061077,0.147895050973757));
#2057=DIRECTION('center_axis',(3.12250225675825E-16,-1.,0.));
#2058=DIRECTION('ref_axis',(0.,0.,-1.));
#2059=DIRECTION('',(1.,3.12250225675825E-16,0.));
#2060=DIRECTION('center_axis',(1.,3.12250225675825E-16,0.));
#2061=DIRECTION('ref_axis',(3.12250225675825E-16,-1.,0.));
#2062=DIRECTION('',(1.,3.12250225675825E-16,0.));
#2063=DIRECTION('center_axis',(-1.,-3.08395284618099E-16,0.));
#2064=DIRECTION('ref_axis',(3.12250225675826E-16,-1.,0.));
#2065=DIRECTION('center_axis',(-2.70416627772679E-16,0.866025403784407,
0.500000000000055));
#2066=DIRECTION('ref_axis',(1.54197642309066E-16,-0.500000000000055,0.866025403784407));
#2067=DIRECTION('',(-1.54197642309066E-16,0.500000000000055,-0.866025403784407));
#2068=DIRECTION('center_axis',(-0.707106781186546,0.612372435695773,0.353553390593313));
#2069=DIRECTION('ref_axis',(0.447213595499999,0.,0.894427190999896));
#2070=DIRECTION('',(1.5419764230905E-16,-0.5,0.866025403784439));
#2071=DIRECTION('',(-0.707106781186546,-0.612372435695797,-0.353553390593273));
#2072=DIRECTION('',(-0.681189005097157,-0.72405665801298,-0.108275090957339));
#2073=DIRECTION('center_axis',(1.,3.08395284618099E-16,0.));
#2074=DIRECTION('ref_axis',(0.,0.,-1.));
#2075=DIRECTION('center_axis',(-1.,-3.08395284618099E-16,0.));
#2076=DIRECTION('ref_axis',(-3.08395284618099E-16,1.,0.));
#2077=DIRECTION('center_axis',(1.,3.08395284618099E-16,0.));
#2078=DIRECTION('ref_axis',(-3.08395284618099E-16,1.,0.));
#2079=DIRECTION('',(-0.707106781186548,0.707106781186547,-8.65956056235493E-17));
#2080=DIRECTION('center_axis',(1.,3.12250225675825E-16,0.));
#2081=DIRECTION('ref_axis',(3.12250225675825E-16,-1.,0.));
#2082=DIRECTION('center_axis',(1.,3.12250225675825E-16,0.));
#2083=DIRECTION('ref_axis',(3.12250225675825E-16,-1.,0.));
#2084=DIRECTION('center_axis',(-1.,-2.7755575615629E-16,0.));
#2085=DIRECTION('ref_axis',(2.7755575615629E-16,-1.,0.));
#2086=DIRECTION('center_axis',(-1.,-3.08395284618099E-16,0.));
#2087=DIRECTION('ref_axis',(3.08764178499221E-16,-1.,0.));
#2088=DIRECTION('',(1.,2.7755575615629E-16,0.));
#2089=DIRECTION('center_axis',(-1.,-3.08395284618099E-16,0.));
#2090=DIRECTION('ref_axis',(0.,0.,1.));
#2091=DIRECTION('center_axis',(1.,3.08395284618099E-16,0.));
#2092=DIRECTION('ref_axis',(3.08764178499221E-16,-1.,0.));
#2093=DIRECTION('center_axis',(1.,2.22044604925031E-16,0.));
#2094=DIRECTION('ref_axis',(3.10466596231206E-16,-1.,0.));
#2095=DIRECTION('center_axis',(1.,3.08395284618099E-16,0.));
#2096=DIRECTION('ref_axis',(5.04646829375071E-16,-1.,0.));
#2097=DIRECTION('center_axis',(-1.,0.,0.));
#2098=DIRECTION('ref_axis',(0.,-1.,0.));
#2099=DIRECTION('',(-1.,0.,0.));
#2100=DIRECTION('center_axis',(0.,-0.866025403784439,-0.5));
#2101=DIRECTION('ref_axis',(1.5419764230905E-16,-0.5,0.866025403784439));
#2102=DIRECTION('center_axis',(1.,3.12250225675825E-16,0.));
#2103=DIRECTION('ref_axis',(3.12250225675825E-16,-1.,0.));
#2104=DIRECTION('',(-1.,-3.12250225675825E-16,0.));
#2105=DIRECTION('center_axis',(-4.61802630428934E-17,0.147895050973757,
-0.98900306061077));
#2106=DIRECTION('ref_axis',(-3.05003880365229E-16,0.98900306061077,0.147895050973757));
#2107=CARTESIAN_POINT('',(0.,0.,0.));
#2108=CARTESIAN_POINT('Origin',(-11.8431457505076,-11.8431457505076,27.0000004023314));
#2109=CARTESIAN_POINT('',(-5.6862915010152,-18.,2.));
#2110=CARTESIAN_POINT('',(-7.6862915010152,-16.,0.));
#2111=CARTESIAN_POINT('',(-4.54086093362157,-19.1454305673936,3.14543056739362));
#2112=CARTESIAN_POINT('',(-5.6862915010152,-18.,35.));
#2113=CARTESIAN_POINT('',(-5.6862915010152,-18.,13.5000002011657));
#2114=CARTESIAN_POINT('',(-12.,-11.6862915010152,35.));
#2115=CARTESIAN_POINT('',(-11.8431457840352,-11.84314571698,35.));
#2116=CARTESIAN_POINT('',(-19.,-4.68629150101523,28.));
#2117=CARTESIAN_POINT('',(-17.895430444459,-5.79086105655618,29.1045695555409));
#2118=CARTESIAN_POINT('',(-19.,-4.68629150101522,2.));
#2119=CARTESIAN_POINT('',(-19.,-4.68629150101523,13.5000002011657));
#2120=CARTESIAN_POINT('',(-17.,-6.68629150101523,0.));
#2121=CARTESIAN_POINT('',(-22.728763900727,-0.95752760028826,5.72876390072697));
#2122=CARTESIAN_POINT('',(-11.8431457505076,-11.8431457505076,0.));
#2123=CARTESIAN_POINT('Origin',(-15.5,9.00000006705522,31.5));
#2124=CARTESIAN_POINT('',(-12.,18.,35.));
#2125=CARTESIAN_POINT('',(-12.,9.00000006705522,35.));
#2126=CARTESIAN_POINT('',(-17.,18.,30.));
#2127=CARTESIAN_POINT('',(-14.75,18.,32.25));
#2128=CARTESIAN_POINT('',(-19.,16.,28.));
#2129=CARTESIAN_POINT('',(-23.3333333221575,11.6666666778425,23.6666666778425));
#2130=CARTESIAN_POINT('',(-19.,9.00000006705521,28.));
#2131=CARTESIAN_POINT('Origin',(9.99200722162641E-15,1.34110444971469E-7,
35.));
#2132=CARTESIAN_POINT('',(2.60000000000002,-18.,35.));
#2133=CARTESIAN_POINT('',(-9.49999999999999,-18.,35.));
#2134=CARTESIAN_POINT('',(-8.99999999999999,-6.40000000000001,35.));
#2135=CARTESIAN_POINT('',(-2.6000000335276,-12.7999999664724,35.));
#2136=CARTESIAN_POINT('',(-8.99999999999999,8.72435565298353,35.));
#2137=CARTESIAN_POINT('',(-8.99999999999999,9.00000006705522,35.));
#2138=CARTESIAN_POINT('',(-0.967056359014496,18.,35.));
#2139=CARTESIAN_POINT('',(-5.19325587310541,13.1200051457809,35.));
#2140=CARTESIAN_POINT('',(9.50000000000001,18.,35.));
#2141=CARTESIAN_POINT('Origin',(-19.,-18.,0.));
#2142=CARTESIAN_POINT('',(5.60000000000001,-18.,2.));
#2143=CARTESIAN_POINT('',(-9.49999999999999,-18.,2.));
#2144=CARTESIAN_POINT('',(5.60000000000001,-18.,24.3875871057461));
#2145=CARTESIAN_POINT('',(5.60000000000001,-18.,23.7791442470948));
#2146=CARTESIAN_POINT('',(12.9135870499631,-18.,29.6165769883794));
#2147=CARTESIAN_POINT('',(-5.35043954708435,-18.,16.5583595036244));
#2148=CARTESIAN_POINT('',(2.60000000000002,-18.,29.6165769883794));
#2149=CARTESIAN_POINT('',(-2.99999999999999,-18.,29.6165769883794));
#2150=CARTESIAN_POINT('',(2.60000000000002,-18.,16.0270356482094));
#2151=CARTESIAN_POINT('Origin',(12.3411326279678,-14.9156608970138,27.4633126610255));
#2152=CARTESIAN_POINT('',(13.,-10.6,25.4941796136904));
#2153=CARTESIAN_POINT('',(10.6858421591613,-12.9141578408387,25.1481215422211));
#2154=CARTESIAN_POINT('',(13.,-17.9135870499631,29.6294991401497));
#2155=CARTESIAN_POINT('',(13.,-13.3675648501049,27.0590430503591));
#2156=CARTESIAN_POINT('',(13.9964230967742,-16.9171639531889,29.7785037798298));
#2157=CARTESIAN_POINT('Origin',(9.30000000000001,-14.3,23.7791442470948));
#2158=CARTESIAN_POINT('',(13.,-10.6,2.));
#2159=CARTESIAN_POINT('',(10.55,-13.05,2.));
#2160=CARTESIAN_POINT('',(13.,-10.6,23.7791442470948));
#2161=CARTESIAN_POINT('Origin',(11.3323379425696,16.7894278969749,31.5860480665462));
#2162=CARTESIAN_POINT('',(5.6179499677806,18.,28.5469865702153));
#2163=CARTESIAN_POINT('',(5.6,18.,28.5341528951285));
#2164=CARTESIAN_POINT('',(5.90218322864878,18.,28.7502046129123));
#2165=CARTESIAN_POINT('',(5.60525742384085,17.9947425761591,28.5333667024483));
#2166=CARTESIAN_POINT('',(10.0038769056938,19.8167104212612,33.2533515994557));
#2167=CARTESIAN_POINT('',(8.80740344994626,14.7925965500537,28.0545192967954));
#2168=CARTESIAN_POINT('Origin',(9.3,14.3,23.7791442470948));
#2169=CARTESIAN_POINT('',(13.,10.6,34.9045267087976));
#2170=CARTESIAN_POINT('',(9.23311647675594,14.366883523244,31.6590563756932));
#2171=CARTESIAN_POINT('',(13.,10.6,2.));
#2172=CARTESIAN_POINT('',(13.,10.6,23.7791442470948));
#2173=CARTESIAN_POINT('',(5.6,18.,2.));
#2174=CARTESIAN_POINT('',(10.55,13.05,2.));
#2175=CARTESIAN_POINT('',(5.6,18.,23.7791442470948));
#2176=CARTESIAN_POINT('Origin',(-4.99999999999999,9.00000006705522,39.));
#2177=CARTESIAN_POINT('',(-0.999999999999994,-14.4,43.));
#2178=CARTESIAN_POINT('',(-6.89098812843941,-8.50901187156059,37.1090118715606));
#2179=CARTESIAN_POINT('',(-0.999999999999994,13.3431578065002,43.));
#2180=CARTESIAN_POINT('',(-0.999999999999994,9.00000006705522,43.));
#2181=CARTESIAN_POINT('',(-1.43136012074982,13.0941119246676,42.5686398792502));
#2182=CARTESIAN_POINT('Origin',(-0.999999999999994,18.,35.));
#2183=CARTESIAN_POINT('',(-0.999999999999994,-14.4,50.));
#2184=CARTESIAN_POINT('',(-0.999999999999994,-14.4,32.0540712964187));
#2185=CARTESIAN_POINT('',(-0.999999999999994,6.12627944162883,55.5));
#2186=CARTESIAN_POINT('Origin',(-0.999999999999994,-3.39999999999999,50.));
#2187=CARTESIAN_POINT('',(-0.999999999999994,12.0488747058212,45.2417640897534));
#2188=CARTESIAN_POINT('',(-0.999999999999994,-3.39999999999999,55.7735026918963));
#2189=CARTESIAN_POINT('',(-0.999999999999994,-8.4,52.8867513459481));
#2190=CARTESIAN_POINT('',(-0.999999999999994,0.127404735808353,57.810050765656));
#2191=CARTESIAN_POINT('',(-0.999999999999994,-8.4,47.1132486540519));
#2192=CARTESIAN_POINT('',(-0.999999999999994,-8.4,43.9433756729741));
#2193=CARTESIAN_POINT('',(-0.999999999999994,-3.39999999999999,44.2264973081037));
#2194=CARTESIAN_POINT('',(-0.999999999999994,4.12259526419164,39.8833249073181));
#2195=CARTESIAN_POINT('',(-0.999999999999994,1.60000000000001,47.1132486540519));
#2196=CARTESIAN_POINT('',(-0.999999999999994,2.62740473580836,47.7064210548375));
#2197=CARTESIAN_POINT('',(-0.999999999999994,1.60000000000001,52.8867513459481));
#2198=CARTESIAN_POINT('',(-0.999999999999994,1.60000000000001,41.0566243270259));
#2199=CARTESIAN_POINT('',(-0.999999999999994,11.6225952641916,47.1002032721884));
#2200=CARTESIAN_POINT('Origin',(-0.999999999999994,-3.39999999999999,55.7735026918963));
#2201=CARTESIAN_POINT('',(4.00000000000001,-3.39999999999999,55.7735026918963));
#2202=CARTESIAN_POINT('',(-0.999999999999994,-3.39999999999999,55.7735026918963));
#2203=CARTESIAN_POINT('',(4.00000000000001,-8.4,52.8867513459481));
#2204=CARTESIAN_POINT('',(4.00000000000001,-8.4,52.8867513459481));
#2205=CARTESIAN_POINT('',(-0.999999999999994,-8.4,52.8867513459481));
#2206=CARTESIAN_POINT('Origin',(-0.999999999999994,1.60000000000001,52.8867513459481));
#2207=CARTESIAN_POINT('',(4.00000000000001,1.60000000000001,52.8867513459481));
#2208=CARTESIAN_POINT('',(-0.999999999999994,1.60000000000001,52.8867513459481));
#2209=CARTESIAN_POINT('',(4.00000000000001,-3.39999999999999,55.7735026918963));
#2210=CARTESIAN_POINT('Origin',(-0.999999999999994,1.60000000000001,47.1132486540519));
#2211=CARTESIAN_POINT('',(4.00000000000001,1.60000000000001,47.1132486540519));
#2212=CARTESIAN_POINT('',(-0.999999999999994,1.60000000000001,47.1132486540519));
#2213=CARTESIAN_POINT('',(4.00000000000001,1.60000000000001,52.8867513459481));
#2214=CARTESIAN_POINT('Origin',(-0.999999999999994,-3.39999999999999,44.2264973081037));
#2215=CARTESIAN_POINT('',(4.00000000000001,-3.39999999999999,44.2264973081037));
#2216=CARTESIAN_POINT('',(-0.999999999999994,-3.39999999999999,44.2264973081037));
#2217=CARTESIAN_POINT('',(4.00000000000001,1.60000000000001,47.1132486540519));
#2218=CARTESIAN_POINT('Origin',(-0.999999999999994,-8.4,47.1132486540519));
#2219=CARTESIAN_POINT('',(4.00000000000001,-8.4,47.1132486540519));
#2220=CARTESIAN_POINT('',(-0.999999999999994,-8.4,47.1132486540519));
#2221=CARTESIAN_POINT('',(4.00000000000001,-3.39999999999999,44.2264973081037));
#2222=CARTESIAN_POINT('Origin',(-0.999999999999994,-8.4,52.8867513459481));
#2223=CARTESIAN_POINT('',(4.00000000000001,-8.4,47.1132486540519));
#2224=CARTESIAN_POINT('Origin',(4.00000000000001,-3.39999999999999,50.));
#2225=CARTESIAN_POINT('',(4.00000000000001,-0.249999999999994,50.));
#2226=CARTESIAN_POINT('Origin',(4.00000000000001,-3.4,50.));
#2227=CARTESIAN_POINT('Origin',(2.50000000000001,-17.9,32.0540712964187));
#2228=CARTESIAN_POINT('',(5.01099693938924,-20.4109969393892,29.2560376438112));
#2229=CARTESIAN_POINT('',(6.00000000000001,-21.4,30.1081425928374));
#2230=CARTESIAN_POINT('',(7.24255995865939,-22.6425599586594,31.1787070151372));
#2231=CARTESIAN_POINT('',(6.00000000000001,-21.4,50.));
#2232=CARTESIAN_POINT('',(6.00000000000001,-21.4,32.0540712964187));
#2233=CARTESIAN_POINT('',(6.00000000000001,-21.4,50.));
#2234=CARTESIAN_POINT('',(6.7425876106837,-22.1425876106837,28.9970963919624));
#2235=CARTESIAN_POINT('Origin',(2.50000000000001,-3.39999999999999,50.));
#2236=CARTESIAN_POINT('',(6.00000000000001,12.1884572681199,59.));
#2237=CARTESIAN_POINT('',(6.00000000000001,12.1884572681199,59.));
#2238=CARTESIAN_POINT('Origin',(6.00000000000001,-3.39999999999999,50.));
#2239=CARTESIAN_POINT('Origin',(2.5,15.0799636190667,46.9917640897536));
#2240=CARTESIAN_POINT('',(5.06955069960366,24.4164945410081,35.9595195657223));
#2241=CARTESIAN_POINT('',(6.05910263175709,25.468319599199,36.1168089885685));
#2242=CARTESIAN_POINT('',(6.,24.9054976016188,36.9734400204804));
#2243=CARTESIAN_POINT('',(6.,18.1110525323121,48.7417640897538));
#2244=CARTESIAN_POINT('',(8.95742124844235,26.4597876004263,40.1961732697341));
#2245=CARTESIAN_POINT('Origin',(19.,25.4054976016189,36.107414616696));
#2246=CARTESIAN_POINT('',(12.,18.,35.));
#2247=CARTESIAN_POINT('',(16.,18.,35.));
#2248=CARTESIAN_POINT('',(22.0695506996053,24.4164945410081,35.9595195657223));
#2249=CARTESIAN_POINT('',(19.,24.4164945410081,35.9595195657223));
#2250=CARTESIAN_POINT('',(21.4304493003964,23.7371740884171,35.8579343058127));
#2251=CARTESIAN_POINT('',(19.2573348371228,21.4273041639413,35.5125174473329));
#2252=CARTESIAN_POINT('',(12.,23.7371740884171,35.8579343058127));
#2253=CARTESIAN_POINT('',(19.,23.7371740884171,35.8579343058127));
#2254=CARTESIAN_POINT('',(12.,13.818047318534,34.3746327694746));
#2255=CARTESIAN_POINT('Origin',(19.,24.6609960713135,36.4664797931013));
#2256=CARTESIAN_POINT('',(23.,24.9054976016188,36.9734400204804));
#2257=CARTESIAN_POINT('',(19.,24.9054976016188,36.9734400204804));
#2258=CARTESIAN_POINT('',(24.7843333937119,25.8432644313672,38.917847013124));
#2259=CARTESIAN_POINT('Origin',(19.,12.1884572681199,59.));
#2260=CARTESIAN_POINT('',(23.,12.1884572681199,59.));
#2261=CARTESIAN_POINT('',(19.,12.1884572681199,59.));
#2262=CARTESIAN_POINT('',(23.,12.1884572681199,59.));
#2263=CARTESIAN_POINT('Origin',(19.,-3.39999999999999,50.));
#2264=CARTESIAN_POINT('',(23.,-21.4,50.));
#2265=CARTESIAN_POINT('',(19.,-21.4,50.));
#2266=CARTESIAN_POINT('Origin',(23.,-3.39999999999999,50.));
#2267=CARTESIAN_POINT('Origin',(19.,-21.4,29.1081425928374));
#2268=CARTESIAN_POINT('',(23.,-21.4,30.1081425928374));
#2269=CARTESIAN_POINT('',(19.,-21.4,30.1081425928374));
#2270=CARTESIAN_POINT('',(23.,-21.4,50.));
#2271=CARTESIAN_POINT('Origin',(19.,-20.9054984696946,29.6820901183243));
#2272=CARTESIAN_POINT('',(22.0109969393892,-20.4109969393892,29.2560376438112));
#2273=CARTESIAN_POINT('',(19.,-20.4109969393892,29.2560376438112));
#2274=CARTESIAN_POINT('',(24.6690157769226,-23.0690157769225,31.5461326862556));
#2275=CARTESIAN_POINT('Origin',(19.,-18.9,29.4819914130888));
#2276=CARTESIAN_POINT('',(13.,-19.8890030606108,29.3340963621151));
#2277=CARTESIAN_POINT('',(13.,-7.32508891959794,31.2128981538583));
#2278=CARTESIAN_POINT('',(21.4890030606108,-19.8890030606108,29.3340963621151));
#2279=CARTESIAN_POINT('',(19.,-19.8890030606108,29.3340963621151));
#2280=CARTESIAN_POINT('',(20.0153831249417,-18.4153831249417,29.5544607918946));
#2281=CARTESIAN_POINT('Origin',(-19.,18.,0.));
#2282=CARTESIAN_POINT('',(-19.,16.,2.));
#2283=CARTESIAN_POINT('',(-19.,16.,0.));
#2284=CARTESIAN_POINT('',(-19.,8.99999999999999,2.));
#2285=CARTESIAN_POINT('Origin',(-18.,17.,0.));
#2286=CARTESIAN_POINT('',(-17.,18.,2.));
#2287=CARTESIAN_POINT('',(-17.,18.,0.));
#2288=CARTESIAN_POINT('',(-17.,18.,2.));
#2289=CARTESIAN_POINT('Origin',(9.84289321881345,12.3428932188134,1.));
#2290=CARTESIAN_POINT('',(13.,7.7715728752538,0.));
#2291=CARTESIAN_POINT('',(13.,18.1501203903738,7.33874132680814));
#2292=CARTESIAN_POINT('',(4.77157287525381,16.,0.));
#2293=CARTESIAN_POINT('',(9.1357864376269,11.6357864376269,0.));
#2294=CARTESIAN_POINT('',(4.77157287525381,16.,0.));
#2295=CARTESIAN_POINT('Origin',(-17.,16.,0.));
#2296=CARTESIAN_POINT('',(-17.,16.,0.));
#2297=CARTESIAN_POINT('',(-17.,16.,0.));
#2298=CARTESIAN_POINT('',(-19.,16.,2.));
#2299=CARTESIAN_POINT('Origin',(9.50000000000001,17.,1.));
#2300=CARTESIAN_POINT('',(9.50000000000001,16.,0.));
#2301=CARTESIAN_POINT('',(9.50000000000001,18.,2.));
#2302=CARTESIAN_POINT('Origin',(-18.,8.99999999999999,1.));
#2303=CARTESIAN_POINT('',(-17.,8.99999999999999,0.));
#2304=CARTESIAN_POINT('Origin',(-9.49999999999999,-17.,1.));
#2305=CARTESIAN_POINT('',(4.77157287525383,-16.,0.));
#2306=CARTESIAN_POINT('',(-9.49999999999999,-16.,0.));
#2307=CARTESIAN_POINT('',(4.77157287525383,-16.,0.));
#2308=CARTESIAN_POINT('Origin',(9.84289321881347,-12.3428932188135,0.999999999999999));
#2309=CARTESIAN_POINT('',(13.,-7.77157287525382,0.));
#2310=CARTESIAN_POINT('',(9.13578643762692,-11.6357864376269,0.));
#2311=CARTESIAN_POINT('',(13.,-18.1501203903738,7.33874132680816));
#2312=CARTESIAN_POINT('Origin',(19.,18.,0.));
#2313=CARTESIAN_POINT('',(5.0720878769668,18.,27.9950549205027));
#2314=CARTESIAN_POINT('Origin',(19.,-19.3945015303054,29.908043887602));
#2315=CARTESIAN_POINT('',(20.5,-18.9,30.4819914130888));
#2316=CARTESIAN_POINT('',(17.564054696001,-15.964054696001,33.8896220045542));
#2317=CARTESIAN_POINT('',(13.,-18.9,30.4819914130888));
#2318=CARTESIAN_POINT('',(13.,-10.8989273617268,39.7685063388196));
#2319=CARTESIAN_POINT('',(19.,-18.9,30.4819914130888));
#2320=CARTESIAN_POINT('Origin',(21.75,-20.15,49.2770356482093));
#2321=CARTESIAN_POINT('',(20.5,-18.9,50.));
#2322=CARTESIAN_POINT('',(20.5,-18.9,49.2770356482093));
#2323=CARTESIAN_POINT('',(20.5,-18.9,50.));
#2324=CARTESIAN_POINT('Origin',(12.5,13.7440997930471,34.86913429978));
#2325=CARTESIAN_POINT('',(13.,22.2107962350186,36.6407996986541));
#2326=CARTESIAN_POINT('',(13.,13.6701522675602,35.3636358300854));
#2327=CARTESIAN_POINT('',(12.9304493003964,22.2481710278063,36.5760646586234));
#2328=CARTESIAN_POINT('',(12.,23.7371740884171,35.8579343058127));
#2329=CARTESIAN_POINT('',(21.0269636365403,17.8973083141179,44.1119799354887));
#2330=CARTESIAN_POINT('Origin',(19.,22.9926725581117,36.2169994822181));
#2331=CARTESIAN_POINT('',(20.5,22.2481710278063,36.5760646586234));
#2332=CARTESIAN_POINT('',(16.82710194199,16.3704123499734,39.4108452072388));
#2333=CARTESIAN_POINT('',(19.,22.2481710278063,36.5760646586234));
#2334=CARTESIAN_POINT('Origin',(19.,10.0233937586588,57.75));
#2335=CARTESIAN_POINT('',(20.5,10.0233937586588,57.75));
#2336=CARTESIAN_POINT('',(20.5,11.0117901061006,56.0380473082153));
#2337=CARTESIAN_POINT('',(13.,10.0233937586588,57.75));
#2338=CARTESIAN_POINT('',(19.,10.0233937586588,57.75));
#2339=CARTESIAN_POINT('',(13.,12.3466073117639,53.7260760891894));
#2340=CARTESIAN_POINT('Origin',(21.75,12.0943218608312,56.6630473082153));
#2341=CARTESIAN_POINT('',(20.5,10.0233937586588,57.75));
#2342=CARTESIAN_POINT('Origin',(21.75,-3.39999999999999,50.));
#2343=CARTESIAN_POINT('Origin',(20.5,-3.39999999999999,50.));
#2344=CARTESIAN_POINT('Origin',(19.,-3.39999999999999,50.));
#2345=CARTESIAN_POINT('',(13.,-18.9,50.));
#2346=CARTESIAN_POINT('',(19.,-18.9,50.));
#2347=CARTESIAN_POINT('Origin',(13.,-3.39999999999999,50.));
#2348=CARTESIAN_POINT('Origin',(19.,-18.9,50.));
#2349=CARTESIAN_POINT('',(13.,-18.9,46.1716992212395));
#2350=CARTESIAN_POINT('Origin',(4.44089209850063E-15,-8.88178419700125E-15,
0.));
#2351=CARTESIAN_POINT('',(13.,-6.69217767621275E-15,0.));
#2352=CARTESIAN_POINT('',(-10.2,-8.9,0.));
#2353=CARTESIAN_POINT('',(-10.2,8.9,0.));
#2354=CARTESIAN_POINT('',(-10.2,-8.9,0.));
#2355=CARTESIAN_POINT('',(10.2,-8.9,0.));
#2356=CARTESIAN_POINT('',(10.2,-8.9,0.));
#2357=CARTESIAN_POINT('',(10.2,8.9,0.));
#2358=CARTESIAN_POINT('',(10.2,8.9,0.));
#2359=CARTESIAN_POINT('',(-10.2,8.9,0.));
#2360=CARTESIAN_POINT('Origin',(13.,-3.39999999999999,50.));
#2361=CARTESIAN_POINT('',(13.5,0.750000000000006,50.));
#2362=CARTESIAN_POINT('Origin',(13.5,-3.39999999999999,50.));
#2363=CARTESIAN_POINT('',(13.,0.750000000000006,50.));
#2364=CARTESIAN_POINT('',(13.,0.750000000000006,50.));
#2365=CARTESIAN_POINT('Origin',(13.,-3.39999999999999,50.));
#2366=CARTESIAN_POINT('Origin',(13.5,-3.39999999999999,50.));
#2367=CARTESIAN_POINT('',(13.5,-0.249999999999991,50.));
#2368=CARTESIAN_POINT('Origin',(13.5,-3.39999999999999,50.));
#2369=CARTESIAN_POINT('Origin',(19.,-3.39999999999999,50.));
#2370=CARTESIAN_POINT('',(13.,-13.660174383464,35.2105165194687));
#2371=CARTESIAN_POINT('',(13.,7.28334729339215,35.513244303545));
#2372=CARTESIAN_POINT('Origin',(13.,-3.39999999999999,50.));
#2373=CARTESIAN_POINT('',(23.,7.28334729339216,35.513244303545));
#2374=CARTESIAN_POINT('',(19.,7.28334729339215,35.513244303545));
#2375=CARTESIAN_POINT('',(23.,-13.660174383464,35.2105165194687));
#2376=CARTESIAN_POINT('Origin',(23.,-3.39999999999999,50.));
#2377=CARTESIAN_POINT('',(19.,-13.660174383464,35.2105165194687));
#2378=CARTESIAN_POINT('Origin',(19.,-13.660174383464,38.3819613694519));
#2379=CARTESIAN_POINT('',(23.,-13.660174383464,38.3819613694519));
#2380=CARTESIAN_POINT('',(23.,-13.660174383464,19.1909806847259));
#2381=CARTESIAN_POINT('',(13.,-13.660174383464,38.3819613694519));
#2382=CARTESIAN_POINT('',(19.,-13.660174383464,38.3819613694519));
#2383=CARTESIAN_POINT('',(13.,-13.660174383464,38.3819613694519));
#2384=CARTESIAN_POINT('Origin',(23.,-18.,0.));
#2385=CARTESIAN_POINT('',(23.,7.28334729339216,38.7698579435178));
#2386=CARTESIAN_POINT('',(23.,7.28334729339216,16.6987184057181));
#2387=CARTESIAN_POINT('Origin',(23.,-3.39999999999999,50.));
#2388=CARTESIAN_POINT('Origin',(19.,-3.39999999999999,50.));
#2389=CARTESIAN_POINT('',(13.,7.28334729339215,38.7698579435178));
#2390=CARTESIAN_POINT('',(19.,7.28334729339215,38.7698579435178));
#2391=CARTESIAN_POINT('Origin',(13.,-3.39999999999999,50.));
#2392=CARTESIAN_POINT('Origin',(19.,7.28334729339215,33.3974368114361));
#2393=CARTESIAN_POINT('',(13.,7.28334729339215,38.7698579435178));
#2394=CARTESIAN_POINT('Origin',(13.,-4.86108067379278E-15,47.5582884941897));
#2395=CARTESIAN_POINT('Origin',(19.,-3.39999999999999,50.));
#2396=CARTESIAN_POINT('',(19.,-0.24999999999999,50.));
#2397=CARTESIAN_POINT('Origin',(9.99200722162641E-15,1.34110443861246E-7,
30.));
#2398=CARTESIAN_POINT('',(10.2,-8.9,30.));
#2399=CARTESIAN_POINT('',(-10.2,-8.9,30.));
#2400=CARTESIAN_POINT('',(10.2,-8.9,30.));
#2401=CARTESIAN_POINT('',(-10.2,8.9,30.));
#2402=CARTESIAN_POINT('',(-10.2,-8.9,30.));
#2403=CARTESIAN_POINT('',(10.2,8.9,30.));
#2404=CARTESIAN_POINT('',(-10.2,8.9,30.));
#2405=CARTESIAN_POINT('',(10.2,8.9,30.));
#2406=CARTESIAN_POINT('Origin',(10.2,-8.9,0.));
#2407=CARTESIAN_POINT('',(-10.2,-8.9,0.));
#2408=CARTESIAN_POINT('',(10.2,-8.9,0.));
#2409=CARTESIAN_POINT('Origin',(10.2,8.9,0.));
#2410=CARTESIAN_POINT('',(10.2,8.9,0.));
#2411=CARTESIAN_POINT('Origin',(-10.2,8.9,0.));
#2412=CARTESIAN_POINT('',(-10.2,8.9,0.));
#2413=CARTESIAN_POINT('Origin',(-10.2,-8.9,0.));
#2414=CARTESIAN_POINT('Origin',(23.5,-8.60635170854439,31.5268583293973));
#2415=CARTESIAN_POINT('',(23.,-18.9,30.4931106298306));
#2416=CARTESIAN_POINT('',(23.,22.2107962350186,36.6407996986541));
#2417=CARTESIAN_POINT('',(23.,-8.68029923403127,32.0213598597027));
#2418=CARTESIAN_POINT('',(23.0695506996036,22.2481710278063,36.5760646586234));
#2419=CARTESIAN_POINT('',(20.6461694989941,20.9459070572831,38.8316520204361));
#2420=CARTESIAN_POINT('',(24.,23.7371740884171,35.8579343058127));
#2421=CARTESIAN_POINT('',(23.0695506996036,22.2481710278063,36.5760646586234));
#2422=CARTESIAN_POINT('',(24.,-19.8890030606108,29.3340963621151));
#2423=CARTESIAN_POINT('',(24.,-8.53240418305752,31.0323567990919));
#2424=CARTESIAN_POINT('',(23.0109969393892,-18.9,30.4819914130888));
#2425=CARTESIAN_POINT('',(24.,-19.8890030606108,29.3340963621151));
#2426=CARTESIAN_POINT('',(17.9887724949586,-18.9,35.5600590596431));
#2427=CARTESIAN_POINT('Origin',(23.,22.9926725581117,36.2169994822181));
#2428=CARTESIAN_POINT('',(20.5,22.2481710278063,36.5760646586234));
#2429=CARTESIAN_POINT('',(23.,22.2481710278063,36.5760646586234));
#2430=CARTESIAN_POINT('',(21.4304493003947,23.7371740884171,35.8579343058127));
#2431=CARTESIAN_POINT('',(19.6430610180675,20.8768069284315,37.2374589905545));
#2432=CARTESIAN_POINT('',(23.,23.7371740884171,35.8579343058127));
#2433=CARTESIAN_POINT('Origin',(23.,-19.3945015303054,29.908043887602));
#2434=CARTESIAN_POINT('',(21.4890030606108,-19.8890030606108,29.3340963621151));
#2435=CARTESIAN_POINT('',(23.,-19.8890030606108,29.3340963621151));
#2436=CARTESIAN_POINT('',(20.5,-18.9,30.4819914130888));
#2437=CARTESIAN_POINT('',(18.1615817605763,-16.5615817605763,33.1960969917748));
#2438=CARTESIAN_POINT('',(23.,-18.9,30.4819914130888));
#2439=CARTESIAN_POINT('Origin',(23.,2.00274880080945,48.5540712964187));
#2440=CARTESIAN_POINT('',(23.,-18.9,50.));
#2441=CARTESIAN_POINT('',(23.,-18.9,49.2770356482093));
#2442=CARTESIAN_POINT('',(23.,10.0233937586588,57.75));
#2443=CARTESIAN_POINT('Origin',(23.,-3.39999999999999,50.));
#2444=CARTESIAN_POINT('',(23.,17.3741787406744,45.0180669356348));
#2445=CARTESIAN_POINT('',(23.,0.750000000000009,50.));
#2446=CARTESIAN_POINT('Origin',(23.,-3.39999999999999,50.));
#2447=CARTESIAN_POINT('Origin',(23.,-18.9,50.));
#2448=CARTESIAN_POINT('',(20.5,-18.9,50.));
#2449=CARTESIAN_POINT('',(20.5,-18.9,39.0180313547538));
#2450=CARTESIAN_POINT('',(23.,-18.9,50.));
#2451=CARTESIAN_POINT('Origin',(21.75,-20.15,49.2770356482093));
#2452=CARTESIAN_POINT('',(22.0109969393892,-20.4109969393892,29.2560376438112));
#2453=CARTESIAN_POINT('',(21.6362365991803,-20.0362365991802,29.3120791282368));
#2454=CARTESIAN_POINT('',(23.,-21.4,30.1081425928374));
#2455=CARTESIAN_POINT('',(25.3983253837461,-23.7983253837461,32.1744910302257));
#2456=CARTESIAN_POINT('',(23.,-21.4,50.));
#2457=CARTESIAN_POINT('',(23.,-21.4,49.2770356482093));
#2458=CARTESIAN_POINT('',(23.,-21.4,50.));
#2459=CARTESIAN_POINT('Origin',(24.6938522617478,-20.1529645035487,29.5555252469224));
#2460=CARTESIAN_POINT('',(25.,-21.4,30.9429016860448));
#2461=CARTESIAN_POINT('',(26.,-20.4,31.1035604308872));
#2462=CARTESIAN_POINT('',(26.1510284069551,-20.2489715930449,31.1278244651842));
#2463=CARTESIAN_POINT('',(24.1834007939197,-21.4,30.1081425928374));
#2464=CARTESIAN_POINT('',(28.8525039901371,-21.4,34.8810793299118));
#2465=CARTESIAN_POINT('',(24.1834007939197,-20.4109969393892,29.2560376438112));
#2466=CARTESIAN_POINT('',(24.1834007939197,-20.6582477045419,29.4690638810677));
#2467=CARTESIAN_POINT('',(25.,-19.5854176413344,29.3794943824519));
#2468=CARTESIAN_POINT('',(23.8437774595278,-20.7543550910047,29.2046920278491));
#2469=CARTESIAN_POINT('',(26.,-19.5744207019451,30.3922580763205));
#2470=CARTESIAN_POINT('',(25.6568719175348,-19.5781940606708,30.044750412053));
#2471=CARTESIAN_POINT('',(26.,-17.8320054549772,28.8910284903542));
#2472=CARTESIAN_POINT('Origin',(23.,-20.9054984696946,29.6820901183243));
#2473=CARTESIAN_POINT('',(23.,-20.4109969393892,29.2560376438112));
#2474=CARTESIAN_POINT('',(23.,-21.4,30.1081425928374));
#2475=CARTESIAN_POINT('Origin',(24.6555993163898,24.5790101355506,37.1309014558516));
#2476=CARTESIAN_POINT('',(25.,23.5912506807749,35.8361129882951));
#2477=CARTESIAN_POINT('',(26.,22.9799483190735,36.7558183383413));
#2478=CARTESIAN_POINT('',(28.7083734068323,21.3243132591076,39.2467238505279));
#2479=CARTESIAN_POINT('',(24.2741013247148,24.4164945410081,35.9595195657223));
#2480=CARTESIAN_POINT('',(35.4691307062406,11.6893336068671,34.0563059255708));
#2481=CARTESIAN_POINT('',(24.2741013247148,24.9054976016188,36.9734400204804));
#2482=CARTESIAN_POINT('',(24.2741013247147,24.7832468364662,36.7199599067909));
#2483=CARTESIAN_POINT('',(25.,24.4882876388288,37.6960688734566));
#2484=CARTESIAN_POINT('',(23.9084298336997,25.1156671395366,36.6094157026037));
#2485=CARTESIAN_POINT('',(26.,23.3879822165167,37.6018537687447));
#2486=CARTESIAN_POINT('',(26.1300089030924,23.2449327154952,37.5896049663263));
#2487=CARTESIAN_POINT('',(26.,23.5331097394777,37.9027675583124));
#2488=CARTESIAN_POINT('Origin',(23.,24.6609960713135,36.4664797931013));
#2489=CARTESIAN_POINT('',(22.0695506996037,24.4164945410081,35.9595195657223));
#2490=CARTESIAN_POINT('',(23.,24.9054976016188,36.9734400204804));
#2491=CARTESIAN_POINT('',(23.7695904386176,25.3099603485309,37.8120708702949));
#2492=CARTESIAN_POINT('',(23.,24.9054976016188,36.9734400204804));
#2493=CARTESIAN_POINT('',(23.,24.4164945410081,35.9595195657223));
#2494=CARTESIAN_POINT('Origin',(25.5,19.3523610804189,45.5917546165637));
#2495=CARTESIAN_POINT('',(25.,12.1884572681199,59.));
#2496=CARTESIAN_POINT('',(26.,11.3224318643355,58.5));
#2497=CARTESIAN_POINT('',(25.,12.1884572681199,59.));
#2498=CARTESIAN_POINT('',(26.,18.9193483785267,45.3417546165637));
#2499=CARTESIAN_POINT('',(25.,19.7853737823111,45.8417546165637));
#2500=CARTESIAN_POINT('Origin',(25.5,-3.39999999999999,50.));
#2501=CARTESIAN_POINT('',(25.,-21.4,50.));
#2502=CARTESIAN_POINT('',(26.,-20.4,50.));
#2503=CARTESIAN_POINT('',(25.,-21.4,50.));
#2504=CARTESIAN_POINT('Origin',(26.,-3.39999999999999,50.));
#2505=CARTESIAN_POINT('Origin',(25.,-3.39999999999999,50.));
#2506=CARTESIAN_POINT('Origin',(25.5,-20.9,49.2770356482093));
#2507=CARTESIAN_POINT('',(25.,-21.4,49.2770356482093));
#2508=CARTESIAN_POINT('',(26.,-20.4,49.2770356482093));
#2509=CARTESIAN_POINT('Origin',(25.5,-8.60635170854439,31.5268583293973));
#2510=CARTESIAN_POINT('',(26.,-8.68029923403127,32.0213598597027));
#2511=CARTESIAN_POINT('',(25.,-8.53240418305752,31.0323567990919));
#2512=CARTESIAN_POINT('Origin',(23.,-21.4,50.));
#2513=CARTESIAN_POINT('',(23.,-21.4,50.));
#2514=CARTESIAN_POINT('Origin',(23.,-3.39999999999999,50.));
#2515=CARTESIAN_POINT('',(23.,12.1884572681199,59.));
#2516=CARTESIAN_POINT('',(23.,12.1884572681199,59.));
#2517=CARTESIAN_POINT('Origin',(23.,-3.39999999999999,50.));
#2518=CARTESIAN_POINT('Origin',(23.,25.4054976016189,36.107414616696));
#2519=CARTESIAN_POINT('',(23.,19.7853737823111,45.8417546165637));
#2520=CARTESIAN_POINT('Origin',(21.75,18.7028420275806,45.2167546165637));
#2521=CARTESIAN_POINT('',(20.5,10.0233937586588,57.75));
#2522=CARTESIAN_POINT('',(20.5,11.0117901061006,56.0380473082153));
#2523=CARTESIAN_POINT('',(23.,12.1884572681199,59.));
#2524=CARTESIAN_POINT('',(9.5921728140899,11.1539074103459,33.9762385448103));
#2525=CARTESIAN_POINT('Origin',(26.,2.00274880080945,48.5540712964187));
#2526=CARTESIAN_POINT('',(26.,-9.4,50.));
#2527=CARTESIAN_POINT('Origin',(26.,-3.39999999999999,50.));
#2528=CARTESIAN_POINT('Origin',(24.575,-3.39999999999999,50.));
#2529=CARTESIAN_POINT('',(23.15,-6.54999999999999,50.));
#2530=CARTESIAN_POINT('',(24.575,-7.97499999999999,50.));
#2531=CARTESIAN_POINT('',(23.15,-0.24999999999999,50.));
#2532=CARTESIAN_POINT('Origin',(23.15,-3.39999999999999,50.));
#2533=CARTESIAN_POINT('Origin',(23.15,-3.39999999999999,50.));
#2534=CARTESIAN_POINT('Origin',(23.,-3.39999999999999,50.));
#2535=CARTESIAN_POINT('',(22.5,0.750000000000009,50.));
#2536=CARTESIAN_POINT('Origin',(22.5,-3.39999999999999,50.));
#2537=CARTESIAN_POINT('',(23.,0.750000000000009,50.));
#2538=CARTESIAN_POINT('Origin',(22.5,-3.39999999999999,50.));
#2539=CARTESIAN_POINT('',(22.5,-0.249999999999989,50.));
#2540=CARTESIAN_POINT('Origin',(22.5,-3.39999999999999,50.));
#2541=CARTESIAN_POINT('Origin',(21.75,-3.39999999999999,50.));
#2542=CARTESIAN_POINT('Origin',(20.5,-3.39999999999999,50.));
#2543=CARTESIAN_POINT('Origin',(23.,-3.39999999999999,50.));
#2544=CARTESIAN_POINT('',(23.,10.0233937586588,57.75));
#2545=CARTESIAN_POINT('Origin',(23.,22.7481710278063,35.710039254839));
#2546=CARTESIAN_POINT('Origin',(23.,-3.39999999999999,50.));
#2547=CARTESIAN_POINT('',(23.,-0.249999999999989,50.));
#2548=CARTESIAN_POINT('Origin',(23.,-21.4,29.1081425928374));
#2549=UNCERTAINTY_MEASURE_WITH_UNIT(LENGTH_MEASURE(0.01),#2553,
'DISTANCE_ACCURACY_VALUE',
'Maximum model space distance between geometric entities at asserted c
onnectivities');
#2550=UNCERTAINTY_MEASURE_WITH_UNIT(LENGTH_MEASURE(0.01),#2553,
'DISTANCE_ACCURACY_VALUE',
'Maximum model space distance between geometric entities at asserted c
onnectivities');
#2551=(
GEOMETRIC_REPRESENTATION_CONTEXT(3)
GLOBAL_UNCERTAINTY_ASSIGNED_CONTEXT((#2549))
GLOBAL_UNIT_ASSIGNED_CONTEXT((#2553,#2554,#2555))
REPRESENTATION_CONTEXT('','3D')
);
#2552=(
GEOMETRIC_REPRESENTATION_CONTEXT(3)
GLOBAL_UNCERTAINTY_ASSIGNED_CONTEXT((#2550))
GLOBAL_UNIT_ASSIGNED_CONTEXT((#2553,#2554,#2555))
REPRESENTATION_CONTEXT('','3D')
);
#2553=(
LENGTH_UNIT()
NAMED_UNIT(*)
SI_UNIT(.MILLI.,.METRE.)
);
#2554=(
NAMED_UNIT(*)
PLANE_ANGLE_UNIT()
SI_UNIT($,.RADIAN.)
);
#2555=(
NAMED_UNIT(*)
SI_UNIT($,.STERADIAN.)
SOLID_ANGLE_UNIT()
);
#2556=SHAPE_DEFINITION_REPRESENTATION(#2557,#2558);
#2557=PRODUCT_DEFINITION_SHAPE('',$,#2560);
#2558=SHAPE_REPRESENTATION('',(#1579),#2551);
#2559=PRODUCT_DEFINITION_CONTEXT('part definition',#2564,'design');
#2560=PRODUCT_DEFINITION('RailEnd_HGR','RailEnd_HGR v25',#2561,#2559);
#2561=PRODUCT_DEFINITION_FORMATION('',$,#2566);
#2562=PRODUCT_RELATED_PRODUCT_CATEGORY('RailEnd_HGR v25',
'RailEnd_HGR v25',(#2566));
#2563=APPLICATION_PROTOCOL_DEFINITION('international standard',
'automotive_design',2009,#2564);
#2564=APPLICATION_CONTEXT(
'Core Data for Automotive Mechanical Design Process');
#2565=PRODUCT_CONTEXT('part definition',#2564,'mechanical');
#2566=PRODUCT('RailEnd_HGR','RailEnd_HGR v25',$,(#2565));
#2567=PRESENTATION_STYLE_ASSIGNMENT((#2568));
#2568=SURFACE_STYLE_USAGE(.BOTH.,#2569);
#2569=SURFACE_SIDE_STYLE('',(#2570));
#2570=SURFACE_STYLE_FILL_AREA(#2571);
#2571=FILL_AREA_STYLE('Steel - Satin',(#2572));
#2572=FILL_AREA_STYLE_COLOUR('Steel - Satin',#2573);
#2573=COLOUR_RGB('Steel - Satin',0.627450980392157,0.627450980392157,0.627450980392157);
ENDSEC;
END-ISO-10303-21;
