ISO-10303-21;
HEADER;
/* Generated by software containing ST-Developer
 * from STEP Tools, Inc. (www.steptools.com) 
 */

FILE_DESCRIPTION(
/* description */ (''),
/* implementation_level */ '2;1');

FILE_NAME(
/* name */ 'SideHingeLasered_Bottom.step',
/* time_stamp */ '2026-07-10T19:42:37+02:00',
/* author */ (''),
/* organization */ (''),
/* preprocessor_version */ 'ST-DEVELOPER v20.1',
/* originating_system */ 'Autodesk Translation Framework v15.8.0.0',
/* authorisation */ '');

FILE_SCHEMA (('AUTOMOTIVE_DESIGN { 1 0 10303 214 3 1 1 }'));
ENDSEC;

DATA;
#10=MECHANICAL_DESIGN_GEOMETRIC_PRESENTATION_REPRESENTATION('',(#13),#12328);
#11=SHAPE_REPRESENTATION_RELATIONSHIP('SRR','None',#12335,#12);
#12=ADVANCED_BREP_SHAPE_REPRESENTATION('',(#14),#12327);
#13=STYLED_ITEM('',(#12344),#14);
#14=MANIFOLD_SOLID_BREP('SideHingeLasered',#7064);
#15=FACE_BOUND('',#508,.T.);
#16=FACE_BOUND('',#509,.T.);
#17=FACE_BOUND('',#510,.T.);
#18=FACE_BOUND('',#511,.T.);
#19=FACE_BOUND('',#512,.T.);
#20=FACE_BOUND('',#517,.T.);
#21=FACE_BOUND('',#518,.T.);
#22=FACE_BOUND('',#519,.T.);
#23=FACE_BOUND('',#520,.T.);
#24=FACE_BOUND('',#521,.T.);
#25=PLANE('',#7081);
#26=PLANE('',#7082);
#27=PLANE('',#7322);
#28=PLANE('',#7325);
#29=PLANE('',#7562);
#30=PLANE('',#7564);
#31=PLANE('',#7567);
#32=PLANE('',#7569);
#33=PLANE('',#7572);
#34=PLANE('',#7574);
#35=PLANE('',#7577);
#36=PLANE('',#7579);
#37=PLANE('',#7582);
#38=PLANE('',#7584);
#39=PLANE('',#7587);
#40=PLANE('',#7589);
#41=PLANE('',#7592);
#42=PLANE('',#7594);
#43=PLANE('',#7597);
#44=PLANE('',#7599);
#45=PLANE('',#7602);
#46=PLANE('',#7604);
#47=PLANE('',#7607);
#48=PLANE('',#7609);
#49=PLANE('',#7612);
#50=PLANE('',#7614);
#51=PLANE('',#7617);
#52=PLANE('',#7619);
#53=PLANE('',#7622);
#54=PLANE('',#7624);
#55=PLANE('',#7627);
#56=PLANE('',#7630);
#57=PLANE('',#7631);
#58=PLANE('',#7635);
#59=PLANE('',#7637);
#60=PLANE('',#7641);
#61=PLANE('',#7643);
#62=PLANE('',#7647);
#63=PLANE('',#7649);
#64=PLANE('',#7654);
#65=PLANE('',#7656);
#66=PLANE('',#7660);
#67=PLANE('',#7662);
#68=PLANE('',#7666);
#69=PLANE('',#7668);
#70=PLANE('',#7673);
#71=PLANE('',#7675);
#72=PLANE('',#7679);
#73=PLANE('',#7681);
#74=PLANE('',#7685);
#75=PLANE('',#7687);
#76=PLANE('',#7692);
#77=PLANE('',#7694);
#78=PLANE('',#7698);
#79=PLANE('',#7700);
#80=PLANE('',#7704);
#81=PLANE('',#7706);
#82=PLANE('',#7711);
#83=PLANE('',#7713);
#84=PLANE('',#7717);
#85=PLANE('',#7719);
#86=PLANE('',#7723);
#87=PLANE('',#7725);
#88=PLANE('',#7730);
#89=PLANE('',#7732);
#90=PLANE('',#7736);
#91=PLANE('',#7738);
#92=PLANE('',#7742);
#93=PLANE('',#7744);
#94=PLANE('',#7749);
#95=PLANE('',#7751);
#96=PLANE('',#7755);
#97=PLANE('',#7757);
#98=PLANE('',#7761);
#99=PLANE('',#7763);
#100=PLANE('',#7768);
#101=PLANE('',#7770);
#102=PLANE('',#7774);
#103=PLANE('',#7776);
#104=PLANE('',#7780);
#105=PLANE('',#7782);
#106=PLANE('',#7787);
#107=PLANE('',#7789);
#108=PLANE('',#7793);
#109=PLANE('',#7795);
#110=PLANE('',#7799);
#111=PLANE('',#7801);
#112=PLANE('',#7806);
#113=PLANE('',#7808);
#114=PLANE('',#7812);
#115=PLANE('',#7814);
#116=PLANE('',#7818);
#117=PLANE('',#7820);
#118=PLANE('',#7825);
#119=PLANE('',#7827);
#120=PLANE('',#7831);
#121=PLANE('',#7833);
#122=PLANE('',#7837);
#123=PLANE('',#7839);
#124=PLANE('',#7844);
#125=PLANE('',#7846);
#126=PLANE('',#7850);
#127=PLANE('',#7852);
#128=PLANE('',#7856);
#129=PLANE('',#7858);
#130=PLANE('',#7863);
#131=PLANE('',#7865);
#132=PLANE('',#7869);
#133=PLANE('',#7871);
#134=PLANE('',#7875);
#135=PLANE('',#7877);
#136=PLANE('',#7882);
#137=PLANE('',#7884);
#138=PLANE('',#7888);
#139=PLANE('',#7890);
#140=PLANE('',#7894);
#141=PLANE('',#7896);
#142=PLANE('',#7899);
#143=PLANE('',#7901);
#144=PLANE('',#7910);
#145=PLANE('',#7912);
#146=FACE_OUTER_BOUND('',#505,.T.);
#147=FACE_OUTER_BOUND('',#506,.T.);
#148=FACE_OUTER_BOUND('',#507,.T.);
#149=FACE_OUTER_BOUND('',#513,.T.);
#150=FACE_OUTER_BOUND('',#514,.T.);
#151=FACE_OUTER_BOUND('',#515,.T.);
#152=FACE_OUTER_BOUND('',#516,.T.);
#153=FACE_OUTER_BOUND('',#522,.T.);
#154=FACE_OUTER_BOUND('',#523,.T.);
#155=FACE_OUTER_BOUND('',#524,.T.);
#156=FACE_OUTER_BOUND('',#525,.T.);
#157=FACE_OUTER_BOUND('',#526,.T.);
#158=FACE_OUTER_BOUND('',#527,.T.);
#159=FACE_OUTER_BOUND('',#528,.T.);
#160=FACE_OUTER_BOUND('',#529,.T.);
#161=FACE_OUTER_BOUND('',#530,.T.);
#162=FACE_OUTER_BOUND('',#531,.T.);
#163=FACE_OUTER_BOUND('',#532,.T.);
#164=FACE_OUTER_BOUND('',#533,.T.);
#165=FACE_OUTER_BOUND('',#534,.T.);
#166=FACE_OUTER_BOUND('',#535,.T.);
#167=FACE_OUTER_BOUND('',#536,.T.);
#168=FACE_OUTER_BOUND('',#537,.T.);
#169=FACE_OUTER_BOUND('',#538,.T.);
#170=FACE_OUTER_BOUND('',#539,.T.);
#171=FACE_OUTER_BOUND('',#540,.T.);
#172=FACE_OUTER_BOUND('',#541,.T.);
#173=FACE_OUTER_BOUND('',#542,.T.);
#174=FACE_OUTER_BOUND('',#543,.T.);
#175=FACE_OUTER_BOUND('',#544,.T.);
#176=FACE_OUTER_BOUND('',#545,.T.);
#177=FACE_OUTER_BOUND('',#546,.T.);
#178=FACE_OUTER_BOUND('',#547,.T.);
#179=FACE_OUTER_BOUND('',#548,.T.);
#180=FACE_OUTER_BOUND('',#549,.T.);
#181=FACE_OUTER_BOUND('',#550,.T.);
#182=FACE_OUTER_BOUND('',#551,.T.);
#183=FACE_OUTER_BOUND('',#552,.T.);
#184=FACE_OUTER_BOUND('',#553,.T.);
#185=FACE_OUTER_BOUND('',#554,.T.);
#186=FACE_OUTER_BOUND('',#555,.T.);
#187=FACE_OUTER_BOUND('',#556,.T.);
#188=FACE_OUTER_BOUND('',#557,.T.);
#189=FACE_OUTER_BOUND('',#558,.T.);
#190=FACE_OUTER_BOUND('',#559,.T.);
#191=FACE_OUTER_BOUND('',#560,.T.);
#192=FACE_OUTER_BOUND('',#561,.T.);
#193=FACE_OUTER_BOUND('',#562,.T.);
#194=FACE_OUTER_BOUND('',#563,.T.);
#195=FACE_OUTER_BOUND('',#564,.T.);
#196=FACE_OUTER_BOUND('',#565,.T.);
#197=FACE_OUTER_BOUND('',#566,.T.);
#198=FACE_OUTER_BOUND('',#567,.T.);
#199=FACE_OUTER_BOUND('',#568,.T.);
#200=FACE_OUTER_BOUND('',#569,.T.);
#201=FACE_OUTER_BOUND('',#570,.T.);
#202=FACE_OUTER_BOUND('',#571,.T.);
#203=FACE_OUTER_BOUND('',#572,.T.);
#204=FACE_OUTER_BOUND('',#573,.T.);
#205=FACE_OUTER_BOUND('',#574,.T.);
#206=FACE_OUTER_BOUND('',#575,.T.);
#207=FACE_OUTER_BOUND('',#576,.T.);
#208=FACE_OUTER_BOUND('',#577,.T.);
#209=FACE_OUTER_BOUND('',#578,.T.);
#210=FACE_OUTER_BOUND('',#579,.T.);
#211=FACE_OUTER_BOUND('',#580,.T.);
#212=FACE_OUTER_BOUND('',#581,.T.);
#213=FACE_OUTER_BOUND('',#582,.T.);
#214=FACE_OUTER_BOUND('',#583,.T.);
#215=FACE_OUTER_BOUND('',#584,.T.);
#216=FACE_OUTER_BOUND('',#585,.T.);
#217=FACE_OUTER_BOUND('',#586,.T.);
#218=FACE_OUTER_BOUND('',#587,.T.);
#219=FACE_OUTER_BOUND('',#588,.T.);
#220=FACE_OUTER_BOUND('',#589,.T.);
#221=FACE_OUTER_BOUND('',#590,.T.);
#222=FACE_OUTER_BOUND('',#591,.T.);
#223=FACE_OUTER_BOUND('',#592,.T.);
#224=FACE_OUTER_BOUND('',#593,.T.);
#225=FACE_OUTER_BOUND('',#594,.T.);
#226=FACE_OUTER_BOUND('',#595,.T.);
#227=FACE_OUTER_BOUND('',#596,.T.);
#228=FACE_OUTER_BOUND('',#597,.T.);
#229=FACE_OUTER_BOUND('',#598,.T.);
#230=FACE_OUTER_BOUND('',#599,.T.);
#231=FACE_OUTER_BOUND('',#600,.T.);
#232=FACE_OUTER_BOUND('',#601,.T.);
#233=FACE_OUTER_BOUND('',#602,.T.);
#234=FACE_OUTER_BOUND('',#603,.T.);
#235=FACE_OUTER_BOUND('',#604,.T.);
#236=FACE_OUTER_BOUND('',#605,.T.);
#237=FACE_OUTER_BOUND('',#606,.T.);
#238=FACE_OUTER_BOUND('',#607,.T.);
#239=FACE_OUTER_BOUND('',#608,.T.);
#240=FACE_OUTER_BOUND('',#609,.T.);
#241=FACE_OUTER_BOUND('',#610,.T.);
#242=FACE_OUTER_BOUND('',#611,.T.);
#243=FACE_OUTER_BOUND('',#612,.T.);
#244=FACE_OUTER_BOUND('',#613,.T.);
#245=FACE_OUTER_BOUND('',#614,.T.);
#246=FACE_OUTER_BOUND('',#615,.T.);
#247=FACE_OUTER_BOUND('',#616,.T.);
#248=FACE_OUTER_BOUND('',#617,.T.);
#249=FACE_OUTER_BOUND('',#618,.T.);
#250=FACE_OUTER_BOUND('',#619,.T.);
#251=FACE_OUTER_BOUND('',#620,.T.);
#252=FACE_OUTER_BOUND('',#621,.T.);
#253=FACE_OUTER_BOUND('',#622,.T.);
#254=FACE_OUTER_BOUND('',#623,.T.);
#255=FACE_OUTER_BOUND('',#624,.T.);
#256=FACE_OUTER_BOUND('',#625,.T.);
#257=FACE_OUTER_BOUND('',#626,.T.);
#258=FACE_OUTER_BOUND('',#627,.T.);
#259=FACE_OUTER_BOUND('',#628,.T.);
#260=FACE_OUTER_BOUND('',#629,.T.);
#261=FACE_OUTER_BOUND('',#630,.T.);
#262=FACE_OUTER_BOUND('',#631,.T.);
#263=FACE_OUTER_BOUND('',#632,.T.);
#264=FACE_OUTER_BOUND('',#633,.T.);
#265=FACE_OUTER_BOUND('',#634,.T.);
#266=FACE_OUTER_BOUND('',#635,.T.);
#267=FACE_OUTER_BOUND('',#636,.T.);
#268=FACE_OUTER_BOUND('',#637,.T.);
#269=FACE_OUTER_BOUND('',#638,.T.);
#270=FACE_OUTER_BOUND('',#639,.T.);
#271=FACE_OUTER_BOUND('',#640,.T.);
#272=FACE_OUTER_BOUND('',#641,.T.);
#273=FACE_OUTER_BOUND('',#642,.T.);
#274=FACE_OUTER_BOUND('',#643,.T.);
#275=FACE_OUTER_BOUND('',#644,.T.);
#276=FACE_OUTER_BOUND('',#645,.T.);
#277=FACE_OUTER_BOUND('',#646,.T.);
#278=FACE_OUTER_BOUND('',#647,.T.);
#279=FACE_OUTER_BOUND('',#648,.T.);
#280=FACE_OUTER_BOUND('',#649,.T.);
#281=FACE_OUTER_BOUND('',#650,.T.);
#282=FACE_OUTER_BOUND('',#651,.T.);
#283=FACE_OUTER_BOUND('',#652,.T.);
#284=FACE_OUTER_BOUND('',#653,.T.);
#285=FACE_OUTER_BOUND('',#654,.T.);
#286=FACE_OUTER_BOUND('',#655,.T.);
#287=FACE_OUTER_BOUND('',#656,.T.);
#288=FACE_OUTER_BOUND('',#657,.T.);
#289=FACE_OUTER_BOUND('',#658,.T.);
#290=FACE_OUTER_BOUND('',#659,.T.);
#291=FACE_OUTER_BOUND('',#660,.T.);
#292=FACE_OUTER_BOUND('',#661,.T.);
#293=FACE_OUTER_BOUND('',#662,.T.);
#294=FACE_OUTER_BOUND('',#663,.T.);
#295=FACE_OUTER_BOUND('',#664,.T.);
#296=FACE_OUTER_BOUND('',#665,.T.);
#297=FACE_OUTER_BOUND('',#666,.T.);
#298=FACE_OUTER_BOUND('',#667,.T.);
#299=FACE_OUTER_BOUND('',#668,.T.);
#300=FACE_OUTER_BOUND('',#669,.T.);
#301=FACE_OUTER_BOUND('',#670,.T.);
#302=FACE_OUTER_BOUND('',#671,.T.);
#303=FACE_OUTER_BOUND('',#672,.T.);
#304=FACE_OUTER_BOUND('',#673,.T.);
#305=FACE_OUTER_BOUND('',#674,.T.);
#306=FACE_OUTER_BOUND('',#675,.T.);
#307=FACE_OUTER_BOUND('',#676,.T.);
#308=FACE_OUTER_BOUND('',#677,.T.);
#309=FACE_OUTER_BOUND('',#678,.T.);
#310=FACE_OUTER_BOUND('',#679,.T.);
#311=FACE_OUTER_BOUND('',#680,.T.);
#312=FACE_OUTER_BOUND('',#681,.T.);
#313=FACE_OUTER_BOUND('',#682,.T.);
#314=FACE_OUTER_BOUND('',#683,.T.);
#315=FACE_OUTER_BOUND('',#684,.T.);
#316=FACE_OUTER_BOUND('',#685,.T.);
#317=FACE_OUTER_BOUND('',#686,.T.);
#318=FACE_OUTER_BOUND('',#687,.T.);
#319=FACE_OUTER_BOUND('',#688,.T.);
#320=FACE_OUTER_BOUND('',#689,.T.);
#321=FACE_OUTER_BOUND('',#690,.T.);
#322=FACE_OUTER_BOUND('',#691,.T.);
#323=FACE_OUTER_BOUND('',#692,.T.);
#324=FACE_OUTER_BOUND('',#693,.T.);
#325=FACE_OUTER_BOUND('',#694,.T.);
#326=FACE_OUTER_BOUND('',#695,.T.);
#327=FACE_OUTER_BOUND('',#696,.T.);
#328=FACE_OUTER_BOUND('',#697,.T.);
#329=FACE_OUTER_BOUND('',#698,.T.);
#330=FACE_OUTER_BOUND('',#699,.T.);
#331=FACE_OUTER_BOUND('',#700,.T.);
#332=FACE_OUTER_BOUND('',#701,.T.);
#333=FACE_OUTER_BOUND('',#702,.T.);
#334=FACE_OUTER_BOUND('',#703,.T.);
#335=FACE_OUTER_BOUND('',#704,.T.);
#336=FACE_OUTER_BOUND('',#705,.T.);
#337=FACE_OUTER_BOUND('',#706,.T.);
#338=FACE_OUTER_BOUND('',#707,.T.);
#339=FACE_OUTER_BOUND('',#708,.T.);
#340=FACE_OUTER_BOUND('',#709,.T.);
#341=FACE_OUTER_BOUND('',#710,.T.);
#342=FACE_OUTER_BOUND('',#711,.T.);
#343=FACE_OUTER_BOUND('',#712,.T.);
#344=FACE_OUTER_BOUND('',#713,.T.);
#345=FACE_OUTER_BOUND('',#714,.T.);
#346=FACE_OUTER_BOUND('',#715,.T.);
#347=FACE_OUTER_BOUND('',#716,.T.);
#348=FACE_OUTER_BOUND('',#717,.T.);
#349=FACE_OUTER_BOUND('',#718,.T.);
#350=FACE_OUTER_BOUND('',#719,.T.);
#351=FACE_OUTER_BOUND('',#720,.T.);
#352=FACE_OUTER_BOUND('',#721,.T.);
#353=FACE_OUTER_BOUND('',#722,.T.);
#354=FACE_OUTER_BOUND('',#723,.T.);
#355=FACE_OUTER_BOUND('',#724,.T.);
#356=FACE_OUTER_BOUND('',#725,.T.);
#357=FACE_OUTER_BOUND('',#726,.T.);
#358=FACE_OUTER_BOUND('',#727,.T.);
#359=FACE_OUTER_BOUND('',#728,.T.);
#360=FACE_OUTER_BOUND('',#729,.T.);
#361=FACE_OUTER_BOUND('',#730,.T.);
#362=FACE_OUTER_BOUND('',#731,.T.);
#363=FACE_OUTER_BOUND('',#732,.T.);
#364=FACE_OUTER_BOUND('',#733,.T.);
#365=FACE_OUTER_BOUND('',#734,.T.);
#366=FACE_OUTER_BOUND('',#735,.T.);
#367=FACE_OUTER_BOUND('',#736,.T.);
#368=FACE_OUTER_BOUND('',#737,.T.);
#369=FACE_OUTER_BOUND('',#738,.T.);
#370=FACE_OUTER_BOUND('',#739,.T.);
#371=FACE_OUTER_BOUND('',#740,.T.);
#372=FACE_OUTER_BOUND('',#741,.T.);
#373=FACE_OUTER_BOUND('',#742,.T.);
#374=FACE_OUTER_BOUND('',#743,.T.);
#375=FACE_OUTER_BOUND('',#744,.T.);
#376=FACE_OUTER_BOUND('',#745,.T.);
#377=FACE_OUTER_BOUND('',#746,.T.);
#378=FACE_OUTER_BOUND('',#747,.T.);
#379=FACE_OUTER_BOUND('',#748,.T.);
#380=FACE_OUTER_BOUND('',#749,.T.);
#381=FACE_OUTER_BOUND('',#750,.T.);
#382=FACE_OUTER_BOUND('',#751,.T.);
#383=FACE_OUTER_BOUND('',#752,.T.);
#384=FACE_OUTER_BOUND('',#753,.T.);
#385=FACE_OUTER_BOUND('',#754,.T.);
#386=FACE_OUTER_BOUND('',#755,.T.);
#387=FACE_OUTER_BOUND('',#756,.T.);
#388=FACE_OUTER_BOUND('',#757,.T.);
#389=FACE_OUTER_BOUND('',#758,.T.);
#390=FACE_OUTER_BOUND('',#759,.T.);
#391=FACE_OUTER_BOUND('',#760,.T.);
#392=FACE_OUTER_BOUND('',#761,.T.);
#393=FACE_OUTER_BOUND('',#762,.T.);
#394=FACE_OUTER_BOUND('',#763,.T.);
#395=FACE_OUTER_BOUND('',#764,.T.);
#396=FACE_OUTER_BOUND('',#765,.T.);
#397=FACE_OUTER_BOUND('',#766,.T.);
#398=FACE_OUTER_BOUND('',#767,.T.);
#399=FACE_OUTER_BOUND('',#768,.T.);
#400=FACE_OUTER_BOUND('',#769,.T.);
#401=FACE_OUTER_BOUND('',#770,.T.);
#402=FACE_OUTER_BOUND('',#771,.T.);
#403=FACE_OUTER_BOUND('',#772,.T.);
#404=FACE_OUTER_BOUND('',#773,.T.);
#405=FACE_OUTER_BOUND('',#774,.T.);
#406=FACE_OUTER_BOUND('',#775,.T.);
#407=FACE_OUTER_BOUND('',#776,.T.);
#408=FACE_OUTER_BOUND('',#777,.T.);
#409=FACE_OUTER_BOUND('',#778,.T.);
#410=FACE_OUTER_BOUND('',#779,.T.);
#411=FACE_OUTER_BOUND('',#780,.T.);
#412=FACE_OUTER_BOUND('',#781,.T.);
#413=FACE_OUTER_BOUND('',#782,.T.);
#414=FACE_OUTER_BOUND('',#783,.T.);
#415=FACE_OUTER_BOUND('',#784,.T.);
#416=FACE_OUTER_BOUND('',#785,.T.);
#417=FACE_OUTER_BOUND('',#786,.T.);
#418=FACE_OUTER_BOUND('',#787,.T.);
#419=FACE_OUTER_BOUND('',#788,.T.);
#420=FACE_OUTER_BOUND('',#789,.T.);
#421=FACE_OUTER_BOUND('',#790,.T.);
#422=FACE_OUTER_BOUND('',#791,.T.);
#423=FACE_OUTER_BOUND('',#792,.T.);
#424=FACE_OUTER_BOUND('',#793,.T.);
#425=FACE_OUTER_BOUND('',#794,.T.);
#426=FACE_OUTER_BOUND('',#795,.T.);
#427=FACE_OUTER_BOUND('',#796,.T.);
#428=FACE_OUTER_BOUND('',#797,.T.);
#429=FACE_OUTER_BOUND('',#798,.T.);
#430=FACE_OUTER_BOUND('',#799,.T.);
#431=FACE_OUTER_BOUND('',#800,.T.);
#432=FACE_OUTER_BOUND('',#801,.T.);
#433=FACE_OUTER_BOUND('',#802,.T.);
#434=FACE_OUTER_BOUND('',#803,.T.);
#435=FACE_OUTER_BOUND('',#804,.T.);
#436=FACE_OUTER_BOUND('',#805,.T.);
#437=FACE_OUTER_BOUND('',#806,.T.);
#438=FACE_OUTER_BOUND('',#807,.T.);
#439=FACE_OUTER_BOUND('',#808,.T.);
#440=FACE_OUTER_BOUND('',#809,.T.);
#441=FACE_OUTER_BOUND('',#810,.T.);
#442=FACE_OUTER_BOUND('',#811,.T.);
#443=FACE_OUTER_BOUND('',#812,.T.);
#444=FACE_OUTER_BOUND('',#813,.T.);
#445=FACE_OUTER_BOUND('',#814,.T.);
#446=FACE_OUTER_BOUND('',#815,.T.);
#447=FACE_OUTER_BOUND('',#816,.T.);
#448=FACE_OUTER_BOUND('',#817,.T.);
#449=FACE_OUTER_BOUND('',#818,.T.);
#450=FACE_OUTER_BOUND('',#819,.T.);
#451=FACE_OUTER_BOUND('',#820,.T.);
#452=FACE_OUTER_BOUND('',#821,.T.);
#453=FACE_OUTER_BOUND('',#822,.T.);
#454=FACE_OUTER_BOUND('',#823,.T.);
#455=FACE_OUTER_BOUND('',#824,.T.);
#456=FACE_OUTER_BOUND('',#825,.T.);
#457=FACE_OUTER_BOUND('',#826,.T.);
#458=FACE_OUTER_BOUND('',#827,.T.);
#459=FACE_OUTER_BOUND('',#828,.T.);
#460=FACE_OUTER_BOUND('',#829,.T.);
#461=FACE_OUTER_BOUND('',#830,.T.);
#462=FACE_OUTER_BOUND('',#831,.T.);
#463=FACE_OUTER_BOUND('',#832,.T.);
#464=FACE_OUTER_BOUND('',#833,.T.);
#465=FACE_OUTER_BOUND('',#834,.T.);
#466=FACE_OUTER_BOUND('',#835,.T.);
#467=FACE_OUTER_BOUND('',#836,.T.);
#468=FACE_OUTER_BOUND('',#837,.T.);
#469=FACE_OUTER_BOUND('',#838,.T.);
#470=FACE_OUTER_BOUND('',#839,.T.);
#471=FACE_OUTER_BOUND('',#840,.T.);
#472=FACE_OUTER_BOUND('',#841,.T.);
#473=FACE_OUTER_BOUND('',#842,.T.);
#474=FACE_OUTER_BOUND('',#843,.T.);
#475=FACE_OUTER_BOUND('',#844,.T.);
#476=FACE_OUTER_BOUND('',#845,.T.);
#477=FACE_OUTER_BOUND('',#846,.T.);
#478=FACE_OUTER_BOUND('',#847,.T.);
#479=FACE_OUTER_BOUND('',#848,.T.);
#480=FACE_OUTER_BOUND('',#849,.T.);
#481=FACE_OUTER_BOUND('',#850,.T.);
#482=FACE_OUTER_BOUND('',#851,.T.);
#483=FACE_OUTER_BOUND('',#852,.T.);
#484=FACE_OUTER_BOUND('',#853,.T.);
#485=FACE_OUTER_BOUND('',#854,.T.);
#486=FACE_OUTER_BOUND('',#855,.T.);
#487=FACE_OUTER_BOUND('',#856,.T.);
#488=FACE_OUTER_BOUND('',#857,.T.);
#489=FACE_OUTER_BOUND('',#858,.T.);
#490=FACE_OUTER_BOUND('',#859,.T.);
#491=FACE_OUTER_BOUND('',#860,.T.);
#492=FACE_OUTER_BOUND('',#861,.T.);
#493=FACE_OUTER_BOUND('',#862,.T.);
#494=FACE_OUTER_BOUND('',#863,.T.);
#495=FACE_OUTER_BOUND('',#864,.T.);
#496=FACE_OUTER_BOUND('',#865,.T.);
#497=FACE_OUTER_BOUND('',#866,.T.);
#498=FACE_OUTER_BOUND('',#867,.T.);
#499=FACE_OUTER_BOUND('',#868,.T.);
#500=FACE_OUTER_BOUND('',#869,.T.);
#501=FACE_OUTER_BOUND('',#870,.T.);
#502=FACE_OUTER_BOUND('',#871,.T.);
#503=FACE_OUTER_BOUND('',#872,.T.);
#504=FACE_OUTER_BOUND('',#873,.T.);
#505=EDGE_LOOP('',(#4325,#4326,#4327,#4328));
#506=EDGE_LOOP('',(#4329,#4330,#4331,#4332));
#507=EDGE_LOOP('',(#4333,#4334,#4335,#4336,#4337,#4338,#4339,#4340,#4341,
#4342,#4343,#4344,#4345,#4346,#4347,#4348,#4349,#4350,#4351,#4352,#4353,
#4354,#4355,#4356,#4357,#4358,#4359,#4360,#4361,#4362,#4363,#4364,#4365,
#4366,#4367,#4368,#4369,#4370,#4371,#4372,#4373,#4374,#4375,#4376,#4377,
#4378,#4379,#4380,#4381,#4382,#4383,#4384,#4385,#4386,#4387,#4388,#4389,
#4390,#4391,#4392,#4393,#4394,#4395,#4396,#4397,#4398,#4399,#4400,#4401,
#4402,#4403,#4404,#4405,#4406,#4407,#4408,#4409,#4410,#4411,#4412,#4413,
#4414,#4415,#4416,#4417,#4418,#4419,#4420,#4421,#4422,#4423,#4424,#4425,
#4426,#4427,#4428,#4429,#4430,#4431,#4432,#4433,#4434,#4435,#4436,#4437,
#4438,#4439,#4440,#4441,#4442,#4443,#4444,#4445,#4446,#4447,#4448,#4449,
#4450,#4451,#4452,#4453,#4454,#4455,#4456,#4457,#4458,#4459,#4460,#4461,
#4462,#4463,#4464,#4465,#4466,#4467,#4468,#4469,#4470,#4471,#4472,#4473,
#4474,#4475,#4476,#4477,#4478,#4479,#4480,#4481,#4482,#4483,#4484,#4485,
#4486,#4487,#4488,#4489,#4490,#4491,#4492,#4493,#4494,#4495,#4496,#4497,
#4498,#4499,#4500,#4501,#4502,#4503,#4504,#4505,#4506,#4507,#4508,#4509,
#4510,#4511,#4512,#4513,#4514,#4515,#4516,#4517,#4518,#4519,#4520,#4521,
#4522,#4523,#4524,#4525,#4526,#4527,#4528,#4529,#4530,#4531,#4532,#4533,
#4534,#4535,#4536,#4537,#4538,#4539,#4540,#4541,#4542,#4543,#4544,#4545,
#4546,#4547,#4548,#4549,#4550,#4551,#4552,#4553,#4554,#4555,#4556,#4557,
#4558,#4559,#4560,#4561,#4562,#4563,#4564,#4565,#4566,#4567,#4568,#4569,
#4570,#4571,#4572,#4573,#4574,#4575,#4576,#4577,#4578,#4579,#4580,#4581,
#4582,#4583,#4584,#4585,#4586,#4587,#4588,#4589,#4590,#4591,#4592,#4593,
#4594,#4595,#4596,#4597,#4598,#4599,#4600,#4601,#4602,#4603,#4604,#4605,
#4606,#4607,#4608,#4609,#4610,#4611,#4612,#4613,#4614,#4615,#4616,#4617,
#4618,#4619,#4620,#4621,#4622,#4623,#4624,#4625,#4626,#4627,#4628,#4629,
#4630,#4631,#4632,#4633,#4634,#4635,#4636,#4637,#4638,#4639,#4640,#4641,
#4642,#4643,#4644,#4645,#4646,#4647,#4648,#4649,#4650,#4651,#4652,#4653,
#4654,#4655,#4656,#4657,#4658,#4659,#4660,#4661,#4662,#4663,#4664,#4665,
#4666,#4667,#4668,#4669,#4670,#4671,#4672,#4673,#4674,#4675,#4676,#4677,
#4678,#4679,#4680,#4681));
#508=EDGE_LOOP('',(#4682,#4683,#4684,#4685));
#509=EDGE_LOOP('',(#4686));
#510=EDGE_LOOP('',(#4687));
#511=EDGE_LOOP('',(#4688));
#512=EDGE_LOOP('',(#4689));
#513=EDGE_LOOP('',(#4690,#4691,#4692,#4693));
#514=EDGE_LOOP('',(#4694,#4695,#4696,#4697));
#515=EDGE_LOOP('',(#4698,#4699,#4700,#4701));
#516=EDGE_LOOP('',(#4702,#4703,#4704,#4705,#4706,#4707,#4708,#4709,#4710,
#4711,#4712,#4713,#4714,#4715,#4716,#4717,#4718,#4719,#4720,#4721,#4722,
#4723,#4724,#4725,#4726,#4727,#4728,#4729,#4730,#4731,#4732,#4733,#4734,
#4735,#4736,#4737,#4738,#4739,#4740,#4741,#4742,#4743,#4744,#4745,#4746,
#4747,#4748,#4749,#4750,#4751,#4752,#4753,#4754,#4755,#4756,#4757,#4758,
#4759,#4760,#4761,#4762,#4763,#4764,#4765,#4766,#4767,#4768,#4769,#4770,
#4771,#4772,#4773,#4774,#4775,#4776,#4777,#4778,#4779,#4780,#4781,#4782,
#4783,#4784,#4785,#4786,#4787,#4788,#4789,#4790,#4791,#4792,#4793,#4794,
#4795,#4796,#4797,#4798,#4799,#4800,#4801,#4802,#4803,#4804,#4805,#4806,
#4807,#4808,#4809,#4810,#4811,#4812,#4813,#4814,#4815,#4816,#4817,#4818,
#4819,#4820,#4821,#4822,#4823,#4824,#4825,#4826,#4827,#4828,#4829,#4830,
#4831,#4832,#4833,#4834,#4835,#4836,#4837,#4838,#4839,#4840,#4841,#4842,
#4843,#4844,#4845,#4846,#4847,#4848,#4849,#4850,#4851,#4852,#4853,#4854,
#4855,#4856,#4857,#4858,#4859,#4860,#4861,#4862,#4863,#4864,#4865,#4866,
#4867,#4868,#4869,#4870,#4871,#4872,#4873,#4874,#4875,#4876,#4877,#4878,
#4879,#4880,#4881,#4882,#4883,#4884,#4885,#4886,#4887,#4888,#4889,#4890,
#4891,#4892,#4893,#4894,#4895,#4896,#4897,#4898,#4899,#4900,#4901,#4902,
#4903,#4904,#4905,#4906,#4907,#4908,#4909,#4910,#4911,#4912,#4913,#4914,
#4915,#4916,#4917,#4918,#4919,#4920,#4921,#4922,#4923,#4924,#4925,#4926,
#4927,#4928,#4929,#4930,#4931,#4932,#4933,#4934,#4935,#4936,#4937,#4938,
#4939,#4940,#4941,#4942,#4943,#4944,#4945,#4946,#4947,#4948,#4949,#4950,
#4951,#4952,#4953,#4954,#4955,#4956,#4957,#4958,#4959,#4960,#4961,#4962,
#4963,#4964,#4965,#4966,#4967,#4968,#4969,#4970,#4971,#4972,#4973,#4974,
#4975,#4976,#4977,#4978,#4979,#4980,#4981,#4982,#4983,#4984,#4985,#4986,
#4987,#4988,#4989,#4990,#4991,#4992,#4993,#4994,#4995,#4996,#4997,#4998,
#4999,#5000,#5001,#5002,#5003,#5004,#5005,#5006,#5007,#5008,#5009,#5010,
#5011,#5012,#5013,#5014,#5015,#5016,#5017,#5018,#5019,#5020,#5021,#5022,
#5023,#5024,#5025,#5026,#5027,#5028,#5029,#5030,#5031,#5032,#5033,#5034,
#5035,#5036,#5037,#5038,#5039,#5040,#5041,#5042,#5043,#5044,#5045,#5046,
#5047,#5048,#5049,#5050));
#517=EDGE_LOOP('',(#5051,#5052,#5053,#5054));
#518=EDGE_LOOP('',(#5055));
#519=EDGE_LOOP('',(#5056));
#520=EDGE_LOOP('',(#5057));
#521=EDGE_LOOP('',(#5058));
#522=EDGE_LOOP('',(#5059,#5060,#5061,#5062));
#523=EDGE_LOOP('',(#5063,#5064,#5065,#5066));
#524=EDGE_LOOP('',(#5067,#5068,#5069,#5070));
#525=EDGE_LOOP('',(#5071,#5072,#5073,#5074));
#526=EDGE_LOOP('',(#5075,#5076,#5077,#5078));
#527=EDGE_LOOP('',(#5079,#5080,#5081,#5082));
#528=EDGE_LOOP('',(#5083,#5084,#5085,#5086));
#529=EDGE_LOOP('',(#5087,#5088,#5089,#5090));
#530=EDGE_LOOP('',(#5091,#5092,#5093,#5094));
#531=EDGE_LOOP('',(#5095,#5096,#5097,#5098));
#532=EDGE_LOOP('',(#5099,#5100,#5101,#5102));
#533=EDGE_LOOP('',(#5103,#5104,#5105,#5106));
#534=EDGE_LOOP('',(#5107,#5108,#5109,#5110));
#535=EDGE_LOOP('',(#5111,#5112,#5113,#5114));
#536=EDGE_LOOP('',(#5115,#5116,#5117,#5118));
#537=EDGE_LOOP('',(#5119,#5120,#5121,#5122));
#538=EDGE_LOOP('',(#5123,#5124,#5125,#5126));
#539=EDGE_LOOP('',(#5127,#5128,#5129,#5130));
#540=EDGE_LOOP('',(#5131,#5132,#5133,#5134));
#541=EDGE_LOOP('',(#5135,#5136,#5137,#5138));
#542=EDGE_LOOP('',(#5139,#5140,#5141,#5142));
#543=EDGE_LOOP('',(#5143,#5144,#5145,#5146));
#544=EDGE_LOOP('',(#5147,#5148,#5149,#5150));
#545=EDGE_LOOP('',(#5151,#5152,#5153,#5154));
#546=EDGE_LOOP('',(#5155,#5156,#5157,#5158));
#547=EDGE_LOOP('',(#5159,#5160,#5161,#5162));
#548=EDGE_LOOP('',(#5163,#5164,#5165,#5166));
#549=EDGE_LOOP('',(#5167,#5168,#5169,#5170));
#550=EDGE_LOOP('',(#5171,#5172,#5173,#5174));
#551=EDGE_LOOP('',(#5175,#5176,#5177,#5178));
#552=EDGE_LOOP('',(#5179,#5180,#5181,#5182));
#553=EDGE_LOOP('',(#5183,#5184,#5185,#5186));
#554=EDGE_LOOP('',(#5187,#5188,#5189,#5190));
#555=EDGE_LOOP('',(#5191,#5192,#5193,#5194));
#556=EDGE_LOOP('',(#5195,#5196,#5197,#5198));
#557=EDGE_LOOP('',(#5199,#5200,#5201,#5202));
#558=EDGE_LOOP('',(#5203,#5204,#5205,#5206));
#559=EDGE_LOOP('',(#5207,#5208,#5209,#5210));
#560=EDGE_LOOP('',(#5211,#5212,#5213,#5214));
#561=EDGE_LOOP('',(#5215,#5216,#5217,#5218));
#562=EDGE_LOOP('',(#5219,#5220,#5221,#5222));
#563=EDGE_LOOP('',(#5223,#5224,#5225,#5226));
#564=EDGE_LOOP('',(#5227,#5228,#5229,#5230));
#565=EDGE_LOOP('',(#5231,#5232,#5233,#5234));
#566=EDGE_LOOP('',(#5235,#5236,#5237,#5238));
#567=EDGE_LOOP('',(#5239,#5240,#5241,#5242));
#568=EDGE_LOOP('',(#5243,#5244,#5245,#5246));
#569=EDGE_LOOP('',(#5247,#5248,#5249,#5250));
#570=EDGE_LOOP('',(#5251,#5252,#5253,#5254));
#571=EDGE_LOOP('',(#5255,#5256,#5257,#5258));
#572=EDGE_LOOP('',(#5259,#5260,#5261,#5262));
#573=EDGE_LOOP('',(#5263,#5264,#5265,#5266));
#574=EDGE_LOOP('',(#5267,#5268,#5269,#5270));
#575=EDGE_LOOP('',(#5271,#5272,#5273,#5274));
#576=EDGE_LOOP('',(#5275,#5276,#5277,#5278));
#577=EDGE_LOOP('',(#5279,#5280,#5281,#5282));
#578=EDGE_LOOP('',(#5283,#5284,#5285,#5286));
#579=EDGE_LOOP('',(#5287,#5288,#5289,#5290));
#580=EDGE_LOOP('',(#5291,#5292,#5293,#5294));
#581=EDGE_LOOP('',(#5295,#5296,#5297,#5298));
#582=EDGE_LOOP('',(#5299,#5300,#5301,#5302));
#583=EDGE_LOOP('',(#5303,#5304,#5305,#5306));
#584=EDGE_LOOP('',(#5307,#5308,#5309,#5310));
#585=EDGE_LOOP('',(#5311,#5312,#5313,#5314));
#586=EDGE_LOOP('',(#5315,#5316,#5317,#5318));
#587=EDGE_LOOP('',(#5319,#5320,#5321,#5322));
#588=EDGE_LOOP('',(#5323,#5324,#5325,#5326));
#589=EDGE_LOOP('',(#5327,#5328,#5329,#5330));
#590=EDGE_LOOP('',(#5331,#5332,#5333,#5334));
#591=EDGE_LOOP('',(#5335,#5336,#5337,#5338));
#592=EDGE_LOOP('',(#5339,#5340,#5341,#5342));
#593=EDGE_LOOP('',(#5343,#5344,#5345,#5346));
#594=EDGE_LOOP('',(#5347,#5348,#5349,#5350));
#595=EDGE_LOOP('',(#5351,#5352,#5353,#5354));
#596=EDGE_LOOP('',(#5355,#5356,#5357,#5358));
#597=EDGE_LOOP('',(#5359,#5360,#5361,#5362));
#598=EDGE_LOOP('',(#5363,#5364,#5365,#5366));
#599=EDGE_LOOP('',(#5367,#5368,#5369,#5370));
#600=EDGE_LOOP('',(#5371,#5372,#5373,#5374));
#601=EDGE_LOOP('',(#5375,#5376,#5377,#5378));
#602=EDGE_LOOP('',(#5379,#5380,#5381,#5382));
#603=EDGE_LOOP('',(#5383,#5384,#5385,#5386));
#604=EDGE_LOOP('',(#5387,#5388,#5389,#5390));
#605=EDGE_LOOP('',(#5391,#5392,#5393,#5394));
#606=EDGE_LOOP('',(#5395,#5396,#5397,#5398));
#607=EDGE_LOOP('',(#5399,#5400,#5401,#5402));
#608=EDGE_LOOP('',(#5403,#5404,#5405,#5406));
#609=EDGE_LOOP('',(#5407,#5408,#5409,#5410));
#610=EDGE_LOOP('',(#5411,#5412,#5413,#5414));
#611=EDGE_LOOP('',(#5415,#5416,#5417,#5418));
#612=EDGE_LOOP('',(#5419,#5420,#5421,#5422));
#613=EDGE_LOOP('',(#5423,#5424,#5425,#5426));
#614=EDGE_LOOP('',(#5427,#5428,#5429,#5430));
#615=EDGE_LOOP('',(#5431,#5432,#5433,#5434));
#616=EDGE_LOOP('',(#5435,#5436,#5437,#5438));
#617=EDGE_LOOP('',(#5439,#5440,#5441,#5442));
#618=EDGE_LOOP('',(#5443,#5444,#5445,#5446));
#619=EDGE_LOOP('',(#5447,#5448,#5449,#5450));
#620=EDGE_LOOP('',(#5451,#5452,#5453,#5454));
#621=EDGE_LOOP('',(#5455,#5456,#5457,#5458));
#622=EDGE_LOOP('',(#5459,#5460,#5461,#5462));
#623=EDGE_LOOP('',(#5463,#5464,#5465,#5466));
#624=EDGE_LOOP('',(#5467,#5468,#5469,#5470));
#625=EDGE_LOOP('',(#5471,#5472,#5473,#5474));
#626=EDGE_LOOP('',(#5475,#5476,#5477,#5478));
#627=EDGE_LOOP('',(#5479,#5480,#5481,#5482));
#628=EDGE_LOOP('',(#5483,#5484,#5485,#5486));
#629=EDGE_LOOP('',(#5487,#5488,#5489,#5490));
#630=EDGE_LOOP('',(#5491,#5492,#5493,#5494));
#631=EDGE_LOOP('',(#5495,#5496,#5497,#5498));
#632=EDGE_LOOP('',(#5499,#5500,#5501,#5502));
#633=EDGE_LOOP('',(#5503,#5504,#5505,#5506));
#634=EDGE_LOOP('',(#5507,#5508,#5509,#5510));
#635=EDGE_LOOP('',(#5511,#5512,#5513,#5514));
#636=EDGE_LOOP('',(#5515,#5516,#5517,#5518));
#637=EDGE_LOOP('',(#5519,#5520,#5521,#5522));
#638=EDGE_LOOP('',(#5523,#5524,#5525,#5526));
#639=EDGE_LOOP('',(#5527,#5528,#5529,#5530));
#640=EDGE_LOOP('',(#5531,#5532,#5533,#5534));
#641=EDGE_LOOP('',(#5535,#5536,#5537,#5538));
#642=EDGE_LOOP('',(#5539,#5540,#5541,#5542));
#643=EDGE_LOOP('',(#5543,#5544,#5545,#5546));
#644=EDGE_LOOP('',(#5547,#5548,#5549,#5550));
#645=EDGE_LOOP('',(#5551,#5552,#5553,#5554));
#646=EDGE_LOOP('',(#5555,#5556,#5557,#5558));
#647=EDGE_LOOP('',(#5559,#5560,#5561,#5562));
#648=EDGE_LOOP('',(#5563,#5564,#5565,#5566));
#649=EDGE_LOOP('',(#5567,#5568,#5569,#5570));
#650=EDGE_LOOP('',(#5571,#5572,#5573,#5574));
#651=EDGE_LOOP('',(#5575,#5576,#5577,#5578));
#652=EDGE_LOOP('',(#5579,#5580,#5581,#5582));
#653=EDGE_LOOP('',(#5583,#5584,#5585,#5586));
#654=EDGE_LOOP('',(#5587,#5588,#5589,#5590));
#655=EDGE_LOOP('',(#5591,#5592,#5593,#5594));
#656=EDGE_LOOP('',(#5595,#5596,#5597,#5598));
#657=EDGE_LOOP('',(#5599,#5600,#5601,#5602));
#658=EDGE_LOOP('',(#5603,#5604,#5605,#5606));
#659=EDGE_LOOP('',(#5607,#5608,#5609,#5610));
#660=EDGE_LOOP('',(#5611,#5612,#5613,#5614));
#661=EDGE_LOOP('',(#5615,#5616,#5617,#5618));
#662=EDGE_LOOP('',(#5619,#5620,#5621,#5622));
#663=EDGE_LOOP('',(#5623,#5624,#5625,#5626));
#664=EDGE_LOOP('',(#5627,#5628,#5629,#5630));
#665=EDGE_LOOP('',(#5631,#5632,#5633,#5634));
#666=EDGE_LOOP('',(#5635,#5636,#5637,#5638));
#667=EDGE_LOOP('',(#5639,#5640,#5641,#5642));
#668=EDGE_LOOP('',(#5643,#5644,#5645,#5646));
#669=EDGE_LOOP('',(#5647,#5648,#5649,#5650));
#670=EDGE_LOOP('',(#5651,#5652,#5653,#5654));
#671=EDGE_LOOP('',(#5655,#5656,#5657,#5658));
#672=EDGE_LOOP('',(#5659,#5660,#5661,#5662));
#673=EDGE_LOOP('',(#5663,#5664,#5665,#5666));
#674=EDGE_LOOP('',(#5667,#5668,#5669,#5670));
#675=EDGE_LOOP('',(#5671,#5672,#5673,#5674));
#676=EDGE_LOOP('',(#5675,#5676,#5677,#5678));
#677=EDGE_LOOP('',(#5679,#5680,#5681,#5682));
#678=EDGE_LOOP('',(#5683,#5684,#5685,#5686));
#679=EDGE_LOOP('',(#5687,#5688,#5689,#5690));
#680=EDGE_LOOP('',(#5691,#5692,#5693,#5694));
#681=EDGE_LOOP('',(#5695,#5696,#5697,#5698));
#682=EDGE_LOOP('',(#5699,#5700,#5701,#5702));
#683=EDGE_LOOP('',(#5703,#5704,#5705,#5706));
#684=EDGE_LOOP('',(#5707,#5708,#5709,#5710));
#685=EDGE_LOOP('',(#5711,#5712,#5713,#5714));
#686=EDGE_LOOP('',(#5715,#5716,#5717,#5718));
#687=EDGE_LOOP('',(#5719,#5720,#5721,#5722));
#688=EDGE_LOOP('',(#5723,#5724,#5725,#5726));
#689=EDGE_LOOP('',(#5727,#5728,#5729,#5730));
#690=EDGE_LOOP('',(#5731,#5732,#5733,#5734));
#691=EDGE_LOOP('',(#5735,#5736,#5737,#5738));
#692=EDGE_LOOP('',(#5739,#5740,#5741,#5742));
#693=EDGE_LOOP('',(#5743,#5744,#5745,#5746));
#694=EDGE_LOOP('',(#5747,#5748,#5749,#5750));
#695=EDGE_LOOP('',(#5751,#5752,#5753,#5754));
#696=EDGE_LOOP('',(#5755,#5756,#5757,#5758));
#697=EDGE_LOOP('',(#5759,#5760,#5761,#5762));
#698=EDGE_LOOP('',(#5763,#5764,#5765,#5766));
#699=EDGE_LOOP('',(#5767,#5768,#5769,#5770));
#700=EDGE_LOOP('',(#5771,#5772,#5773,#5774));
#701=EDGE_LOOP('',(#5775,#5776,#5777,#5778));
#702=EDGE_LOOP('',(#5779,#5780,#5781,#5782));
#703=EDGE_LOOP('',(#5783,#5784,#5785,#5786));
#704=EDGE_LOOP('',(#5787,#5788,#5789,#5790));
#705=EDGE_LOOP('',(#5791,#5792,#5793,#5794));
#706=EDGE_LOOP('',(#5795,#5796,#5797,#5798));
#707=EDGE_LOOP('',(#5799,#5800,#5801,#5802));
#708=EDGE_LOOP('',(#5803,#5804,#5805,#5806));
#709=EDGE_LOOP('',(#5807,#5808,#5809,#5810));
#710=EDGE_LOOP('',(#5811,#5812,#5813,#5814));
#711=EDGE_LOOP('',(#5815,#5816,#5817,#5818));
#712=EDGE_LOOP('',(#5819,#5820,#5821,#5822));
#713=EDGE_LOOP('',(#5823,#5824,#5825,#5826));
#714=EDGE_LOOP('',(#5827,#5828,#5829,#5830));
#715=EDGE_LOOP('',(#5831,#5832,#5833,#5834));
#716=EDGE_LOOP('',(#5835,#5836,#5837,#5838));
#717=EDGE_LOOP('',(#5839,#5840,#5841,#5842));
#718=EDGE_LOOP('',(#5843,#5844,#5845,#5846));
#719=EDGE_LOOP('',(#5847,#5848,#5849,#5850));
#720=EDGE_LOOP('',(#5851,#5852,#5853,#5854));
#721=EDGE_LOOP('',(#5855,#5856,#5857,#5858));
#722=EDGE_LOOP('',(#5859,#5860,#5861,#5862));
#723=EDGE_LOOP('',(#5863,#5864,#5865,#5866));
#724=EDGE_LOOP('',(#5867,#5868,#5869,#5870));
#725=EDGE_LOOP('',(#5871,#5872,#5873,#5874));
#726=EDGE_LOOP('',(#5875,#5876,#5877,#5878));
#727=EDGE_LOOP('',(#5879,#5880,#5881,#5882));
#728=EDGE_LOOP('',(#5883,#5884,#5885,#5886));
#729=EDGE_LOOP('',(#5887,#5888,#5889,#5890));
#730=EDGE_LOOP('',(#5891,#5892,#5893,#5894));
#731=EDGE_LOOP('',(#5895,#5896,#5897,#5898));
#732=EDGE_LOOP('',(#5899,#5900,#5901,#5902));
#733=EDGE_LOOP('',(#5903,#5904,#5905,#5906));
#734=EDGE_LOOP('',(#5907,#5908,#5909,#5910));
#735=EDGE_LOOP('',(#5911,#5912,#5913,#5914));
#736=EDGE_LOOP('',(#5915,#5916,#5917,#5918));
#737=EDGE_LOOP('',(#5919,#5920,#5921,#5922));
#738=EDGE_LOOP('',(#5923,#5924,#5925,#5926));
#739=EDGE_LOOP('',(#5927,#5928,#5929,#5930));
#740=EDGE_LOOP('',(#5931,#5932,#5933,#5934));
#741=EDGE_LOOP('',(#5935,#5936,#5937,#5938));
#742=EDGE_LOOP('',(#5939,#5940,#5941,#5942));
#743=EDGE_LOOP('',(#5943,#5944,#5945,#5946));
#744=EDGE_LOOP('',(#5947,#5948,#5949,#5950));
#745=EDGE_LOOP('',(#5951,#5952,#5953,#5954));
#746=EDGE_LOOP('',(#5955,#5956,#5957,#5958));
#747=EDGE_LOOP('',(#5959,#5960,#5961,#5962));
#748=EDGE_LOOP('',(#5963,#5964,#5965,#5966));
#749=EDGE_LOOP('',(#5967,#5968,#5969,#5970));
#750=EDGE_LOOP('',(#5971,#5972,#5973,#5974));
#751=EDGE_LOOP('',(#5975,#5976,#5977,#5978));
#752=EDGE_LOOP('',(#5979,#5980,#5981,#5982));
#753=EDGE_LOOP('',(#5983,#5984,#5985,#5986));
#754=EDGE_LOOP('',(#5987,#5988,#5989,#5990));
#755=EDGE_LOOP('',(#5991,#5992,#5993,#5994));
#756=EDGE_LOOP('',(#5995,#5996,#5997,#5998));
#757=EDGE_LOOP('',(#5999,#6000,#6001,#6002));
#758=EDGE_LOOP('',(#6003,#6004,#6005,#6006));
#759=EDGE_LOOP('',(#6007,#6008,#6009,#6010));
#760=EDGE_LOOP('',(#6011,#6012,#6013,#6014));
#761=EDGE_LOOP('',(#6015,#6016,#6017,#6018));
#762=EDGE_LOOP('',(#6019,#6020,#6021,#6022));
#763=EDGE_LOOP('',(#6023,#6024,#6025,#6026));
#764=EDGE_LOOP('',(#6027,#6028,#6029,#6030));
#765=EDGE_LOOP('',(#6031,#6032,#6033,#6034));
#766=EDGE_LOOP('',(#6035,#6036,#6037,#6038));
#767=EDGE_LOOP('',(#6039,#6040,#6041,#6042));
#768=EDGE_LOOP('',(#6043,#6044,#6045,#6046));
#769=EDGE_LOOP('',(#6047,#6048,#6049,#6050));
#770=EDGE_LOOP('',(#6051,#6052,#6053,#6054));
#771=EDGE_LOOP('',(#6055,#6056,#6057,#6058));
#772=EDGE_LOOP('',(#6059,#6060,#6061,#6062));
#773=EDGE_LOOP('',(#6063,#6064,#6065,#6066));
#774=EDGE_LOOP('',(#6067,#6068,#6069,#6070));
#775=EDGE_LOOP('',(#6071,#6072,#6073,#6074));
#776=EDGE_LOOP('',(#6075,#6076,#6077,#6078));
#777=EDGE_LOOP('',(#6079,#6080,#6081,#6082));
#778=EDGE_LOOP('',(#6083,#6084,#6085,#6086));
#779=EDGE_LOOP('',(#6087,#6088,#6089,#6090));
#780=EDGE_LOOP('',(#6091,#6092,#6093,#6094));
#781=EDGE_LOOP('',(#6095,#6096,#6097,#6098));
#782=EDGE_LOOP('',(#6099,#6100,#6101,#6102));
#783=EDGE_LOOP('',(#6103,#6104,#6105,#6106));
#784=EDGE_LOOP('',(#6107,#6108,#6109,#6110));
#785=EDGE_LOOP('',(#6111,#6112,#6113,#6114));
#786=EDGE_LOOP('',(#6115,#6116,#6117,#6118));
#787=EDGE_LOOP('',(#6119,#6120,#6121,#6122));
#788=EDGE_LOOP('',(#6123,#6124,#6125,#6126));
#789=EDGE_LOOP('',(#6127,#6128,#6129,#6130));
#790=EDGE_LOOP('',(#6131,#6132,#6133,#6134));
#791=EDGE_LOOP('',(#6135,#6136,#6137,#6138));
#792=EDGE_LOOP('',(#6139,#6140,#6141,#6142));
#793=EDGE_LOOP('',(#6143,#6144,#6145,#6146));
#794=EDGE_LOOP('',(#6147,#6148,#6149,#6150));
#795=EDGE_LOOP('',(#6151,#6152,#6153,#6154));
#796=EDGE_LOOP('',(#6155,#6156,#6157,#6158));
#797=EDGE_LOOP('',(#6159,#6160,#6161,#6162));
#798=EDGE_LOOP('',(#6163,#6164,#6165,#6166));
#799=EDGE_LOOP('',(#6167,#6168,#6169,#6170));
#800=EDGE_LOOP('',(#6171,#6172,#6173,#6174));
#801=EDGE_LOOP('',(#6175,#6176,#6177,#6178));
#802=EDGE_LOOP('',(#6179,#6180,#6181,#6182));
#803=EDGE_LOOP('',(#6183,#6184,#6185,#6186));
#804=EDGE_LOOP('',(#6187,#6188,#6189,#6190));
#805=EDGE_LOOP('',(#6191,#6192,#6193,#6194));
#806=EDGE_LOOP('',(#6195,#6196,#6197,#6198));
#807=EDGE_LOOP('',(#6199,#6200,#6201,#6202));
#808=EDGE_LOOP('',(#6203,#6204,#6205,#6206));
#809=EDGE_LOOP('',(#6207,#6208,#6209,#6210));
#810=EDGE_LOOP('',(#6211,#6212,#6213,#6214));
#811=EDGE_LOOP('',(#6215,#6216,#6217,#6218));
#812=EDGE_LOOP('',(#6219,#6220,#6221,#6222));
#813=EDGE_LOOP('',(#6223,#6224,#6225,#6226));
#814=EDGE_LOOP('',(#6227,#6228,#6229,#6230));
#815=EDGE_LOOP('',(#6231,#6232,#6233,#6234));
#816=EDGE_LOOP('',(#6235,#6236,#6237,#6238));
#817=EDGE_LOOP('',(#6239,#6240,#6241,#6242));
#818=EDGE_LOOP('',(#6243,#6244,#6245,#6246));
#819=EDGE_LOOP('',(#6247,#6248,#6249,#6250));
#820=EDGE_LOOP('',(#6251,#6252,#6253,#6254));
#821=EDGE_LOOP('',(#6255,#6256,#6257,#6258));
#822=EDGE_LOOP('',(#6259,#6260,#6261,#6262));
#823=EDGE_LOOP('',(#6263,#6264,#6265,#6266));
#824=EDGE_LOOP('',(#6267,#6268,#6269,#6270));
#825=EDGE_LOOP('',(#6271,#6272,#6273,#6274));
#826=EDGE_LOOP('',(#6275,#6276,#6277,#6278));
#827=EDGE_LOOP('',(#6279,#6280,#6281,#6282));
#828=EDGE_LOOP('',(#6283,#6284,#6285,#6286));
#829=EDGE_LOOP('',(#6287,#6288,#6289,#6290));
#830=EDGE_LOOP('',(#6291,#6292,#6293,#6294));
#831=EDGE_LOOP('',(#6295,#6296,#6297,#6298));
#832=EDGE_LOOP('',(#6299,#6300,#6301,#6302));
#833=EDGE_LOOP('',(#6303,#6304,#6305,#6306));
#834=EDGE_LOOP('',(#6307,#6308,#6309,#6310));
#835=EDGE_LOOP('',(#6311,#6312,#6313,#6314));
#836=EDGE_LOOP('',(#6315,#6316,#6317,#6318));
#837=EDGE_LOOP('',(#6319,#6320,#6321,#6322));
#838=EDGE_LOOP('',(#6323,#6324,#6325,#6326));
#839=EDGE_LOOP('',(#6327,#6328,#6329,#6330));
#840=EDGE_LOOP('',(#6331,#6332,#6333,#6334));
#841=EDGE_LOOP('',(#6335,#6336,#6337,#6338));
#842=EDGE_LOOP('',(#6339,#6340,#6341,#6342));
#843=EDGE_LOOP('',(#6343,#6344,#6345,#6346));
#844=EDGE_LOOP('',(#6347,#6348,#6349,#6350));
#845=EDGE_LOOP('',(#6351,#6352,#6353,#6354));
#846=EDGE_LOOP('',(#6355,#6356,#6357,#6358));
#847=EDGE_LOOP('',(#6359,#6360,#6361,#6362));
#848=EDGE_LOOP('',(#6363,#6364,#6365,#6366));
#849=EDGE_LOOP('',(#6367,#6368,#6369,#6370));
#850=EDGE_LOOP('',(#6371,#6372,#6373,#6374));
#851=EDGE_LOOP('',(#6375,#6376,#6377,#6378));
#852=EDGE_LOOP('',(#6379,#6380,#6381,#6382));
#853=EDGE_LOOP('',(#6383,#6384,#6385,#6386));
#854=EDGE_LOOP('',(#6387,#6388,#6389,#6390));
#855=EDGE_LOOP('',(#6391,#6392,#6393,#6394));
#856=EDGE_LOOP('',(#6395,#6396,#6397,#6398));
#857=EDGE_LOOP('',(#6399,#6400,#6401,#6402));
#858=EDGE_LOOP('',(#6403,#6404,#6405,#6406));
#859=EDGE_LOOP('',(#6407,#6408,#6409,#6410));
#860=EDGE_LOOP('',(#6411,#6412,#6413,#6414));
#861=EDGE_LOOP('',(#6415,#6416,#6417,#6418));
#862=EDGE_LOOP('',(#6419,#6420,#6421,#6422));
#863=EDGE_LOOP('',(#6423,#6424,#6425,#6426));
#864=EDGE_LOOP('',(#6427,#6428,#6429,#6430));
#865=EDGE_LOOP('',(#6431,#6432,#6433,#6434));
#866=EDGE_LOOP('',(#6435,#6436,#6437,#6438));
#867=EDGE_LOOP('',(#6439,#6440,#6441,#6442));
#868=EDGE_LOOP('',(#6443,#6444,#6445,#6446));
#869=EDGE_LOOP('',(#6447,#6448,#6449,#6450));
#870=EDGE_LOOP('',(#6451,#6452,#6453,#6454));
#871=EDGE_LOOP('',(#6455,#6456,#6457,#6458));
#872=EDGE_LOOP('',(#6459,#6460,#6461,#6462));
#873=EDGE_LOOP('',(#6463,#6464,#6465,#6466));
#874=LINE('',#10186,#1469);
#875=LINE('',#10189,#1470);
#876=LINE('',#10192,#1471);
#877=LINE('',#10194,#1472);
#878=LINE('',#10195,#1473);
#879=LINE('',#10202,#1474);
#880=LINE('',#10206,#1475);
#881=LINE('',#10214,#1476);
#882=LINE('',#10218,#1477);
#883=LINE('',#10226,#1478);
#884=LINE('',#10230,#1479);
#885=LINE('',#10238,#1480);
#886=LINE('',#10242,#1481);
#887=LINE('',#10250,#1482);
#888=LINE('',#10254,#1483);
#889=LINE('',#10262,#1484);
#890=LINE('',#10266,#1485);
#891=LINE('',#10274,#1486);
#892=LINE('',#10278,#1487);
#893=LINE('',#10286,#1488);
#894=LINE('',#10290,#1489);
#895=LINE('',#10298,#1490);
#896=LINE('',#10302,#1491);
#897=LINE('',#10310,#1492);
#898=LINE('',#10314,#1493);
#899=LINE('',#10322,#1494);
#900=LINE('',#10326,#1495);
#901=LINE('',#10334,#1496);
#902=LINE('',#10338,#1497);
#903=LINE('',#10346,#1498);
#904=LINE('',#10350,#1499);
#905=LINE('',#10358,#1500);
#906=LINE('',#10362,#1501);
#907=LINE('',#10370,#1502);
#908=LINE('',#10374,#1503);
#909=LINE('',#10382,#1504);
#910=LINE('',#10386,#1505);
#911=LINE('',#10394,#1506);
#912=LINE('',#10398,#1507);
#913=LINE('',#10406,#1508);
#914=LINE('',#10410,#1509);
#915=LINE('',#10418,#1510);
#916=LINE('',#10422,#1511);
#917=LINE('',#10430,#1512);
#918=LINE('',#10434,#1513);
#919=LINE('',#10442,#1514);
#920=LINE('',#10446,#1515);
#921=LINE('',#10454,#1516);
#922=LINE('',#10458,#1517);
#923=LINE('',#10466,#1518);
#924=LINE('',#10470,#1519);
#925=LINE('',#10478,#1520);
#926=LINE('',#10482,#1521);
#927=LINE('',#10490,#1522);
#928=LINE('',#10494,#1523);
#929=LINE('',#10502,#1524);
#930=LINE('',#10506,#1525);
#931=LINE('',#10514,#1526);
#932=LINE('',#10518,#1527);
#933=LINE('',#10526,#1528);
#934=LINE('',#10530,#1529);
#935=LINE('',#10538,#1530);
#936=LINE('',#10542,#1531);
#937=LINE('',#10550,#1532);
#938=LINE('',#10554,#1533);
#939=LINE('',#10562,#1534);
#940=LINE('',#10566,#1535);
#941=LINE('',#10574,#1536);
#942=LINE('',#10578,#1537);
#943=LINE('',#10586,#1538);
#944=LINE('',#10590,#1539);
#945=LINE('',#10598,#1540);
#946=LINE('',#10602,#1541);
#947=LINE('',#10610,#1542);
#948=LINE('',#10614,#1543);
#949=LINE('',#10622,#1544);
#950=LINE('',#10626,#1545);
#951=LINE('',#10634,#1546);
#952=LINE('',#10638,#1547);
#953=LINE('',#10646,#1548);
#954=LINE('',#10650,#1549);
#955=LINE('',#10658,#1550);
#956=LINE('',#10662,#1551);
#957=LINE('',#10670,#1552);
#958=LINE('',#10674,#1553);
#959=LINE('',#10682,#1554);
#960=LINE('',#10686,#1555);
#961=LINE('',#10694,#1556);
#962=LINE('',#10698,#1557);
#963=LINE('',#10706,#1558);
#964=LINE('',#10710,#1559);
#965=LINE('',#10718,#1560);
#966=LINE('',#10722,#1561);
#967=LINE('',#10730,#1562);
#968=LINE('',#10734,#1563);
#969=LINE('',#10742,#1564);
#970=LINE('',#10746,#1565);
#971=LINE('',#10754,#1566);
#972=LINE('',#10758,#1567);
#973=LINE('',#10766,#1568);
#974=LINE('',#10770,#1569);
#975=LINE('',#10778,#1570);
#976=LINE('',#10782,#1571);
#977=LINE('',#10790,#1572);
#978=LINE('',#10794,#1573);
#979=LINE('',#10802,#1574);
#980=LINE('',#10806,#1575);
#981=LINE('',#10814,#1576);
#982=LINE('',#10818,#1577);
#983=LINE('',#10826,#1578);
#984=LINE('',#10830,#1579);
#985=LINE('',#10838,#1580);
#986=LINE('',#10842,#1581);
#987=LINE('',#10850,#1582);
#988=LINE('',#10854,#1583);
#989=LINE('',#10862,#1584);
#990=LINE('',#10866,#1585);
#991=LINE('',#10870,#1586);
#992=LINE('',#10874,#1587);
#993=LINE('',#10876,#1588);
#994=LINE('',#10880,#1589);
#995=LINE('',#10884,#1590);
#996=LINE('',#10888,#1591);
#997=LINE('',#10908,#1592);
#998=LINE('',#10911,#1593);
#999=LINE('',#10914,#1594);
#1000=LINE('',#10915,#1595);
#1001=LINE('',#10920,#1596);
#1002=LINE('',#10924,#1597);
#1003=LINE('',#10928,#1598);
#1004=LINE('',#10930,#1599);
#1005=LINE('',#10934,#1600);
#1006=LINE('',#10938,#1601);
#1007=LINE('',#10942,#1602);
#1008=LINE('',#10950,#1603);
#1009=LINE('',#10954,#1604);
#1010=LINE('',#10962,#1605);
#1011=LINE('',#10966,#1606);
#1012=LINE('',#10974,#1607);
#1013=LINE('',#10978,#1608);
#1014=LINE('',#10986,#1609);
#1015=LINE('',#10990,#1610);
#1016=LINE('',#10998,#1611);
#1017=LINE('',#11002,#1612);
#1018=LINE('',#11010,#1613);
#1019=LINE('',#11014,#1614);
#1020=LINE('',#11022,#1615);
#1021=LINE('',#11026,#1616);
#1022=LINE('',#11034,#1617);
#1023=LINE('',#11038,#1618);
#1024=LINE('',#11046,#1619);
#1025=LINE('',#11050,#1620);
#1026=LINE('',#11058,#1621);
#1027=LINE('',#11062,#1622);
#1028=LINE('',#11070,#1623);
#1029=LINE('',#11074,#1624);
#1030=LINE('',#11082,#1625);
#1031=LINE('',#11086,#1626);
#1032=LINE('',#11094,#1627);
#1033=LINE('',#11098,#1628);
#1034=LINE('',#11106,#1629);
#1035=LINE('',#11110,#1630);
#1036=LINE('',#11118,#1631);
#1037=LINE('',#11122,#1632);
#1038=LINE('',#11130,#1633);
#1039=LINE('',#11134,#1634);
#1040=LINE('',#11142,#1635);
#1041=LINE('',#11146,#1636);
#1042=LINE('',#11154,#1637);
#1043=LINE('',#11158,#1638);
#1044=LINE('',#11166,#1639);
#1045=LINE('',#11170,#1640);
#1046=LINE('',#11178,#1641);
#1047=LINE('',#11182,#1642);
#1048=LINE('',#11190,#1643);
#1049=LINE('',#11194,#1644);
#1050=LINE('',#11202,#1645);
#1051=LINE('',#11206,#1646);
#1052=LINE('',#11214,#1647);
#1053=LINE('',#11218,#1648);
#1054=LINE('',#11226,#1649);
#1055=LINE('',#11230,#1650);
#1056=LINE('',#11238,#1651);
#1057=LINE('',#11242,#1652);
#1058=LINE('',#11250,#1653);
#1059=LINE('',#11254,#1654);
#1060=LINE('',#11262,#1655);
#1061=LINE('',#11266,#1656);
#1062=LINE('',#11274,#1657);
#1063=LINE('',#11278,#1658);
#1064=LINE('',#11286,#1659);
#1065=LINE('',#11290,#1660);
#1066=LINE('',#11298,#1661);
#1067=LINE('',#11302,#1662);
#1068=LINE('',#11310,#1663);
#1069=LINE('',#11314,#1664);
#1070=LINE('',#11322,#1665);
#1071=LINE('',#11326,#1666);
#1072=LINE('',#11334,#1667);
#1073=LINE('',#11338,#1668);
#1074=LINE('',#11346,#1669);
#1075=LINE('',#11350,#1670);
#1076=LINE('',#11358,#1671);
#1077=LINE('',#11362,#1672);
#1078=LINE('',#11370,#1673);
#1079=LINE('',#11374,#1674);
#1080=LINE('',#11382,#1675);
#1081=LINE('',#11386,#1676);
#1082=LINE('',#11394,#1677);
#1083=LINE('',#11398,#1678);
#1084=LINE('',#11406,#1679);
#1085=LINE('',#11410,#1680);
#1086=LINE('',#11418,#1681);
#1087=LINE('',#11422,#1682);
#1088=LINE('',#11430,#1683);
#1089=LINE('',#11434,#1684);
#1090=LINE('',#11442,#1685);
#1091=LINE('',#11446,#1686);
#1092=LINE('',#11454,#1687);
#1093=LINE('',#11458,#1688);
#1094=LINE('',#11466,#1689);
#1095=LINE('',#11470,#1690);
#1096=LINE('',#11478,#1691);
#1097=LINE('',#11482,#1692);
#1098=LINE('',#11490,#1693);
#1099=LINE('',#11494,#1694);
#1100=LINE('',#11502,#1695);
#1101=LINE('',#11506,#1696);
#1102=LINE('',#11514,#1697);
#1103=LINE('',#11518,#1698);
#1104=LINE('',#11526,#1699);
#1105=LINE('',#11530,#1700);
#1106=LINE('',#11538,#1701);
#1107=LINE('',#11542,#1702);
#1108=LINE('',#11550,#1703);
#1109=LINE('',#11554,#1704);
#1110=LINE('',#11562,#1705);
#1111=LINE('',#11566,#1706);
#1112=LINE('',#11574,#1707);
#1113=LINE('',#11578,#1708);
#1114=LINE('',#11586,#1709);
#1115=LINE('',#11590,#1710);
#1116=LINE('',#11598,#1711);
#1117=LINE('',#11602,#1712);
#1118=LINE('',#11623,#1713);
#1119=LINE('',#11624,#1714);
#1120=LINE('',#11626,#1715);
#1121=LINE('',#11628,#1716);
#1122=LINE('',#11629,#1717);
#1123=LINE('',#11631,#1718);
#1124=LINE('',#11634,#1719);
#1125=LINE('',#11635,#1720);
#1126=LINE('',#11637,#1721);
#1127=LINE('',#11639,#1722);
#1128=LINE('',#11640,#1723);
#1129=LINE('',#11642,#1724);
#1130=LINE('',#11645,#1725);
#1131=LINE('',#11646,#1726);
#1132=LINE('',#11648,#1727);
#1133=LINE('',#11650,#1728);
#1134=LINE('',#11651,#1729);
#1135=LINE('',#11653,#1730);
#1136=LINE('',#11656,#1731);
#1137=LINE('',#11657,#1732);
#1138=LINE('',#11659,#1733);
#1139=LINE('',#11661,#1734);
#1140=LINE('',#11662,#1735);
#1141=LINE('',#11664,#1736);
#1142=LINE('',#11667,#1737);
#1143=LINE('',#11668,#1738);
#1144=LINE('',#11670,#1739);
#1145=LINE('',#11672,#1740);
#1146=LINE('',#11673,#1741);
#1147=LINE('',#11675,#1742);
#1148=LINE('',#11678,#1743);
#1149=LINE('',#11679,#1744);
#1150=LINE('',#11681,#1745);
#1151=LINE('',#11683,#1746);
#1152=LINE('',#11684,#1747);
#1153=LINE('',#11686,#1748);
#1154=LINE('',#11689,#1749);
#1155=LINE('',#11690,#1750);
#1156=LINE('',#11692,#1751);
#1157=LINE('',#11694,#1752);
#1158=LINE('',#11695,#1753);
#1159=LINE('',#11697,#1754);
#1160=LINE('',#11700,#1755);
#1161=LINE('',#11701,#1756);
#1162=LINE('',#11703,#1757);
#1163=LINE('',#11705,#1758);
#1164=LINE('',#11706,#1759);
#1165=LINE('',#11708,#1760);
#1166=LINE('',#11711,#1761);
#1167=LINE('',#11712,#1762);
#1168=LINE('',#11714,#1763);
#1169=LINE('',#11716,#1764);
#1170=LINE('',#11717,#1765);
#1171=LINE('',#11719,#1766);
#1172=LINE('',#11722,#1767);
#1173=LINE('',#11723,#1768);
#1174=LINE('',#11725,#1769);
#1175=LINE('',#11727,#1770);
#1176=LINE('',#11728,#1771);
#1177=LINE('',#11730,#1772);
#1178=LINE('',#11733,#1773);
#1179=LINE('',#11734,#1774);
#1180=LINE('',#11736,#1775);
#1181=LINE('',#11738,#1776);
#1182=LINE('',#11739,#1777);
#1183=LINE('',#11741,#1778);
#1184=LINE('',#11744,#1779);
#1185=LINE('',#11745,#1780);
#1186=LINE('',#11747,#1781);
#1187=LINE('',#11749,#1782);
#1188=LINE('',#11750,#1783);
#1189=LINE('',#11752,#1784);
#1190=LINE('',#11755,#1785);
#1191=LINE('',#11756,#1786);
#1192=LINE('',#11758,#1787);
#1193=LINE('',#11760,#1788);
#1194=LINE('',#11761,#1789);
#1195=LINE('',#11763,#1790);
#1196=LINE('',#11766,#1791);
#1197=LINE('',#11767,#1792);
#1198=LINE('',#11769,#1793);
#1199=LINE('',#11771,#1794);
#1200=LINE('',#11772,#1795);
#1201=LINE('',#11774,#1796);
#1202=LINE('',#11776,#1797);
#1203=LINE('',#11778,#1798);
#1204=LINE('',#11781,#1799);
#1205=LINE('',#11783,#1800);
#1206=LINE('',#11784,#1801);
#1207=LINE('',#11786,#1802);
#1208=LINE('',#11788,#1803);
#1209=LINE('',#11790,#1804);
#1210=LINE('',#11793,#1805);
#1211=LINE('',#11795,#1806);
#1212=LINE('',#11796,#1807);
#1213=LINE('',#11798,#1808);
#1214=LINE('',#11800,#1809);
#1215=LINE('',#11802,#1810);
#1216=LINE('',#11805,#1811);
#1217=LINE('',#11807,#1812);
#1218=LINE('',#11808,#1813);
#1219=LINE('',#11810,#1814);
#1220=LINE('',#11812,#1815);
#1221=LINE('',#11814,#1816);
#1222=LINE('',#11818,#1817);
#1223=LINE('',#11820,#1818);
#1224=LINE('',#11821,#1819);
#1225=LINE('',#11823,#1820);
#1226=LINE('',#11825,#1821);
#1227=LINE('',#11827,#1822);
#1228=LINE('',#11830,#1823);
#1229=LINE('',#11832,#1824);
#1230=LINE('',#11833,#1825);
#1231=LINE('',#11835,#1826);
#1232=LINE('',#11837,#1827);
#1233=LINE('',#11839,#1828);
#1234=LINE('',#11842,#1829);
#1235=LINE('',#11844,#1830);
#1236=LINE('',#11845,#1831);
#1237=LINE('',#11847,#1832);
#1238=LINE('',#11849,#1833);
#1239=LINE('',#11851,#1834);
#1240=LINE('',#11855,#1835);
#1241=LINE('',#11857,#1836);
#1242=LINE('',#11858,#1837);
#1243=LINE('',#11860,#1838);
#1244=LINE('',#11862,#1839);
#1245=LINE('',#11864,#1840);
#1246=LINE('',#11867,#1841);
#1247=LINE('',#11869,#1842);
#1248=LINE('',#11870,#1843);
#1249=LINE('',#11872,#1844);
#1250=LINE('',#11874,#1845);
#1251=LINE('',#11876,#1846);
#1252=LINE('',#11879,#1847);
#1253=LINE('',#11881,#1848);
#1254=LINE('',#11882,#1849);
#1255=LINE('',#11884,#1850);
#1256=LINE('',#11886,#1851);
#1257=LINE('',#11888,#1852);
#1258=LINE('',#11892,#1853);
#1259=LINE('',#11894,#1854);
#1260=LINE('',#11895,#1855);
#1261=LINE('',#11897,#1856);
#1262=LINE('',#11899,#1857);
#1263=LINE('',#11901,#1858);
#1264=LINE('',#11904,#1859);
#1265=LINE('',#11906,#1860);
#1266=LINE('',#11907,#1861);
#1267=LINE('',#11909,#1862);
#1268=LINE('',#11911,#1863);
#1269=LINE('',#11913,#1864);
#1270=LINE('',#11916,#1865);
#1271=LINE('',#11918,#1866);
#1272=LINE('',#11919,#1867);
#1273=LINE('',#11921,#1868);
#1274=LINE('',#11923,#1869);
#1275=LINE('',#11925,#1870);
#1276=LINE('',#11929,#1871);
#1277=LINE('',#11931,#1872);
#1278=LINE('',#11932,#1873);
#1279=LINE('',#11934,#1874);
#1280=LINE('',#11936,#1875);
#1281=LINE('',#11938,#1876);
#1282=LINE('',#11941,#1877);
#1283=LINE('',#11943,#1878);
#1284=LINE('',#11944,#1879);
#1285=LINE('',#11946,#1880);
#1286=LINE('',#11948,#1881);
#1287=LINE('',#11950,#1882);
#1288=LINE('',#11953,#1883);
#1289=LINE('',#11955,#1884);
#1290=LINE('',#11956,#1885);
#1291=LINE('',#11958,#1886);
#1292=LINE('',#11960,#1887);
#1293=LINE('',#11962,#1888);
#1294=LINE('',#11966,#1889);
#1295=LINE('',#11968,#1890);
#1296=LINE('',#11969,#1891);
#1297=LINE('',#11971,#1892);
#1298=LINE('',#11973,#1893);
#1299=LINE('',#11975,#1894);
#1300=LINE('',#11978,#1895);
#1301=LINE('',#11980,#1896);
#1302=LINE('',#11981,#1897);
#1303=LINE('',#11983,#1898);
#1304=LINE('',#11985,#1899);
#1305=LINE('',#11987,#1900);
#1306=LINE('',#11990,#1901);
#1307=LINE('',#11992,#1902);
#1308=LINE('',#11993,#1903);
#1309=LINE('',#11995,#1904);
#1310=LINE('',#11997,#1905);
#1311=LINE('',#11999,#1906);
#1312=LINE('',#12003,#1907);
#1313=LINE('',#12005,#1908);
#1314=LINE('',#12006,#1909);
#1315=LINE('',#12008,#1910);
#1316=LINE('',#12010,#1911);
#1317=LINE('',#12012,#1912);
#1318=LINE('',#12015,#1913);
#1319=LINE('',#12017,#1914);
#1320=LINE('',#12018,#1915);
#1321=LINE('',#12020,#1916);
#1322=LINE('',#12022,#1917);
#1323=LINE('',#12024,#1918);
#1324=LINE('',#12027,#1919);
#1325=LINE('',#12029,#1920);
#1326=LINE('',#12030,#1921);
#1327=LINE('',#12032,#1922);
#1328=LINE('',#12034,#1923);
#1329=LINE('',#12036,#1924);
#1330=LINE('',#12040,#1925);
#1331=LINE('',#12042,#1926);
#1332=LINE('',#12043,#1927);
#1333=LINE('',#12045,#1928);
#1334=LINE('',#12047,#1929);
#1335=LINE('',#12049,#1930);
#1336=LINE('',#12052,#1931);
#1337=LINE('',#12054,#1932);
#1338=LINE('',#12055,#1933);
#1339=LINE('',#12057,#1934);
#1340=LINE('',#12059,#1935);
#1341=LINE('',#12061,#1936);
#1342=LINE('',#12064,#1937);
#1343=LINE('',#12066,#1938);
#1344=LINE('',#12067,#1939);
#1345=LINE('',#12069,#1940);
#1346=LINE('',#12071,#1941);
#1347=LINE('',#12073,#1942);
#1348=LINE('',#12077,#1943);
#1349=LINE('',#12079,#1944);
#1350=LINE('',#12080,#1945);
#1351=LINE('',#12082,#1946);
#1352=LINE('',#12084,#1947);
#1353=LINE('',#12086,#1948);
#1354=LINE('',#12089,#1949);
#1355=LINE('',#12091,#1950);
#1356=LINE('',#12092,#1951);
#1357=LINE('',#12094,#1952);
#1358=LINE('',#12096,#1953);
#1359=LINE('',#12098,#1954);
#1360=LINE('',#12101,#1955);
#1361=LINE('',#12103,#1956);
#1362=LINE('',#12104,#1957);
#1363=LINE('',#12106,#1958);
#1364=LINE('',#12108,#1959);
#1365=LINE('',#12110,#1960);
#1366=LINE('',#12114,#1961);
#1367=LINE('',#12116,#1962);
#1368=LINE('',#12117,#1963);
#1369=LINE('',#12119,#1964);
#1370=LINE('',#12121,#1965);
#1371=LINE('',#12123,#1966);
#1372=LINE('',#12126,#1967);
#1373=LINE('',#12128,#1968);
#1374=LINE('',#12129,#1969);
#1375=LINE('',#12131,#1970);
#1376=LINE('',#12133,#1971);
#1377=LINE('',#12135,#1972);
#1378=LINE('',#12138,#1973);
#1379=LINE('',#12140,#1974);
#1380=LINE('',#12141,#1975);
#1381=LINE('',#12143,#1976);
#1382=LINE('',#12145,#1977);
#1383=LINE('',#12147,#1978);
#1384=LINE('',#12151,#1979);
#1385=LINE('',#12153,#1980);
#1386=LINE('',#12154,#1981);
#1387=LINE('',#12156,#1982);
#1388=LINE('',#12158,#1983);
#1389=LINE('',#12160,#1984);
#1390=LINE('',#12163,#1985);
#1391=LINE('',#12165,#1986);
#1392=LINE('',#12166,#1987);
#1393=LINE('',#12168,#1988);
#1394=LINE('',#12170,#1989);
#1395=LINE('',#12172,#1990);
#1396=LINE('',#12175,#1991);
#1397=LINE('',#12177,#1992);
#1398=LINE('',#12178,#1993);
#1399=LINE('',#12180,#1994);
#1400=LINE('',#12182,#1995);
#1401=LINE('',#12184,#1996);
#1402=LINE('',#12188,#1997);
#1403=LINE('',#12190,#1998);
#1404=LINE('',#12191,#1999);
#1405=LINE('',#12193,#2000);
#1406=LINE('',#12195,#2001);
#1407=LINE('',#12197,#2002);
#1408=LINE('',#12200,#2003);
#1409=LINE('',#12202,#2004);
#1410=LINE('',#12203,#2005);
#1411=LINE('',#12205,#2006);
#1412=LINE('',#12207,#2007);
#1413=LINE('',#12209,#2008);
#1414=LINE('',#12212,#2009);
#1415=LINE('',#12214,#2010);
#1416=LINE('',#12215,#2011);
#1417=LINE('',#12217,#2012);
#1418=LINE('',#12219,#2013);
#1419=LINE('',#12221,#2014);
#1420=LINE('',#12225,#2015);
#1421=LINE('',#12227,#2016);
#1422=LINE('',#12228,#2017);
#1423=LINE('',#12230,#2018);
#1424=LINE('',#12232,#2019);
#1425=LINE('',#12234,#2020);
#1426=LINE('',#12237,#2021);
#1427=LINE('',#12239,#2022);
#1428=LINE('',#12240,#2023);
#1429=LINE('',#12242,#2024);
#1430=LINE('',#12244,#2025);
#1431=LINE('',#12246,#2026);
#1432=LINE('',#12249,#2027);
#1433=LINE('',#12251,#2028);
#1434=LINE('',#12252,#2029);
#1435=LINE('',#12254,#2030);
#1436=LINE('',#12256,#2031);
#1437=LINE('',#12258,#2032);
#1438=LINE('',#12262,#2033);
#1439=LINE('',#12264,#2034);
#1440=LINE('',#12265,#2035);
#1441=LINE('',#12267,#2036);
#1442=LINE('',#12269,#2037);
#1443=LINE('',#12271,#2038);
#1444=LINE('',#12274,#2039);
#1445=LINE('',#12276,#2040);
#1446=LINE('',#12277,#2041);
#1447=LINE('',#12279,#2042);
#1448=LINE('',#12281,#2043);
#1449=LINE('',#12283,#2044);
#1450=LINE('',#12286,#2045);
#1451=LINE('',#12288,#2046);
#1452=LINE('',#12290,#2047);
#1453=LINE('',#12292,#2048);
#1454=LINE('',#12294,#2049);
#1455=LINE('',#12297,#2050);
#1456=LINE('',#12298,#2051);
#1457=LINE('',#12300,#2052);
#1458=LINE('',#12302,#2053);
#1459=LINE('',#12305,#2054);
#1460=LINE('',#12307,#2055);
#1461=LINE('',#12309,#2056);
#1462=LINE('',#12311,#2057);
#1463=LINE('',#12313,#2058);
#1464=LINE('',#12314,#2059);
#1465=LINE('',#12316,#2060);
#1466=LINE('',#12318,#2061);
#1467=LINE('',#12321,#2062);
#1468=LINE('',#12323,#2063);
#1469=VECTOR('',#7919,0.499999999999998);
#1470=VECTOR('',#7922,0.499999999999998);
#1471=VECTOR('',#7925,10.);
#1472=VECTOR('',#7926,10.);
#1473=VECTOR('',#7927,10.);
#1474=VECTOR('',#7934,10.);
#1475=VECTOR('',#7937,10.);
#1476=VECTOR('',#7944,10.);
#1477=VECTOR('',#7947,10.);
#1478=VECTOR('',#7954,10.);
#1479=VECTOR('',#7957,10.);
#1480=VECTOR('',#7964,10.);
#1481=VECTOR('',#7967,10.);
#1482=VECTOR('',#7974,10.);
#1483=VECTOR('',#7977,10.);
#1484=VECTOR('',#7984,10.);
#1485=VECTOR('',#7987,10.);
#1486=VECTOR('',#7994,10.);
#1487=VECTOR('',#7997,10.);
#1488=VECTOR('',#8004,10.);
#1489=VECTOR('',#8007,10.);
#1490=VECTOR('',#8014,10.);
#1491=VECTOR('',#8017,10.);
#1492=VECTOR('',#8024,10.);
#1493=VECTOR('',#8027,10.);
#1494=VECTOR('',#8034,10.);
#1495=VECTOR('',#8037,10.);
#1496=VECTOR('',#8044,10.);
#1497=VECTOR('',#8047,10.);
#1498=VECTOR('',#8054,10.);
#1499=VECTOR('',#8057,10.);
#1500=VECTOR('',#8064,10.);
#1501=VECTOR('',#8067,10.);
#1502=VECTOR('',#8074,10.);
#1503=VECTOR('',#8077,10.);
#1504=VECTOR('',#8084,10.);
#1505=VECTOR('',#8087,10.);
#1506=VECTOR('',#8094,10.);
#1507=VECTOR('',#8097,10.);
#1508=VECTOR('',#8104,10.);
#1509=VECTOR('',#8107,10.);
#1510=VECTOR('',#8114,10.);
#1511=VECTOR('',#8117,10.);
#1512=VECTOR('',#8124,10.);
#1513=VECTOR('',#8127,10.);
#1514=VECTOR('',#8134,10.);
#1515=VECTOR('',#8137,10.);
#1516=VECTOR('',#8144,10.);
#1517=VECTOR('',#8147,10.);
#1518=VECTOR('',#8154,10.);
#1519=VECTOR('',#8157,10.);
#1520=VECTOR('',#8164,10.);
#1521=VECTOR('',#8167,10.);
#1522=VECTOR('',#8174,10.);
#1523=VECTOR('',#8177,10.);
#1524=VECTOR('',#8184,10.);
#1525=VECTOR('',#8187,10.);
#1526=VECTOR('',#8194,10.);
#1527=VECTOR('',#8197,10.);
#1528=VECTOR('',#8204,10.);
#1529=VECTOR('',#8207,10.);
#1530=VECTOR('',#8214,10.);
#1531=VECTOR('',#8217,10.);
#1532=VECTOR('',#8224,10.);
#1533=VECTOR('',#8227,10.);
#1534=VECTOR('',#8234,10.);
#1535=VECTOR('',#8237,10.);
#1536=VECTOR('',#8244,10.);
#1537=VECTOR('',#8247,10.);
#1538=VECTOR('',#8254,10.);
#1539=VECTOR('',#8257,10.);
#1540=VECTOR('',#8264,10.);
#1541=VECTOR('',#8267,10.);
#1542=VECTOR('',#8274,10.);
#1543=VECTOR('',#8277,10.);
#1544=VECTOR('',#8284,10.);
#1545=VECTOR('',#8287,10.);
#1546=VECTOR('',#8294,10.);
#1547=VECTOR('',#8297,10.);
#1548=VECTOR('',#8304,10.);
#1549=VECTOR('',#8307,10.);
#1550=VECTOR('',#8314,10.);
#1551=VECTOR('',#8317,10.);
#1552=VECTOR('',#8324,10.);
#1553=VECTOR('',#8327,10.);
#1554=VECTOR('',#8334,10.);
#1555=VECTOR('',#8337,10.);
#1556=VECTOR('',#8344,10.);
#1557=VECTOR('',#8347,10.);
#1558=VECTOR('',#8354,10.);
#1559=VECTOR('',#8357,10.);
#1560=VECTOR('',#8364,10.);
#1561=VECTOR('',#8367,10.);
#1562=VECTOR('',#8374,10.);
#1563=VECTOR('',#8377,10.);
#1564=VECTOR('',#8384,10.);
#1565=VECTOR('',#8387,10.);
#1566=VECTOR('',#8394,10.);
#1567=VECTOR('',#8397,10.);
#1568=VECTOR('',#8404,10.);
#1569=VECTOR('',#8407,10.);
#1570=VECTOR('',#8414,10.);
#1571=VECTOR('',#8417,10.);
#1572=VECTOR('',#8424,10.);
#1573=VECTOR('',#8427,10.);
#1574=VECTOR('',#8434,10.);
#1575=VECTOR('',#8437,10.);
#1576=VECTOR('',#8444,10.);
#1577=VECTOR('',#8447,10.);
#1578=VECTOR('',#8454,10.);
#1579=VECTOR('',#8457,10.);
#1580=VECTOR('',#8464,10.);
#1581=VECTOR('',#8467,10.);
#1582=VECTOR('',#8474,10.);
#1583=VECTOR('',#8477,10.);
#1584=VECTOR('',#8484,10.);
#1585=VECTOR('',#8487,10.);
#1586=VECTOR('',#8490,10.);
#1587=VECTOR('',#8493,10.);
#1588=VECTOR('',#8494,10.);
#1589=VECTOR('',#8497,10.);
#1590=VECTOR('',#8500,10.);
#1591=VECTOR('',#8503,10.);
#1592=VECTOR('',#8524,0.5);
#1593=VECTOR('',#8527,0.5);
#1594=VECTOR('',#8530,10.);
#1595=VECTOR('',#8531,10.);
#1596=VECTOR('',#8538,10.);
#1597=VECTOR('',#8541,10.);
#1598=VECTOR('',#8544,10.);
#1599=VECTOR('',#8545,10.);
#1600=VECTOR('',#8548,10.);
#1601=VECTOR('',#8551,10.);
#1602=VECTOR('',#8554,10.);
#1603=VECTOR('',#8561,10.);
#1604=VECTOR('',#8564,10.);
#1605=VECTOR('',#8571,10.);
#1606=VECTOR('',#8574,10.);
#1607=VECTOR('',#8581,10.);
#1608=VECTOR('',#8584,10.);
#1609=VECTOR('',#8591,10.);
#1610=VECTOR('',#8594,10.);
#1611=VECTOR('',#8601,10.);
#1612=VECTOR('',#8604,10.);
#1613=VECTOR('',#8611,10.);
#1614=VECTOR('',#8614,10.);
#1615=VECTOR('',#8621,10.);
#1616=VECTOR('',#8624,10.);
#1617=VECTOR('',#8631,10.);
#1618=VECTOR('',#8634,10.);
#1619=VECTOR('',#8641,10.);
#1620=VECTOR('',#8644,10.);
#1621=VECTOR('',#8651,10.);
#1622=VECTOR('',#8654,10.);
#1623=VECTOR('',#8661,10.);
#1624=VECTOR('',#8664,10.);
#1625=VECTOR('',#8671,10.);
#1626=VECTOR('',#8674,10.);
#1627=VECTOR('',#8681,10.);
#1628=VECTOR('',#8684,10.);
#1629=VECTOR('',#8691,10.);
#1630=VECTOR('',#8694,10.);
#1631=VECTOR('',#8701,10.);
#1632=VECTOR('',#8704,10.);
#1633=VECTOR('',#8711,10.);
#1634=VECTOR('',#8714,10.);
#1635=VECTOR('',#8721,10.);
#1636=VECTOR('',#8724,10.);
#1637=VECTOR('',#8731,10.);
#1638=VECTOR('',#8734,10.);
#1639=VECTOR('',#8741,10.);
#1640=VECTOR('',#8744,10.);
#1641=VECTOR('',#8751,10.);
#1642=VECTOR('',#8754,10.);
#1643=VECTOR('',#8761,10.);
#1644=VECTOR('',#8764,10.);
#1645=VECTOR('',#8771,10.);
#1646=VECTOR('',#8774,10.);
#1647=VECTOR('',#8781,10.);
#1648=VECTOR('',#8784,10.);
#1649=VECTOR('',#8791,10.);
#1650=VECTOR('',#8794,10.);
#1651=VECTOR('',#8801,10.);
#1652=VECTOR('',#8804,10.);
#1653=VECTOR('',#8811,10.);
#1654=VECTOR('',#8814,10.);
#1655=VECTOR('',#8821,10.);
#1656=VECTOR('',#8824,10.);
#1657=VECTOR('',#8831,10.);
#1658=VECTOR('',#8834,10.);
#1659=VECTOR('',#8841,10.);
#1660=VECTOR('',#8844,10.);
#1661=VECTOR('',#8851,10.);
#1662=VECTOR('',#8854,10.);
#1663=VECTOR('',#8861,10.);
#1664=VECTOR('',#8864,10.);
#1665=VECTOR('',#8871,10.);
#1666=VECTOR('',#8874,10.);
#1667=VECTOR('',#8881,10.);
#1668=VECTOR('',#8884,10.);
#1669=VECTOR('',#8891,10.);
#1670=VECTOR('',#8894,10.);
#1671=VECTOR('',#8901,10.);
#1672=VECTOR('',#8904,10.);
#1673=VECTOR('',#8911,10.);
#1674=VECTOR('',#8914,10.);
#1675=VECTOR('',#8921,10.);
#1676=VECTOR('',#8924,10.);
#1677=VECTOR('',#8931,10.);
#1678=VECTOR('',#8934,10.);
#1679=VECTOR('',#8941,10.);
#1680=VECTOR('',#8944,10.);
#1681=VECTOR('',#8951,10.);
#1682=VECTOR('',#8954,10.);
#1683=VECTOR('',#8961,10.);
#1684=VECTOR('',#8964,10.);
#1685=VECTOR('',#8971,10.);
#1686=VECTOR('',#8974,10.);
#1687=VECTOR('',#8981,10.);
#1688=VECTOR('',#8984,10.);
#1689=VECTOR('',#8991,10.);
#1690=VECTOR('',#8994,10.);
#1691=VECTOR('',#9001,10.);
#1692=VECTOR('',#9004,10.);
#1693=VECTOR('',#9011,10.);
#1694=VECTOR('',#9014,10.);
#1695=VECTOR('',#9021,10.);
#1696=VECTOR('',#9024,10.);
#1697=VECTOR('',#9031,10.);
#1698=VECTOR('',#9034,10.);
#1699=VECTOR('',#9041,10.);
#1700=VECTOR('',#9044,10.);
#1701=VECTOR('',#9051,10.);
#1702=VECTOR('',#9054,10.);
#1703=VECTOR('',#9061,10.);
#1704=VECTOR('',#9064,10.);
#1705=VECTOR('',#9071,10.);
#1706=VECTOR('',#9074,10.);
#1707=VECTOR('',#9081,10.);
#1708=VECTOR('',#9084,10.);
#1709=VECTOR('',#9091,10.);
#1710=VECTOR('',#9094,10.);
#1711=VECTOR('',#9101,10.);
#1712=VECTOR('',#9104,10.);
#1713=VECTOR('',#9127,0.5);
#1714=VECTOR('',#9128,0.5);
#1715=VECTOR('',#9131,10.);
#1716=VECTOR('',#9134,0.499999999999997);
#1717=VECTOR('',#9135,0.499999999999997);
#1718=VECTOR('',#9138,10.);
#1719=VECTOR('',#9143,0.499999999999999);
#1720=VECTOR('',#9144,0.499999999999999);
#1721=VECTOR('',#9147,10.);
#1722=VECTOR('',#9150,0.499999999999999);
#1723=VECTOR('',#9151,0.499999999999999);
#1724=VECTOR('',#9154,10.);
#1725=VECTOR('',#9159,0.499999999999994);
#1726=VECTOR('',#9160,0.499999999999994);
#1727=VECTOR('',#9163,10.);
#1728=VECTOR('',#9166,0.499999999999994);
#1729=VECTOR('',#9167,0.499999999999994);
#1730=VECTOR('',#9170,10.);
#1731=VECTOR('',#9175,0.5);
#1732=VECTOR('',#9176,0.5);
#1733=VECTOR('',#9179,10.);
#1734=VECTOR('',#9182,0.500000000000007);
#1735=VECTOR('',#9183,0.500000000000007);
#1736=VECTOR('',#9186,10.);
#1737=VECTOR('',#9191,0.499999999999995);
#1738=VECTOR('',#9192,0.499999999999995);
#1739=VECTOR('',#9195,10.);
#1740=VECTOR('',#9198,0.499999999999995);
#1741=VECTOR('',#9199,0.499999999999995);
#1742=VECTOR('',#9202,10.);
#1743=VECTOR('',#9207,0.499999999999995);
#1744=VECTOR('',#9208,0.499999999999995);
#1745=VECTOR('',#9211,10.);
#1746=VECTOR('',#9214,0.499999999999997);
#1747=VECTOR('',#9215,0.499999999999997);
#1748=VECTOR('',#9218,10.);
#1749=VECTOR('',#9223,0.499999999999998);
#1750=VECTOR('',#9224,0.499999999999998);
#1751=VECTOR('',#9227,10.);
#1752=VECTOR('',#9230,0.5);
#1753=VECTOR('',#9231,0.5);
#1754=VECTOR('',#9234,10.);
#1755=VECTOR('',#9239,0.5);
#1756=VECTOR('',#9240,0.5);
#1757=VECTOR('',#9243,10.);
#1758=VECTOR('',#9246,0.499999999999997);
#1759=VECTOR('',#9247,0.499999999999997);
#1760=VECTOR('',#9250,10.);
#1761=VECTOR('',#9255,0.499999999999995);
#1762=VECTOR('',#9256,0.499999999999995);
#1763=VECTOR('',#9259,10.);
#1764=VECTOR('',#9262,0.499999999999999);
#1765=VECTOR('',#9263,0.499999999999999);
#1766=VECTOR('',#9266,10.);
#1767=VECTOR('',#9271,0.499999999999994);
#1768=VECTOR('',#9272,0.499999999999994);
#1769=VECTOR('',#9275,10.);
#1770=VECTOR('',#9278,0.5);
#1771=VECTOR('',#9279,0.5);
#1772=VECTOR('',#9282,10.);
#1773=VECTOR('',#9287,0.5);
#1774=VECTOR('',#9288,0.5);
#1775=VECTOR('',#9291,10.);
#1776=VECTOR('',#9294,0.5);
#1777=VECTOR('',#9295,0.5);
#1778=VECTOR('',#9298,10.);
#1779=VECTOR('',#9303,0.500000000000003);
#1780=VECTOR('',#9304,0.500000000000003);
#1781=VECTOR('',#9307,10.);
#1782=VECTOR('',#9310,0.499999999999995);
#1783=VECTOR('',#9311,0.499999999999995);
#1784=VECTOR('',#9314,10.);
#1785=VECTOR('',#9319,0.499999999999995);
#1786=VECTOR('',#9320,0.499999999999995);
#1787=VECTOR('',#9323,10.);
#1788=VECTOR('',#9326,0.499999999999997);
#1789=VECTOR('',#9327,0.499999999999997);
#1790=VECTOR('',#9330,10.);
#1791=VECTOR('',#9335,10.);
#1792=VECTOR('',#9336,10.);
#1793=VECTOR('',#9339,10.);
#1794=VECTOR('',#9342,10.);
#1795=VECTOR('',#9343,10.);
#1796=VECTOR('',#9346,10.);
#1797=VECTOR('',#9349,10.);
#1798=VECTOR('',#9352,10.);
#1799=VECTOR('',#9357,10.);
#1800=VECTOR('',#9360,10.);
#1801=VECTOR('',#9361,10.);
#1802=VECTOR('',#9364,10.);
#1803=VECTOR('',#9367,10.);
#1804=VECTOR('',#9370,10.);
#1805=VECTOR('',#9375,10.);
#1806=VECTOR('',#9378,10.);
#1807=VECTOR('',#9379,10.);
#1808=VECTOR('',#9382,10.);
#1809=VECTOR('',#9385,10.);
#1810=VECTOR('',#9388,10.);
#1811=VECTOR('',#9393,10.);
#1812=VECTOR('',#9396,10.);
#1813=VECTOR('',#9397,10.);
#1814=VECTOR('',#9400,10.);
#1815=VECTOR('',#9403,10.);
#1816=VECTOR('',#9406,10.);
#1817=VECTOR('',#9413,10.);
#1818=VECTOR('',#9416,10.);
#1819=VECTOR('',#9417,10.);
#1820=VECTOR('',#9420,10.);
#1821=VECTOR('',#9423,10.);
#1822=VECTOR('',#9426,10.);
#1823=VECTOR('',#9431,10.);
#1824=VECTOR('',#9434,10.);
#1825=VECTOR('',#9435,10.);
#1826=VECTOR('',#9438,10.);
#1827=VECTOR('',#9441,10.);
#1828=VECTOR('',#9444,10.);
#1829=VECTOR('',#9449,10.);
#1830=VECTOR('',#9452,10.);
#1831=VECTOR('',#9453,10.);
#1832=VECTOR('',#9456,10.);
#1833=VECTOR('',#9459,10.);
#1834=VECTOR('',#9462,10.);
#1835=VECTOR('',#9469,10.);
#1836=VECTOR('',#9472,10.);
#1837=VECTOR('',#9473,10.);
#1838=VECTOR('',#9476,10.);
#1839=VECTOR('',#9479,10.);
#1840=VECTOR('',#9482,10.);
#1841=VECTOR('',#9487,10.);
#1842=VECTOR('',#9490,10.);
#1843=VECTOR('',#9491,10.);
#1844=VECTOR('',#9494,10.);
#1845=VECTOR('',#9497,10.);
#1846=VECTOR('',#9500,10.);
#1847=VECTOR('',#9505,10.);
#1848=VECTOR('',#9508,10.);
#1849=VECTOR('',#9509,10.);
#1850=VECTOR('',#9512,10.);
#1851=VECTOR('',#9515,10.);
#1852=VECTOR('',#9518,10.);
#1853=VECTOR('',#9525,10.);
#1854=VECTOR('',#9528,10.);
#1855=VECTOR('',#9529,10.);
#1856=VECTOR('',#9532,10.);
#1857=VECTOR('',#9535,10.);
#1858=VECTOR('',#9538,10.);
#1859=VECTOR('',#9543,10.);
#1860=VECTOR('',#9546,10.);
#1861=VECTOR('',#9547,10.);
#1862=VECTOR('',#9550,10.);
#1863=VECTOR('',#9553,10.);
#1864=VECTOR('',#9556,10.);
#1865=VECTOR('',#9561,10.);
#1866=VECTOR('',#9564,10.);
#1867=VECTOR('',#9565,10.);
#1868=VECTOR('',#9568,10.);
#1869=VECTOR('',#9571,10.);
#1870=VECTOR('',#9574,10.);
#1871=VECTOR('',#9581,10.);
#1872=VECTOR('',#9584,10.);
#1873=VECTOR('',#9585,10.);
#1874=VECTOR('',#9588,10.);
#1875=VECTOR('',#9591,10.);
#1876=VECTOR('',#9594,10.);
#1877=VECTOR('',#9599,10.);
#1878=VECTOR('',#9602,10.);
#1879=VECTOR('',#9603,10.);
#1880=VECTOR('',#9606,10.);
#1881=VECTOR('',#9609,10.);
#1882=VECTOR('',#9612,10.);
#1883=VECTOR('',#9617,10.);
#1884=VECTOR('',#9620,10.);
#1885=VECTOR('',#9621,10.);
#1886=VECTOR('',#9624,10.);
#1887=VECTOR('',#9627,10.);
#1888=VECTOR('',#9630,10.);
#1889=VECTOR('',#9637,10.);
#1890=VECTOR('',#9640,10.);
#1891=VECTOR('',#9641,10.);
#1892=VECTOR('',#9644,10.);
#1893=VECTOR('',#9647,10.);
#1894=VECTOR('',#9650,10.);
#1895=VECTOR('',#9655,10.);
#1896=VECTOR('',#9658,10.);
#1897=VECTOR('',#9659,10.);
#1898=VECTOR('',#9662,10.);
#1899=VECTOR('',#9665,10.);
#1900=VECTOR('',#9668,10.);
#1901=VECTOR('',#9673,10.);
#1902=VECTOR('',#9676,10.);
#1903=VECTOR('',#9677,10.);
#1904=VECTOR('',#9680,10.);
#1905=VECTOR('',#9683,10.);
#1906=VECTOR('',#9686,10.);
#1907=VECTOR('',#9693,10.);
#1908=VECTOR('',#9696,10.);
#1909=VECTOR('',#9697,10.);
#1910=VECTOR('',#9700,10.);
#1911=VECTOR('',#9703,10.);
#1912=VECTOR('',#9706,10.);
#1913=VECTOR('',#9711,10.);
#1914=VECTOR('',#9714,10.);
#1915=VECTOR('',#9715,10.);
#1916=VECTOR('',#9718,10.);
#1917=VECTOR('',#9721,10.);
#1918=VECTOR('',#9724,10.);
#1919=VECTOR('',#9729,10.);
#1920=VECTOR('',#9732,10.);
#1921=VECTOR('',#9733,10.);
#1922=VECTOR('',#9736,10.);
#1923=VECTOR('',#9739,10.);
#1924=VECTOR('',#9742,10.);
#1925=VECTOR('',#9749,10.);
#1926=VECTOR('',#9752,10.);
#1927=VECTOR('',#9753,10.);
#1928=VECTOR('',#9756,10.);
#1929=VECTOR('',#9759,10.);
#1930=VECTOR('',#9762,10.);
#1931=VECTOR('',#9767,10.);
#1932=VECTOR('',#9770,10.);
#1933=VECTOR('',#9771,10.);
#1934=VECTOR('',#9774,10.);
#1935=VECTOR('',#9777,10.);
#1936=VECTOR('',#9780,10.);
#1937=VECTOR('',#9785,10.);
#1938=VECTOR('',#9788,10.);
#1939=VECTOR('',#9789,10.);
#1940=VECTOR('',#9792,10.);
#1941=VECTOR('',#9795,10.);
#1942=VECTOR('',#9798,10.);
#1943=VECTOR('',#9805,10.);
#1944=VECTOR('',#9808,10.);
#1945=VECTOR('',#9809,10.);
#1946=VECTOR('',#9812,10.);
#1947=VECTOR('',#9815,10.);
#1948=VECTOR('',#9818,10.);
#1949=VECTOR('',#9823,10.);
#1950=VECTOR('',#9826,10.);
#1951=VECTOR('',#9827,10.);
#1952=VECTOR('',#9830,10.);
#1953=VECTOR('',#9833,10.);
#1954=VECTOR('',#9836,10.);
#1955=VECTOR('',#9841,10.);
#1956=VECTOR('',#9844,10.);
#1957=VECTOR('',#9845,10.);
#1958=VECTOR('',#9848,10.);
#1959=VECTOR('',#9851,10.);
#1960=VECTOR('',#9854,10.);
#1961=VECTOR('',#9861,10.);
#1962=VECTOR('',#9864,10.);
#1963=VECTOR('',#9865,10.);
#1964=VECTOR('',#9868,10.);
#1965=VECTOR('',#9871,10.);
#1966=VECTOR('',#9874,10.);
#1967=VECTOR('',#9879,10.);
#1968=VECTOR('',#9882,10.);
#1969=VECTOR('',#9883,10.);
#1970=VECTOR('',#9886,10.);
#1971=VECTOR('',#9889,10.);
#1972=VECTOR('',#9892,10.);
#1973=VECTOR('',#9897,10.);
#1974=VECTOR('',#9900,10.);
#1975=VECTOR('',#9901,10.);
#1976=VECTOR('',#9904,10.);
#1977=VECTOR('',#9907,10.);
#1978=VECTOR('',#9910,10.);
#1979=VECTOR('',#9917,10.);
#1980=VECTOR('',#9920,10.);
#1981=VECTOR('',#9921,10.);
#1982=VECTOR('',#9924,10.);
#1983=VECTOR('',#9927,10.);
#1984=VECTOR('',#9930,10.);
#1985=VECTOR('',#9935,10.);
#1986=VECTOR('',#9938,10.);
#1987=VECTOR('',#9939,10.);
#1988=VECTOR('',#9942,10.);
#1989=VECTOR('',#9945,10.);
#1990=VECTOR('',#9948,10.);
#1991=VECTOR('',#9953,10.);
#1992=VECTOR('',#9956,10.);
#1993=VECTOR('',#9957,10.);
#1994=VECTOR('',#9960,10.);
#1995=VECTOR('',#9963,10.);
#1996=VECTOR('',#9966,10.);
#1997=VECTOR('',#9973,10.);
#1998=VECTOR('',#9976,10.);
#1999=VECTOR('',#9977,10.);
#2000=VECTOR('',#9980,10.);
#2001=VECTOR('',#9983,10.);
#2002=VECTOR('',#9986,10.);
#2003=VECTOR('',#9991,10.);
#2004=VECTOR('',#9994,10.);
#2005=VECTOR('',#9995,10.);
#2006=VECTOR('',#9998,10.);
#2007=VECTOR('',#10001,10.);
#2008=VECTOR('',#10004,10.);
#2009=VECTOR('',#10009,10.);
#2010=VECTOR('',#10012,10.);
#2011=VECTOR('',#10013,10.);
#2012=VECTOR('',#10016,10.);
#2013=VECTOR('',#10019,10.);
#2014=VECTOR('',#10022,10.);
#2015=VECTOR('',#10029,10.);
#2016=VECTOR('',#10032,10.);
#2017=VECTOR('',#10033,10.);
#2018=VECTOR('',#10036,10.);
#2019=VECTOR('',#10039,10.);
#2020=VECTOR('',#10042,10.);
#2021=VECTOR('',#10047,10.);
#2022=VECTOR('',#10050,10.);
#2023=VECTOR('',#10051,10.);
#2024=VECTOR('',#10054,10.);
#2025=VECTOR('',#10057,10.);
#2026=VECTOR('',#10060,10.);
#2027=VECTOR('',#10065,10.);
#2028=VECTOR('',#10068,10.);
#2029=VECTOR('',#10069,10.);
#2030=VECTOR('',#10072,10.);
#2031=VECTOR('',#10075,10.);
#2032=VECTOR('',#10078,10.);
#2033=VECTOR('',#10085,10.);
#2034=VECTOR('',#10088,10.);
#2035=VECTOR('',#10089,10.);
#2036=VECTOR('',#10092,10.);
#2037=VECTOR('',#10095,10.);
#2038=VECTOR('',#10098,10.);
#2039=VECTOR('',#10103,10.);
#2040=VECTOR('',#10106,10.);
#2041=VECTOR('',#10107,10.);
#2042=VECTOR('',#10110,10.);
#2043=VECTOR('',#10113,10.);
#2044=VECTOR('',#10116,10.);
#2045=VECTOR('',#10121,10.);
#2046=VECTOR('',#10124,10.);
#2047=VECTOR('',#10127,10.);
#2048=VECTOR('',#10130,10.);
#2049=VECTOR('',#10133,10.);
#2050=VECTOR('',#10138,10.);
#2051=VECTOR('',#10139,10.);
#2052=VECTOR('',#10142,10.);
#2053=VECTOR('',#10145,10.);
#2054=VECTOR('',#10150,10.5);
#2055=VECTOR('',#10153,4.);
#2056=VECTOR('',#10156,4.);
#2057=VECTOR('',#10159,4.);
#2058=VECTOR('',#10162,10.);
#2059=VECTOR('',#10163,10.);
#2060=VECTOR('',#10166,10.);
#2061=VECTOR('',#10169,10.);
#2062=VECTOR('',#10174,10.);
#2063=VECTOR('',#10177,10.);
#2064=CIRCLE('',#7079,0.499999999999998);
#2065=CIRCLE('',#7080,0.499999999999998);
#2066=CIRCLE('',#7083,75.9999999999948);
#2067=CIRCLE('',#7084,0.5);
#2068=CIRCLE('',#7085,0.5);
#2069=CIRCLE('',#7086,0.5);
#2070=CIRCLE('',#7087,75.9999999999948);
#2071=CIRCLE('',#7088,0.5);
#2072=CIRCLE('',#7089,0.5);
#2073=CIRCLE('',#7090,0.5);
#2074=CIRCLE('',#7091,75.9999999999948);
#2075=CIRCLE('',#7092,0.5);
#2076=CIRCLE('',#7093,0.5);
#2077=CIRCLE('',#7094,0.5);
#2078=CIRCLE('',#7095,75.9999999999948);
#2079=CIRCLE('',#7096,0.499999999999997);
#2080=CIRCLE('',#7097,0.9);
#2081=CIRCLE('',#7098,0.5);
#2082=CIRCLE('',#7099,75.9999999999948);
#2083=CIRCLE('',#7100,0.5);
#2084=CIRCLE('',#7101,0.5);
#2085=CIRCLE('',#7102,0.5);
#2086=CIRCLE('',#7103,75.9999999999948);
#2087=CIRCLE('',#7104,0.5);
#2088=CIRCLE('',#7105,0.5);
#2089=CIRCLE('',#7106,0.5);
#2090=CIRCLE('',#7107,75.9999999999948);
#2091=CIRCLE('',#7108,0.5);
#2092=CIRCLE('',#7109,0.5);
#2093=CIRCLE('',#7110,0.5);
#2094=CIRCLE('',#7111,75.9999999999948);
#2095=CIRCLE('',#7112,0.499999999999999);
#2096=CIRCLE('',#7113,0.9);
#2097=CIRCLE('',#7114,0.499999999999999);
#2098=CIRCLE('',#7115,75.9999999999948);
#2099=CIRCLE('',#7116,0.5);
#2100=CIRCLE('',#7117,0.5);
#2101=CIRCLE('',#7118,0.5);
#2102=CIRCLE('',#7119,75.9999999999948);
#2103=CIRCLE('',#7120,0.5);
#2104=CIRCLE('',#7121,0.5);
#2105=CIRCLE('',#7122,0.5);
#2106=CIRCLE('',#7123,75.9999999999948);
#2107=CIRCLE('',#7124,0.5);
#2108=CIRCLE('',#7125,0.5);
#2109=CIRCLE('',#7126,0.5);
#2110=CIRCLE('',#7127,75.9999999999948);
#2111=CIRCLE('',#7128,0.499999999999994);
#2112=CIRCLE('',#7129,0.9);
#2113=CIRCLE('',#7130,0.499999999999994);
#2114=CIRCLE('',#7131,75.9999999999948);
#2115=CIRCLE('',#7132,0.5);
#2116=CIRCLE('',#7133,0.5);
#2117=CIRCLE('',#7134,0.5);
#2118=CIRCLE('',#7135,75.9999999999948);
#2119=CIRCLE('',#7136,0.5);
#2120=CIRCLE('',#7137,0.5);
#2121=CIRCLE('',#7138,0.5);
#2122=CIRCLE('',#7139,75.9999999999948);
#2123=CIRCLE('',#7140,0.5);
#2124=CIRCLE('',#7141,0.5);
#2125=CIRCLE('',#7142,0.5);
#2126=CIRCLE('',#7143,75.9999999999948);
#2127=CIRCLE('',#7144,0.500000000000007);
#2128=CIRCLE('',#7145,0.9);
#2129=CIRCLE('',#7146,0.5);
#2130=CIRCLE('',#7147,75.9999999999948);
#2131=CIRCLE('',#7148,0.5);
#2132=CIRCLE('',#7149,0.5);
#2133=CIRCLE('',#7150,0.5);
#2134=CIRCLE('',#7151,75.9999999999948);
#2135=CIRCLE('',#7152,0.5);
#2136=CIRCLE('',#7153,0.5);
#2137=CIRCLE('',#7154,0.5);
#2138=CIRCLE('',#7155,75.9999999999948);
#2139=CIRCLE('',#7156,0.5);
#2140=CIRCLE('',#7157,0.5);
#2141=CIRCLE('',#7158,0.5);
#2142=CIRCLE('',#7159,75.9999999999948);
#2143=CIRCLE('',#7160,0.499999999999995);
#2144=CIRCLE('',#7161,0.9);
#2145=CIRCLE('',#7162,0.499999999999995);
#2146=CIRCLE('',#7163,75.9999999999948);
#2147=CIRCLE('',#7164,0.5);
#2148=CIRCLE('',#7165,0.5);
#2149=CIRCLE('',#7166,0.5);
#2150=CIRCLE('',#7167,75.9999999999948);
#2151=CIRCLE('',#7168,0.5);
#2152=CIRCLE('',#7169,0.5);
#2153=CIRCLE('',#7170,0.5);
#2154=CIRCLE('',#7171,75.9999999999948);
#2155=CIRCLE('',#7172,0.5);
#2156=CIRCLE('',#7173,0.5);
#2157=CIRCLE('',#7174,0.5);
#2158=CIRCLE('',#7175,75.9999999999948);
#2159=CIRCLE('',#7176,0.499999999999997);
#2160=CIRCLE('',#7177,0.9);
#2161=CIRCLE('',#7178,0.499999999999995);
#2162=CIRCLE('',#7179,75.9999999999948);
#2163=CIRCLE('',#7180,0.5);
#2164=CIRCLE('',#7181,0.5);
#2165=CIRCLE('',#7182,0.5);
#2166=CIRCLE('',#7183,75.9999999999948);
#2167=CIRCLE('',#7184,0.5);
#2168=CIRCLE('',#7185,0.5);
#2169=CIRCLE('',#7186,0.5);
#2170=CIRCLE('',#7187,75.9999999999948);
#2171=CIRCLE('',#7188,0.5);
#2172=CIRCLE('',#7189,0.5);
#2173=CIRCLE('',#7190,0.5);
#2174=CIRCLE('',#7191,75.9999999999948);
#2175=CIRCLE('',#7192,0.5);
#2176=CIRCLE('',#7193,0.9);
#2177=CIRCLE('',#7194,0.499999999999998);
#2178=CIRCLE('',#7195,75.9999999999948);
#2179=CIRCLE('',#7196,0.5);
#2180=CIRCLE('',#7197,0.5);
#2181=CIRCLE('',#7198,0.5);
#2182=CIRCLE('',#7199,75.9999999999948);
#2183=CIRCLE('',#7200,0.5);
#2184=CIRCLE('',#7201,0.5);
#2185=CIRCLE('',#7202,0.5);
#2186=CIRCLE('',#7203,75.9999999999948);
#2187=CIRCLE('',#7204,0.5);
#2188=CIRCLE('',#7205,0.5);
#2189=CIRCLE('',#7206,0.5);
#2190=CIRCLE('',#7207,75.9999999999948);
#2191=CIRCLE('',#7208,0.499999999999997);
#2192=CIRCLE('',#7209,0.9);
#2193=CIRCLE('',#7210,0.5);
#2194=CIRCLE('',#7211,75.9999999999948);
#2195=CIRCLE('',#7212,0.5);
#2196=CIRCLE('',#7213,0.5);
#2197=CIRCLE('',#7214,0.5);
#2198=CIRCLE('',#7215,75.9999999999948);
#2199=CIRCLE('',#7216,0.5);
#2200=CIRCLE('',#7217,0.5);
#2201=CIRCLE('',#7218,0.5);
#2202=CIRCLE('',#7219,75.9999999999948);
#2203=CIRCLE('',#7220,0.5);
#2204=CIRCLE('',#7221,0.5);
#2205=CIRCLE('',#7222,0.5);
#2206=CIRCLE('',#7223,75.9999999999948);
#2207=CIRCLE('',#7224,0.499999999999999);
#2208=CIRCLE('',#7225,0.9);
#2209=CIRCLE('',#7226,0.499999999999995);
#2210=CIRCLE('',#7227,75.9999999999948);
#2211=CIRCLE('',#7228,0.5);
#2212=CIRCLE('',#7229,0.5);
#2213=CIRCLE('',#7230,0.5);
#2214=CIRCLE('',#7231,75.9999999999948);
#2215=CIRCLE('',#7232,0.5);
#2216=CIRCLE('',#7233,0.5);
#2217=CIRCLE('',#7234,0.5);
#2218=CIRCLE('',#7235,75.9999999999948);
#2219=CIRCLE('',#7236,0.5);
#2220=CIRCLE('',#7237,0.5);
#2221=CIRCLE('',#7238,0.5);
#2222=CIRCLE('',#7239,75.9999999999948);
#2223=CIRCLE('',#7240,0.5);
#2224=CIRCLE('',#7241,0.9);
#2225=CIRCLE('',#7242,0.499999999999994);
#2226=CIRCLE('',#7243,75.9999999999948);
#2227=CIRCLE('',#7244,0.5);
#2228=CIRCLE('',#7245,0.5);
#2229=CIRCLE('',#7246,0.5);
#2230=CIRCLE('',#7247,75.9999999999948);
#2231=CIRCLE('',#7248,0.5);
#2232=CIRCLE('',#7249,0.5);
#2233=CIRCLE('',#7250,0.5);
#2234=CIRCLE('',#7251,75.9999999999948);
#2235=CIRCLE('',#7252,0.5);
#2236=CIRCLE('',#7253,0.5);
#2237=CIRCLE('',#7254,0.5);
#2238=CIRCLE('',#7255,75.9999999999948);
#2239=CIRCLE('',#7256,0.5);
#2240=CIRCLE('',#7257,0.9);
#2241=CIRCLE('',#7258,0.5);
#2242=CIRCLE('',#7259,75.9999999999948);
#2243=CIRCLE('',#7260,0.5);
#2244=CIRCLE('',#7261,0.5);
#2245=CIRCLE('',#7262,0.5);
#2246=CIRCLE('',#7263,75.9999999999948);
#2247=CIRCLE('',#7264,0.5);
#2248=CIRCLE('',#7265,0.5);
#2249=CIRCLE('',#7266,0.5);
#2250=CIRCLE('',#7267,75.9999999999948);
#2251=CIRCLE('',#7268,0.5);
#2252=CIRCLE('',#7269,0.5);
#2253=CIRCLE('',#7270,0.5);
#2254=CIRCLE('',#7271,75.9999999999948);
#2255=CIRCLE('',#7272,0.499999999999995);
#2256=CIRCLE('',#7273,0.9);
#2257=CIRCLE('',#7274,0.500000000000003);
#2258=CIRCLE('',#7275,75.9999999999948);
#2259=CIRCLE('',#7276,0.5);
#2260=CIRCLE('',#7277,0.5);
#2261=CIRCLE('',#7278,0.5);
#2262=CIRCLE('',#7279,75.9999999999948);
#2263=CIRCLE('',#7280,0.5);
#2264=CIRCLE('',#7281,0.5);
#2265=CIRCLE('',#7282,0.5);
#2266=CIRCLE('',#7283,75.9999999999948);
#2267=CIRCLE('',#7284,0.5);
#2268=CIRCLE('',#7285,0.5);
#2269=CIRCLE('',#7286,0.5);
#2270=CIRCLE('',#7287,75.9999999999948);
#2271=CIRCLE('',#7288,0.499999999999997);
#2272=CIRCLE('',#7289,0.9);
#2273=CIRCLE('',#7290,0.499999999999995);
#2274=CIRCLE('',#7291,75.9999999999948);
#2275=CIRCLE('',#7292,0.5);
#2276=CIRCLE('',#7293,0.5);
#2277=CIRCLE('',#7294,0.5);
#2278=CIRCLE('',#7295,75.9999999999948);
#2279=CIRCLE('',#7296,0.5);
#2280=CIRCLE('',#7297,0.5);
#2281=CIRCLE('',#7298,0.5);
#2282=CIRCLE('',#7299,75.9999999999948);
#2283=CIRCLE('',#7300,0.5);
#2284=CIRCLE('',#7301,0.5);
#2285=CIRCLE('',#7302,0.5);
#2286=CIRCLE('',#7303,75.9999999999948);
#2287=CIRCLE('',#7304,0.5);
#2288=CIRCLE('',#7305,0.9);
#2289=CIRCLE('',#7306,0.499999999999998);
#2290=CIRCLE('',#7307,2.);
#2291=CIRCLE('',#7308,2.);
#2292=CIRCLE('',#7309,25.);
#2293=CIRCLE('',#7310,0.5);
#2294=CIRCLE('',#7311,0.9);
#2295=CIRCLE('',#7312,4.625);
#2296=CIRCLE('',#7313,55.25);
#2297=CIRCLE('',#7314,4.62500000000002);
#2298=CIRCLE('',#7315,46.);
#2299=CIRCLE('',#7316,4.);
#2300=CIRCLE('',#7317,4.);
#2301=CIRCLE('',#7318,4.);
#2302=CIRCLE('',#7319,10.5);
#2303=CIRCLE('',#7321,0.5);
#2304=CIRCLE('',#7324,0.9);
#2305=CIRCLE('',#7326,25.);
#2306=CIRCLE('',#7327,2.);
#2307=CIRCLE('',#7328,2.);
#2308=CIRCLE('',#7329,0.499999999999998);
#2309=CIRCLE('',#7330,0.9);
#2310=CIRCLE('',#7331,0.5);
#2311=CIRCLE('',#7332,75.9999999999948);
#2312=CIRCLE('',#7333,0.5);
#2313=CIRCLE('',#7334,0.5);
#2314=CIRCLE('',#7335,0.5);
#2315=CIRCLE('',#7336,75.9999999999948);
#2316=CIRCLE('',#7337,0.5);
#2317=CIRCLE('',#7338,0.5);
#2318=CIRCLE('',#7339,0.5);
#2319=CIRCLE('',#7340,75.9999999999948);
#2320=CIRCLE('',#7341,0.5);
#2321=CIRCLE('',#7342,0.5);
#2322=CIRCLE('',#7343,0.5);
#2323=CIRCLE('',#7344,75.9999999999948);
#2324=CIRCLE('',#7345,0.499999999999995);
#2325=CIRCLE('',#7346,0.9);
#2326=CIRCLE('',#7347,0.499999999999997);
#2327=CIRCLE('',#7348,75.9999999999948);
#2328=CIRCLE('',#7349,0.5);
#2329=CIRCLE('',#7350,0.5);
#2330=CIRCLE('',#7351,0.5);
#2331=CIRCLE('',#7352,75.9999999999948);
#2332=CIRCLE('',#7353,0.5);
#2333=CIRCLE('',#7354,0.5);
#2334=CIRCLE('',#7355,0.5);
#2335=CIRCLE('',#7356,75.9999999999948);
#2336=CIRCLE('',#7357,0.5);
#2337=CIRCLE('',#7358,0.5);
#2338=CIRCLE('',#7359,0.5);
#2339=CIRCLE('',#7360,75.9999999999948);
#2340=CIRCLE('',#7361,0.500000000000003);
#2341=CIRCLE('',#7362,0.9);
#2342=CIRCLE('',#7363,0.499999999999995);
#2343=CIRCLE('',#7364,75.9999999999948);
#2344=CIRCLE('',#7365,0.5);
#2345=CIRCLE('',#7366,0.5);
#2346=CIRCLE('',#7367,0.5);
#2347=CIRCLE('',#7368,75.9999999999948);
#2348=CIRCLE('',#7369,0.5);
#2349=CIRCLE('',#7370,0.5);
#2350=CIRCLE('',#7371,0.5);
#2351=CIRCLE('',#7372,75.9999999999948);
#2352=CIRCLE('',#7373,0.5);
#2353=CIRCLE('',#7374,0.5);
#2354=CIRCLE('',#7375,0.5);
#2355=CIRCLE('',#7376,75.9999999999948);
#2356=CIRCLE('',#7377,0.5);
#2357=CIRCLE('',#7378,0.9);
#2358=CIRCLE('',#7379,0.5);
#2359=CIRCLE('',#7380,75.9999999999948);
#2360=CIRCLE('',#7381,0.5);
#2361=CIRCLE('',#7382,0.5);
#2362=CIRCLE('',#7383,0.5);
#2363=CIRCLE('',#7384,75.9999999999948);
#2364=CIRCLE('',#7385,0.5);
#2365=CIRCLE('',#7386,0.5);
#2366=CIRCLE('',#7387,0.5);
#2367=CIRCLE('',#7388,75.9999999999948);
#2368=CIRCLE('',#7389,0.5);
#2369=CIRCLE('',#7390,0.5);
#2370=CIRCLE('',#7391,0.5);
#2371=CIRCLE('',#7392,75.9999999999948);
#2372=CIRCLE('',#7393,0.499999999999994);
#2373=CIRCLE('',#7394,0.9);
#2374=CIRCLE('',#7395,0.5);
#2375=CIRCLE('',#7396,75.9999999999948);
#2376=CIRCLE('',#7397,0.5);
#2377=CIRCLE('',#7398,0.5);
#2378=CIRCLE('',#7399,0.5);
#2379=CIRCLE('',#7400,75.9999999999948);
#2380=CIRCLE('',#7401,0.5);
#2381=CIRCLE('',#7402,0.5);
#2382=CIRCLE('',#7403,0.5);
#2383=CIRCLE('',#7404,75.9999999999948);
#2384=CIRCLE('',#7405,0.5);
#2385=CIRCLE('',#7406,0.5);
#2386=CIRCLE('',#7407,0.5);
#2387=CIRCLE('',#7408,75.9999999999948);
#2388=CIRCLE('',#7409,0.499999999999995);
#2389=CIRCLE('',#7410,0.9);
#2390=CIRCLE('',#7411,0.499999999999999);
#2391=CIRCLE('',#7412,75.9999999999948);
#2392=CIRCLE('',#7413,0.5);
#2393=CIRCLE('',#7414,0.5);
#2394=CIRCLE('',#7415,0.5);
#2395=CIRCLE('',#7416,75.9999999999948);
#2396=CIRCLE('',#7417,0.5);
#2397=CIRCLE('',#7418,0.5);
#2398=CIRCLE('',#7419,0.5);
#2399=CIRCLE('',#7420,75.9999999999948);
#2400=CIRCLE('',#7421,0.5);
#2401=CIRCLE('',#7422,0.5);
#2402=CIRCLE('',#7423,0.5);
#2403=CIRCLE('',#7424,75.9999999999948);
#2404=CIRCLE('',#7425,0.5);
#2405=CIRCLE('',#7426,0.9);
#2406=CIRCLE('',#7427,0.499999999999997);
#2407=CIRCLE('',#7428,75.9999999999948);
#2408=CIRCLE('',#7429,0.5);
#2409=CIRCLE('',#7430,0.5);
#2410=CIRCLE('',#7431,0.5);
#2411=CIRCLE('',#7432,75.9999999999948);
#2412=CIRCLE('',#7433,0.5);
#2413=CIRCLE('',#7434,0.5);
#2414=CIRCLE('',#7435,0.5);
#2415=CIRCLE('',#7436,75.9999999999948);
#2416=CIRCLE('',#7437,0.5);
#2417=CIRCLE('',#7438,0.5);
#2418=CIRCLE('',#7439,0.5);
#2419=CIRCLE('',#7440,75.9999999999948);
#2420=CIRCLE('',#7441,0.499999999999998);
#2421=CIRCLE('',#7442,0.9);
#2422=CIRCLE('',#7443,0.5);
#2423=CIRCLE('',#7444,75.9999999999948);
#2424=CIRCLE('',#7445,0.5);
#2425=CIRCLE('',#7446,0.5);
#2426=CIRCLE('',#7447,0.5);
#2427=CIRCLE('',#7448,75.9999999999948);
#2428=CIRCLE('',#7449,0.5);
#2429=CIRCLE('',#7450,0.5);
#2430=CIRCLE('',#7451,0.5);
#2431=CIRCLE('',#7452,75.9999999999948);
#2432=CIRCLE('',#7453,0.5);
#2433=CIRCLE('',#7454,0.5);
#2434=CIRCLE('',#7455,0.5);
#2435=CIRCLE('',#7456,75.9999999999948);
#2436=CIRCLE('',#7457,0.499999999999995);
#2437=CIRCLE('',#7458,0.9);
#2438=CIRCLE('',#7459,0.499999999999997);
#2439=CIRCLE('',#7460,75.9999999999948);
#2440=CIRCLE('',#7461,0.5);
#2441=CIRCLE('',#7462,0.5);
#2442=CIRCLE('',#7463,0.5);
#2443=CIRCLE('',#7464,75.9999999999948);
#2444=CIRCLE('',#7465,0.5);
#2445=CIRCLE('',#7466,0.5);
#2446=CIRCLE('',#7467,0.5);
#2447=CIRCLE('',#7468,75.9999999999948);
#2448=CIRCLE('',#7469,0.5);
#2449=CIRCLE('',#7470,0.5);
#2450=CIRCLE('',#7471,0.5);
#2451=CIRCLE('',#7472,75.9999999999948);
#2452=CIRCLE('',#7473,0.499999999999995);
#2453=CIRCLE('',#7474,0.9);
#2454=CIRCLE('',#7475,0.499999999999995);
#2455=CIRCLE('',#7476,75.9999999999948);
#2456=CIRCLE('',#7477,0.5);
#2457=CIRCLE('',#7478,0.5);
#2458=CIRCLE('',#7479,0.5);
#2459=CIRCLE('',#7480,75.9999999999948);
#2460=CIRCLE('',#7481,0.5);
#2461=CIRCLE('',#7482,0.5);
#2462=CIRCLE('',#7483,0.5);
#2463=CIRCLE('',#7484,75.9999999999948);
#2464=CIRCLE('',#7485,0.5);
#2465=CIRCLE('',#7486,0.5);
#2466=CIRCLE('',#7487,0.5);
#2467=CIRCLE('',#7488,75.9999999999948);
#2468=CIRCLE('',#7489,0.5);
#2469=CIRCLE('',#7490,0.9);
#2470=CIRCLE('',#7491,0.500000000000007);
#2471=CIRCLE('',#7492,75.9999999999948);
#2472=CIRCLE('',#7493,0.5);
#2473=CIRCLE('',#7494,0.5);
#2474=CIRCLE('',#7495,0.5);
#2475=CIRCLE('',#7496,75.9999999999948);
#2476=CIRCLE('',#7497,0.5);
#2477=CIRCLE('',#7498,0.5);
#2478=CIRCLE('',#7499,0.5);
#2479=CIRCLE('',#7500,75.9999999999948);
#2480=CIRCLE('',#7501,0.5);
#2481=CIRCLE('',#7502,0.5);
#2482=CIRCLE('',#7503,0.5);
#2483=CIRCLE('',#7504,75.9999999999948);
#2484=CIRCLE('',#7505,0.499999999999994);
#2485=CIRCLE('',#7506,0.9);
#2486=CIRCLE('',#7507,0.499999999999994);
#2487=CIRCLE('',#7508,75.9999999999948);
#2488=CIRCLE('',#7509,0.5);
#2489=CIRCLE('',#7510,0.5);
#2490=CIRCLE('',#7511,0.5);
#2491=CIRCLE('',#7512,75.9999999999948);
#2492=CIRCLE('',#7513,0.5);
#2493=CIRCLE('',#7514,0.5);
#2494=CIRCLE('',#7515,0.5);
#2495=CIRCLE('',#7516,75.9999999999948);
#2496=CIRCLE('',#7517,0.5);
#2497=CIRCLE('',#7518,0.5);
#2498=CIRCLE('',#7519,0.5);
#2499=CIRCLE('',#7520,75.9999999999948);
#2500=CIRCLE('',#7521,0.499999999999999);
#2501=CIRCLE('',#7522,0.9);
#2502=CIRCLE('',#7523,0.499999999999999);
#2503=CIRCLE('',#7524,75.9999999999948);
#2504=CIRCLE('',#7525,0.5);
#2505=CIRCLE('',#7526,0.5);
#2506=CIRCLE('',#7527,0.5);
#2507=CIRCLE('',#7528,75.9999999999948);
#2508=CIRCLE('',#7529,0.5);
#2509=CIRCLE('',#7530,0.5);
#2510=CIRCLE('',#7531,0.5);
#2511=CIRCLE('',#7532,75.9999999999948);
#2512=CIRCLE('',#7533,0.5);
#2513=CIRCLE('',#7534,0.5);
#2514=CIRCLE('',#7535,0.5);
#2515=CIRCLE('',#7536,75.9999999999948);
#2516=CIRCLE('',#7537,0.5);
#2517=CIRCLE('',#7538,0.9);
#2518=CIRCLE('',#7539,0.499999999999997);
#2519=CIRCLE('',#7540,75.9999999999948);
#2520=CIRCLE('',#7541,0.5);
#2521=CIRCLE('',#7542,0.5);
#2522=CIRCLE('',#7543,0.5);
#2523=CIRCLE('',#7544,75.9999999999948);
#2524=CIRCLE('',#7545,0.5);
#2525=CIRCLE('',#7546,0.5);
#2526=CIRCLE('',#7547,0.5);
#2527=CIRCLE('',#7548,75.9999999999948);
#2528=CIRCLE('',#7549,0.5);
#2529=CIRCLE('',#7550,0.5);
#2530=CIRCLE('',#7551,0.5);
#2531=CIRCLE('',#7552,75.9999999999948);
#2532=CIRCLE('',#7553,4.625);
#2533=CIRCLE('',#7554,46.);
#2534=CIRCLE('',#7555,4.62500000000002);
#2535=CIRCLE('',#7556,55.25);
#2536=CIRCLE('',#7557,4.);
#2537=CIRCLE('',#7558,4.);
#2538=CIRCLE('',#7559,4.);
#2539=CIRCLE('',#7560,10.5);
#2540=VERTEX_POINT('',#10182);
#2541=VERTEX_POINT('',#10183);
#2542=VERTEX_POINT('',#10185);
#2543=VERTEX_POINT('',#10187);
#2544=VERTEX_POINT('',#10191);
#2545=VERTEX_POINT('',#10193);
#2546=VERTEX_POINT('',#10197);
#2547=VERTEX_POINT('',#10199);
#2548=VERTEX_POINT('',#10201);
#2549=VERTEX_POINT('',#10203);
#2550=VERTEX_POINT('',#10205);
#2551=VERTEX_POINT('',#10207);
#2552=VERTEX_POINT('',#10209);
#2553=VERTEX_POINT('',#10211);
#2554=VERTEX_POINT('',#10213);
#2555=VERTEX_POINT('',#10215);
#2556=VERTEX_POINT('',#10217);
#2557=VERTEX_POINT('',#10219);
#2558=VERTEX_POINT('',#10221);
#2559=VERTEX_POINT('',#10223);
#2560=VERTEX_POINT('',#10225);
#2561=VERTEX_POINT('',#10227);
#2562=VERTEX_POINT('',#10229);
#2563=VERTEX_POINT('',#10231);
#2564=VERTEX_POINT('',#10233);
#2565=VERTEX_POINT('',#10235);
#2566=VERTEX_POINT('',#10237);
#2567=VERTEX_POINT('',#10239);
#2568=VERTEX_POINT('',#10241);
#2569=VERTEX_POINT('',#10243);
#2570=VERTEX_POINT('',#10245);
#2571=VERTEX_POINT('',#10247);
#2572=VERTEX_POINT('',#10249);
#2573=VERTEX_POINT('',#10251);
#2574=VERTEX_POINT('',#10253);
#2575=VERTEX_POINT('',#10255);
#2576=VERTEX_POINT('',#10257);
#2577=VERTEX_POINT('',#10259);
#2578=VERTEX_POINT('',#10261);
#2579=VERTEX_POINT('',#10263);
#2580=VERTEX_POINT('',#10265);
#2581=VERTEX_POINT('',#10267);
#2582=VERTEX_POINT('',#10269);
#2583=VERTEX_POINT('',#10271);
#2584=VERTEX_POINT('',#10273);
#2585=VERTEX_POINT('',#10275);
#2586=VERTEX_POINT('',#10277);
#2587=VERTEX_POINT('',#10279);
#2588=VERTEX_POINT('',#10281);
#2589=VERTEX_POINT('',#10283);
#2590=VERTEX_POINT('',#10285);
#2591=VERTEX_POINT('',#10287);
#2592=VERTEX_POINT('',#10289);
#2593=VERTEX_POINT('',#10291);
#2594=VERTEX_POINT('',#10293);
#2595=VERTEX_POINT('',#10295);
#2596=VERTEX_POINT('',#10297);
#2597=VERTEX_POINT('',#10299);
#2598=VERTEX_POINT('',#10301);
#2599=VERTEX_POINT('',#10303);
#2600=VERTEX_POINT('',#10305);
#2601=VERTEX_POINT('',#10307);
#2602=VERTEX_POINT('',#10309);
#2603=VERTEX_POINT('',#10311);
#2604=VERTEX_POINT('',#10313);
#2605=VERTEX_POINT('',#10315);
#2606=VERTEX_POINT('',#10317);
#2607=VERTEX_POINT('',#10319);
#2608=VERTEX_POINT('',#10321);
#2609=VERTEX_POINT('',#10323);
#2610=VERTEX_POINT('',#10325);
#2611=VERTEX_POINT('',#10327);
#2612=VERTEX_POINT('',#10329);
#2613=VERTEX_POINT('',#10331);
#2614=VERTEX_POINT('',#10333);
#2615=VERTEX_POINT('',#10335);
#2616=VERTEX_POINT('',#10337);
#2617=VERTEX_POINT('',#10339);
#2618=VERTEX_POINT('',#10341);
#2619=VERTEX_POINT('',#10343);
#2620=VERTEX_POINT('',#10345);
#2621=VERTEX_POINT('',#10347);
#2622=VERTEX_POINT('',#10349);
#2623=VERTEX_POINT('',#10351);
#2624=VERTEX_POINT('',#10353);
#2625=VERTEX_POINT('',#10355);
#2626=VERTEX_POINT('',#10357);
#2627=VERTEX_POINT('',#10359);
#2628=VERTEX_POINT('',#10361);
#2629=VERTEX_POINT('',#10363);
#2630=VERTEX_POINT('',#10365);
#2631=VERTEX_POINT('',#10367);
#2632=VERTEX_POINT('',#10369);
#2633=VERTEX_POINT('',#10371);
#2634=VERTEX_POINT('',#10373);
#2635=VERTEX_POINT('',#10375);
#2636=VERTEX_POINT('',#10377);
#2637=VERTEX_POINT('',#10379);
#2638=VERTEX_POINT('',#10381);
#2639=VERTEX_POINT('',#10383);
#2640=VERTEX_POINT('',#10385);
#2641=VERTEX_POINT('',#10387);
#2642=VERTEX_POINT('',#10389);
#2643=VERTEX_POINT('',#10391);
#2644=VERTEX_POINT('',#10393);
#2645=VERTEX_POINT('',#10395);
#2646=VERTEX_POINT('',#10397);
#2647=VERTEX_POINT('',#10399);
#2648=VERTEX_POINT('',#10401);
#2649=VERTEX_POINT('',#10403);
#2650=VERTEX_POINT('',#10405);
#2651=VERTEX_POINT('',#10407);
#2652=VERTEX_POINT('',#10409);
#2653=VERTEX_POINT('',#10411);
#2654=VERTEX_POINT('',#10413);
#2655=VERTEX_POINT('',#10415);
#2656=VERTEX_POINT('',#10417);
#2657=VERTEX_POINT('',#10419);
#2658=VERTEX_POINT('',#10421);
#2659=VERTEX_POINT('',#10423);
#2660=VERTEX_POINT('',#10425);
#2661=VERTEX_POINT('',#10427);
#2662=VERTEX_POINT('',#10429);
#2663=VERTEX_POINT('',#10431);
#2664=VERTEX_POINT('',#10433);
#2665=VERTEX_POINT('',#10435);
#2666=VERTEX_POINT('',#10437);
#2667=VERTEX_POINT('',#10439);
#2668=VERTEX_POINT('',#10441);
#2669=VERTEX_POINT('',#10443);
#2670=VERTEX_POINT('',#10445);
#2671=VERTEX_POINT('',#10447);
#2672=VERTEX_POINT('',#10449);
#2673=VERTEX_POINT('',#10451);
#2674=VERTEX_POINT('',#10453);
#2675=VERTEX_POINT('',#10455);
#2676=VERTEX_POINT('',#10457);
#2677=VERTEX_POINT('',#10459);
#2678=VERTEX_POINT('',#10461);
#2679=VERTEX_POINT('',#10463);
#2680=VERTEX_POINT('',#10465);
#2681=VERTEX_POINT('',#10467);
#2682=VERTEX_POINT('',#10469);
#2683=VERTEX_POINT('',#10471);
#2684=VERTEX_POINT('',#10473);
#2685=VERTEX_POINT('',#10475);
#2686=VERTEX_POINT('',#10477);
#2687=VERTEX_POINT('',#10479);
#2688=VERTEX_POINT('',#10481);
#2689=VERTEX_POINT('',#10483);
#2690=VERTEX_POINT('',#10485);
#2691=VERTEX_POINT('',#10487);
#2692=VERTEX_POINT('',#10489);
#2693=VERTEX_POINT('',#10491);
#2694=VERTEX_POINT('',#10493);
#2695=VERTEX_POINT('',#10495);
#2696=VERTEX_POINT('',#10497);
#2697=VERTEX_POINT('',#10499);
#2698=VERTEX_POINT('',#10501);
#2699=VERTEX_POINT('',#10503);
#2700=VERTEX_POINT('',#10505);
#2701=VERTEX_POINT('',#10507);
#2702=VERTEX_POINT('',#10509);
#2703=VERTEX_POINT('',#10511);
#2704=VERTEX_POINT('',#10513);
#2705=VERTEX_POINT('',#10515);
#2706=VERTEX_POINT('',#10517);
#2707=VERTEX_POINT('',#10519);
#2708=VERTEX_POINT('',#10521);
#2709=VERTEX_POINT('',#10523);
#2710=VERTEX_POINT('',#10525);
#2711=VERTEX_POINT('',#10527);
#2712=VERTEX_POINT('',#10529);
#2713=VERTEX_POINT('',#10531);
#2714=VERTEX_POINT('',#10533);
#2715=VERTEX_POINT('',#10535);
#2716=VERTEX_POINT('',#10537);
#2717=VERTEX_POINT('',#10539);
#2718=VERTEX_POINT('',#10541);
#2719=VERTEX_POINT('',#10543);
#2720=VERTEX_POINT('',#10545);
#2721=VERTEX_POINT('',#10547);
#2722=VERTEX_POINT('',#10549);
#2723=VERTEX_POINT('',#10551);
#2724=VERTEX_POINT('',#10553);
#2725=VERTEX_POINT('',#10555);
#2726=VERTEX_POINT('',#10557);
#2727=VERTEX_POINT('',#10559);
#2728=VERTEX_POINT('',#10561);
#2729=VERTEX_POINT('',#10563);
#2730=VERTEX_POINT('',#10565);
#2731=VERTEX_POINT('',#10567);
#2732=VERTEX_POINT('',#10569);
#2733=VERTEX_POINT('',#10571);
#2734=VERTEX_POINT('',#10573);
#2735=VERTEX_POINT('',#10575);
#2736=VERTEX_POINT('',#10577);
#2737=VERTEX_POINT('',#10579);
#2738=VERTEX_POINT('',#10581);
#2739=VERTEX_POINT('',#10583);
#2740=VERTEX_POINT('',#10585);
#2741=VERTEX_POINT('',#10587);
#2742=VERTEX_POINT('',#10589);
#2743=VERTEX_POINT('',#10591);
#2744=VERTEX_POINT('',#10593);
#2745=VERTEX_POINT('',#10595);
#2746=VERTEX_POINT('',#10597);
#2747=VERTEX_POINT('',#10599);
#2748=VERTEX_POINT('',#10601);
#2749=VERTEX_POINT('',#10603);
#2750=VERTEX_POINT('',#10605);
#2751=VERTEX_POINT('',#10607);
#2752=VERTEX_POINT('',#10609);
#2753=VERTEX_POINT('',#10611);
#2754=VERTEX_POINT('',#10613);
#2755=VERTEX_POINT('',#10615);
#2756=VERTEX_POINT('',#10617);
#2757=VERTEX_POINT('',#10619);
#2758=VERTEX_POINT('',#10621);
#2759=VERTEX_POINT('',#10623);
#2760=VERTEX_POINT('',#10625);
#2761=VERTEX_POINT('',#10627);
#2762=VERTEX_POINT('',#10629);
#2763=VERTEX_POINT('',#10631);
#2764=VERTEX_POINT('',#10633);
#2765=VERTEX_POINT('',#10635);
#2766=VERTEX_POINT('',#10637);
#2767=VERTEX_POINT('',#10639);
#2768=VERTEX_POINT('',#10641);
#2769=VERTEX_POINT('',#10643);
#2770=VERTEX_POINT('',#10645);
#2771=VERTEX_POINT('',#10647);
#2772=VERTEX_POINT('',#10649);
#2773=VERTEX_POINT('',#10651);
#2774=VERTEX_POINT('',#10653);
#2775=VERTEX_POINT('',#10655);
#2776=VERTEX_POINT('',#10657);
#2777=VERTEX_POINT('',#10659);
#2778=VERTEX_POINT('',#10661);
#2779=VERTEX_POINT('',#10663);
#2780=VERTEX_POINT('',#10665);
#2781=VERTEX_POINT('',#10667);
#2782=VERTEX_POINT('',#10669);
#2783=VERTEX_POINT('',#10671);
#2784=VERTEX_POINT('',#10673);
#2785=VERTEX_POINT('',#10675);
#2786=VERTEX_POINT('',#10677);
#2787=VERTEX_POINT('',#10679);
#2788=VERTEX_POINT('',#10681);
#2789=VERTEX_POINT('',#10683);
#2790=VERTEX_POINT('',#10685);
#2791=VERTEX_POINT('',#10687);
#2792=VERTEX_POINT('',#10689);
#2793=VERTEX_POINT('',#10691);
#2794=VERTEX_POINT('',#10693);
#2795=VERTEX_POINT('',#10695);
#2796=VERTEX_POINT('',#10697);
#2797=VERTEX_POINT('',#10699);
#2798=VERTEX_POINT('',#10701);
#2799=VERTEX_POINT('',#10703);
#2800=VERTEX_POINT('',#10705);
#2801=VERTEX_POINT('',#10707);
#2802=VERTEX_POINT('',#10709);
#2803=VERTEX_POINT('',#10711);
#2804=VERTEX_POINT('',#10713);
#2805=VERTEX_POINT('',#10715);
#2806=VERTEX_POINT('',#10717);
#2807=VERTEX_POINT('',#10719);
#2808=VERTEX_POINT('',#10721);
#2809=VERTEX_POINT('',#10723);
#2810=VERTEX_POINT('',#10725);
#2811=VERTEX_POINT('',#10727);
#2812=VERTEX_POINT('',#10729);
#2813=VERTEX_POINT('',#10731);
#2814=VERTEX_POINT('',#10733);
#2815=VERTEX_POINT('',#10735);
#2816=VERTEX_POINT('',#10737);
#2817=VERTEX_POINT('',#10739);
#2818=VERTEX_POINT('',#10741);
#2819=VERTEX_POINT('',#10743);
#2820=VERTEX_POINT('',#10745);
#2821=VERTEX_POINT('',#10747);
#2822=VERTEX_POINT('',#10749);
#2823=VERTEX_POINT('',#10751);
#2824=VERTEX_POINT('',#10753);
#2825=VERTEX_POINT('',#10755);
#2826=VERTEX_POINT('',#10757);
#2827=VERTEX_POINT('',#10759);
#2828=VERTEX_POINT('',#10761);
#2829=VERTEX_POINT('',#10763);
#2830=VERTEX_POINT('',#10765);
#2831=VERTEX_POINT('',#10767);
#2832=VERTEX_POINT('',#10769);
#2833=VERTEX_POINT('',#10771);
#2834=VERTEX_POINT('',#10773);
#2835=VERTEX_POINT('',#10775);
#2836=VERTEX_POINT('',#10777);
#2837=VERTEX_POINT('',#10779);
#2838=VERTEX_POINT('',#10781);
#2839=VERTEX_POINT('',#10783);
#2840=VERTEX_POINT('',#10785);
#2841=VERTEX_POINT('',#10787);
#2842=VERTEX_POINT('',#10789);
#2843=VERTEX_POINT('',#10791);
#2844=VERTEX_POINT('',#10793);
#2845=VERTEX_POINT('',#10795);
#2846=VERTEX_POINT('',#10797);
#2847=VERTEX_POINT('',#10799);
#2848=VERTEX_POINT('',#10801);
#2849=VERTEX_POINT('',#10803);
#2850=VERTEX_POINT('',#10805);
#2851=VERTEX_POINT('',#10807);
#2852=VERTEX_POINT('',#10809);
#2853=VERTEX_POINT('',#10811);
#2854=VERTEX_POINT('',#10813);
#2855=VERTEX_POINT('',#10815);
#2856=VERTEX_POINT('',#10817);
#2857=VERTEX_POINT('',#10819);
#2858=VERTEX_POINT('',#10821);
#2859=VERTEX_POINT('',#10823);
#2860=VERTEX_POINT('',#10825);
#2861=VERTEX_POINT('',#10827);
#2862=VERTEX_POINT('',#10829);
#2863=VERTEX_POINT('',#10831);
#2864=VERTEX_POINT('',#10833);
#2865=VERTEX_POINT('',#10835);
#2866=VERTEX_POINT('',#10837);
#2867=VERTEX_POINT('',#10839);
#2868=VERTEX_POINT('',#10841);
#2869=VERTEX_POINT('',#10843);
#2870=VERTEX_POINT('',#10845);
#2871=VERTEX_POINT('',#10847);
#2872=VERTEX_POINT('',#10849);
#2873=VERTEX_POINT('',#10851);
#2874=VERTEX_POINT('',#10853);
#2875=VERTEX_POINT('',#10855);
#2876=VERTEX_POINT('',#10857);
#2877=VERTEX_POINT('',#10859);
#2878=VERTEX_POINT('',#10861);
#2879=VERTEX_POINT('',#10863);
#2880=VERTEX_POINT('',#10865);
#2881=VERTEX_POINT('',#10867);
#2882=VERTEX_POINT('',#10869);
#2883=VERTEX_POINT('',#10871);
#2884=VERTEX_POINT('',#10873);
#2885=VERTEX_POINT('',#10875);
#2886=VERTEX_POINT('',#10877);
#2887=VERTEX_POINT('',#10879);
#2888=VERTEX_POINT('',#10881);
#2889=VERTEX_POINT('',#10883);
#2890=VERTEX_POINT('',#10885);
#2891=VERTEX_POINT('',#10887);
#2892=VERTEX_POINT('',#10890);
#2893=VERTEX_POINT('',#10891);
#2894=VERTEX_POINT('',#10893);
#2895=VERTEX_POINT('',#10895);
#2896=VERTEX_POINT('',#10898);
#2897=VERTEX_POINT('',#10900);
#2898=VERTEX_POINT('',#10902);
#2899=VERTEX_POINT('',#10904);
#2900=VERTEX_POINT('',#10907);
#2901=VERTEX_POINT('',#10909);
#2902=VERTEX_POINT('',#10913);
#2903=VERTEX_POINT('',#10919);
#2904=VERTEX_POINT('',#10921);
#2905=VERTEX_POINT('',#10923);
#2906=VERTEX_POINT('',#10925);
#2907=VERTEX_POINT('',#10927);
#2908=VERTEX_POINT('',#10929);
#2909=VERTEX_POINT('',#10931);
#2910=VERTEX_POINT('',#10933);
#2911=VERTEX_POINT('',#10935);
#2912=VERTEX_POINT('',#10937);
#2913=VERTEX_POINT('',#10939);
#2914=VERTEX_POINT('',#10941);
#2915=VERTEX_POINT('',#10943);
#2916=VERTEX_POINT('',#10945);
#2917=VERTEX_POINT('',#10947);
#2918=VERTEX_POINT('',#10949);
#2919=VERTEX_POINT('',#10951);
#2920=VERTEX_POINT('',#10953);
#2921=VERTEX_POINT('',#10955);
#2922=VERTEX_POINT('',#10957);
#2923=VERTEX_POINT('',#10959);
#2924=VERTEX_POINT('',#10961);
#2925=VERTEX_POINT('',#10963);
#2926=VERTEX_POINT('',#10965);
#2927=VERTEX_POINT('',#10967);
#2928=VERTEX_POINT('',#10969);
#2929=VERTEX_POINT('',#10971);
#2930=VERTEX_POINT('',#10973);
#2931=VERTEX_POINT('',#10975);
#2932=VERTEX_POINT('',#10977);
#2933=VERTEX_POINT('',#10979);
#2934=VERTEX_POINT('',#10981);
#2935=VERTEX_POINT('',#10983);
#2936=VERTEX_POINT('',#10985);
#2937=VERTEX_POINT('',#10987);
#2938=VERTEX_POINT('',#10989);
#2939=VERTEX_POINT('',#10991);
#2940=VERTEX_POINT('',#10993);
#2941=VERTEX_POINT('',#10995);
#2942=VERTEX_POINT('',#10997);
#2943=VERTEX_POINT('',#10999);
#2944=VERTEX_POINT('',#11001);
#2945=VERTEX_POINT('',#11003);
#2946=VERTEX_POINT('',#11005);
#2947=VERTEX_POINT('',#11007);
#2948=VERTEX_POINT('',#11009);
#2949=VERTEX_POINT('',#11011);
#2950=VERTEX_POINT('',#11013);
#2951=VERTEX_POINT('',#11015);
#2952=VERTEX_POINT('',#11017);
#2953=VERTEX_POINT('',#11019);
#2954=VERTEX_POINT('',#11021);
#2955=VERTEX_POINT('',#11023);
#2956=VERTEX_POINT('',#11025);
#2957=VERTEX_POINT('',#11027);
#2958=VERTEX_POINT('',#11029);
#2959=VERTEX_POINT('',#11031);
#2960=VERTEX_POINT('',#11033);
#2961=VERTEX_POINT('',#11035);
#2962=VERTEX_POINT('',#11037);
#2963=VERTEX_POINT('',#11039);
#2964=VERTEX_POINT('',#11041);
#2965=VERTEX_POINT('',#11043);
#2966=VERTEX_POINT('',#11045);
#2967=VERTEX_POINT('',#11047);
#2968=VERTEX_POINT('',#11049);
#2969=VERTEX_POINT('',#11051);
#2970=VERTEX_POINT('',#11053);
#2971=VERTEX_POINT('',#11055);
#2972=VERTEX_POINT('',#11057);
#2973=VERTEX_POINT('',#11059);
#2974=VERTEX_POINT('',#11061);
#2975=VERTEX_POINT('',#11063);
#2976=VERTEX_POINT('',#11065);
#2977=VERTEX_POINT('',#11067);
#2978=VERTEX_POINT('',#11069);
#2979=VERTEX_POINT('',#11071);
#2980=VERTEX_POINT('',#11073);
#2981=VERTEX_POINT('',#11075);
#2982=VERTEX_POINT('',#11077);
#2983=VERTEX_POINT('',#11079);
#2984=VERTEX_POINT('',#11081);
#2985=VERTEX_POINT('',#11083);
#2986=VERTEX_POINT('',#11085);
#2987=VERTEX_POINT('',#11087);
#2988=VERTEX_POINT('',#11089);
#2989=VERTEX_POINT('',#11091);
#2990=VERTEX_POINT('',#11093);
#2991=VERTEX_POINT('',#11095);
#2992=VERTEX_POINT('',#11097);
#2993=VERTEX_POINT('',#11099);
#2994=VERTEX_POINT('',#11101);
#2995=VERTEX_POINT('',#11103);
#2996=VERTEX_POINT('',#11105);
#2997=VERTEX_POINT('',#11107);
#2998=VERTEX_POINT('',#11109);
#2999=VERTEX_POINT('',#11111);
#3000=VERTEX_POINT('',#11113);
#3001=VERTEX_POINT('',#11115);
#3002=VERTEX_POINT('',#11117);
#3003=VERTEX_POINT('',#11119);
#3004=VERTEX_POINT('',#11121);
#3005=VERTEX_POINT('',#11123);
#3006=VERTEX_POINT('',#11125);
#3007=VERTEX_POINT('',#11127);
#3008=VERTEX_POINT('',#11129);
#3009=VERTEX_POINT('',#11131);
#3010=VERTEX_POINT('',#11133);
#3011=VERTEX_POINT('',#11135);
#3012=VERTEX_POINT('',#11137);
#3013=VERTEX_POINT('',#11139);
#3014=VERTEX_POINT('',#11141);
#3015=VERTEX_POINT('',#11143);
#3016=VERTEX_POINT('',#11145);
#3017=VERTEX_POINT('',#11147);
#3018=VERTEX_POINT('',#11149);
#3019=VERTEX_POINT('',#11151);
#3020=VERTEX_POINT('',#11153);
#3021=VERTEX_POINT('',#11155);
#3022=VERTEX_POINT('',#11157);
#3023=VERTEX_POINT('',#11159);
#3024=VERTEX_POINT('',#11161);
#3025=VERTEX_POINT('',#11163);
#3026=VERTEX_POINT('',#11165);
#3027=VERTEX_POINT('',#11167);
#3028=VERTEX_POINT('',#11169);
#3029=VERTEX_POINT('',#11171);
#3030=VERTEX_POINT('',#11173);
#3031=VERTEX_POINT('',#11175);
#3032=VERTEX_POINT('',#11177);
#3033=VERTEX_POINT('',#11179);
#3034=VERTEX_POINT('',#11181);
#3035=VERTEX_POINT('',#11183);
#3036=VERTEX_POINT('',#11185);
#3037=VERTEX_POINT('',#11187);
#3038=VERTEX_POINT('',#11189);
#3039=VERTEX_POINT('',#11191);
#3040=VERTEX_POINT('',#11193);
#3041=VERTEX_POINT('',#11195);
#3042=VERTEX_POINT('',#11197);
#3043=VERTEX_POINT('',#11199);
#3044=VERTEX_POINT('',#11201);
#3045=VERTEX_POINT('',#11203);
#3046=VERTEX_POINT('',#11205);
#3047=VERTEX_POINT('',#11207);
#3048=VERTEX_POINT('',#11209);
#3049=VERTEX_POINT('',#11211);
#3050=VERTEX_POINT('',#11213);
#3051=VERTEX_POINT('',#11215);
#3052=VERTEX_POINT('',#11217);
#3053=VERTEX_POINT('',#11219);
#3054=VERTEX_POINT('',#11221);
#3055=VERTEX_POINT('',#11223);
#3056=VERTEX_POINT('',#11225);
#3057=VERTEX_POINT('',#11227);
#3058=VERTEX_POINT('',#11229);
#3059=VERTEX_POINT('',#11231);
#3060=VERTEX_POINT('',#11233);
#3061=VERTEX_POINT('',#11235);
#3062=VERTEX_POINT('',#11237);
#3063=VERTEX_POINT('',#11239);
#3064=VERTEX_POINT('',#11241);
#3065=VERTEX_POINT('',#11243);
#3066=VERTEX_POINT('',#11245);
#3067=VERTEX_POINT('',#11247);
#3068=VERTEX_POINT('',#11249);
#3069=VERTEX_POINT('',#11251);
#3070=VERTEX_POINT('',#11253);
#3071=VERTEX_POINT('',#11255);
#3072=VERTEX_POINT('',#11257);
#3073=VERTEX_POINT('',#11259);
#3074=VERTEX_POINT('',#11261);
#3075=VERTEX_POINT('',#11263);
#3076=VERTEX_POINT('',#11265);
#3077=VERTEX_POINT('',#11267);
#3078=VERTEX_POINT('',#11269);
#3079=VERTEX_POINT('',#11271);
#3080=VERTEX_POINT('',#11273);
#3081=VERTEX_POINT('',#11275);
#3082=VERTEX_POINT('',#11277);
#3083=VERTEX_POINT('',#11279);
#3084=VERTEX_POINT('',#11281);
#3085=VERTEX_POINT('',#11283);
#3086=VERTEX_POINT('',#11285);
#3087=VERTEX_POINT('',#11287);
#3088=VERTEX_POINT('',#11289);
#3089=VERTEX_POINT('',#11291);
#3090=VERTEX_POINT('',#11293);
#3091=VERTEX_POINT('',#11295);
#3092=VERTEX_POINT('',#11297);
#3093=VERTEX_POINT('',#11299);
#3094=VERTEX_POINT('',#11301);
#3095=VERTEX_POINT('',#11303);
#3096=VERTEX_POINT('',#11305);
#3097=VERTEX_POINT('',#11307);
#3098=VERTEX_POINT('',#11309);
#3099=VERTEX_POINT('',#11311);
#3100=VERTEX_POINT('',#11313);
#3101=VERTEX_POINT('',#11315);
#3102=VERTEX_POINT('',#11317);
#3103=VERTEX_POINT('',#11319);
#3104=VERTEX_POINT('',#11321);
#3105=VERTEX_POINT('',#11323);
#3106=VERTEX_POINT('',#11325);
#3107=VERTEX_POINT('',#11327);
#3108=VERTEX_POINT('',#11329);
#3109=VERTEX_POINT('',#11331);
#3110=VERTEX_POINT('',#11333);
#3111=VERTEX_POINT('',#11335);
#3112=VERTEX_POINT('',#11337);
#3113=VERTEX_POINT('',#11339);
#3114=VERTEX_POINT('',#11341);
#3115=VERTEX_POINT('',#11343);
#3116=VERTEX_POINT('',#11345);
#3117=VERTEX_POINT('',#11347);
#3118=VERTEX_POINT('',#11349);
#3119=VERTEX_POINT('',#11351);
#3120=VERTEX_POINT('',#11353);
#3121=VERTEX_POINT('',#11355);
#3122=VERTEX_POINT('',#11357);
#3123=VERTEX_POINT('',#11359);
#3124=VERTEX_POINT('',#11361);
#3125=VERTEX_POINT('',#11363);
#3126=VERTEX_POINT('',#11365);
#3127=VERTEX_POINT('',#11367);
#3128=VERTEX_POINT('',#11369);
#3129=VERTEX_POINT('',#11371);
#3130=VERTEX_POINT('',#11373);
#3131=VERTEX_POINT('',#11375);
#3132=VERTEX_POINT('',#11377);
#3133=VERTEX_POINT('',#11379);
#3134=VERTEX_POINT('',#11381);
#3135=VERTEX_POINT('',#11383);
#3136=VERTEX_POINT('',#11385);
#3137=VERTEX_POINT('',#11387);
#3138=VERTEX_POINT('',#11389);
#3139=VERTEX_POINT('',#11391);
#3140=VERTEX_POINT('',#11393);
#3141=VERTEX_POINT('',#11395);
#3142=VERTEX_POINT('',#11397);
#3143=VERTEX_POINT('',#11399);
#3144=VERTEX_POINT('',#11401);
#3145=VERTEX_POINT('',#11403);
#3146=VERTEX_POINT('',#11405);
#3147=VERTEX_POINT('',#11407);
#3148=VERTEX_POINT('',#11409);
#3149=VERTEX_POINT('',#11411);
#3150=VERTEX_POINT('',#11413);
#3151=VERTEX_POINT('',#11415);
#3152=VERTEX_POINT('',#11417);
#3153=VERTEX_POINT('',#11419);
#3154=VERTEX_POINT('',#11421);
#3155=VERTEX_POINT('',#11423);
#3156=VERTEX_POINT('',#11425);
#3157=VERTEX_POINT('',#11427);
#3158=VERTEX_POINT('',#11429);
#3159=VERTEX_POINT('',#11431);
#3160=VERTEX_POINT('',#11433);
#3161=VERTEX_POINT('',#11435);
#3162=VERTEX_POINT('',#11437);
#3163=VERTEX_POINT('',#11439);
#3164=VERTEX_POINT('',#11441);
#3165=VERTEX_POINT('',#11443);
#3166=VERTEX_POINT('',#11445);
#3167=VERTEX_POINT('',#11447);
#3168=VERTEX_POINT('',#11449);
#3169=VERTEX_POINT('',#11451);
#3170=VERTEX_POINT('',#11453);
#3171=VERTEX_POINT('',#11455);
#3172=VERTEX_POINT('',#11457);
#3173=VERTEX_POINT('',#11459);
#3174=VERTEX_POINT('',#11461);
#3175=VERTEX_POINT('',#11463);
#3176=VERTEX_POINT('',#11465);
#3177=VERTEX_POINT('',#11467);
#3178=VERTEX_POINT('',#11469);
#3179=VERTEX_POINT('',#11471);
#3180=VERTEX_POINT('',#11473);
#3181=VERTEX_POINT('',#11475);
#3182=VERTEX_POINT('',#11477);
#3183=VERTEX_POINT('',#11479);
#3184=VERTEX_POINT('',#11481);
#3185=VERTEX_POINT('',#11483);
#3186=VERTEX_POINT('',#11485);
#3187=VERTEX_POINT('',#11487);
#3188=VERTEX_POINT('',#11489);
#3189=VERTEX_POINT('',#11491);
#3190=VERTEX_POINT('',#11493);
#3191=VERTEX_POINT('',#11495);
#3192=VERTEX_POINT('',#11497);
#3193=VERTEX_POINT('',#11499);
#3194=VERTEX_POINT('',#11501);
#3195=VERTEX_POINT('',#11503);
#3196=VERTEX_POINT('',#11505);
#3197=VERTEX_POINT('',#11507);
#3198=VERTEX_POINT('',#11509);
#3199=VERTEX_POINT('',#11511);
#3200=VERTEX_POINT('',#11513);
#3201=VERTEX_POINT('',#11515);
#3202=VERTEX_POINT('',#11517);
#3203=VERTEX_POINT('',#11519);
#3204=VERTEX_POINT('',#11521);
#3205=VERTEX_POINT('',#11523);
#3206=VERTEX_POINT('',#11525);
#3207=VERTEX_POINT('',#11527);
#3208=VERTEX_POINT('',#11529);
#3209=VERTEX_POINT('',#11531);
#3210=VERTEX_POINT('',#11533);
#3211=VERTEX_POINT('',#11535);
#3212=VERTEX_POINT('',#11537);
#3213=VERTEX_POINT('',#11539);
#3214=VERTEX_POINT('',#11541);
#3215=VERTEX_POINT('',#11543);
#3216=VERTEX_POINT('',#11545);
#3217=VERTEX_POINT('',#11547);
#3218=VERTEX_POINT('',#11549);
#3219=VERTEX_POINT('',#11551);
#3220=VERTEX_POINT('',#11553);
#3221=VERTEX_POINT('',#11555);
#3222=VERTEX_POINT('',#11557);
#3223=VERTEX_POINT('',#11559);
#3224=VERTEX_POINT('',#11561);
#3225=VERTEX_POINT('',#11563);
#3226=VERTEX_POINT('',#11565);
#3227=VERTEX_POINT('',#11567);
#3228=VERTEX_POINT('',#11569);
#3229=VERTEX_POINT('',#11571);
#3230=VERTEX_POINT('',#11573);
#3231=VERTEX_POINT('',#11575);
#3232=VERTEX_POINT('',#11577);
#3233=VERTEX_POINT('',#11579);
#3234=VERTEX_POINT('',#11581);
#3235=VERTEX_POINT('',#11583);
#3236=VERTEX_POINT('',#11585);
#3237=VERTEX_POINT('',#11587);
#3238=VERTEX_POINT('',#11589);
#3239=VERTEX_POINT('',#11591);
#3240=VERTEX_POINT('',#11593);
#3241=VERTEX_POINT('',#11595);
#3242=VERTEX_POINT('',#11597);
#3243=VERTEX_POINT('',#11599);
#3244=VERTEX_POINT('',#11601);
#3245=VERTEX_POINT('',#11603);
#3246=VERTEX_POINT('',#11606);
#3247=VERTEX_POINT('',#11607);
#3248=VERTEX_POINT('',#11609);
#3249=VERTEX_POINT('',#11611);
#3250=VERTEX_POINT('',#11614);
#3251=VERTEX_POINT('',#11616);
#3252=VERTEX_POINT('',#11618);
#3253=VERTEX_POINT('',#11620);
#3254=EDGE_CURVE('',#2540,#2541,#2064,.T.);
#3255=EDGE_CURVE('',#2541,#2542,#874,.T.);
#3256=EDGE_CURVE('',#2542,#2543,#2065,.T.);
#3257=EDGE_CURVE('',#2543,#2540,#875,.T.);
#3258=EDGE_CURVE('',#2543,#2544,#876,.T.);
#3259=EDGE_CURVE('',#2544,#2545,#877,.T.);
#3260=EDGE_CURVE('',#2545,#2540,#878,.T.);
#3261=EDGE_CURVE('',#2546,#2542,#2066,.T.);
#3262=EDGE_CURVE('',#2547,#2546,#2067,.T.);
#3263=EDGE_CURVE('',#2548,#2547,#879,.T.);
#3264=EDGE_CURVE('',#2549,#2548,#2068,.T.);
#3265=EDGE_CURVE('',#2550,#2549,#880,.T.);
#3266=EDGE_CURVE('',#2551,#2550,#2069,.T.);
#3267=EDGE_CURVE('',#2552,#2551,#2070,.T.);
#3268=EDGE_CURVE('',#2553,#2552,#2071,.T.);
#3269=EDGE_CURVE('',#2554,#2553,#881,.T.);
#3270=EDGE_CURVE('',#2555,#2554,#2072,.T.);
#3271=EDGE_CURVE('',#2556,#2555,#882,.T.);
#3272=EDGE_CURVE('',#2557,#2556,#2073,.T.);
#3273=EDGE_CURVE('',#2558,#2557,#2074,.T.);
#3274=EDGE_CURVE('',#2559,#2558,#2075,.T.);
#3275=EDGE_CURVE('',#2560,#2559,#883,.T.);
#3276=EDGE_CURVE('',#2561,#2560,#2076,.T.);
#3277=EDGE_CURVE('',#2562,#2561,#884,.T.);
#3278=EDGE_CURVE('',#2563,#2562,#2077,.T.);
#3279=EDGE_CURVE('',#2564,#2563,#2078,.T.);
#3280=EDGE_CURVE('',#2565,#2564,#2079,.T.);
#3281=EDGE_CURVE('',#2566,#2565,#885,.T.);
#3282=EDGE_CURVE('',#2567,#2566,#2080,.T.);
#3283=EDGE_CURVE('',#2568,#2567,#886,.T.);
#3284=EDGE_CURVE('',#2569,#2568,#2081,.T.);
#3285=EDGE_CURVE('',#2570,#2569,#2082,.T.);
#3286=EDGE_CURVE('',#2571,#2570,#2083,.T.);
#3287=EDGE_CURVE('',#2572,#2571,#887,.T.);
#3288=EDGE_CURVE('',#2573,#2572,#2084,.T.);
#3289=EDGE_CURVE('',#2574,#2573,#888,.T.);
#3290=EDGE_CURVE('',#2575,#2574,#2085,.T.);
#3291=EDGE_CURVE('',#2576,#2575,#2086,.T.);
#3292=EDGE_CURVE('',#2577,#2576,#2087,.T.);
#3293=EDGE_CURVE('',#2578,#2577,#889,.T.);
#3294=EDGE_CURVE('',#2579,#2578,#2088,.T.);
#3295=EDGE_CURVE('',#2580,#2579,#890,.T.);
#3296=EDGE_CURVE('',#2581,#2580,#2089,.T.);
#3297=EDGE_CURVE('',#2582,#2581,#2090,.T.);
#3298=EDGE_CURVE('',#2583,#2582,#2091,.T.);
#3299=EDGE_CURVE('',#2584,#2583,#891,.T.);
#3300=EDGE_CURVE('',#2585,#2584,#2092,.T.);
#3301=EDGE_CURVE('',#2586,#2585,#892,.T.);
#3302=EDGE_CURVE('',#2587,#2586,#2093,.T.);
#3303=EDGE_CURVE('',#2588,#2587,#2094,.T.);
#3304=EDGE_CURVE('',#2589,#2588,#2095,.T.);
#3305=EDGE_CURVE('',#2590,#2589,#893,.T.);
#3306=EDGE_CURVE('',#2591,#2590,#2096,.T.);
#3307=EDGE_CURVE('',#2592,#2591,#894,.T.);
#3308=EDGE_CURVE('',#2593,#2592,#2097,.T.);
#3309=EDGE_CURVE('',#2594,#2593,#2098,.T.);
#3310=EDGE_CURVE('',#2595,#2594,#2099,.T.);
#3311=EDGE_CURVE('',#2596,#2595,#895,.T.);
#3312=EDGE_CURVE('',#2597,#2596,#2100,.T.);
#3313=EDGE_CURVE('',#2598,#2597,#896,.T.);
#3314=EDGE_CURVE('',#2599,#2598,#2101,.T.);
#3315=EDGE_CURVE('',#2600,#2599,#2102,.T.);
#3316=EDGE_CURVE('',#2601,#2600,#2103,.T.);
#3317=EDGE_CURVE('',#2602,#2601,#897,.T.);
#3318=EDGE_CURVE('',#2603,#2602,#2104,.T.);
#3319=EDGE_CURVE('',#2604,#2603,#898,.T.);
#3320=EDGE_CURVE('',#2605,#2604,#2105,.T.);
#3321=EDGE_CURVE('',#2606,#2605,#2106,.T.);
#3322=EDGE_CURVE('',#2607,#2606,#2107,.T.);
#3323=EDGE_CURVE('',#2608,#2607,#899,.T.);
#3324=EDGE_CURVE('',#2609,#2608,#2108,.T.);
#3325=EDGE_CURVE('',#2610,#2609,#900,.T.);
#3326=EDGE_CURVE('',#2611,#2610,#2109,.T.);
#3327=EDGE_CURVE('',#2612,#2611,#2110,.T.);
#3328=EDGE_CURVE('',#2613,#2612,#2111,.T.);
#3329=EDGE_CURVE('',#2614,#2613,#901,.T.);
#3330=EDGE_CURVE('',#2615,#2614,#2112,.T.);
#3331=EDGE_CURVE('',#2616,#2615,#902,.T.);
#3332=EDGE_CURVE('',#2617,#2616,#2113,.T.);
#3333=EDGE_CURVE('',#2618,#2617,#2114,.T.);
#3334=EDGE_CURVE('',#2619,#2618,#2115,.T.);
#3335=EDGE_CURVE('',#2620,#2619,#903,.T.);
#3336=EDGE_CURVE('',#2621,#2620,#2116,.T.);
#3337=EDGE_CURVE('',#2622,#2621,#904,.T.);
#3338=EDGE_CURVE('',#2623,#2622,#2117,.T.);
#3339=EDGE_CURVE('',#2624,#2623,#2118,.T.);
#3340=EDGE_CURVE('',#2625,#2624,#2119,.T.);
#3341=EDGE_CURVE('',#2626,#2625,#905,.T.);
#3342=EDGE_CURVE('',#2627,#2626,#2120,.T.);
#3343=EDGE_CURVE('',#2628,#2627,#906,.T.);
#3344=EDGE_CURVE('',#2629,#2628,#2121,.T.);
#3345=EDGE_CURVE('',#2630,#2629,#2122,.T.);
#3346=EDGE_CURVE('',#2631,#2630,#2123,.T.);
#3347=EDGE_CURVE('',#2632,#2631,#907,.T.);
#3348=EDGE_CURVE('',#2633,#2632,#2124,.T.);
#3349=EDGE_CURVE('',#2634,#2633,#908,.T.);
#3350=EDGE_CURVE('',#2635,#2634,#2125,.T.);
#3351=EDGE_CURVE('',#2636,#2635,#2126,.T.);
#3352=EDGE_CURVE('',#2637,#2636,#2127,.T.);
#3353=EDGE_CURVE('',#2638,#2637,#909,.T.);
#3354=EDGE_CURVE('',#2639,#2638,#2128,.T.);
#3355=EDGE_CURVE('',#2640,#2639,#910,.T.);
#3356=EDGE_CURVE('',#2641,#2640,#2129,.T.);
#3357=EDGE_CURVE('',#2642,#2641,#2130,.T.);
#3358=EDGE_CURVE('',#2643,#2642,#2131,.T.);
#3359=EDGE_CURVE('',#2644,#2643,#911,.T.);
#3360=EDGE_CURVE('',#2645,#2644,#2132,.T.);
#3361=EDGE_CURVE('',#2646,#2645,#912,.T.);
#3362=EDGE_CURVE('',#2647,#2646,#2133,.T.);
#3363=EDGE_CURVE('',#2648,#2647,#2134,.T.);
#3364=EDGE_CURVE('',#2649,#2648,#2135,.T.);
#3365=EDGE_CURVE('',#2650,#2649,#913,.T.);
#3366=EDGE_CURVE('',#2651,#2650,#2136,.T.);
#3367=EDGE_CURVE('',#2652,#2651,#914,.T.);
#3368=EDGE_CURVE('',#2653,#2652,#2137,.T.);
#3369=EDGE_CURVE('',#2654,#2653,#2138,.T.);
#3370=EDGE_CURVE('',#2655,#2654,#2139,.T.);
#3371=EDGE_CURVE('',#2656,#2655,#915,.T.);
#3372=EDGE_CURVE('',#2657,#2656,#2140,.T.);
#3373=EDGE_CURVE('',#2658,#2657,#916,.T.);
#3374=EDGE_CURVE('',#2659,#2658,#2141,.T.);
#3375=EDGE_CURVE('',#2660,#2659,#2142,.T.);
#3376=EDGE_CURVE('',#2661,#2660,#2143,.T.);
#3377=EDGE_CURVE('',#2662,#2661,#917,.T.);
#3378=EDGE_CURVE('',#2663,#2662,#2144,.T.);
#3379=EDGE_CURVE('',#2664,#2663,#918,.T.);
#3380=EDGE_CURVE('',#2665,#2664,#2145,.T.);
#3381=EDGE_CURVE('',#2666,#2665,#2146,.T.);
#3382=EDGE_CURVE('',#2667,#2666,#2147,.T.);
#3383=EDGE_CURVE('',#2668,#2667,#919,.T.);
#3384=EDGE_CURVE('',#2669,#2668,#2148,.T.);
#3385=EDGE_CURVE('',#2670,#2669,#920,.T.);
#3386=EDGE_CURVE('',#2671,#2670,#2149,.T.);
#3387=EDGE_CURVE('',#2672,#2671,#2150,.T.);
#3388=EDGE_CURVE('',#2673,#2672,#2151,.T.);
#3389=EDGE_CURVE('',#2674,#2673,#921,.T.);
#3390=EDGE_CURVE('',#2675,#2674,#2152,.T.);
#3391=EDGE_CURVE('',#2676,#2675,#922,.T.);
#3392=EDGE_CURVE('',#2677,#2676,#2153,.T.);
#3393=EDGE_CURVE('',#2678,#2677,#2154,.T.);
#3394=EDGE_CURVE('',#2679,#2678,#2155,.T.);
#3395=EDGE_CURVE('',#2680,#2679,#923,.T.);
#3396=EDGE_CURVE('',#2681,#2680,#2156,.T.);
#3397=EDGE_CURVE('',#2682,#2681,#924,.T.);
#3398=EDGE_CURVE('',#2683,#2682,#2157,.T.);
#3399=EDGE_CURVE('',#2684,#2683,#2158,.T.);
#3400=EDGE_CURVE('',#2685,#2684,#2159,.T.);
#3401=EDGE_CURVE('',#2686,#2685,#925,.T.);
#3402=EDGE_CURVE('',#2687,#2686,#2160,.T.);
#3403=EDGE_CURVE('',#2688,#2687,#926,.T.);
#3404=EDGE_CURVE('',#2689,#2688,#2161,.T.);
#3405=EDGE_CURVE('',#2690,#2689,#2162,.T.);
#3406=EDGE_CURVE('',#2691,#2690,#2163,.T.);
#3407=EDGE_CURVE('',#2692,#2691,#927,.T.);
#3408=EDGE_CURVE('',#2693,#2692,#2164,.T.);
#3409=EDGE_CURVE('',#2694,#2693,#928,.T.);
#3410=EDGE_CURVE('',#2695,#2694,#2165,.T.);
#3411=EDGE_CURVE('',#2696,#2695,#2166,.T.);
#3412=EDGE_CURVE('',#2697,#2696,#2167,.T.);
#3413=EDGE_CURVE('',#2698,#2697,#929,.T.);
#3414=EDGE_CURVE('',#2699,#2698,#2168,.T.);
#3415=EDGE_CURVE('',#2700,#2699,#930,.T.);
#3416=EDGE_CURVE('',#2701,#2700,#2169,.T.);
#3417=EDGE_CURVE('',#2702,#2701,#2170,.T.);
#3418=EDGE_CURVE('',#2703,#2702,#2171,.T.);
#3419=EDGE_CURVE('',#2704,#2703,#931,.T.);
#3420=EDGE_CURVE('',#2705,#2704,#2172,.T.);
#3421=EDGE_CURVE('',#2706,#2705,#932,.T.);
#3422=EDGE_CURVE('',#2707,#2706,#2173,.T.);
#3423=EDGE_CURVE('',#2708,#2707,#2174,.T.);
#3424=EDGE_CURVE('',#2709,#2708,#2175,.T.);
#3425=EDGE_CURVE('',#2710,#2709,#933,.T.);
#3426=EDGE_CURVE('',#2711,#2710,#2176,.T.);
#3427=EDGE_CURVE('',#2712,#2711,#934,.T.);
#3428=EDGE_CURVE('',#2713,#2712,#2177,.T.);
#3429=EDGE_CURVE('',#2714,#2713,#2178,.T.);
#3430=EDGE_CURVE('',#2715,#2714,#2179,.T.);
#3431=EDGE_CURVE('',#2716,#2715,#935,.T.);
#3432=EDGE_CURVE('',#2717,#2716,#2180,.T.);
#3433=EDGE_CURVE('',#2718,#2717,#936,.T.);
#3434=EDGE_CURVE('',#2719,#2718,#2181,.T.);
#3435=EDGE_CURVE('',#2720,#2719,#2182,.T.);
#3436=EDGE_CURVE('',#2721,#2720,#2183,.T.);
#3437=EDGE_CURVE('',#2722,#2721,#937,.T.);
#3438=EDGE_CURVE('',#2723,#2722,#2184,.T.);
#3439=EDGE_CURVE('',#2724,#2723,#938,.T.);
#3440=EDGE_CURVE('',#2725,#2724,#2185,.T.);
#3441=EDGE_CURVE('',#2726,#2725,#2186,.T.);
#3442=EDGE_CURVE('',#2727,#2726,#2187,.T.);
#3443=EDGE_CURVE('',#2728,#2727,#939,.T.);
#3444=EDGE_CURVE('',#2729,#2728,#2188,.T.);
#3445=EDGE_CURVE('',#2730,#2729,#940,.T.);
#3446=EDGE_CURVE('',#2731,#2730,#2189,.T.);
#3447=EDGE_CURVE('',#2732,#2731,#2190,.T.);
#3448=EDGE_CURVE('',#2733,#2732,#2191,.T.);
#3449=EDGE_CURVE('',#2734,#2733,#941,.T.);
#3450=EDGE_CURVE('',#2735,#2734,#2192,.T.);
#3451=EDGE_CURVE('',#2736,#2735,#942,.T.);
#3452=EDGE_CURVE('',#2737,#2736,#2193,.T.);
#3453=EDGE_CURVE('',#2738,#2737,#2194,.T.);
#3454=EDGE_CURVE('',#2739,#2738,#2195,.T.);
#3455=EDGE_CURVE('',#2740,#2739,#943,.T.);
#3456=EDGE_CURVE('',#2741,#2740,#2196,.T.);
#3457=EDGE_CURVE('',#2742,#2741,#944,.T.);
#3458=EDGE_CURVE('',#2743,#2742,#2197,.T.);
#3459=EDGE_CURVE('',#2744,#2743,#2198,.T.);
#3460=EDGE_CURVE('',#2745,#2744,#2199,.T.);
#3461=EDGE_CURVE('',#2746,#2745,#945,.T.);
#3462=EDGE_CURVE('',#2747,#2746,#2200,.T.);
#3463=EDGE_CURVE('',#2748,#2747,#946,.T.);
#3464=EDGE_CURVE('',#2749,#2748,#2201,.T.);
#3465=EDGE_CURVE('',#2750,#2749,#2202,.T.);
#3466=EDGE_CURVE('',#2751,#2750,#2203,.T.);
#3467=EDGE_CURVE('',#2752,#2751,#947,.T.);
#3468=EDGE_CURVE('',#2753,#2752,#2204,.T.);
#3469=EDGE_CURVE('',#2754,#2753,#948,.T.);
#3470=EDGE_CURVE('',#2755,#2754,#2205,.T.);
#3471=EDGE_CURVE('',#2756,#2755,#2206,.T.);
#3472=EDGE_CURVE('',#2757,#2756,#2207,.T.);
#3473=EDGE_CURVE('',#2758,#2757,#949,.T.);
#3474=EDGE_CURVE('',#2759,#2758,#2208,.T.);
#3475=EDGE_CURVE('',#2760,#2759,#950,.T.);
#3476=EDGE_CURVE('',#2761,#2760,#2209,.T.);
#3477=EDGE_CURVE('',#2762,#2761,#2210,.T.);
#3478=EDGE_CURVE('',#2763,#2762,#2211,.T.);
#3479=EDGE_CURVE('',#2764,#2763,#951,.T.);
#3480=EDGE_CURVE('',#2765,#2764,#2212,.T.);
#3481=EDGE_CURVE('',#2766,#2765,#952,.T.);
#3482=EDGE_CURVE('',#2767,#2766,#2213,.T.);
#3483=EDGE_CURVE('',#2768,#2767,#2214,.T.);
#3484=EDGE_CURVE('',#2769,#2768,#2215,.T.);
#3485=EDGE_CURVE('',#2770,#2769,#953,.T.);
#3486=EDGE_CURVE('',#2771,#2770,#2216,.T.);
#3487=EDGE_CURVE('',#2772,#2771,#954,.T.);
#3488=EDGE_CURVE('',#2773,#2772,#2217,.T.);
#3489=EDGE_CURVE('',#2774,#2773,#2218,.T.);
#3490=EDGE_CURVE('',#2775,#2774,#2219,.T.);
#3491=EDGE_CURVE('',#2776,#2775,#955,.T.);
#3492=EDGE_CURVE('',#2777,#2776,#2220,.T.);
#3493=EDGE_CURVE('',#2778,#2777,#956,.T.);
#3494=EDGE_CURVE('',#2779,#2778,#2221,.T.);
#3495=EDGE_CURVE('',#2780,#2779,#2222,.T.);
#3496=EDGE_CURVE('',#2781,#2780,#2223,.T.);
#3497=EDGE_CURVE('',#2782,#2781,#957,.T.);
#3498=EDGE_CURVE('',#2783,#2782,#2224,.T.);
#3499=EDGE_CURVE('',#2784,#2783,#958,.T.);
#3500=EDGE_CURVE('',#2785,#2784,#2225,.T.);
#3501=EDGE_CURVE('',#2786,#2785,#2226,.T.);
#3502=EDGE_CURVE('',#2787,#2786,#2227,.T.);
#3503=EDGE_CURVE('',#2788,#2787,#959,.T.);
#3504=EDGE_CURVE('',#2789,#2788,#2228,.T.);
#3505=EDGE_CURVE('',#2790,#2789,#960,.T.);
#3506=EDGE_CURVE('',#2791,#2790,#2229,.T.);
#3507=EDGE_CURVE('',#2792,#2791,#2230,.T.);
#3508=EDGE_CURVE('',#2793,#2792,#2231,.T.);
#3509=EDGE_CURVE('',#2794,#2793,#961,.T.);
#3510=EDGE_CURVE('',#2795,#2794,#2232,.T.);
#3511=EDGE_CURVE('',#2796,#2795,#962,.T.);
#3512=EDGE_CURVE('',#2797,#2796,#2233,.T.);
#3513=EDGE_CURVE('',#2798,#2797,#2234,.T.);
#3514=EDGE_CURVE('',#2799,#2798,#2235,.T.);
#3515=EDGE_CURVE('',#2800,#2799,#963,.T.);
#3516=EDGE_CURVE('',#2801,#2800,#2236,.T.);
#3517=EDGE_CURVE('',#2802,#2801,#964,.T.);
#3518=EDGE_CURVE('',#2803,#2802,#2237,.T.);
#3519=EDGE_CURVE('',#2804,#2803,#2238,.T.);
#3520=EDGE_CURVE('',#2805,#2804,#2239,.T.);
#3521=EDGE_CURVE('',#2806,#2805,#965,.T.);
#3522=EDGE_CURVE('',#2807,#2806,#2240,.T.);
#3523=EDGE_CURVE('',#2808,#2807,#966,.T.);
#3524=EDGE_CURVE('',#2809,#2808,#2241,.T.);
#3525=EDGE_CURVE('',#2810,#2809,#2242,.T.);
#3526=EDGE_CURVE('',#2811,#2810,#2243,.T.);
#3527=EDGE_CURVE('',#2812,#2811,#967,.T.);
#3528=EDGE_CURVE('',#2813,#2812,#2244,.T.);
#3529=EDGE_CURVE('',#2814,#2813,#968,.T.);
#3530=EDGE_CURVE('',#2815,#2814,#2245,.T.);
#3531=EDGE_CURVE('',#2816,#2815,#2246,.T.);
#3532=EDGE_CURVE('',#2817,#2816,#2247,.T.);
#3533=EDGE_CURVE('',#2818,#2817,#969,.T.);
#3534=EDGE_CURVE('',#2819,#2818,#2248,.T.);
#3535=EDGE_CURVE('',#2820,#2819,#970,.T.);
#3536=EDGE_CURVE('',#2821,#2820,#2249,.T.);
#3537=EDGE_CURVE('',#2822,#2821,#2250,.T.);
#3538=EDGE_CURVE('',#2823,#2822,#2251,.T.);
#3539=EDGE_CURVE('',#2824,#2823,#971,.T.);
#3540=EDGE_CURVE('',#2825,#2824,#2252,.T.);
#3541=EDGE_CURVE('',#2826,#2825,#972,.T.);
#3542=EDGE_CURVE('',#2827,#2826,#2253,.T.);
#3543=EDGE_CURVE('',#2828,#2827,#2254,.T.);
#3544=EDGE_CURVE('',#2829,#2828,#2255,.T.);
#3545=EDGE_CURVE('',#2830,#2829,#973,.T.);
#3546=EDGE_CURVE('',#2831,#2830,#2256,.T.);
#3547=EDGE_CURVE('',#2832,#2831,#974,.T.);
#3548=EDGE_CURVE('',#2833,#2832,#2257,.T.);
#3549=EDGE_CURVE('',#2834,#2833,#2258,.T.);
#3550=EDGE_CURVE('',#2835,#2834,#2259,.T.);
#3551=EDGE_CURVE('',#2836,#2835,#975,.T.);
#3552=EDGE_CURVE('',#2837,#2836,#2260,.T.);
#3553=EDGE_CURVE('',#2838,#2837,#976,.T.);
#3554=EDGE_CURVE('',#2839,#2838,#2261,.T.);
#3555=EDGE_CURVE('',#2840,#2839,#2262,.T.);
#3556=EDGE_CURVE('',#2841,#2840,#2263,.T.);
#3557=EDGE_CURVE('',#2842,#2841,#977,.T.);
#3558=EDGE_CURVE('',#2843,#2842,#2264,.T.);
#3559=EDGE_CURVE('',#2844,#2843,#978,.T.);
#3560=EDGE_CURVE('',#2845,#2844,#2265,.T.);
#3561=EDGE_CURVE('',#2846,#2845,#2266,.T.);
#3562=EDGE_CURVE('',#2847,#2846,#2267,.T.);
#3563=EDGE_CURVE('',#2848,#2847,#979,.T.);
#3564=EDGE_CURVE('',#2849,#2848,#2268,.T.);
#3565=EDGE_CURVE('',#2850,#2849,#980,.T.);
#3566=EDGE_CURVE('',#2851,#2850,#2269,.T.);
#3567=EDGE_CURVE('',#2852,#2851,#2270,.T.);
#3568=EDGE_CURVE('',#2853,#2852,#2271,.T.);
#3569=EDGE_CURVE('',#2854,#2853,#981,.T.);
#3570=EDGE_CURVE('',#2855,#2854,#2272,.T.);
#3571=EDGE_CURVE('',#2856,#2855,#982,.T.);
#3572=EDGE_CURVE('',#2857,#2856,#2273,.T.);
#3573=EDGE_CURVE('',#2858,#2857,#2274,.T.);
#3574=EDGE_CURVE('',#2859,#2858,#2275,.T.);
#3575=EDGE_CURVE('',#2860,#2859,#983,.T.);
#3576=EDGE_CURVE('',#2861,#2860,#2276,.T.);
#3577=EDGE_CURVE('',#2862,#2861,#984,.T.);
#3578=EDGE_CURVE('',#2863,#2862,#2277,.T.);
#3579=EDGE_CURVE('',#2864,#2863,#2278,.T.);
#3580=EDGE_CURVE('',#2865,#2864,#2279,.T.);
#3581=EDGE_CURVE('',#2866,#2865,#985,.T.);
#3582=EDGE_CURVE('',#2867,#2866,#2280,.T.);
#3583=EDGE_CURVE('',#2868,#2867,#986,.T.);
#3584=EDGE_CURVE('',#2869,#2868,#2281,.T.);
#3585=EDGE_CURVE('',#2870,#2869,#2282,.T.);
#3586=EDGE_CURVE('',#2871,#2870,#2283,.T.);
#3587=EDGE_CURVE('',#2872,#2871,#987,.T.);
#3588=EDGE_CURVE('',#2873,#2872,#2284,.T.);
#3589=EDGE_CURVE('',#2874,#2873,#988,.T.);
#3590=EDGE_CURVE('',#2875,#2874,#2285,.T.);
#3591=EDGE_CURVE('',#2876,#2875,#2286,.T.);
#3592=EDGE_CURVE('',#2877,#2876,#2287,.T.);
#3593=EDGE_CURVE('',#2877,#2878,#989,.T.);
#3594=EDGE_CURVE('',#2878,#2879,#2288,.T.);
#3595=EDGE_CURVE('',#2879,#2880,#990,.T.);
#3596=EDGE_CURVE('',#2881,#2880,#2289,.T.);
#3597=EDGE_CURVE('',#2881,#2882,#991,.T.);
#3598=EDGE_CURVE('',#2883,#2882,#2290,.T.);
#3599=EDGE_CURVE('',#2883,#2884,#992,.T.);
#3600=EDGE_CURVE('',#2884,#2885,#993,.T.);
#3601=EDGE_CURVE('',#2886,#2885,#2291,.T.);
#3602=EDGE_CURVE('',#2887,#2886,#994,.T.);
#3603=EDGE_CURVE('',#2888,#2887,#2292,.T.);
#3604=EDGE_CURVE('',#2888,#2889,#995,.T.);
#3605=EDGE_CURVE('',#2890,#2889,#2293,.T.);
#3606=EDGE_CURVE('',#2891,#2890,#996,.T.);
#3607=EDGE_CURVE('',#2544,#2891,#2294,.T.);
#3608=EDGE_CURVE('',#2892,#2893,#2295,.T.);
#3609=EDGE_CURVE('',#2894,#2892,#2296,.T.);
#3610=EDGE_CURVE('',#2895,#2894,#2297,.T.);
#3611=EDGE_CURVE('',#2893,#2895,#2298,.T.);
#3612=EDGE_CURVE('',#2896,#2896,#2299,.T.);
#3613=EDGE_CURVE('',#2897,#2897,#2300,.T.);
#3614=EDGE_CURVE('',#2898,#2898,#2301,.T.);
#3615=EDGE_CURVE('',#2899,#2899,#2302,.T.);
#3616=EDGE_CURVE('',#2889,#2900,#997,.T.);
#3617=EDGE_CURVE('',#2900,#2901,#2303,.T.);
#3618=EDGE_CURVE('',#2901,#2890,#998,.T.);
#3619=EDGE_CURVE('',#2901,#2902,#999,.T.);
#3620=EDGE_CURVE('',#2891,#2902,#1000,.T.);
#3621=EDGE_CURVE('',#2902,#2545,#2304,.T.);
#3622=EDGE_CURVE('',#2900,#2903,#1001,.T.);
#3623=EDGE_CURVE('',#2903,#2904,#2305,.T.);
#3624=EDGE_CURVE('',#2904,#2905,#1002,.T.);
#3625=EDGE_CURVE('',#2906,#2905,#2306,.T.);
#3626=EDGE_CURVE('',#2906,#2907,#1003,.T.);
#3627=EDGE_CURVE('',#2907,#2908,#1004,.T.);
#3628=EDGE_CURVE('',#2909,#2908,#2307,.T.);
#3629=EDGE_CURVE('',#2909,#2910,#1005,.T.);
#3630=EDGE_CURVE('',#2911,#2910,#2308,.T.);
#3631=EDGE_CURVE('',#2911,#2912,#1006,.T.);
#3632=EDGE_CURVE('',#2912,#2913,#2309,.T.);
#3633=EDGE_CURVE('',#2913,#2914,#1007,.T.);
#3634=EDGE_CURVE('',#2915,#2914,#2310,.T.);
#3635=EDGE_CURVE('',#2915,#2916,#2311,.T.);
#3636=EDGE_CURVE('',#2917,#2916,#2312,.T.);
#3637=EDGE_CURVE('',#2918,#2917,#1008,.T.);
#3638=EDGE_CURVE('',#2919,#2918,#2313,.T.);
#3639=EDGE_CURVE('',#2920,#2919,#1009,.T.);
#3640=EDGE_CURVE('',#2921,#2920,#2314,.T.);
#3641=EDGE_CURVE('',#2921,#2922,#2315,.T.);
#3642=EDGE_CURVE('',#2923,#2922,#2316,.T.);
#3643=EDGE_CURVE('',#2924,#2923,#1010,.T.);
#3644=EDGE_CURVE('',#2925,#2924,#2317,.T.);
#3645=EDGE_CURVE('',#2926,#2925,#1011,.T.);
#3646=EDGE_CURVE('',#2927,#2926,#2318,.T.);
#3647=EDGE_CURVE('',#2927,#2928,#2319,.T.);
#3648=EDGE_CURVE('',#2929,#2928,#2320,.T.);
#3649=EDGE_CURVE('',#2930,#2929,#1012,.T.);
#3650=EDGE_CURVE('',#2931,#2930,#2321,.T.);
#3651=EDGE_CURVE('',#2932,#2931,#1013,.T.);
#3652=EDGE_CURVE('',#2933,#2932,#2322,.T.);
#3653=EDGE_CURVE('',#2933,#2934,#2323,.T.);
#3654=EDGE_CURVE('',#2935,#2934,#2324,.T.);
#3655=EDGE_CURVE('',#2936,#2935,#1014,.T.);
#3656=EDGE_CURVE('',#2937,#2936,#2325,.T.);
#3657=EDGE_CURVE('',#2938,#2937,#1015,.T.);
#3658=EDGE_CURVE('',#2939,#2938,#2326,.T.);
#3659=EDGE_CURVE('',#2939,#2940,#2327,.T.);
#3660=EDGE_CURVE('',#2941,#2940,#2328,.T.);
#3661=EDGE_CURVE('',#2942,#2941,#1016,.T.);
#3662=EDGE_CURVE('',#2943,#2942,#2329,.T.);
#3663=EDGE_CURVE('',#2944,#2943,#1017,.T.);
#3664=EDGE_CURVE('',#2945,#2944,#2330,.T.);
#3665=EDGE_CURVE('',#2945,#2946,#2331,.T.);
#3666=EDGE_CURVE('',#2947,#2946,#2332,.T.);
#3667=EDGE_CURVE('',#2948,#2947,#1018,.T.);
#3668=EDGE_CURVE('',#2949,#2948,#2333,.T.);
#3669=EDGE_CURVE('',#2950,#2949,#1019,.T.);
#3670=EDGE_CURVE('',#2951,#2950,#2334,.T.);
#3671=EDGE_CURVE('',#2951,#2952,#2335,.T.);
#3672=EDGE_CURVE('',#2953,#2952,#2336,.T.);
#3673=EDGE_CURVE('',#2954,#2953,#1020,.T.);
#3674=EDGE_CURVE('',#2955,#2954,#2337,.T.);
#3675=EDGE_CURVE('',#2956,#2955,#1021,.T.);
#3676=EDGE_CURVE('',#2957,#2956,#2338,.T.);
#3677=EDGE_CURVE('',#2957,#2958,#2339,.T.);
#3678=EDGE_CURVE('',#2959,#2958,#2340,.T.);
#3679=EDGE_CURVE('',#2960,#2959,#1022,.T.);
#3680=EDGE_CURVE('',#2961,#2960,#2341,.T.);
#3681=EDGE_CURVE('',#2962,#2961,#1023,.T.);
#3682=EDGE_CURVE('',#2963,#2962,#2342,.T.);
#3683=EDGE_CURVE('',#2963,#2964,#2343,.T.);
#3684=EDGE_CURVE('',#2965,#2964,#2344,.T.);
#3685=EDGE_CURVE('',#2966,#2965,#1024,.T.);
#3686=EDGE_CURVE('',#2967,#2966,#2345,.T.);
#3687=EDGE_CURVE('',#2968,#2967,#1025,.T.);
#3688=EDGE_CURVE('',#2969,#2968,#2346,.T.);
#3689=EDGE_CURVE('',#2969,#2970,#2347,.T.);
#3690=EDGE_CURVE('',#2971,#2970,#2348,.T.);
#3691=EDGE_CURVE('',#2972,#2971,#1026,.T.);
#3692=EDGE_CURVE('',#2973,#2972,#2349,.T.);
#3693=EDGE_CURVE('',#2974,#2973,#1027,.T.);
#3694=EDGE_CURVE('',#2975,#2974,#2350,.T.);
#3695=EDGE_CURVE('',#2975,#2976,#2351,.T.);
#3696=EDGE_CURVE('',#2977,#2976,#2352,.T.);
#3697=EDGE_CURVE('',#2978,#2977,#1028,.T.);
#3698=EDGE_CURVE('',#2979,#2978,#2353,.T.);
#3699=EDGE_CURVE('',#2980,#2979,#1029,.T.);
#3700=EDGE_CURVE('',#2981,#2980,#2354,.T.);
#3701=EDGE_CURVE('',#2981,#2982,#2355,.T.);
#3702=EDGE_CURVE('',#2983,#2982,#2356,.T.);
#3703=EDGE_CURVE('',#2984,#2983,#1030,.T.);
#3704=EDGE_CURVE('',#2985,#2984,#2357,.T.);
#3705=EDGE_CURVE('',#2986,#2985,#1031,.T.);
#3706=EDGE_CURVE('',#2987,#2986,#2358,.T.);
#3707=EDGE_CURVE('',#2987,#2988,#2359,.T.);
#3708=EDGE_CURVE('',#2989,#2988,#2360,.T.);
#3709=EDGE_CURVE('',#2990,#2989,#1032,.T.);
#3710=EDGE_CURVE('',#2991,#2990,#2361,.T.);
#3711=EDGE_CURVE('',#2992,#2991,#1033,.T.);
#3712=EDGE_CURVE('',#2993,#2992,#2362,.T.);
#3713=EDGE_CURVE('',#2993,#2994,#2363,.T.);
#3714=EDGE_CURVE('',#2995,#2994,#2364,.T.);
#3715=EDGE_CURVE('',#2996,#2995,#1034,.T.);
#3716=EDGE_CURVE('',#2997,#2996,#2365,.T.);
#3717=EDGE_CURVE('',#2998,#2997,#1035,.T.);
#3718=EDGE_CURVE('',#2999,#2998,#2366,.T.);
#3719=EDGE_CURVE('',#2999,#3000,#2367,.T.);
#3720=EDGE_CURVE('',#3001,#3000,#2368,.T.);
#3721=EDGE_CURVE('',#3002,#3001,#1036,.T.);
#3722=EDGE_CURVE('',#3003,#3002,#2369,.T.);
#3723=EDGE_CURVE('',#3004,#3003,#1037,.T.);
#3724=EDGE_CURVE('',#3005,#3004,#2370,.T.);
#3725=EDGE_CURVE('',#3005,#3006,#2371,.T.);
#3726=EDGE_CURVE('',#3007,#3006,#2372,.T.);
#3727=EDGE_CURVE('',#3008,#3007,#1038,.T.);
#3728=EDGE_CURVE('',#3009,#3008,#2373,.T.);
#3729=EDGE_CURVE('',#3010,#3009,#1039,.T.);
#3730=EDGE_CURVE('',#3011,#3010,#2374,.T.);
#3731=EDGE_CURVE('',#3011,#3012,#2375,.T.);
#3732=EDGE_CURVE('',#3013,#3012,#2376,.T.);
#3733=EDGE_CURVE('',#3014,#3013,#1040,.T.);
#3734=EDGE_CURVE('',#3015,#3014,#2377,.T.);
#3735=EDGE_CURVE('',#3016,#3015,#1041,.T.);
#3736=EDGE_CURVE('',#3017,#3016,#2378,.T.);
#3737=EDGE_CURVE('',#3017,#3018,#2379,.T.);
#3738=EDGE_CURVE('',#3019,#3018,#2380,.T.);
#3739=EDGE_CURVE('',#3020,#3019,#1042,.T.);
#3740=EDGE_CURVE('',#3021,#3020,#2381,.T.);
#3741=EDGE_CURVE('',#3022,#3021,#1043,.T.);
#3742=EDGE_CURVE('',#3023,#3022,#2382,.T.);
#3743=EDGE_CURVE('',#3023,#3024,#2383,.T.);
#3744=EDGE_CURVE('',#3025,#3024,#2384,.T.);
#3745=EDGE_CURVE('',#3026,#3025,#1044,.T.);
#3746=EDGE_CURVE('',#3027,#3026,#2385,.T.);
#3747=EDGE_CURVE('',#3028,#3027,#1045,.T.);
#3748=EDGE_CURVE('',#3029,#3028,#2386,.T.);
#3749=EDGE_CURVE('',#3029,#3030,#2387,.T.);
#3750=EDGE_CURVE('',#3031,#3030,#2388,.T.);
#3751=EDGE_CURVE('',#3032,#3031,#1046,.T.);
#3752=EDGE_CURVE('',#3033,#3032,#2389,.T.);
#3753=EDGE_CURVE('',#3034,#3033,#1047,.T.);
#3754=EDGE_CURVE('',#3035,#3034,#2390,.T.);
#3755=EDGE_CURVE('',#3035,#3036,#2391,.T.);
#3756=EDGE_CURVE('',#3037,#3036,#2392,.T.);
#3757=EDGE_CURVE('',#3038,#3037,#1048,.T.);
#3758=EDGE_CURVE('',#3039,#3038,#2393,.T.);
#3759=EDGE_CURVE('',#3040,#3039,#1049,.T.);
#3760=EDGE_CURVE('',#3041,#3040,#2394,.T.);
#3761=EDGE_CURVE('',#3041,#3042,#2395,.T.);
#3762=EDGE_CURVE('',#3043,#3042,#2396,.T.);
#3763=EDGE_CURVE('',#3044,#3043,#1050,.T.);
#3764=EDGE_CURVE('',#3045,#3044,#2397,.T.);
#3765=EDGE_CURVE('',#3046,#3045,#1051,.T.);
#3766=EDGE_CURVE('',#3047,#3046,#2398,.T.);
#3767=EDGE_CURVE('',#3047,#3048,#2399,.T.);
#3768=EDGE_CURVE('',#3049,#3048,#2400,.T.);
#3769=EDGE_CURVE('',#3050,#3049,#1052,.T.);
#3770=EDGE_CURVE('',#3051,#3050,#2401,.T.);
#3771=EDGE_CURVE('',#3052,#3051,#1053,.T.);
#3772=EDGE_CURVE('',#3053,#3052,#2402,.T.);
#3773=EDGE_CURVE('',#3053,#3054,#2403,.T.);
#3774=EDGE_CURVE('',#3055,#3054,#2404,.T.);
#3775=EDGE_CURVE('',#3056,#3055,#1054,.T.);
#3776=EDGE_CURVE('',#3057,#3056,#2405,.T.);
#3777=EDGE_CURVE('',#3058,#3057,#1055,.T.);
#3778=EDGE_CURVE('',#3059,#3058,#2406,.T.);
#3779=EDGE_CURVE('',#3059,#3060,#2407,.T.);
#3780=EDGE_CURVE('',#3061,#3060,#2408,.T.);
#3781=EDGE_CURVE('',#3062,#3061,#1056,.T.);
#3782=EDGE_CURVE('',#3063,#3062,#2409,.T.);
#3783=EDGE_CURVE('',#3064,#3063,#1057,.T.);
#3784=EDGE_CURVE('',#3065,#3064,#2410,.T.);
#3785=EDGE_CURVE('',#3065,#3066,#2411,.T.);
#3786=EDGE_CURVE('',#3067,#3066,#2412,.T.);
#3787=EDGE_CURVE('',#3068,#3067,#1058,.T.);
#3788=EDGE_CURVE('',#3069,#3068,#2413,.T.);
#3789=EDGE_CURVE('',#3070,#3069,#1059,.T.);
#3790=EDGE_CURVE('',#3071,#3070,#2414,.T.);
#3791=EDGE_CURVE('',#3071,#3072,#2415,.T.);
#3792=EDGE_CURVE('',#3073,#3072,#2416,.T.);
#3793=EDGE_CURVE('',#3074,#3073,#1060,.T.);
#3794=EDGE_CURVE('',#3075,#3074,#2417,.T.);
#3795=EDGE_CURVE('',#3076,#3075,#1061,.T.);
#3796=EDGE_CURVE('',#3077,#3076,#2418,.T.);
#3797=EDGE_CURVE('',#3077,#3078,#2419,.T.);
#3798=EDGE_CURVE('',#3079,#3078,#2420,.T.);
#3799=EDGE_CURVE('',#3080,#3079,#1062,.T.);
#3800=EDGE_CURVE('',#3081,#3080,#2421,.T.);
#3801=EDGE_CURVE('',#3082,#3081,#1063,.T.);
#3802=EDGE_CURVE('',#3083,#3082,#2422,.T.);
#3803=EDGE_CURVE('',#3083,#3084,#2423,.T.);
#3804=EDGE_CURVE('',#3085,#3084,#2424,.T.);
#3805=EDGE_CURVE('',#3086,#3085,#1064,.T.);
#3806=EDGE_CURVE('',#3087,#3086,#2425,.T.);
#3807=EDGE_CURVE('',#3088,#3087,#1065,.T.);
#3808=EDGE_CURVE('',#3089,#3088,#2426,.T.);
#3809=EDGE_CURVE('',#3089,#3090,#2427,.T.);
#3810=EDGE_CURVE('',#3091,#3090,#2428,.T.);
#3811=EDGE_CURVE('',#3092,#3091,#1066,.T.);
#3812=EDGE_CURVE('',#3093,#3092,#2429,.T.);
#3813=EDGE_CURVE('',#3094,#3093,#1067,.T.);
#3814=EDGE_CURVE('',#3095,#3094,#2430,.T.);
#3815=EDGE_CURVE('',#3095,#3096,#2431,.T.);
#3816=EDGE_CURVE('',#3097,#3096,#2432,.T.);
#3817=EDGE_CURVE('',#3098,#3097,#1068,.T.);
#3818=EDGE_CURVE('',#3099,#3098,#2433,.T.);
#3819=EDGE_CURVE('',#3100,#3099,#1069,.T.);
#3820=EDGE_CURVE('',#3101,#3100,#2434,.T.);
#3821=EDGE_CURVE('',#3101,#3102,#2435,.T.);
#3822=EDGE_CURVE('',#3103,#3102,#2436,.T.);
#3823=EDGE_CURVE('',#3104,#3103,#1070,.T.);
#3824=EDGE_CURVE('',#3105,#3104,#2437,.T.);
#3825=EDGE_CURVE('',#3106,#3105,#1071,.T.);
#3826=EDGE_CURVE('',#3107,#3106,#2438,.T.);
#3827=EDGE_CURVE('',#3107,#3108,#2439,.T.);
#3828=EDGE_CURVE('',#3109,#3108,#2440,.T.);
#3829=EDGE_CURVE('',#3110,#3109,#1072,.T.);
#3830=EDGE_CURVE('',#3111,#3110,#2441,.T.);
#3831=EDGE_CURVE('',#3112,#3111,#1073,.T.);
#3832=EDGE_CURVE('',#3113,#3112,#2442,.T.);
#3833=EDGE_CURVE('',#3113,#3114,#2443,.T.);
#3834=EDGE_CURVE('',#3115,#3114,#2444,.T.);
#3835=EDGE_CURVE('',#3116,#3115,#1074,.T.);
#3836=EDGE_CURVE('',#3117,#3116,#2445,.T.);
#3837=EDGE_CURVE('',#3118,#3117,#1075,.T.);
#3838=EDGE_CURVE('',#3119,#3118,#2446,.T.);
#3839=EDGE_CURVE('',#3119,#3120,#2447,.T.);
#3840=EDGE_CURVE('',#3121,#3120,#2448,.T.);
#3841=EDGE_CURVE('',#3122,#3121,#1076,.T.);
#3842=EDGE_CURVE('',#3123,#3122,#2449,.T.);
#3843=EDGE_CURVE('',#3124,#3123,#1077,.T.);
#3844=EDGE_CURVE('',#3125,#3124,#2450,.T.);
#3845=EDGE_CURVE('',#3125,#3126,#2451,.T.);
#3846=EDGE_CURVE('',#3127,#3126,#2452,.T.);
#3847=EDGE_CURVE('',#3128,#3127,#1078,.T.);
#3848=EDGE_CURVE('',#3129,#3128,#2453,.T.);
#3849=EDGE_CURVE('',#3130,#3129,#1079,.T.);
#3850=EDGE_CURVE('',#3131,#3130,#2454,.T.);
#3851=EDGE_CURVE('',#3131,#3132,#2455,.T.);
#3852=EDGE_CURVE('',#3133,#3132,#2456,.T.);
#3853=EDGE_CURVE('',#3134,#3133,#1080,.T.);
#3854=EDGE_CURVE('',#3135,#3134,#2457,.T.);
#3855=EDGE_CURVE('',#3136,#3135,#1081,.T.);
#3856=EDGE_CURVE('',#3137,#3136,#2458,.T.);
#3857=EDGE_CURVE('',#3137,#3138,#2459,.T.);
#3858=EDGE_CURVE('',#3139,#3138,#2460,.T.);
#3859=EDGE_CURVE('',#3140,#3139,#1082,.T.);
#3860=EDGE_CURVE('',#3141,#3140,#2461,.T.);
#3861=EDGE_CURVE('',#3142,#3141,#1083,.T.);
#3862=EDGE_CURVE('',#3143,#3142,#2462,.T.);
#3863=EDGE_CURVE('',#3143,#3144,#2463,.T.);
#3864=EDGE_CURVE('',#3145,#3144,#2464,.T.);
#3865=EDGE_CURVE('',#3146,#3145,#1084,.T.);
#3866=EDGE_CURVE('',#3147,#3146,#2465,.T.);
#3867=EDGE_CURVE('',#3148,#3147,#1085,.T.);
#3868=EDGE_CURVE('',#3149,#3148,#2466,.T.);
#3869=EDGE_CURVE('',#3149,#3150,#2467,.T.);
#3870=EDGE_CURVE('',#3151,#3150,#2468,.T.);
#3871=EDGE_CURVE('',#3152,#3151,#1086,.T.);
#3872=EDGE_CURVE('',#3153,#3152,#2469,.T.);
#3873=EDGE_CURVE('',#3154,#3153,#1087,.T.);
#3874=EDGE_CURVE('',#3155,#3154,#2470,.T.);
#3875=EDGE_CURVE('',#3155,#3156,#2471,.T.);
#3876=EDGE_CURVE('',#3157,#3156,#2472,.T.);
#3877=EDGE_CURVE('',#3158,#3157,#1088,.T.);
#3878=EDGE_CURVE('',#3159,#3158,#2473,.T.);
#3879=EDGE_CURVE('',#3160,#3159,#1089,.T.);
#3880=EDGE_CURVE('',#3161,#3160,#2474,.T.);
#3881=EDGE_CURVE('',#3161,#3162,#2475,.T.);
#3882=EDGE_CURVE('',#3163,#3162,#2476,.T.);
#3883=EDGE_CURVE('',#3164,#3163,#1090,.T.);
#3884=EDGE_CURVE('',#3165,#3164,#2477,.T.);
#3885=EDGE_CURVE('',#3166,#3165,#1091,.T.);
#3886=EDGE_CURVE('',#3167,#3166,#2478,.T.);
#3887=EDGE_CURVE('',#3167,#3168,#2479,.T.);
#3888=EDGE_CURVE('',#3169,#3168,#2480,.T.);
#3889=EDGE_CURVE('',#3170,#3169,#1092,.T.);
#3890=EDGE_CURVE('',#3171,#3170,#2481,.T.);
#3891=EDGE_CURVE('',#3172,#3171,#1093,.T.);
#3892=EDGE_CURVE('',#3173,#3172,#2482,.T.);
#3893=EDGE_CURVE('',#3173,#3174,#2483,.T.);
#3894=EDGE_CURVE('',#3175,#3174,#2484,.T.);
#3895=EDGE_CURVE('',#3176,#3175,#1094,.T.);
#3896=EDGE_CURVE('',#3177,#3176,#2485,.T.);
#3897=EDGE_CURVE('',#3178,#3177,#1095,.T.);
#3898=EDGE_CURVE('',#3179,#3178,#2486,.T.);
#3899=EDGE_CURVE('',#3179,#3180,#2487,.T.);
#3900=EDGE_CURVE('',#3181,#3180,#2488,.T.);
#3901=EDGE_CURVE('',#3182,#3181,#1096,.T.);
#3902=EDGE_CURVE('',#3183,#3182,#2489,.T.);
#3903=EDGE_CURVE('',#3184,#3183,#1097,.T.);
#3904=EDGE_CURVE('',#3185,#3184,#2490,.T.);
#3905=EDGE_CURVE('',#3185,#3186,#2491,.T.);
#3906=EDGE_CURVE('',#3187,#3186,#2492,.T.);
#3907=EDGE_CURVE('',#3188,#3187,#1098,.T.);
#3908=EDGE_CURVE('',#3189,#3188,#2493,.T.);
#3909=EDGE_CURVE('',#3190,#3189,#1099,.T.);
#3910=EDGE_CURVE('',#3191,#3190,#2494,.T.);
#3911=EDGE_CURVE('',#3191,#3192,#2495,.T.);
#3912=EDGE_CURVE('',#3193,#3192,#2496,.T.);
#3913=EDGE_CURVE('',#3194,#3193,#1100,.T.);
#3914=EDGE_CURVE('',#3195,#3194,#2497,.T.);
#3915=EDGE_CURVE('',#3196,#3195,#1101,.T.);
#3916=EDGE_CURVE('',#3197,#3196,#2498,.T.);
#3917=EDGE_CURVE('',#3197,#3198,#2499,.T.);
#3918=EDGE_CURVE('',#3199,#3198,#2500,.T.);
#3919=EDGE_CURVE('',#3200,#3199,#1102,.T.);
#3920=EDGE_CURVE('',#3201,#3200,#2501,.T.);
#3921=EDGE_CURVE('',#3202,#3201,#1103,.T.);
#3922=EDGE_CURVE('',#3203,#3202,#2502,.T.);
#3923=EDGE_CURVE('',#3203,#3204,#2503,.T.);
#3924=EDGE_CURVE('',#3205,#3204,#2504,.T.);
#3925=EDGE_CURVE('',#3206,#3205,#1104,.T.);
#3926=EDGE_CURVE('',#3207,#3206,#2505,.T.);
#3927=EDGE_CURVE('',#3208,#3207,#1105,.T.);
#3928=EDGE_CURVE('',#3209,#3208,#2506,.T.);
#3929=EDGE_CURVE('',#3209,#3210,#2507,.T.);
#3930=EDGE_CURVE('',#3211,#3210,#2508,.T.);
#3931=EDGE_CURVE('',#3212,#3211,#1106,.T.);
#3932=EDGE_CURVE('',#3213,#3212,#2509,.T.);
#3933=EDGE_CURVE('',#3214,#3213,#1107,.T.);
#3934=EDGE_CURVE('',#3215,#3214,#2510,.T.);
#3935=EDGE_CURVE('',#3215,#3216,#2511,.T.);
#3936=EDGE_CURVE('',#3217,#3216,#2512,.T.);
#3937=EDGE_CURVE('',#3218,#3217,#1108,.T.);
#3938=EDGE_CURVE('',#3219,#3218,#2513,.T.);
#3939=EDGE_CURVE('',#3220,#3219,#1109,.T.);
#3940=EDGE_CURVE('',#3221,#3220,#2514,.T.);
#3941=EDGE_CURVE('',#3221,#3222,#2515,.T.);
#3942=EDGE_CURVE('',#3223,#3222,#2516,.T.);
#3943=EDGE_CURVE('',#3224,#3223,#1110,.T.);
#3944=EDGE_CURVE('',#3225,#3224,#2517,.T.);
#3945=EDGE_CURVE('',#3226,#3225,#1111,.T.);
#3946=EDGE_CURVE('',#3227,#3226,#2518,.T.);
#3947=EDGE_CURVE('',#3227,#3228,#2519,.T.);
#3948=EDGE_CURVE('',#3229,#3228,#2520,.T.);
#3949=EDGE_CURVE('',#3230,#3229,#1112,.T.);
#3950=EDGE_CURVE('',#3231,#3230,#2521,.T.);
#3951=EDGE_CURVE('',#3232,#3231,#1113,.T.);
#3952=EDGE_CURVE('',#3233,#3232,#2522,.T.);
#3953=EDGE_CURVE('',#3233,#3234,#2523,.T.);
#3954=EDGE_CURVE('',#3235,#3234,#2524,.T.);
#3955=EDGE_CURVE('',#3236,#3235,#1114,.T.);
#3956=EDGE_CURVE('',#3237,#3236,#2525,.T.);
#3957=EDGE_CURVE('',#3238,#3237,#1115,.T.);
#3958=EDGE_CURVE('',#3239,#3238,#2526,.T.);
#3959=EDGE_CURVE('',#3239,#3240,#2527,.T.);
#3960=EDGE_CURVE('',#3241,#3240,#2528,.T.);
#3961=EDGE_CURVE('',#3242,#3241,#1116,.T.);
#3962=EDGE_CURVE('',#3243,#3242,#2529,.T.);
#3963=EDGE_CURVE('',#3244,#3243,#1117,.T.);
#3964=EDGE_CURVE('',#3245,#3244,#2530,.T.);
#3965=EDGE_CURVE('',#3245,#2541,#2531,.T.);
#3966=EDGE_CURVE('',#3246,#3247,#2532,.T.);
#3967=EDGE_CURVE('',#3247,#3248,#2533,.T.);
#3968=EDGE_CURVE('',#3248,#3249,#2534,.T.);
#3969=EDGE_CURVE('',#3249,#3246,#2535,.T.);
#3970=EDGE_CURVE('',#3250,#3250,#2536,.T.);
#3971=EDGE_CURVE('',#3251,#3251,#2537,.T.);
#3972=EDGE_CURVE('',#3252,#3252,#2538,.T.);
#3973=EDGE_CURVE('',#3253,#3253,#2539,.T.);
#3974=EDGE_CURVE('',#3222,#2569,#1118,.T.);
#3975=EDGE_CURVE('',#2568,#3223,#1119,.T.);
#3976=EDGE_CURVE('',#2567,#3224,#1120,.T.);
#3977=EDGE_CURVE('',#2564,#3227,#1121,.T.);
#3978=EDGE_CURVE('',#3226,#2565,#1122,.T.);
#3979=EDGE_CURVE('',#2566,#3225,#1123,.T.);
#3980=EDGE_CURVE('',#3198,#2593,#1124,.T.);
#3981=EDGE_CURVE('',#2592,#3199,#1125,.T.);
#3982=EDGE_CURVE('',#2591,#3200,#1126,.T.);
#3983=EDGE_CURVE('',#2588,#3203,#1127,.T.);
#3984=EDGE_CURVE('',#3202,#2589,#1128,.T.);
#3985=EDGE_CURVE('',#2590,#3201,#1129,.T.);
#3986=EDGE_CURVE('',#3174,#2617,#1130,.T.);
#3987=EDGE_CURVE('',#2616,#3175,#1131,.T.);
#3988=EDGE_CURVE('',#2615,#3176,#1132,.T.);
#3989=EDGE_CURVE('',#2612,#3179,#1133,.T.);
#3990=EDGE_CURVE('',#3178,#2613,#1134,.T.);
#3991=EDGE_CURVE('',#2614,#3177,#1135,.T.);
#3992=EDGE_CURVE('',#3150,#2641,#1136,.T.);
#3993=EDGE_CURVE('',#2640,#3151,#1137,.T.);
#3994=EDGE_CURVE('',#2639,#3152,#1138,.T.);
#3995=EDGE_CURVE('',#2636,#3155,#1139,.T.);
#3996=EDGE_CURVE('',#3154,#2637,#1140,.T.);
#3997=EDGE_CURVE('',#2638,#3153,#1141,.T.);
#3998=EDGE_CURVE('',#3126,#2665,#1142,.T.);
#3999=EDGE_CURVE('',#2664,#3127,#1143,.T.);
#4000=EDGE_CURVE('',#2663,#3128,#1144,.T.);
#4001=EDGE_CURVE('',#2660,#3131,#1145,.T.);
#4002=EDGE_CURVE('',#3130,#2661,#1146,.T.);
#4003=EDGE_CURVE('',#2662,#3129,#1147,.T.);
#4004=EDGE_CURVE('',#3102,#2689,#1148,.T.);
#4005=EDGE_CURVE('',#2688,#3103,#1149,.T.);
#4006=EDGE_CURVE('',#2687,#3104,#1150,.T.);
#4007=EDGE_CURVE('',#2684,#3107,#1151,.T.);
#4008=EDGE_CURVE('',#3106,#2685,#1152,.T.);
#4009=EDGE_CURVE('',#2686,#3105,#1153,.T.);
#4010=EDGE_CURVE('',#3078,#2713,#1154,.T.);
#4011=EDGE_CURVE('',#2712,#3079,#1155,.T.);
#4012=EDGE_CURVE('',#2711,#3080,#1156,.T.);
#4013=EDGE_CURVE('',#2708,#3083,#1157,.T.);
#4014=EDGE_CURVE('',#3082,#2709,#1158,.T.);
#4015=EDGE_CURVE('',#2710,#3081,#1159,.T.);
#4016=EDGE_CURVE('',#3054,#2737,#1160,.T.);
#4017=EDGE_CURVE('',#2736,#3055,#1161,.T.);
#4018=EDGE_CURVE('',#2735,#3056,#1162,.T.);
#4019=EDGE_CURVE('',#2732,#3059,#1163,.T.);
#4020=EDGE_CURVE('',#3058,#2733,#1164,.T.);
#4021=EDGE_CURVE('',#2734,#3057,#1165,.T.);
#4022=EDGE_CURVE('',#3030,#2761,#1166,.T.);
#4023=EDGE_CURVE('',#2760,#3031,#1167,.T.);
#4024=EDGE_CURVE('',#2759,#3032,#1168,.T.);
#4025=EDGE_CURVE('',#2756,#3035,#1169,.T.);
#4026=EDGE_CURVE('',#3034,#2757,#1170,.T.);
#4027=EDGE_CURVE('',#2758,#3033,#1171,.T.);
#4028=EDGE_CURVE('',#3006,#2785,#1172,.T.);
#4029=EDGE_CURVE('',#2784,#3007,#1173,.T.);
#4030=EDGE_CURVE('',#2783,#3008,#1174,.T.);
#4031=EDGE_CURVE('',#2780,#3011,#1175,.T.);
#4032=EDGE_CURVE('',#3010,#2781,#1176,.T.);
#4033=EDGE_CURVE('',#2782,#3009,#1177,.T.);
#4034=EDGE_CURVE('',#2982,#2809,#1178,.T.);
#4035=EDGE_CURVE('',#2808,#2983,#1179,.T.);
#4036=EDGE_CURVE('',#2807,#2984,#1180,.T.);
#4037=EDGE_CURVE('',#2804,#2987,#1181,.T.);
#4038=EDGE_CURVE('',#2986,#2805,#1182,.T.);
#4039=EDGE_CURVE('',#2806,#2985,#1183,.T.);
#4040=EDGE_CURVE('',#2958,#2833,#1184,.T.);
#4041=EDGE_CURVE('',#2832,#2959,#1185,.T.);
#4042=EDGE_CURVE('',#2831,#2960,#1186,.T.);
#4043=EDGE_CURVE('',#2828,#2963,#1187,.T.);
#4044=EDGE_CURVE('',#2962,#2829,#1188,.T.);
#4045=EDGE_CURVE('',#2830,#2961,#1189,.T.);
#4046=EDGE_CURVE('',#2934,#2857,#1190,.T.);
#4047=EDGE_CURVE('',#2856,#2935,#1191,.T.);
#4048=EDGE_CURVE('',#2855,#2936,#1192,.T.);
#4049=EDGE_CURVE('',#2852,#2939,#1193,.T.);
#4050=EDGE_CURVE('',#2938,#2853,#1194,.T.);
#4051=EDGE_CURVE('',#2854,#2937,#1195,.T.);
#4052=EDGE_CURVE('',#2880,#2911,#1196,.T.);
#4053=EDGE_CURVE('',#2910,#2881,#1197,.T.);
#4054=EDGE_CURVE('',#2882,#2909,#1198,.T.);
#4055=EDGE_CURVE('',#2876,#2915,#1199,.T.);
#4056=EDGE_CURVE('',#2914,#2877,#1200,.T.);
#4057=EDGE_CURVE('',#2916,#2875,#1201,.T.);
#4058=EDGE_CURVE('',#2879,#2912,#1202,.T.);
#4059=EDGE_CURVE('',#2878,#2913,#1203,.T.);
#4060=EDGE_CURVE('',#2546,#3245,#1204,.T.);
#4061=EDGE_CURVE('',#2550,#3241,#1205,.T.);
#4062=EDGE_CURVE('',#3240,#2551,#1206,.T.);
#4063=EDGE_CURVE('',#2549,#3242,#1207,.T.);
#4064=EDGE_CURVE('',#3244,#2547,#1208,.T.);
#4065=EDGE_CURVE('',#2548,#3243,#1209,.T.);
#4066=EDGE_CURVE('',#2552,#3239,#1210,.T.);
#4067=EDGE_CURVE('',#2556,#3235,#1211,.T.);
#4068=EDGE_CURVE('',#3234,#2557,#1212,.T.);
#4069=EDGE_CURVE('',#2555,#3236,#1213,.T.);
#4070=EDGE_CURVE('',#3238,#2553,#1214,.T.);
#4071=EDGE_CURVE('',#2554,#3237,#1215,.T.);
#4072=EDGE_CURVE('',#2558,#3233,#1216,.T.);
#4073=EDGE_CURVE('',#2562,#3229,#1217,.T.);
#4074=EDGE_CURVE('',#3228,#2563,#1218,.T.);
#4075=EDGE_CURVE('',#2561,#3230,#1219,.T.);
#4076=EDGE_CURVE('',#3232,#2559,#1220,.T.);
#4077=EDGE_CURVE('',#2560,#3231,#1221,.T.);
#4078=EDGE_CURVE('',#2570,#3221,#1222,.T.);
#4079=EDGE_CURVE('',#2574,#3217,#1223,.T.);
#4080=EDGE_CURVE('',#3216,#2575,#1224,.T.);
#4081=EDGE_CURVE('',#2573,#3218,#1225,.T.);
#4082=EDGE_CURVE('',#3220,#2571,#1226,.T.);
#4083=EDGE_CURVE('',#2572,#3219,#1227,.T.);
#4084=EDGE_CURVE('',#2576,#3215,#1228,.T.);
#4085=EDGE_CURVE('',#2580,#3211,#1229,.T.);
#4086=EDGE_CURVE('',#3210,#2581,#1230,.T.);
#4087=EDGE_CURVE('',#2579,#3212,#1231,.T.);
#4088=EDGE_CURVE('',#3214,#2577,#1232,.T.);
#4089=EDGE_CURVE('',#2578,#3213,#1233,.T.);
#4090=EDGE_CURVE('',#2582,#3209,#1234,.T.);
#4091=EDGE_CURVE('',#2586,#3205,#1235,.T.);
#4092=EDGE_CURVE('',#3204,#2587,#1236,.T.);
#4093=EDGE_CURVE('',#2585,#3206,#1237,.T.);
#4094=EDGE_CURVE('',#3208,#2583,#1238,.T.);
#4095=EDGE_CURVE('',#2584,#3207,#1239,.T.);
#4096=EDGE_CURVE('',#2594,#3197,#1240,.T.);
#4097=EDGE_CURVE('',#2598,#3193,#1241,.T.);
#4098=EDGE_CURVE('',#3192,#2599,#1242,.T.);
#4099=EDGE_CURVE('',#2597,#3194,#1243,.T.);
#4100=EDGE_CURVE('',#3196,#2595,#1244,.T.);
#4101=EDGE_CURVE('',#2596,#3195,#1245,.T.);
#4102=EDGE_CURVE('',#2600,#3191,#1246,.T.);
#4103=EDGE_CURVE('',#2604,#3187,#1247,.T.);
#4104=EDGE_CURVE('',#3186,#2605,#1248,.T.);
#4105=EDGE_CURVE('',#2603,#3188,#1249,.T.);
#4106=EDGE_CURVE('',#3190,#2601,#1250,.T.);
#4107=EDGE_CURVE('',#2602,#3189,#1251,.T.);
#4108=EDGE_CURVE('',#2606,#3185,#1252,.T.);
#4109=EDGE_CURVE('',#2610,#3181,#1253,.T.);
#4110=EDGE_CURVE('',#3180,#2611,#1254,.T.);
#4111=EDGE_CURVE('',#2609,#3182,#1255,.T.);
#4112=EDGE_CURVE('',#3184,#2607,#1256,.T.);
#4113=EDGE_CURVE('',#2608,#3183,#1257,.T.);
#4114=EDGE_CURVE('',#2618,#3173,#1258,.T.);
#4115=EDGE_CURVE('',#2622,#3169,#1259,.T.);
#4116=EDGE_CURVE('',#3168,#2623,#1260,.T.);
#4117=EDGE_CURVE('',#2621,#3170,#1261,.T.);
#4118=EDGE_CURVE('',#3172,#2619,#1262,.T.);
#4119=EDGE_CURVE('',#2620,#3171,#1263,.T.);
#4120=EDGE_CURVE('',#2624,#3167,#1264,.T.);
#4121=EDGE_CURVE('',#2628,#3163,#1265,.T.);
#4122=EDGE_CURVE('',#3162,#2629,#1266,.T.);
#4123=EDGE_CURVE('',#2627,#3164,#1267,.T.);
#4124=EDGE_CURVE('',#3166,#2625,#1268,.T.);
#4125=EDGE_CURVE('',#2626,#3165,#1269,.T.);
#4126=EDGE_CURVE('',#2630,#3161,#1270,.T.);
#4127=EDGE_CURVE('',#2634,#3157,#1271,.T.);
#4128=EDGE_CURVE('',#3156,#2635,#1272,.T.);
#4129=EDGE_CURVE('',#2633,#3158,#1273,.T.);
#4130=EDGE_CURVE('',#3160,#2631,#1274,.T.);
#4131=EDGE_CURVE('',#2632,#3159,#1275,.T.);
#4132=EDGE_CURVE('',#2642,#3149,#1276,.T.);
#4133=EDGE_CURVE('',#2646,#3145,#1277,.T.);
#4134=EDGE_CURVE('',#3144,#2647,#1278,.T.);
#4135=EDGE_CURVE('',#2645,#3146,#1279,.T.);
#4136=EDGE_CURVE('',#3148,#2643,#1280,.T.);
#4137=EDGE_CURVE('',#2644,#3147,#1281,.T.);
#4138=EDGE_CURVE('',#2648,#3143,#1282,.T.);
#4139=EDGE_CURVE('',#2652,#3139,#1283,.T.);
#4140=EDGE_CURVE('',#3138,#2653,#1284,.T.);
#4141=EDGE_CURVE('',#2651,#3140,#1285,.T.);
#4142=EDGE_CURVE('',#3142,#2649,#1286,.T.);
#4143=EDGE_CURVE('',#2650,#3141,#1287,.T.);
#4144=EDGE_CURVE('',#2654,#3137,#1288,.T.);
#4145=EDGE_CURVE('',#2658,#3133,#1289,.T.);
#4146=EDGE_CURVE('',#3132,#2659,#1290,.T.);
#4147=EDGE_CURVE('',#2657,#3134,#1291,.T.);
#4148=EDGE_CURVE('',#3136,#2655,#1292,.T.);
#4149=EDGE_CURVE('',#2656,#3135,#1293,.T.);
#4150=EDGE_CURVE('',#2666,#3125,#1294,.T.);
#4151=EDGE_CURVE('',#2670,#3121,#1295,.T.);
#4152=EDGE_CURVE('',#3120,#2671,#1296,.T.);
#4153=EDGE_CURVE('',#2669,#3122,#1297,.T.);
#4154=EDGE_CURVE('',#3124,#2667,#1298,.T.);
#4155=EDGE_CURVE('',#2668,#3123,#1299,.T.);
#4156=EDGE_CURVE('',#2672,#3119,#1300,.T.);
#4157=EDGE_CURVE('',#2676,#3115,#1301,.T.);
#4158=EDGE_CURVE('',#3114,#2677,#1302,.T.);
#4159=EDGE_CURVE('',#2675,#3116,#1303,.T.);
#4160=EDGE_CURVE('',#3118,#2673,#1304,.T.);
#4161=EDGE_CURVE('',#2674,#3117,#1305,.T.);
#4162=EDGE_CURVE('',#2678,#3113,#1306,.T.);
#4163=EDGE_CURVE('',#2682,#3109,#1307,.T.);
#4164=EDGE_CURVE('',#3108,#2683,#1308,.T.);
#4165=EDGE_CURVE('',#2681,#3110,#1309,.T.);
#4166=EDGE_CURVE('',#3112,#2679,#1310,.T.);
#4167=EDGE_CURVE('',#2680,#3111,#1311,.T.);
#4168=EDGE_CURVE('',#2690,#3101,#1312,.T.);
#4169=EDGE_CURVE('',#2694,#3097,#1313,.T.);
#4170=EDGE_CURVE('',#3096,#2695,#1314,.T.);
#4171=EDGE_CURVE('',#2693,#3098,#1315,.T.);
#4172=EDGE_CURVE('',#3100,#2691,#1316,.T.);
#4173=EDGE_CURVE('',#2692,#3099,#1317,.T.);
#4174=EDGE_CURVE('',#2696,#3095,#1318,.T.);
#4175=EDGE_CURVE('',#2700,#3091,#1319,.T.);
#4176=EDGE_CURVE('',#3090,#2701,#1320,.T.);
#4177=EDGE_CURVE('',#2699,#3092,#1321,.T.);
#4178=EDGE_CURVE('',#3094,#2697,#1322,.T.);
#4179=EDGE_CURVE('',#2698,#3093,#1323,.T.);
#4180=EDGE_CURVE('',#2702,#3089,#1324,.T.);
#4181=EDGE_CURVE('',#2706,#3085,#1325,.T.);
#4182=EDGE_CURVE('',#3084,#2707,#1326,.T.);
#4183=EDGE_CURVE('',#2705,#3086,#1327,.T.);
#4184=EDGE_CURVE('',#3088,#2703,#1328,.T.);
#4185=EDGE_CURVE('',#2704,#3087,#1329,.T.);
#4186=EDGE_CURVE('',#2714,#3077,#1330,.T.);
#4187=EDGE_CURVE('',#2718,#3073,#1331,.T.);
#4188=EDGE_CURVE('',#3072,#2719,#1332,.T.);
#4189=EDGE_CURVE('',#2717,#3074,#1333,.T.);
#4190=EDGE_CURVE('',#3076,#2715,#1334,.T.);
#4191=EDGE_CURVE('',#2716,#3075,#1335,.T.);
#4192=EDGE_CURVE('',#2720,#3071,#1336,.T.);
#4193=EDGE_CURVE('',#2724,#3067,#1337,.T.);
#4194=EDGE_CURVE('',#3066,#2725,#1338,.T.);
#4195=EDGE_CURVE('',#2723,#3068,#1339,.T.);
#4196=EDGE_CURVE('',#3070,#2721,#1340,.T.);
#4197=EDGE_CURVE('',#2722,#3069,#1341,.T.);
#4198=EDGE_CURVE('',#2726,#3065,#1342,.T.);
#4199=EDGE_CURVE('',#2730,#3061,#1343,.T.);
#4200=EDGE_CURVE('',#3060,#2731,#1344,.T.);
#4201=EDGE_CURVE('',#2729,#3062,#1345,.T.);
#4202=EDGE_CURVE('',#3064,#2727,#1346,.T.);
#4203=EDGE_CURVE('',#2728,#3063,#1347,.T.);
#4204=EDGE_CURVE('',#2738,#3053,#1348,.T.);
#4205=EDGE_CURVE('',#2742,#3049,#1349,.T.);
#4206=EDGE_CURVE('',#3048,#2743,#1350,.T.);
#4207=EDGE_CURVE('',#2741,#3050,#1351,.T.);
#4208=EDGE_CURVE('',#3052,#2739,#1352,.T.);
#4209=EDGE_CURVE('',#2740,#3051,#1353,.T.);
#4210=EDGE_CURVE('',#2744,#3047,#1354,.T.);
#4211=EDGE_CURVE('',#2748,#3043,#1355,.T.);
#4212=EDGE_CURVE('',#3042,#2749,#1356,.T.);
#4213=EDGE_CURVE('',#2747,#3044,#1357,.T.);
#4214=EDGE_CURVE('',#3046,#2745,#1358,.T.);
#4215=EDGE_CURVE('',#2746,#3045,#1359,.T.);
#4216=EDGE_CURVE('',#2750,#3041,#1360,.T.);
#4217=EDGE_CURVE('',#2754,#3037,#1361,.T.);
#4218=EDGE_CURVE('',#3036,#2755,#1362,.T.);
#4219=EDGE_CURVE('',#2753,#3038,#1363,.T.);
#4220=EDGE_CURVE('',#3040,#2751,#1364,.T.);
#4221=EDGE_CURVE('',#2752,#3039,#1365,.T.);
#4222=EDGE_CURVE('',#2762,#3029,#1366,.T.);
#4223=EDGE_CURVE('',#2766,#3025,#1367,.T.);
#4224=EDGE_CURVE('',#3024,#2767,#1368,.T.);
#4225=EDGE_CURVE('',#2765,#3026,#1369,.T.);
#4226=EDGE_CURVE('',#3028,#2763,#1370,.T.);
#4227=EDGE_CURVE('',#2764,#3027,#1371,.T.);
#4228=EDGE_CURVE('',#2768,#3023,#1372,.T.);
#4229=EDGE_CURVE('',#2772,#3019,#1373,.T.);
#4230=EDGE_CURVE('',#3018,#2773,#1374,.T.);
#4231=EDGE_CURVE('',#2771,#3020,#1375,.T.);
#4232=EDGE_CURVE('',#3022,#2769,#1376,.T.);
#4233=EDGE_CURVE('',#2770,#3021,#1377,.T.);
#4234=EDGE_CURVE('',#2774,#3017,#1378,.T.);
#4235=EDGE_CURVE('',#2778,#3013,#1379,.T.);
#4236=EDGE_CURVE('',#3012,#2779,#1380,.T.);
#4237=EDGE_CURVE('',#2777,#3014,#1381,.T.);
#4238=EDGE_CURVE('',#3016,#2775,#1382,.T.);
#4239=EDGE_CURVE('',#2776,#3015,#1383,.T.);
#4240=EDGE_CURVE('',#2786,#3005,#1384,.T.);
#4241=EDGE_CURVE('',#2790,#3001,#1385,.T.);
#4242=EDGE_CURVE('',#3000,#2791,#1386,.T.);
#4243=EDGE_CURVE('',#2789,#3002,#1387,.T.);
#4244=EDGE_CURVE('',#3004,#2787,#1388,.T.);
#4245=EDGE_CURVE('',#2788,#3003,#1389,.T.);
#4246=EDGE_CURVE('',#2792,#2999,#1390,.T.);
#4247=EDGE_CURVE('',#2796,#2995,#1391,.T.);
#4248=EDGE_CURVE('',#2994,#2797,#1392,.T.);
#4249=EDGE_CURVE('',#2795,#2996,#1393,.T.);
#4250=EDGE_CURVE('',#2998,#2793,#1394,.T.);
#4251=EDGE_CURVE('',#2794,#2997,#1395,.T.);
#4252=EDGE_CURVE('',#2798,#2993,#1396,.T.);
#4253=EDGE_CURVE('',#2802,#2989,#1397,.T.);
#4254=EDGE_CURVE('',#2988,#2803,#1398,.T.);
#4255=EDGE_CURVE('',#2801,#2990,#1399,.T.);
#4256=EDGE_CURVE('',#2992,#2799,#1400,.T.);
#4257=EDGE_CURVE('',#2800,#2991,#1401,.T.);
#4258=EDGE_CURVE('',#2810,#2981,#1402,.T.);
#4259=EDGE_CURVE('',#2814,#2977,#1403,.T.);
#4260=EDGE_CURVE('',#2976,#2815,#1404,.T.);
#4261=EDGE_CURVE('',#2813,#2978,#1405,.T.);
#4262=EDGE_CURVE('',#2980,#2811,#1406,.T.);
#4263=EDGE_CURVE('',#2812,#2979,#1407,.T.);
#4264=EDGE_CURVE('',#2816,#2975,#1408,.T.);
#4265=EDGE_CURVE('',#2820,#2971,#1409,.T.);
#4266=EDGE_CURVE('',#2970,#2821,#1410,.T.);
#4267=EDGE_CURVE('',#2819,#2972,#1411,.T.);
#4268=EDGE_CURVE('',#2974,#2817,#1412,.T.);
#4269=EDGE_CURVE('',#2818,#2973,#1413,.T.);
#4270=EDGE_CURVE('',#2822,#2969,#1414,.T.);
#4271=EDGE_CURVE('',#2826,#2965,#1415,.T.);
#4272=EDGE_CURVE('',#2964,#2827,#1416,.T.);
#4273=EDGE_CURVE('',#2825,#2966,#1417,.T.);
#4274=EDGE_CURVE('',#2968,#2823,#1418,.T.);
#4275=EDGE_CURVE('',#2824,#2967,#1419,.T.);
#4276=EDGE_CURVE('',#2834,#2957,#1420,.T.);
#4277=EDGE_CURVE('',#2838,#2953,#1421,.T.);
#4278=EDGE_CURVE('',#2952,#2839,#1422,.T.);
#4279=EDGE_CURVE('',#2837,#2954,#1423,.T.);
#4280=EDGE_CURVE('',#2956,#2835,#1424,.T.);
#4281=EDGE_CURVE('',#2836,#2955,#1425,.T.);
#4282=EDGE_CURVE('',#2840,#2951,#1426,.T.);
#4283=EDGE_CURVE('',#2844,#2947,#1427,.T.);
#4284=EDGE_CURVE('',#2946,#2845,#1428,.T.);
#4285=EDGE_CURVE('',#2843,#2948,#1429,.T.);
#4286=EDGE_CURVE('',#2950,#2841,#1430,.T.);
#4287=EDGE_CURVE('',#2842,#2949,#1431,.T.);
#4288=EDGE_CURVE('',#2846,#2945,#1432,.T.);
#4289=EDGE_CURVE('',#2850,#2941,#1433,.T.);
#4290=EDGE_CURVE('',#2940,#2851,#1434,.T.);
#4291=EDGE_CURVE('',#2849,#2942,#1435,.T.);
#4292=EDGE_CURVE('',#2944,#2847,#1436,.T.);
#4293=EDGE_CURVE('',#2848,#2943,#1437,.T.);
#4294=EDGE_CURVE('',#2858,#2933,#1438,.T.);
#4295=EDGE_CURVE('',#2862,#2929,#1439,.T.);
#4296=EDGE_CURVE('',#2928,#2863,#1440,.T.);
#4297=EDGE_CURVE('',#2861,#2930,#1441,.T.);
#4298=EDGE_CURVE('',#2932,#2859,#1442,.T.);
#4299=EDGE_CURVE('',#2860,#2931,#1443,.T.);
#4300=EDGE_CURVE('',#2864,#2927,#1444,.T.);
#4301=EDGE_CURVE('',#2868,#2923,#1445,.T.);
#4302=EDGE_CURVE('',#2922,#2869,#1446,.T.);
#4303=EDGE_CURVE('',#2867,#2924,#1447,.T.);
#4304=EDGE_CURVE('',#2926,#2865,#1448,.T.);
#4305=EDGE_CURVE('',#2866,#2925,#1449,.T.);
#4306=EDGE_CURVE('',#2870,#2921,#1450,.T.);
#4307=EDGE_CURVE('',#2874,#2917,#1451,.T.);
#4308=EDGE_CURVE('',#2873,#2918,#1452,.T.);
#4309=EDGE_CURVE('',#2920,#2871,#1453,.T.);
#4310=EDGE_CURVE('',#2872,#2919,#1454,.T.);
#4311=EDGE_CURVE('',#2905,#2886,#1455,.T.);
#4312=EDGE_CURVE('',#2885,#2906,#1456,.T.);
#4313=EDGE_CURVE('',#2884,#2907,#1457,.T.);
#4314=EDGE_CURVE('',#2908,#2883,#1458,.T.);
#4315=EDGE_CURVE('',#3253,#2899,#1459,.T.);
#4316=EDGE_CURVE('',#3252,#2898,#1460,.T.);
#4317=EDGE_CURVE('',#3251,#2897,#1461,.T.);
#4318=EDGE_CURVE('',#3250,#2896,#1462,.T.);
#4319=EDGE_CURVE('',#2892,#3246,#1463,.T.);
#4320=EDGE_CURVE('',#2894,#3249,#1464,.T.);
#4321=EDGE_CURVE('',#2895,#3248,#1465,.T.);
#4322=EDGE_CURVE('',#2893,#3247,#1466,.T.);
#4323=EDGE_CURVE('',#2887,#2904,#1467,.T.);
#4324=EDGE_CURVE('',#2888,#2903,#1468,.T.);
#4325=ORIENTED_EDGE('',*,*,#3254,.T.);
#4326=ORIENTED_EDGE('',*,*,#3255,.T.);
#4327=ORIENTED_EDGE('',*,*,#3256,.T.);
#4328=ORIENTED_EDGE('',*,*,#3257,.T.);
#4329=ORIENTED_EDGE('',*,*,#3257,.F.);
#4330=ORIENTED_EDGE('',*,*,#3258,.T.);
#4331=ORIENTED_EDGE('',*,*,#3259,.T.);
#4332=ORIENTED_EDGE('',*,*,#3260,.T.);
#4333=ORIENTED_EDGE('',*,*,#3256,.F.);
#4334=ORIENTED_EDGE('',*,*,#3261,.F.);
#4335=ORIENTED_EDGE('',*,*,#3262,.F.);
#4336=ORIENTED_EDGE('',*,*,#3263,.F.);
#4337=ORIENTED_EDGE('',*,*,#3264,.F.);
#4338=ORIENTED_EDGE('',*,*,#3265,.F.);
#4339=ORIENTED_EDGE('',*,*,#3266,.F.);
#4340=ORIENTED_EDGE('',*,*,#3267,.F.);
#4341=ORIENTED_EDGE('',*,*,#3268,.F.);
#4342=ORIENTED_EDGE('',*,*,#3269,.F.);
#4343=ORIENTED_EDGE('',*,*,#3270,.F.);
#4344=ORIENTED_EDGE('',*,*,#3271,.F.);
#4345=ORIENTED_EDGE('',*,*,#3272,.F.);
#4346=ORIENTED_EDGE('',*,*,#3273,.F.);
#4347=ORIENTED_EDGE('',*,*,#3274,.F.);
#4348=ORIENTED_EDGE('',*,*,#3275,.F.);
#4349=ORIENTED_EDGE('',*,*,#3276,.F.);
#4350=ORIENTED_EDGE('',*,*,#3277,.F.);
#4351=ORIENTED_EDGE('',*,*,#3278,.F.);
#4352=ORIENTED_EDGE('',*,*,#3279,.F.);
#4353=ORIENTED_EDGE('',*,*,#3280,.F.);
#4354=ORIENTED_EDGE('',*,*,#3281,.F.);
#4355=ORIENTED_EDGE('',*,*,#3282,.F.);
#4356=ORIENTED_EDGE('',*,*,#3283,.F.);
#4357=ORIENTED_EDGE('',*,*,#3284,.F.);
#4358=ORIENTED_EDGE('',*,*,#3285,.F.);
#4359=ORIENTED_EDGE('',*,*,#3286,.F.);
#4360=ORIENTED_EDGE('',*,*,#3287,.F.);
#4361=ORIENTED_EDGE('',*,*,#3288,.F.);
#4362=ORIENTED_EDGE('',*,*,#3289,.F.);
#4363=ORIENTED_EDGE('',*,*,#3290,.F.);
#4364=ORIENTED_EDGE('',*,*,#3291,.F.);
#4365=ORIENTED_EDGE('',*,*,#3292,.F.);
#4366=ORIENTED_EDGE('',*,*,#3293,.F.);
#4367=ORIENTED_EDGE('',*,*,#3294,.F.);
#4368=ORIENTED_EDGE('',*,*,#3295,.F.);
#4369=ORIENTED_EDGE('',*,*,#3296,.F.);
#4370=ORIENTED_EDGE('',*,*,#3297,.F.);
#4371=ORIENTED_EDGE('',*,*,#3298,.F.);
#4372=ORIENTED_EDGE('',*,*,#3299,.F.);
#4373=ORIENTED_EDGE('',*,*,#3300,.F.);
#4374=ORIENTED_EDGE('',*,*,#3301,.F.);
#4375=ORIENTED_EDGE('',*,*,#3302,.F.);
#4376=ORIENTED_EDGE('',*,*,#3303,.F.);
#4377=ORIENTED_EDGE('',*,*,#3304,.F.);
#4378=ORIENTED_EDGE('',*,*,#3305,.F.);
#4379=ORIENTED_EDGE('',*,*,#3306,.F.);
#4380=ORIENTED_EDGE('',*,*,#3307,.F.);
#4381=ORIENTED_EDGE('',*,*,#3308,.F.);
#4382=ORIENTED_EDGE('',*,*,#3309,.F.);
#4383=ORIENTED_EDGE('',*,*,#3310,.F.);
#4384=ORIENTED_EDGE('',*,*,#3311,.F.);
#4385=ORIENTED_EDGE('',*,*,#3312,.F.);
#4386=ORIENTED_EDGE('',*,*,#3313,.F.);
#4387=ORIENTED_EDGE('',*,*,#3314,.F.);
#4388=ORIENTED_EDGE('',*,*,#3315,.F.);
#4389=ORIENTED_EDGE('',*,*,#3316,.F.);
#4390=ORIENTED_EDGE('',*,*,#3317,.F.);
#4391=ORIENTED_EDGE('',*,*,#3318,.F.);
#4392=ORIENTED_EDGE('',*,*,#3319,.F.);
#4393=ORIENTED_EDGE('',*,*,#3320,.F.);
#4394=ORIENTED_EDGE('',*,*,#3321,.F.);
#4395=ORIENTED_EDGE('',*,*,#3322,.F.);
#4396=ORIENTED_EDGE('',*,*,#3323,.F.);
#4397=ORIENTED_EDGE('',*,*,#3324,.F.);
#4398=ORIENTED_EDGE('',*,*,#3325,.F.);
#4399=ORIENTED_EDGE('',*,*,#3326,.F.);
#4400=ORIENTED_EDGE('',*,*,#3327,.F.);
#4401=ORIENTED_EDGE('',*,*,#3328,.F.);
#4402=ORIENTED_EDGE('',*,*,#3329,.F.);
#4403=ORIENTED_EDGE('',*,*,#3330,.F.);
#4404=ORIENTED_EDGE('',*,*,#3331,.F.);
#4405=ORIENTED_EDGE('',*,*,#3332,.F.);
#4406=ORIENTED_EDGE('',*,*,#3333,.F.);
#4407=ORIENTED_EDGE('',*,*,#3334,.F.);
#4408=ORIENTED_EDGE('',*,*,#3335,.F.);
#4409=ORIENTED_EDGE('',*,*,#3336,.F.);
#4410=ORIENTED_EDGE('',*,*,#3337,.F.);
#4411=ORIENTED_EDGE('',*,*,#3338,.F.);
#4412=ORIENTED_EDGE('',*,*,#3339,.F.);
#4413=ORIENTED_EDGE('',*,*,#3340,.F.);
#4414=ORIENTED_EDGE('',*,*,#3341,.F.);
#4415=ORIENTED_EDGE('',*,*,#3342,.F.);
#4416=ORIENTED_EDGE('',*,*,#3343,.F.);
#4417=ORIENTED_EDGE('',*,*,#3344,.F.);
#4418=ORIENTED_EDGE('',*,*,#3345,.F.);
#4419=ORIENTED_EDGE('',*,*,#3346,.F.);
#4420=ORIENTED_EDGE('',*,*,#3347,.F.);
#4421=ORIENTED_EDGE('',*,*,#3348,.F.);
#4422=ORIENTED_EDGE('',*,*,#3349,.F.);
#4423=ORIENTED_EDGE('',*,*,#3350,.F.);
#4424=ORIENTED_EDGE('',*,*,#3351,.F.);
#4425=ORIENTED_EDGE('',*,*,#3352,.F.);
#4426=ORIENTED_EDGE('',*,*,#3353,.F.);
#4427=ORIENTED_EDGE('',*,*,#3354,.F.);
#4428=ORIENTED_EDGE('',*,*,#3355,.F.);
#4429=ORIENTED_EDGE('',*,*,#3356,.F.);
#4430=ORIENTED_EDGE('',*,*,#3357,.F.);
#4431=ORIENTED_EDGE('',*,*,#3358,.F.);
#4432=ORIENTED_EDGE('',*,*,#3359,.F.);
#4433=ORIENTED_EDGE('',*,*,#3360,.F.);
#4434=ORIENTED_EDGE('',*,*,#3361,.F.);
#4435=ORIENTED_EDGE('',*,*,#3362,.F.);
#4436=ORIENTED_EDGE('',*,*,#3363,.F.);
#4437=ORIENTED_EDGE('',*,*,#3364,.F.);
#4438=ORIENTED_EDGE('',*,*,#3365,.F.);
#4439=ORIENTED_EDGE('',*,*,#3366,.F.);
#4440=ORIENTED_EDGE('',*,*,#3367,.F.);
#4441=ORIENTED_EDGE('',*,*,#3368,.F.);
#4442=ORIENTED_EDGE('',*,*,#3369,.F.);
#4443=ORIENTED_EDGE('',*,*,#3370,.F.);
#4444=ORIENTED_EDGE('',*,*,#3371,.F.);
#4445=ORIENTED_EDGE('',*,*,#3372,.F.);
#4446=ORIENTED_EDGE('',*,*,#3373,.F.);
#4447=ORIENTED_EDGE('',*,*,#3374,.F.);
#4448=ORIENTED_EDGE('',*,*,#3375,.F.);
#4449=ORIENTED_EDGE('',*,*,#3376,.F.);
#4450=ORIENTED_EDGE('',*,*,#3377,.F.);
#4451=ORIENTED_EDGE('',*,*,#3378,.F.);
#4452=ORIENTED_EDGE('',*,*,#3379,.F.);
#4453=ORIENTED_EDGE('',*,*,#3380,.F.);
#4454=ORIENTED_EDGE('',*,*,#3381,.F.);
#4455=ORIENTED_EDGE('',*,*,#3382,.F.);
#4456=ORIENTED_EDGE('',*,*,#3383,.F.);
#4457=ORIENTED_EDGE('',*,*,#3384,.F.);
#4458=ORIENTED_EDGE('',*,*,#3385,.F.);
#4459=ORIENTED_EDGE('',*,*,#3386,.F.);
#4460=ORIENTED_EDGE('',*,*,#3387,.F.);
#4461=ORIENTED_EDGE('',*,*,#3388,.F.);
#4462=ORIENTED_EDGE('',*,*,#3389,.F.);
#4463=ORIENTED_EDGE('',*,*,#3390,.F.);
#4464=ORIENTED_EDGE('',*,*,#3391,.F.);
#4465=ORIENTED_EDGE('',*,*,#3392,.F.);
#4466=ORIENTED_EDGE('',*,*,#3393,.F.);
#4467=ORIENTED_EDGE('',*,*,#3394,.F.);
#4468=ORIENTED_EDGE('',*,*,#3395,.F.);
#4469=ORIENTED_EDGE('',*,*,#3396,.F.);
#4470=ORIENTED_EDGE('',*,*,#3397,.F.);
#4471=ORIENTED_EDGE('',*,*,#3398,.F.);
#4472=ORIENTED_EDGE('',*,*,#3399,.F.);
#4473=ORIENTED_EDGE('',*,*,#3400,.F.);
#4474=ORIENTED_EDGE('',*,*,#3401,.F.);
#4475=ORIENTED_EDGE('',*,*,#3402,.F.);
#4476=ORIENTED_EDGE('',*,*,#3403,.F.);
#4477=ORIENTED_EDGE('',*,*,#3404,.F.);
#4478=ORIENTED_EDGE('',*,*,#3405,.F.);
#4479=ORIENTED_EDGE('',*,*,#3406,.F.);
#4480=ORIENTED_EDGE('',*,*,#3407,.F.);
#4481=ORIENTED_EDGE('',*,*,#3408,.F.);
#4482=ORIENTED_EDGE('',*,*,#3409,.F.);
#4483=ORIENTED_EDGE('',*,*,#3410,.F.);
#4484=ORIENTED_EDGE('',*,*,#3411,.F.);
#4485=ORIENTED_EDGE('',*,*,#3412,.F.);
#4486=ORIENTED_EDGE('',*,*,#3413,.F.);
#4487=ORIENTED_EDGE('',*,*,#3414,.F.);
#4488=ORIENTED_EDGE('',*,*,#3415,.F.);
#4489=ORIENTED_EDGE('',*,*,#3416,.F.);
#4490=ORIENTED_EDGE('',*,*,#3417,.F.);
#4491=ORIENTED_EDGE('',*,*,#3418,.F.);
#4492=ORIENTED_EDGE('',*,*,#3419,.F.);
#4493=ORIENTED_EDGE('',*,*,#3420,.F.);
#4494=ORIENTED_EDGE('',*,*,#3421,.F.);
#4495=ORIENTED_EDGE('',*,*,#3422,.F.);
#4496=ORIENTED_EDGE('',*,*,#3423,.F.);
#4497=ORIENTED_EDGE('',*,*,#3424,.F.);
#4498=ORIENTED_EDGE('',*,*,#3425,.F.);
#4499=ORIENTED_EDGE('',*,*,#3426,.F.);
#4500=ORIENTED_EDGE('',*,*,#3427,.F.);
#4501=ORIENTED_EDGE('',*,*,#3428,.F.);
#4502=ORIENTED_EDGE('',*,*,#3429,.F.);
#4503=ORIENTED_EDGE('',*,*,#3430,.F.);
#4504=ORIENTED_EDGE('',*,*,#3431,.F.);
#4505=ORIENTED_EDGE('',*,*,#3432,.F.);
#4506=ORIENTED_EDGE('',*,*,#3433,.F.);
#4507=ORIENTED_EDGE('',*,*,#3434,.F.);
#4508=ORIENTED_EDGE('',*,*,#3435,.F.);
#4509=ORIENTED_EDGE('',*,*,#3436,.F.);
#4510=ORIENTED_EDGE('',*,*,#3437,.F.);
#4511=ORIENTED_EDGE('',*,*,#3438,.F.);
#4512=ORIENTED_EDGE('',*,*,#3439,.F.);
#4513=ORIENTED_EDGE('',*,*,#3440,.F.);
#4514=ORIENTED_EDGE('',*,*,#3441,.F.);
#4515=ORIENTED_EDGE('',*,*,#3442,.F.);
#4516=ORIENTED_EDGE('',*,*,#3443,.F.);
#4517=ORIENTED_EDGE('',*,*,#3444,.F.);
#4518=ORIENTED_EDGE('',*,*,#3445,.F.);
#4519=ORIENTED_EDGE('',*,*,#3446,.F.);
#4520=ORIENTED_EDGE('',*,*,#3447,.F.);
#4521=ORIENTED_EDGE('',*,*,#3448,.F.);
#4522=ORIENTED_EDGE('',*,*,#3449,.F.);
#4523=ORIENTED_EDGE('',*,*,#3450,.F.);
#4524=ORIENTED_EDGE('',*,*,#3451,.F.);
#4525=ORIENTED_EDGE('',*,*,#3452,.F.);
#4526=ORIENTED_EDGE('',*,*,#3453,.F.);
#4527=ORIENTED_EDGE('',*,*,#3454,.F.);
#4528=ORIENTED_EDGE('',*,*,#3455,.F.);
#4529=ORIENTED_EDGE('',*,*,#3456,.F.);
#4530=ORIENTED_EDGE('',*,*,#3457,.F.);
#4531=ORIENTED_EDGE('',*,*,#3458,.F.);
#4532=ORIENTED_EDGE('',*,*,#3459,.F.);
#4533=ORIENTED_EDGE('',*,*,#3460,.F.);
#4534=ORIENTED_EDGE('',*,*,#3461,.F.);
#4535=ORIENTED_EDGE('',*,*,#3462,.F.);
#4536=ORIENTED_EDGE('',*,*,#3463,.F.);
#4537=ORIENTED_EDGE('',*,*,#3464,.F.);
#4538=ORIENTED_EDGE('',*,*,#3465,.F.);
#4539=ORIENTED_EDGE('',*,*,#3466,.F.);
#4540=ORIENTED_EDGE('',*,*,#3467,.F.);
#4541=ORIENTED_EDGE('',*,*,#3468,.F.);
#4542=ORIENTED_EDGE('',*,*,#3469,.F.);
#4543=ORIENTED_EDGE('',*,*,#3470,.F.);
#4544=ORIENTED_EDGE('',*,*,#3471,.F.);
#4545=ORIENTED_EDGE('',*,*,#3472,.F.);
#4546=ORIENTED_EDGE('',*,*,#3473,.F.);
#4547=ORIENTED_EDGE('',*,*,#3474,.F.);
#4548=ORIENTED_EDGE('',*,*,#3475,.F.);
#4549=ORIENTED_EDGE('',*,*,#3476,.F.);
#4550=ORIENTED_EDGE('',*,*,#3477,.F.);
#4551=ORIENTED_EDGE('',*,*,#3478,.F.);
#4552=ORIENTED_EDGE('',*,*,#3479,.F.);
#4553=ORIENTED_EDGE('',*,*,#3480,.F.);
#4554=ORIENTED_EDGE('',*,*,#3481,.F.);
#4555=ORIENTED_EDGE('',*,*,#3482,.F.);
#4556=ORIENTED_EDGE('',*,*,#3483,.F.);
#4557=ORIENTED_EDGE('',*,*,#3484,.F.);
#4558=ORIENTED_EDGE('',*,*,#3485,.F.);
#4559=ORIENTED_EDGE('',*,*,#3486,.F.);
#4560=ORIENTED_EDGE('',*,*,#3487,.F.);
#4561=ORIENTED_EDGE('',*,*,#3488,.F.);
#4562=ORIENTED_EDGE('',*,*,#3489,.F.);
#4563=ORIENTED_EDGE('',*,*,#3490,.F.);
#4564=ORIENTED_EDGE('',*,*,#3491,.F.);
#4565=ORIENTED_EDGE('',*,*,#3492,.F.);
#4566=ORIENTED_EDGE('',*,*,#3493,.F.);
#4567=ORIENTED_EDGE('',*,*,#3494,.F.);
#4568=ORIENTED_EDGE('',*,*,#3495,.F.);
#4569=ORIENTED_EDGE('',*,*,#3496,.F.);
#4570=ORIENTED_EDGE('',*,*,#3497,.F.);
#4571=ORIENTED_EDGE('',*,*,#3498,.F.);
#4572=ORIENTED_EDGE('',*,*,#3499,.F.);
#4573=ORIENTED_EDGE('',*,*,#3500,.F.);
#4574=ORIENTED_EDGE('',*,*,#3501,.F.);
#4575=ORIENTED_EDGE('',*,*,#3502,.F.);
#4576=ORIENTED_EDGE('',*,*,#3503,.F.);
#4577=ORIENTED_EDGE('',*,*,#3504,.F.);
#4578=ORIENTED_EDGE('',*,*,#3505,.F.);
#4579=ORIENTED_EDGE('',*,*,#3506,.F.);
#4580=ORIENTED_EDGE('',*,*,#3507,.F.);
#4581=ORIENTED_EDGE('',*,*,#3508,.F.);
#4582=ORIENTED_EDGE('',*,*,#3509,.F.);
#4583=ORIENTED_EDGE('',*,*,#3510,.F.);
#4584=ORIENTED_EDGE('',*,*,#3511,.F.);
#4585=ORIENTED_EDGE('',*,*,#3512,.F.);
#4586=ORIENTED_EDGE('',*,*,#3513,.F.);
#4587=ORIENTED_EDGE('',*,*,#3514,.F.);
#4588=ORIENTED_EDGE('',*,*,#3515,.F.);
#4589=ORIENTED_EDGE('',*,*,#3516,.F.);
#4590=ORIENTED_EDGE('',*,*,#3517,.F.);
#4591=ORIENTED_EDGE('',*,*,#3518,.F.);
#4592=ORIENTED_EDGE('',*,*,#3519,.F.);
#4593=ORIENTED_EDGE('',*,*,#3520,.F.);
#4594=ORIENTED_EDGE('',*,*,#3521,.F.);
#4595=ORIENTED_EDGE('',*,*,#3522,.F.);
#4596=ORIENTED_EDGE('',*,*,#3523,.F.);
#4597=ORIENTED_EDGE('',*,*,#3524,.F.);
#4598=ORIENTED_EDGE('',*,*,#3525,.F.);
#4599=ORIENTED_EDGE('',*,*,#3526,.F.);
#4600=ORIENTED_EDGE('',*,*,#3527,.F.);
#4601=ORIENTED_EDGE('',*,*,#3528,.F.);
#4602=ORIENTED_EDGE('',*,*,#3529,.F.);
#4603=ORIENTED_EDGE('',*,*,#3530,.F.);
#4604=ORIENTED_EDGE('',*,*,#3531,.F.);
#4605=ORIENTED_EDGE('',*,*,#3532,.F.);
#4606=ORIENTED_EDGE('',*,*,#3533,.F.);
#4607=ORIENTED_EDGE('',*,*,#3534,.F.);
#4608=ORIENTED_EDGE('',*,*,#3535,.F.);
#4609=ORIENTED_EDGE('',*,*,#3536,.F.);
#4610=ORIENTED_EDGE('',*,*,#3537,.F.);
#4611=ORIENTED_EDGE('',*,*,#3538,.F.);
#4612=ORIENTED_EDGE('',*,*,#3539,.F.);
#4613=ORIENTED_EDGE('',*,*,#3540,.F.);
#4614=ORIENTED_EDGE('',*,*,#3541,.F.);
#4615=ORIENTED_EDGE('',*,*,#3542,.F.);
#4616=ORIENTED_EDGE('',*,*,#3543,.F.);
#4617=ORIENTED_EDGE('',*,*,#3544,.F.);
#4618=ORIENTED_EDGE('',*,*,#3545,.F.);
#4619=ORIENTED_EDGE('',*,*,#3546,.F.);
#4620=ORIENTED_EDGE('',*,*,#3547,.F.);
#4621=ORIENTED_EDGE('',*,*,#3548,.F.);
#4622=ORIENTED_EDGE('',*,*,#3549,.F.);
#4623=ORIENTED_EDGE('',*,*,#3550,.F.);
#4624=ORIENTED_EDGE('',*,*,#3551,.F.);
#4625=ORIENTED_EDGE('',*,*,#3552,.F.);
#4626=ORIENTED_EDGE('',*,*,#3553,.F.);
#4627=ORIENTED_EDGE('',*,*,#3554,.F.);
#4628=ORIENTED_EDGE('',*,*,#3555,.F.);
#4629=ORIENTED_EDGE('',*,*,#3556,.F.);
#4630=ORIENTED_EDGE('',*,*,#3557,.F.);
#4631=ORIENTED_EDGE('',*,*,#3558,.F.);
#4632=ORIENTED_EDGE('',*,*,#3559,.F.);
#4633=ORIENTED_EDGE('',*,*,#3560,.F.);
#4634=ORIENTED_EDGE('',*,*,#3561,.F.);
#4635=ORIENTED_EDGE('',*,*,#3562,.F.);
#4636=ORIENTED_EDGE('',*,*,#3563,.F.);
#4637=ORIENTED_EDGE('',*,*,#3564,.F.);
#4638=ORIENTED_EDGE('',*,*,#3565,.F.);
#4639=ORIENTED_EDGE('',*,*,#3566,.F.);
#4640=ORIENTED_EDGE('',*,*,#3567,.F.);
#4641=ORIENTED_EDGE('',*,*,#3568,.F.);
#4642=ORIENTED_EDGE('',*,*,#3569,.F.);
#4643=ORIENTED_EDGE('',*,*,#3570,.F.);
#4644=ORIENTED_EDGE('',*,*,#3571,.F.);
#4645=ORIENTED_EDGE('',*,*,#3572,.F.);
#4646=ORIENTED_EDGE('',*,*,#3573,.F.);
#4647=ORIENTED_EDGE('',*,*,#3574,.F.);
#4648=ORIENTED_EDGE('',*,*,#3575,.F.);
#4649=ORIENTED_EDGE('',*,*,#3576,.F.);
#4650=ORIENTED_EDGE('',*,*,#3577,.F.);
#4651=ORIENTED_EDGE('',*,*,#3578,.F.);
#4652=ORIENTED_EDGE('',*,*,#3579,.F.);
#4653=ORIENTED_EDGE('',*,*,#3580,.F.);
#4654=ORIENTED_EDGE('',*,*,#3581,.F.);
#4655=ORIENTED_EDGE('',*,*,#3582,.F.);
#4656=ORIENTED_EDGE('',*,*,#3583,.F.);
#4657=ORIENTED_EDGE('',*,*,#3584,.F.);
#4658=ORIENTED_EDGE('',*,*,#3585,.F.);
#4659=ORIENTED_EDGE('',*,*,#3586,.F.);
#4660=ORIENTED_EDGE('',*,*,#3587,.F.);
#4661=ORIENTED_EDGE('',*,*,#3588,.F.);
#4662=ORIENTED_EDGE('',*,*,#3589,.F.);
#4663=ORIENTED_EDGE('',*,*,#3590,.F.);
#4664=ORIENTED_EDGE('',*,*,#3591,.F.);
#4665=ORIENTED_EDGE('',*,*,#3592,.F.);
#4666=ORIENTED_EDGE('',*,*,#3593,.T.);
#4667=ORIENTED_EDGE('',*,*,#3594,.T.);
#4668=ORIENTED_EDGE('',*,*,#3595,.T.);
#4669=ORIENTED_EDGE('',*,*,#3596,.F.);
#4670=ORIENTED_EDGE('',*,*,#3597,.T.);
#4671=ORIENTED_EDGE('',*,*,#3598,.F.);
#4672=ORIENTED_EDGE('',*,*,#3599,.T.);
#4673=ORIENTED_EDGE('',*,*,#3600,.T.);
#4674=ORIENTED_EDGE('',*,*,#3601,.F.);
#4675=ORIENTED_EDGE('',*,*,#3602,.F.);
#4676=ORIENTED_EDGE('',*,*,#3603,.F.);
#4677=ORIENTED_EDGE('',*,*,#3604,.T.);
#4678=ORIENTED_EDGE('',*,*,#3605,.F.);
#4679=ORIENTED_EDGE('',*,*,#3606,.F.);
#4680=ORIENTED_EDGE('',*,*,#3607,.F.);
#4681=ORIENTED_EDGE('',*,*,#3258,.F.);
#4682=ORIENTED_EDGE('',*,*,#3608,.F.);
#4683=ORIENTED_EDGE('',*,*,#3609,.F.);
#4684=ORIENTED_EDGE('',*,*,#3610,.F.);
#4685=ORIENTED_EDGE('',*,*,#3611,.F.);
#4686=ORIENTED_EDGE('',*,*,#3612,.F.);
#4687=ORIENTED_EDGE('',*,*,#3613,.F.);
#4688=ORIENTED_EDGE('',*,*,#3614,.F.);
#4689=ORIENTED_EDGE('',*,*,#3615,.F.);
#4690=ORIENTED_EDGE('',*,*,#3605,.T.);
#4691=ORIENTED_EDGE('',*,*,#3616,.T.);
#4692=ORIENTED_EDGE('',*,*,#3617,.T.);
#4693=ORIENTED_EDGE('',*,*,#3618,.T.);
#4694=ORIENTED_EDGE('',*,*,#3618,.F.);
#4695=ORIENTED_EDGE('',*,*,#3619,.T.);
#4696=ORIENTED_EDGE('',*,*,#3620,.F.);
#4697=ORIENTED_EDGE('',*,*,#3606,.T.);
#4698=ORIENTED_EDGE('',*,*,#3607,.T.);
#4699=ORIENTED_EDGE('',*,*,#3620,.T.);
#4700=ORIENTED_EDGE('',*,*,#3621,.T.);
#4701=ORIENTED_EDGE('',*,*,#3259,.F.);
#4702=ORIENTED_EDGE('',*,*,#3254,.F.);
#4703=ORIENTED_EDGE('',*,*,#3260,.F.);
#4704=ORIENTED_EDGE('',*,*,#3621,.F.);
#4705=ORIENTED_EDGE('',*,*,#3619,.F.);
#4706=ORIENTED_EDGE('',*,*,#3617,.F.);
#4707=ORIENTED_EDGE('',*,*,#3622,.T.);
#4708=ORIENTED_EDGE('',*,*,#3623,.T.);
#4709=ORIENTED_EDGE('',*,*,#3624,.T.);
#4710=ORIENTED_EDGE('',*,*,#3625,.F.);
#4711=ORIENTED_EDGE('',*,*,#3626,.T.);
#4712=ORIENTED_EDGE('',*,*,#3627,.T.);
#4713=ORIENTED_EDGE('',*,*,#3628,.F.);
#4714=ORIENTED_EDGE('',*,*,#3629,.T.);
#4715=ORIENTED_EDGE('',*,*,#3630,.F.);
#4716=ORIENTED_EDGE('',*,*,#3631,.T.);
#4717=ORIENTED_EDGE('',*,*,#3632,.T.);
#4718=ORIENTED_EDGE('',*,*,#3633,.T.);
#4719=ORIENTED_EDGE('',*,*,#3634,.F.);
#4720=ORIENTED_EDGE('',*,*,#3635,.T.);
#4721=ORIENTED_EDGE('',*,*,#3636,.F.);
#4722=ORIENTED_EDGE('',*,*,#3637,.F.);
#4723=ORIENTED_EDGE('',*,*,#3638,.F.);
#4724=ORIENTED_EDGE('',*,*,#3639,.F.);
#4725=ORIENTED_EDGE('',*,*,#3640,.F.);
#4726=ORIENTED_EDGE('',*,*,#3641,.T.);
#4727=ORIENTED_EDGE('',*,*,#3642,.F.);
#4728=ORIENTED_EDGE('',*,*,#3643,.F.);
#4729=ORIENTED_EDGE('',*,*,#3644,.F.);
#4730=ORIENTED_EDGE('',*,*,#3645,.F.);
#4731=ORIENTED_EDGE('',*,*,#3646,.F.);
#4732=ORIENTED_EDGE('',*,*,#3647,.T.);
#4733=ORIENTED_EDGE('',*,*,#3648,.F.);
#4734=ORIENTED_EDGE('',*,*,#3649,.F.);
#4735=ORIENTED_EDGE('',*,*,#3650,.F.);
#4736=ORIENTED_EDGE('',*,*,#3651,.F.);
#4737=ORIENTED_EDGE('',*,*,#3652,.F.);
#4738=ORIENTED_EDGE('',*,*,#3653,.T.);
#4739=ORIENTED_EDGE('',*,*,#3654,.F.);
#4740=ORIENTED_EDGE('',*,*,#3655,.F.);
#4741=ORIENTED_EDGE('',*,*,#3656,.F.);
#4742=ORIENTED_EDGE('',*,*,#3657,.F.);
#4743=ORIENTED_EDGE('',*,*,#3658,.F.);
#4744=ORIENTED_EDGE('',*,*,#3659,.T.);
#4745=ORIENTED_EDGE('',*,*,#3660,.F.);
#4746=ORIENTED_EDGE('',*,*,#3661,.F.);
#4747=ORIENTED_EDGE('',*,*,#3662,.F.);
#4748=ORIENTED_EDGE('',*,*,#3663,.F.);
#4749=ORIENTED_EDGE('',*,*,#3664,.F.);
#4750=ORIENTED_EDGE('',*,*,#3665,.T.);
#4751=ORIENTED_EDGE('',*,*,#3666,.F.);
#4752=ORIENTED_EDGE('',*,*,#3667,.F.);
#4753=ORIENTED_EDGE('',*,*,#3668,.F.);
#4754=ORIENTED_EDGE('',*,*,#3669,.F.);
#4755=ORIENTED_EDGE('',*,*,#3670,.F.);
#4756=ORIENTED_EDGE('',*,*,#3671,.T.);
#4757=ORIENTED_EDGE('',*,*,#3672,.F.);
#4758=ORIENTED_EDGE('',*,*,#3673,.F.);
#4759=ORIENTED_EDGE('',*,*,#3674,.F.);
#4760=ORIENTED_EDGE('',*,*,#3675,.F.);
#4761=ORIENTED_EDGE('',*,*,#3676,.F.);
#4762=ORIENTED_EDGE('',*,*,#3677,.T.);
#4763=ORIENTED_EDGE('',*,*,#3678,.F.);
#4764=ORIENTED_EDGE('',*,*,#3679,.F.);
#4765=ORIENTED_EDGE('',*,*,#3680,.F.);
#4766=ORIENTED_EDGE('',*,*,#3681,.F.);
#4767=ORIENTED_EDGE('',*,*,#3682,.F.);
#4768=ORIENTED_EDGE('',*,*,#3683,.T.);
#4769=ORIENTED_EDGE('',*,*,#3684,.F.);
#4770=ORIENTED_EDGE('',*,*,#3685,.F.);
#4771=ORIENTED_EDGE('',*,*,#3686,.F.);
#4772=ORIENTED_EDGE('',*,*,#3687,.F.);
#4773=ORIENTED_EDGE('',*,*,#3688,.F.);
#4774=ORIENTED_EDGE('',*,*,#3689,.T.);
#4775=ORIENTED_EDGE('',*,*,#3690,.F.);
#4776=ORIENTED_EDGE('',*,*,#3691,.F.);
#4777=ORIENTED_EDGE('',*,*,#3692,.F.);
#4778=ORIENTED_EDGE('',*,*,#3693,.F.);
#4779=ORIENTED_EDGE('',*,*,#3694,.F.);
#4780=ORIENTED_EDGE('',*,*,#3695,.T.);
#4781=ORIENTED_EDGE('',*,*,#3696,.F.);
#4782=ORIENTED_EDGE('',*,*,#3697,.F.);
#4783=ORIENTED_EDGE('',*,*,#3698,.F.);
#4784=ORIENTED_EDGE('',*,*,#3699,.F.);
#4785=ORIENTED_EDGE('',*,*,#3700,.F.);
#4786=ORIENTED_EDGE('',*,*,#3701,.T.);
#4787=ORIENTED_EDGE('',*,*,#3702,.F.);
#4788=ORIENTED_EDGE('',*,*,#3703,.F.);
#4789=ORIENTED_EDGE('',*,*,#3704,.F.);
#4790=ORIENTED_EDGE('',*,*,#3705,.F.);
#4791=ORIENTED_EDGE('',*,*,#3706,.F.);
#4792=ORIENTED_EDGE('',*,*,#3707,.T.);
#4793=ORIENTED_EDGE('',*,*,#3708,.F.);
#4794=ORIENTED_EDGE('',*,*,#3709,.F.);
#4795=ORIENTED_EDGE('',*,*,#3710,.F.);
#4796=ORIENTED_EDGE('',*,*,#3711,.F.);
#4797=ORIENTED_EDGE('',*,*,#3712,.F.);
#4798=ORIENTED_EDGE('',*,*,#3713,.T.);
#4799=ORIENTED_EDGE('',*,*,#3714,.F.);
#4800=ORIENTED_EDGE('',*,*,#3715,.F.);
#4801=ORIENTED_EDGE('',*,*,#3716,.F.);
#4802=ORIENTED_EDGE('',*,*,#3717,.F.);
#4803=ORIENTED_EDGE('',*,*,#3718,.F.);
#4804=ORIENTED_EDGE('',*,*,#3719,.T.);
#4805=ORIENTED_EDGE('',*,*,#3720,.F.);
#4806=ORIENTED_EDGE('',*,*,#3721,.F.);
#4807=ORIENTED_EDGE('',*,*,#3722,.F.);
#4808=ORIENTED_EDGE('',*,*,#3723,.F.);
#4809=ORIENTED_EDGE('',*,*,#3724,.F.);
#4810=ORIENTED_EDGE('',*,*,#3725,.T.);
#4811=ORIENTED_EDGE('',*,*,#3726,.F.);
#4812=ORIENTED_EDGE('',*,*,#3727,.F.);
#4813=ORIENTED_EDGE('',*,*,#3728,.F.);
#4814=ORIENTED_EDGE('',*,*,#3729,.F.);
#4815=ORIENTED_EDGE('',*,*,#3730,.F.);
#4816=ORIENTED_EDGE('',*,*,#3731,.T.);
#4817=ORIENTED_EDGE('',*,*,#3732,.F.);
#4818=ORIENTED_EDGE('',*,*,#3733,.F.);
#4819=ORIENTED_EDGE('',*,*,#3734,.F.);
#4820=ORIENTED_EDGE('',*,*,#3735,.F.);
#4821=ORIENTED_EDGE('',*,*,#3736,.F.);
#4822=ORIENTED_EDGE('',*,*,#3737,.T.);
#4823=ORIENTED_EDGE('',*,*,#3738,.F.);
#4824=ORIENTED_EDGE('',*,*,#3739,.F.);
#4825=ORIENTED_EDGE('',*,*,#3740,.F.);
#4826=ORIENTED_EDGE('',*,*,#3741,.F.);
#4827=ORIENTED_EDGE('',*,*,#3742,.F.);
#4828=ORIENTED_EDGE('',*,*,#3743,.T.);
#4829=ORIENTED_EDGE('',*,*,#3744,.F.);
#4830=ORIENTED_EDGE('',*,*,#3745,.F.);
#4831=ORIENTED_EDGE('',*,*,#3746,.F.);
#4832=ORIENTED_EDGE('',*,*,#3747,.F.);
#4833=ORIENTED_EDGE('',*,*,#3748,.F.);
#4834=ORIENTED_EDGE('',*,*,#3749,.T.);
#4835=ORIENTED_EDGE('',*,*,#3750,.F.);
#4836=ORIENTED_EDGE('',*,*,#3751,.F.);
#4837=ORIENTED_EDGE('',*,*,#3752,.F.);
#4838=ORIENTED_EDGE('',*,*,#3753,.F.);
#4839=ORIENTED_EDGE('',*,*,#3754,.F.);
#4840=ORIENTED_EDGE('',*,*,#3755,.T.);
#4841=ORIENTED_EDGE('',*,*,#3756,.F.);
#4842=ORIENTED_EDGE('',*,*,#3757,.F.);
#4843=ORIENTED_EDGE('',*,*,#3758,.F.);
#4844=ORIENTED_EDGE('',*,*,#3759,.F.);
#4845=ORIENTED_EDGE('',*,*,#3760,.F.);
#4846=ORIENTED_EDGE('',*,*,#3761,.T.);
#4847=ORIENTED_EDGE('',*,*,#3762,.F.);
#4848=ORIENTED_EDGE('',*,*,#3763,.F.);
#4849=ORIENTED_EDGE('',*,*,#3764,.F.);
#4850=ORIENTED_EDGE('',*,*,#3765,.F.);
#4851=ORIENTED_EDGE('',*,*,#3766,.F.);
#4852=ORIENTED_EDGE('',*,*,#3767,.T.);
#4853=ORIENTED_EDGE('',*,*,#3768,.F.);
#4854=ORIENTED_EDGE('',*,*,#3769,.F.);
#4855=ORIENTED_EDGE('',*,*,#3770,.F.);
#4856=ORIENTED_EDGE('',*,*,#3771,.F.);
#4857=ORIENTED_EDGE('',*,*,#3772,.F.);
#4858=ORIENTED_EDGE('',*,*,#3773,.T.);
#4859=ORIENTED_EDGE('',*,*,#3774,.F.);
#4860=ORIENTED_EDGE('',*,*,#3775,.F.);
#4861=ORIENTED_EDGE('',*,*,#3776,.F.);
#4862=ORIENTED_EDGE('',*,*,#3777,.F.);
#4863=ORIENTED_EDGE('',*,*,#3778,.F.);
#4864=ORIENTED_EDGE('',*,*,#3779,.T.);
#4865=ORIENTED_EDGE('',*,*,#3780,.F.);
#4866=ORIENTED_EDGE('',*,*,#3781,.F.);
#4867=ORIENTED_EDGE('',*,*,#3782,.F.);
#4868=ORIENTED_EDGE('',*,*,#3783,.F.);
#4869=ORIENTED_EDGE('',*,*,#3784,.F.);
#4870=ORIENTED_EDGE('',*,*,#3785,.T.);
#4871=ORIENTED_EDGE('',*,*,#3786,.F.);
#4872=ORIENTED_EDGE('',*,*,#3787,.F.);
#4873=ORIENTED_EDGE('',*,*,#3788,.F.);
#4874=ORIENTED_EDGE('',*,*,#3789,.F.);
#4875=ORIENTED_EDGE('',*,*,#3790,.F.);
#4876=ORIENTED_EDGE('',*,*,#3791,.T.);
#4877=ORIENTED_EDGE('',*,*,#3792,.F.);
#4878=ORIENTED_EDGE('',*,*,#3793,.F.);
#4879=ORIENTED_EDGE('',*,*,#3794,.F.);
#4880=ORIENTED_EDGE('',*,*,#3795,.F.);
#4881=ORIENTED_EDGE('',*,*,#3796,.F.);
#4882=ORIENTED_EDGE('',*,*,#3797,.T.);
#4883=ORIENTED_EDGE('',*,*,#3798,.F.);
#4884=ORIENTED_EDGE('',*,*,#3799,.F.);
#4885=ORIENTED_EDGE('',*,*,#3800,.F.);
#4886=ORIENTED_EDGE('',*,*,#3801,.F.);
#4887=ORIENTED_EDGE('',*,*,#3802,.F.);
#4888=ORIENTED_EDGE('',*,*,#3803,.T.);
#4889=ORIENTED_EDGE('',*,*,#3804,.F.);
#4890=ORIENTED_EDGE('',*,*,#3805,.F.);
#4891=ORIENTED_EDGE('',*,*,#3806,.F.);
#4892=ORIENTED_EDGE('',*,*,#3807,.F.);
#4893=ORIENTED_EDGE('',*,*,#3808,.F.);
#4894=ORIENTED_EDGE('',*,*,#3809,.T.);
#4895=ORIENTED_EDGE('',*,*,#3810,.F.);
#4896=ORIENTED_EDGE('',*,*,#3811,.F.);
#4897=ORIENTED_EDGE('',*,*,#3812,.F.);
#4898=ORIENTED_EDGE('',*,*,#3813,.F.);
#4899=ORIENTED_EDGE('',*,*,#3814,.F.);
#4900=ORIENTED_EDGE('',*,*,#3815,.T.);
#4901=ORIENTED_EDGE('',*,*,#3816,.F.);
#4902=ORIENTED_EDGE('',*,*,#3817,.F.);
#4903=ORIENTED_EDGE('',*,*,#3818,.F.);
#4904=ORIENTED_EDGE('',*,*,#3819,.F.);
#4905=ORIENTED_EDGE('',*,*,#3820,.F.);
#4906=ORIENTED_EDGE('',*,*,#3821,.T.);
#4907=ORIENTED_EDGE('',*,*,#3822,.F.);
#4908=ORIENTED_EDGE('',*,*,#3823,.F.);
#4909=ORIENTED_EDGE('',*,*,#3824,.F.);
#4910=ORIENTED_EDGE('',*,*,#3825,.F.);
#4911=ORIENTED_EDGE('',*,*,#3826,.F.);
#4912=ORIENTED_EDGE('',*,*,#3827,.T.);
#4913=ORIENTED_EDGE('',*,*,#3828,.F.);
#4914=ORIENTED_EDGE('',*,*,#3829,.F.);
#4915=ORIENTED_EDGE('',*,*,#3830,.F.);
#4916=ORIENTED_EDGE('',*,*,#3831,.F.);
#4917=ORIENTED_EDGE('',*,*,#3832,.F.);
#4918=ORIENTED_EDGE('',*,*,#3833,.T.);
#4919=ORIENTED_EDGE('',*,*,#3834,.F.);
#4920=ORIENTED_EDGE('',*,*,#3835,.F.);
#4921=ORIENTED_EDGE('',*,*,#3836,.F.);
#4922=ORIENTED_EDGE('',*,*,#3837,.F.);
#4923=ORIENTED_EDGE('',*,*,#3838,.F.);
#4924=ORIENTED_EDGE('',*,*,#3839,.T.);
#4925=ORIENTED_EDGE('',*,*,#3840,.F.);
#4926=ORIENTED_EDGE('',*,*,#3841,.F.);
#4927=ORIENTED_EDGE('',*,*,#3842,.F.);
#4928=ORIENTED_EDGE('',*,*,#3843,.F.);
#4929=ORIENTED_EDGE('',*,*,#3844,.F.);
#4930=ORIENTED_EDGE('',*,*,#3845,.T.);
#4931=ORIENTED_EDGE('',*,*,#3846,.F.);
#4932=ORIENTED_EDGE('',*,*,#3847,.F.);
#4933=ORIENTED_EDGE('',*,*,#3848,.F.);
#4934=ORIENTED_EDGE('',*,*,#3849,.F.);
#4935=ORIENTED_EDGE('',*,*,#3850,.F.);
#4936=ORIENTED_EDGE('',*,*,#3851,.T.);
#4937=ORIENTED_EDGE('',*,*,#3852,.F.);
#4938=ORIENTED_EDGE('',*,*,#3853,.F.);
#4939=ORIENTED_EDGE('',*,*,#3854,.F.);
#4940=ORIENTED_EDGE('',*,*,#3855,.F.);
#4941=ORIENTED_EDGE('',*,*,#3856,.F.);
#4942=ORIENTED_EDGE('',*,*,#3857,.T.);
#4943=ORIENTED_EDGE('',*,*,#3858,.F.);
#4944=ORIENTED_EDGE('',*,*,#3859,.F.);
#4945=ORIENTED_EDGE('',*,*,#3860,.F.);
#4946=ORIENTED_EDGE('',*,*,#3861,.F.);
#4947=ORIENTED_EDGE('',*,*,#3862,.F.);
#4948=ORIENTED_EDGE('',*,*,#3863,.T.);
#4949=ORIENTED_EDGE('',*,*,#3864,.F.);
#4950=ORIENTED_EDGE('',*,*,#3865,.F.);
#4951=ORIENTED_EDGE('',*,*,#3866,.F.);
#4952=ORIENTED_EDGE('',*,*,#3867,.F.);
#4953=ORIENTED_EDGE('',*,*,#3868,.F.);
#4954=ORIENTED_EDGE('',*,*,#3869,.T.);
#4955=ORIENTED_EDGE('',*,*,#3870,.F.);
#4956=ORIENTED_EDGE('',*,*,#3871,.F.);
#4957=ORIENTED_EDGE('',*,*,#3872,.F.);
#4958=ORIENTED_EDGE('',*,*,#3873,.F.);
#4959=ORIENTED_EDGE('',*,*,#3874,.F.);
#4960=ORIENTED_EDGE('',*,*,#3875,.T.);
#4961=ORIENTED_EDGE('',*,*,#3876,.F.);
#4962=ORIENTED_EDGE('',*,*,#3877,.F.);
#4963=ORIENTED_EDGE('',*,*,#3878,.F.);
#4964=ORIENTED_EDGE('',*,*,#3879,.F.);
#4965=ORIENTED_EDGE('',*,*,#3880,.F.);
#4966=ORIENTED_EDGE('',*,*,#3881,.T.);
#4967=ORIENTED_EDGE('',*,*,#3882,.F.);
#4968=ORIENTED_EDGE('',*,*,#3883,.F.);
#4969=ORIENTED_EDGE('',*,*,#3884,.F.);
#4970=ORIENTED_EDGE('',*,*,#3885,.F.);
#4971=ORIENTED_EDGE('',*,*,#3886,.F.);
#4972=ORIENTED_EDGE('',*,*,#3887,.T.);
#4973=ORIENTED_EDGE('',*,*,#3888,.F.);
#4974=ORIENTED_EDGE('',*,*,#3889,.F.);
#4975=ORIENTED_EDGE('',*,*,#3890,.F.);
#4976=ORIENTED_EDGE('',*,*,#3891,.F.);
#4977=ORIENTED_EDGE('',*,*,#3892,.F.);
#4978=ORIENTED_EDGE('',*,*,#3893,.T.);
#4979=ORIENTED_EDGE('',*,*,#3894,.F.);
#4980=ORIENTED_EDGE('',*,*,#3895,.F.);
#4981=ORIENTED_EDGE('',*,*,#3896,.F.);
#4982=ORIENTED_EDGE('',*,*,#3897,.F.);
#4983=ORIENTED_EDGE('',*,*,#3898,.F.);
#4984=ORIENTED_EDGE('',*,*,#3899,.T.);
#4985=ORIENTED_EDGE('',*,*,#3900,.F.);
#4986=ORIENTED_EDGE('',*,*,#3901,.F.);
#4987=ORIENTED_EDGE('',*,*,#3902,.F.);
#4988=ORIENTED_EDGE('',*,*,#3903,.F.);
#4989=ORIENTED_EDGE('',*,*,#3904,.F.);
#4990=ORIENTED_EDGE('',*,*,#3905,.T.);
#4991=ORIENTED_EDGE('',*,*,#3906,.F.);
#4992=ORIENTED_EDGE('',*,*,#3907,.F.);
#4993=ORIENTED_EDGE('',*,*,#3908,.F.);
#4994=ORIENTED_EDGE('',*,*,#3909,.F.);
#4995=ORIENTED_EDGE('',*,*,#3910,.F.);
#4996=ORIENTED_EDGE('',*,*,#3911,.T.);
#4997=ORIENTED_EDGE('',*,*,#3912,.F.);
#4998=ORIENTED_EDGE('',*,*,#3913,.F.);
#4999=ORIENTED_EDGE('',*,*,#3914,.F.);
#5000=ORIENTED_EDGE('',*,*,#3915,.F.);
#5001=ORIENTED_EDGE('',*,*,#3916,.F.);
#5002=ORIENTED_EDGE('',*,*,#3917,.T.);
#5003=ORIENTED_EDGE('',*,*,#3918,.F.);
#5004=ORIENTED_EDGE('',*,*,#3919,.F.);
#5005=ORIENTED_EDGE('',*,*,#3920,.F.);
#5006=ORIENTED_EDGE('',*,*,#3921,.F.);
#5007=ORIENTED_EDGE('',*,*,#3922,.F.);
#5008=ORIENTED_EDGE('',*,*,#3923,.T.);
#5009=ORIENTED_EDGE('',*,*,#3924,.F.);
#5010=ORIENTED_EDGE('',*,*,#3925,.F.);
#5011=ORIENTED_EDGE('',*,*,#3926,.F.);
#5012=ORIENTED_EDGE('',*,*,#3927,.F.);
#5013=ORIENTED_EDGE('',*,*,#3928,.F.);
#5014=ORIENTED_EDGE('',*,*,#3929,.T.);
#5015=ORIENTED_EDGE('',*,*,#3930,.F.);
#5016=ORIENTED_EDGE('',*,*,#3931,.F.);
#5017=ORIENTED_EDGE('',*,*,#3932,.F.);
#5018=ORIENTED_EDGE('',*,*,#3933,.F.);
#5019=ORIENTED_EDGE('',*,*,#3934,.F.);
#5020=ORIENTED_EDGE('',*,*,#3935,.T.);
#5021=ORIENTED_EDGE('',*,*,#3936,.F.);
#5022=ORIENTED_EDGE('',*,*,#3937,.F.);
#5023=ORIENTED_EDGE('',*,*,#3938,.F.);
#5024=ORIENTED_EDGE('',*,*,#3939,.F.);
#5025=ORIENTED_EDGE('',*,*,#3940,.F.);
#5026=ORIENTED_EDGE('',*,*,#3941,.T.);
#5027=ORIENTED_EDGE('',*,*,#3942,.F.);
#5028=ORIENTED_EDGE('',*,*,#3943,.F.);
#5029=ORIENTED_EDGE('',*,*,#3944,.F.);
#5030=ORIENTED_EDGE('',*,*,#3945,.F.);
#5031=ORIENTED_EDGE('',*,*,#3946,.F.);
#5032=ORIENTED_EDGE('',*,*,#3947,.T.);
#5033=ORIENTED_EDGE('',*,*,#3948,.F.);
#5034=ORIENTED_EDGE('',*,*,#3949,.F.);
#5035=ORIENTED_EDGE('',*,*,#3950,.F.);
#5036=ORIENTED_EDGE('',*,*,#3951,.F.);
#5037=ORIENTED_EDGE('',*,*,#3952,.F.);
#5038=ORIENTED_EDGE('',*,*,#3953,.T.);
#5039=ORIENTED_EDGE('',*,*,#3954,.F.);
#5040=ORIENTED_EDGE('',*,*,#3955,.F.);
#5041=ORIENTED_EDGE('',*,*,#3956,.F.);
#5042=ORIENTED_EDGE('',*,*,#3957,.F.);
#5043=ORIENTED_EDGE('',*,*,#3958,.F.);
#5044=ORIENTED_EDGE('',*,*,#3959,.T.);
#5045=ORIENTED_EDGE('',*,*,#3960,.F.);
#5046=ORIENTED_EDGE('',*,*,#3961,.F.);
#5047=ORIENTED_EDGE('',*,*,#3962,.F.);
#5048=ORIENTED_EDGE('',*,*,#3963,.F.);
#5049=ORIENTED_EDGE('',*,*,#3964,.F.);
#5050=ORIENTED_EDGE('',*,*,#3965,.T.);
#5051=ORIENTED_EDGE('',*,*,#3966,.T.);
#5052=ORIENTED_EDGE('',*,*,#3967,.T.);
#5053=ORIENTED_EDGE('',*,*,#3968,.T.);
#5054=ORIENTED_EDGE('',*,*,#3969,.T.);
#5055=ORIENTED_EDGE('',*,*,#3970,.T.);
#5056=ORIENTED_EDGE('',*,*,#3971,.T.);
#5057=ORIENTED_EDGE('',*,*,#3972,.T.);
#5058=ORIENTED_EDGE('',*,*,#3973,.T.);
#5059=ORIENTED_EDGE('',*,*,#3942,.T.);
#5060=ORIENTED_EDGE('',*,*,#3974,.T.);
#5061=ORIENTED_EDGE('',*,*,#3284,.T.);
#5062=ORIENTED_EDGE('',*,*,#3975,.T.);
#5063=ORIENTED_EDGE('',*,*,#3975,.F.);
#5064=ORIENTED_EDGE('',*,*,#3283,.T.);
#5065=ORIENTED_EDGE('',*,*,#3976,.T.);
#5066=ORIENTED_EDGE('',*,*,#3943,.T.);
#5067=ORIENTED_EDGE('',*,*,#3280,.T.);
#5068=ORIENTED_EDGE('',*,*,#3977,.T.);
#5069=ORIENTED_EDGE('',*,*,#3946,.T.);
#5070=ORIENTED_EDGE('',*,*,#3978,.T.);
#5071=ORIENTED_EDGE('',*,*,#3978,.F.);
#5072=ORIENTED_EDGE('',*,*,#3945,.T.);
#5073=ORIENTED_EDGE('',*,*,#3979,.F.);
#5074=ORIENTED_EDGE('',*,*,#3281,.T.);
#5075=ORIENTED_EDGE('',*,*,#3282,.T.);
#5076=ORIENTED_EDGE('',*,*,#3979,.T.);
#5077=ORIENTED_EDGE('',*,*,#3944,.T.);
#5078=ORIENTED_EDGE('',*,*,#3976,.F.);
#5079=ORIENTED_EDGE('',*,*,#3918,.T.);
#5080=ORIENTED_EDGE('',*,*,#3980,.T.);
#5081=ORIENTED_EDGE('',*,*,#3308,.T.);
#5082=ORIENTED_EDGE('',*,*,#3981,.T.);
#5083=ORIENTED_EDGE('',*,*,#3981,.F.);
#5084=ORIENTED_EDGE('',*,*,#3307,.T.);
#5085=ORIENTED_EDGE('',*,*,#3982,.T.);
#5086=ORIENTED_EDGE('',*,*,#3919,.T.);
#5087=ORIENTED_EDGE('',*,*,#3304,.T.);
#5088=ORIENTED_EDGE('',*,*,#3983,.T.);
#5089=ORIENTED_EDGE('',*,*,#3922,.T.);
#5090=ORIENTED_EDGE('',*,*,#3984,.T.);
#5091=ORIENTED_EDGE('',*,*,#3984,.F.);
#5092=ORIENTED_EDGE('',*,*,#3921,.T.);
#5093=ORIENTED_EDGE('',*,*,#3985,.F.);
#5094=ORIENTED_EDGE('',*,*,#3305,.T.);
#5095=ORIENTED_EDGE('',*,*,#3306,.T.);
#5096=ORIENTED_EDGE('',*,*,#3985,.T.);
#5097=ORIENTED_EDGE('',*,*,#3920,.T.);
#5098=ORIENTED_EDGE('',*,*,#3982,.F.);
#5099=ORIENTED_EDGE('',*,*,#3894,.T.);
#5100=ORIENTED_EDGE('',*,*,#3986,.T.);
#5101=ORIENTED_EDGE('',*,*,#3332,.T.);
#5102=ORIENTED_EDGE('',*,*,#3987,.T.);
#5103=ORIENTED_EDGE('',*,*,#3987,.F.);
#5104=ORIENTED_EDGE('',*,*,#3331,.T.);
#5105=ORIENTED_EDGE('',*,*,#3988,.T.);
#5106=ORIENTED_EDGE('',*,*,#3895,.T.);
#5107=ORIENTED_EDGE('',*,*,#3328,.T.);
#5108=ORIENTED_EDGE('',*,*,#3989,.T.);
#5109=ORIENTED_EDGE('',*,*,#3898,.T.);
#5110=ORIENTED_EDGE('',*,*,#3990,.T.);
#5111=ORIENTED_EDGE('',*,*,#3990,.F.);
#5112=ORIENTED_EDGE('',*,*,#3897,.T.);
#5113=ORIENTED_EDGE('',*,*,#3991,.F.);
#5114=ORIENTED_EDGE('',*,*,#3329,.T.);
#5115=ORIENTED_EDGE('',*,*,#3330,.T.);
#5116=ORIENTED_EDGE('',*,*,#3991,.T.);
#5117=ORIENTED_EDGE('',*,*,#3896,.T.);
#5118=ORIENTED_EDGE('',*,*,#3988,.F.);
#5119=ORIENTED_EDGE('',*,*,#3870,.T.);
#5120=ORIENTED_EDGE('',*,*,#3992,.T.);
#5121=ORIENTED_EDGE('',*,*,#3356,.T.);
#5122=ORIENTED_EDGE('',*,*,#3993,.T.);
#5123=ORIENTED_EDGE('',*,*,#3993,.F.);
#5124=ORIENTED_EDGE('',*,*,#3355,.T.);
#5125=ORIENTED_EDGE('',*,*,#3994,.T.);
#5126=ORIENTED_EDGE('',*,*,#3871,.T.);
#5127=ORIENTED_EDGE('',*,*,#3352,.T.);
#5128=ORIENTED_EDGE('',*,*,#3995,.T.);
#5129=ORIENTED_EDGE('',*,*,#3874,.T.);
#5130=ORIENTED_EDGE('',*,*,#3996,.T.);
#5131=ORIENTED_EDGE('',*,*,#3996,.F.);
#5132=ORIENTED_EDGE('',*,*,#3873,.T.);
#5133=ORIENTED_EDGE('',*,*,#3997,.F.);
#5134=ORIENTED_EDGE('',*,*,#3353,.T.);
#5135=ORIENTED_EDGE('',*,*,#3354,.T.);
#5136=ORIENTED_EDGE('',*,*,#3997,.T.);
#5137=ORIENTED_EDGE('',*,*,#3872,.T.);
#5138=ORIENTED_EDGE('',*,*,#3994,.F.);
#5139=ORIENTED_EDGE('',*,*,#3846,.T.);
#5140=ORIENTED_EDGE('',*,*,#3998,.T.);
#5141=ORIENTED_EDGE('',*,*,#3380,.T.);
#5142=ORIENTED_EDGE('',*,*,#3999,.T.);
#5143=ORIENTED_EDGE('',*,*,#3999,.F.);
#5144=ORIENTED_EDGE('',*,*,#3379,.T.);
#5145=ORIENTED_EDGE('',*,*,#4000,.T.);
#5146=ORIENTED_EDGE('',*,*,#3847,.T.);
#5147=ORIENTED_EDGE('',*,*,#3376,.T.);
#5148=ORIENTED_EDGE('',*,*,#4001,.T.);
#5149=ORIENTED_EDGE('',*,*,#3850,.T.);
#5150=ORIENTED_EDGE('',*,*,#4002,.T.);
#5151=ORIENTED_EDGE('',*,*,#4002,.F.);
#5152=ORIENTED_EDGE('',*,*,#3849,.T.);
#5153=ORIENTED_EDGE('',*,*,#4003,.F.);
#5154=ORIENTED_EDGE('',*,*,#3377,.T.);
#5155=ORIENTED_EDGE('',*,*,#3378,.T.);
#5156=ORIENTED_EDGE('',*,*,#4003,.T.);
#5157=ORIENTED_EDGE('',*,*,#3848,.T.);
#5158=ORIENTED_EDGE('',*,*,#4000,.F.);
#5159=ORIENTED_EDGE('',*,*,#3822,.T.);
#5160=ORIENTED_EDGE('',*,*,#4004,.T.);
#5161=ORIENTED_EDGE('',*,*,#3404,.T.);
#5162=ORIENTED_EDGE('',*,*,#4005,.T.);
#5163=ORIENTED_EDGE('',*,*,#4005,.F.);
#5164=ORIENTED_EDGE('',*,*,#3403,.T.);
#5165=ORIENTED_EDGE('',*,*,#4006,.T.);
#5166=ORIENTED_EDGE('',*,*,#3823,.T.);
#5167=ORIENTED_EDGE('',*,*,#3400,.T.);
#5168=ORIENTED_EDGE('',*,*,#4007,.T.);
#5169=ORIENTED_EDGE('',*,*,#3826,.T.);
#5170=ORIENTED_EDGE('',*,*,#4008,.T.);
#5171=ORIENTED_EDGE('',*,*,#4008,.F.);
#5172=ORIENTED_EDGE('',*,*,#3825,.T.);
#5173=ORIENTED_EDGE('',*,*,#4009,.F.);
#5174=ORIENTED_EDGE('',*,*,#3401,.T.);
#5175=ORIENTED_EDGE('',*,*,#3402,.T.);
#5176=ORIENTED_EDGE('',*,*,#4009,.T.);
#5177=ORIENTED_EDGE('',*,*,#3824,.T.);
#5178=ORIENTED_EDGE('',*,*,#4006,.F.);
#5179=ORIENTED_EDGE('',*,*,#3798,.T.);
#5180=ORIENTED_EDGE('',*,*,#4010,.T.);
#5181=ORIENTED_EDGE('',*,*,#3428,.T.);
#5182=ORIENTED_EDGE('',*,*,#4011,.T.);
#5183=ORIENTED_EDGE('',*,*,#4011,.F.);
#5184=ORIENTED_EDGE('',*,*,#3427,.T.);
#5185=ORIENTED_EDGE('',*,*,#4012,.T.);
#5186=ORIENTED_EDGE('',*,*,#3799,.T.);
#5187=ORIENTED_EDGE('',*,*,#3424,.T.);
#5188=ORIENTED_EDGE('',*,*,#4013,.T.);
#5189=ORIENTED_EDGE('',*,*,#3802,.T.);
#5190=ORIENTED_EDGE('',*,*,#4014,.T.);
#5191=ORIENTED_EDGE('',*,*,#4014,.F.);
#5192=ORIENTED_EDGE('',*,*,#3801,.T.);
#5193=ORIENTED_EDGE('',*,*,#4015,.F.);
#5194=ORIENTED_EDGE('',*,*,#3425,.T.);
#5195=ORIENTED_EDGE('',*,*,#3426,.T.);
#5196=ORIENTED_EDGE('',*,*,#4015,.T.);
#5197=ORIENTED_EDGE('',*,*,#3800,.T.);
#5198=ORIENTED_EDGE('',*,*,#4012,.F.);
#5199=ORIENTED_EDGE('',*,*,#3774,.T.);
#5200=ORIENTED_EDGE('',*,*,#4016,.T.);
#5201=ORIENTED_EDGE('',*,*,#3452,.T.);
#5202=ORIENTED_EDGE('',*,*,#4017,.T.);
#5203=ORIENTED_EDGE('',*,*,#4017,.F.);
#5204=ORIENTED_EDGE('',*,*,#3451,.T.);
#5205=ORIENTED_EDGE('',*,*,#4018,.T.);
#5206=ORIENTED_EDGE('',*,*,#3775,.T.);
#5207=ORIENTED_EDGE('',*,*,#3448,.T.);
#5208=ORIENTED_EDGE('',*,*,#4019,.T.);
#5209=ORIENTED_EDGE('',*,*,#3778,.T.);
#5210=ORIENTED_EDGE('',*,*,#4020,.T.);
#5211=ORIENTED_EDGE('',*,*,#4020,.F.);
#5212=ORIENTED_EDGE('',*,*,#3777,.T.);
#5213=ORIENTED_EDGE('',*,*,#4021,.F.);
#5214=ORIENTED_EDGE('',*,*,#3449,.T.);
#5215=ORIENTED_EDGE('',*,*,#3450,.T.);
#5216=ORIENTED_EDGE('',*,*,#4021,.T.);
#5217=ORIENTED_EDGE('',*,*,#3776,.T.);
#5218=ORIENTED_EDGE('',*,*,#4018,.F.);
#5219=ORIENTED_EDGE('',*,*,#3750,.T.);
#5220=ORIENTED_EDGE('',*,*,#4022,.T.);
#5221=ORIENTED_EDGE('',*,*,#3476,.T.);
#5222=ORIENTED_EDGE('',*,*,#4023,.T.);
#5223=ORIENTED_EDGE('',*,*,#4023,.F.);
#5224=ORIENTED_EDGE('',*,*,#3475,.T.);
#5225=ORIENTED_EDGE('',*,*,#4024,.T.);
#5226=ORIENTED_EDGE('',*,*,#3751,.T.);
#5227=ORIENTED_EDGE('',*,*,#3472,.T.);
#5228=ORIENTED_EDGE('',*,*,#4025,.T.);
#5229=ORIENTED_EDGE('',*,*,#3754,.T.);
#5230=ORIENTED_EDGE('',*,*,#4026,.T.);
#5231=ORIENTED_EDGE('',*,*,#4026,.F.);
#5232=ORIENTED_EDGE('',*,*,#3753,.T.);
#5233=ORIENTED_EDGE('',*,*,#4027,.F.);
#5234=ORIENTED_EDGE('',*,*,#3473,.T.);
#5235=ORIENTED_EDGE('',*,*,#3474,.T.);
#5236=ORIENTED_EDGE('',*,*,#4027,.T.);
#5237=ORIENTED_EDGE('',*,*,#3752,.T.);
#5238=ORIENTED_EDGE('',*,*,#4024,.F.);
#5239=ORIENTED_EDGE('',*,*,#3726,.T.);
#5240=ORIENTED_EDGE('',*,*,#4028,.T.);
#5241=ORIENTED_EDGE('',*,*,#3500,.T.);
#5242=ORIENTED_EDGE('',*,*,#4029,.T.);
#5243=ORIENTED_EDGE('',*,*,#4029,.F.);
#5244=ORIENTED_EDGE('',*,*,#3499,.T.);
#5245=ORIENTED_EDGE('',*,*,#4030,.T.);
#5246=ORIENTED_EDGE('',*,*,#3727,.T.);
#5247=ORIENTED_EDGE('',*,*,#3496,.T.);
#5248=ORIENTED_EDGE('',*,*,#4031,.T.);
#5249=ORIENTED_EDGE('',*,*,#3730,.T.);
#5250=ORIENTED_EDGE('',*,*,#4032,.T.);
#5251=ORIENTED_EDGE('',*,*,#4032,.F.);
#5252=ORIENTED_EDGE('',*,*,#3729,.T.);
#5253=ORIENTED_EDGE('',*,*,#4033,.F.);
#5254=ORIENTED_EDGE('',*,*,#3497,.T.);
#5255=ORIENTED_EDGE('',*,*,#3498,.T.);
#5256=ORIENTED_EDGE('',*,*,#4033,.T.);
#5257=ORIENTED_EDGE('',*,*,#3728,.T.);
#5258=ORIENTED_EDGE('',*,*,#4030,.F.);
#5259=ORIENTED_EDGE('',*,*,#3702,.T.);
#5260=ORIENTED_EDGE('',*,*,#4034,.T.);
#5261=ORIENTED_EDGE('',*,*,#3524,.T.);
#5262=ORIENTED_EDGE('',*,*,#4035,.T.);
#5263=ORIENTED_EDGE('',*,*,#4035,.F.);
#5264=ORIENTED_EDGE('',*,*,#3523,.T.);
#5265=ORIENTED_EDGE('',*,*,#4036,.T.);
#5266=ORIENTED_EDGE('',*,*,#3703,.T.);
#5267=ORIENTED_EDGE('',*,*,#3520,.T.);
#5268=ORIENTED_EDGE('',*,*,#4037,.T.);
#5269=ORIENTED_EDGE('',*,*,#3706,.T.);
#5270=ORIENTED_EDGE('',*,*,#4038,.T.);
#5271=ORIENTED_EDGE('',*,*,#4038,.F.);
#5272=ORIENTED_EDGE('',*,*,#3705,.T.);
#5273=ORIENTED_EDGE('',*,*,#4039,.F.);
#5274=ORIENTED_EDGE('',*,*,#3521,.T.);
#5275=ORIENTED_EDGE('',*,*,#3522,.T.);
#5276=ORIENTED_EDGE('',*,*,#4039,.T.);
#5277=ORIENTED_EDGE('',*,*,#3704,.T.);
#5278=ORIENTED_EDGE('',*,*,#4036,.F.);
#5279=ORIENTED_EDGE('',*,*,#3678,.T.);
#5280=ORIENTED_EDGE('',*,*,#4040,.T.);
#5281=ORIENTED_EDGE('',*,*,#3548,.T.);
#5282=ORIENTED_EDGE('',*,*,#4041,.T.);
#5283=ORIENTED_EDGE('',*,*,#4041,.F.);
#5284=ORIENTED_EDGE('',*,*,#3547,.T.);
#5285=ORIENTED_EDGE('',*,*,#4042,.T.);
#5286=ORIENTED_EDGE('',*,*,#3679,.T.);
#5287=ORIENTED_EDGE('',*,*,#3544,.T.);
#5288=ORIENTED_EDGE('',*,*,#4043,.T.);
#5289=ORIENTED_EDGE('',*,*,#3682,.T.);
#5290=ORIENTED_EDGE('',*,*,#4044,.T.);
#5291=ORIENTED_EDGE('',*,*,#4044,.F.);
#5292=ORIENTED_EDGE('',*,*,#3681,.T.);
#5293=ORIENTED_EDGE('',*,*,#4045,.F.);
#5294=ORIENTED_EDGE('',*,*,#3545,.T.);
#5295=ORIENTED_EDGE('',*,*,#3546,.T.);
#5296=ORIENTED_EDGE('',*,*,#4045,.T.);
#5297=ORIENTED_EDGE('',*,*,#3680,.T.);
#5298=ORIENTED_EDGE('',*,*,#4042,.F.);
#5299=ORIENTED_EDGE('',*,*,#3654,.T.);
#5300=ORIENTED_EDGE('',*,*,#4046,.T.);
#5301=ORIENTED_EDGE('',*,*,#3572,.T.);
#5302=ORIENTED_EDGE('',*,*,#4047,.T.);
#5303=ORIENTED_EDGE('',*,*,#4047,.F.);
#5304=ORIENTED_EDGE('',*,*,#3571,.T.);
#5305=ORIENTED_EDGE('',*,*,#4048,.T.);
#5306=ORIENTED_EDGE('',*,*,#3655,.T.);
#5307=ORIENTED_EDGE('',*,*,#3568,.T.);
#5308=ORIENTED_EDGE('',*,*,#4049,.T.);
#5309=ORIENTED_EDGE('',*,*,#3658,.T.);
#5310=ORIENTED_EDGE('',*,*,#4050,.T.);
#5311=ORIENTED_EDGE('',*,*,#4050,.F.);
#5312=ORIENTED_EDGE('',*,*,#3657,.T.);
#5313=ORIENTED_EDGE('',*,*,#4051,.F.);
#5314=ORIENTED_EDGE('',*,*,#3569,.T.);
#5315=ORIENTED_EDGE('',*,*,#3570,.T.);
#5316=ORIENTED_EDGE('',*,*,#4051,.T.);
#5317=ORIENTED_EDGE('',*,*,#3656,.T.);
#5318=ORIENTED_EDGE('',*,*,#4048,.F.);
#5319=ORIENTED_EDGE('',*,*,#3596,.T.);
#5320=ORIENTED_EDGE('',*,*,#4052,.T.);
#5321=ORIENTED_EDGE('',*,*,#3630,.T.);
#5322=ORIENTED_EDGE('',*,*,#4053,.T.);
#5323=ORIENTED_EDGE('',*,*,#4053,.F.);
#5324=ORIENTED_EDGE('',*,*,#3629,.F.);
#5325=ORIENTED_EDGE('',*,*,#4054,.F.);
#5326=ORIENTED_EDGE('',*,*,#3597,.F.);
#5327=ORIENTED_EDGE('',*,*,#3592,.T.);
#5328=ORIENTED_EDGE('',*,*,#4055,.T.);
#5329=ORIENTED_EDGE('',*,*,#3634,.T.);
#5330=ORIENTED_EDGE('',*,*,#4056,.T.);
#5331=ORIENTED_EDGE('',*,*,#4055,.F.);
#5332=ORIENTED_EDGE('',*,*,#3591,.T.);
#5333=ORIENTED_EDGE('',*,*,#4057,.F.);
#5334=ORIENTED_EDGE('',*,*,#3635,.F.);
#5335=ORIENTED_EDGE('',*,*,#4052,.F.);
#5336=ORIENTED_EDGE('',*,*,#3595,.F.);
#5337=ORIENTED_EDGE('',*,*,#4058,.T.);
#5338=ORIENTED_EDGE('',*,*,#3631,.F.);
#5339=ORIENTED_EDGE('',*,*,#4056,.F.);
#5340=ORIENTED_EDGE('',*,*,#3633,.F.);
#5341=ORIENTED_EDGE('',*,*,#4059,.F.);
#5342=ORIENTED_EDGE('',*,*,#3593,.F.);
#5343=ORIENTED_EDGE('',*,*,#3594,.F.);
#5344=ORIENTED_EDGE('',*,*,#4059,.T.);
#5345=ORIENTED_EDGE('',*,*,#3632,.F.);
#5346=ORIENTED_EDGE('',*,*,#4058,.F.);
#5347=ORIENTED_EDGE('',*,*,#3255,.F.);
#5348=ORIENTED_EDGE('',*,*,#3965,.F.);
#5349=ORIENTED_EDGE('',*,*,#4060,.F.);
#5350=ORIENTED_EDGE('',*,*,#3261,.T.);
#5351=ORIENTED_EDGE('',*,*,#3266,.T.);
#5352=ORIENTED_EDGE('',*,*,#4061,.T.);
#5353=ORIENTED_EDGE('',*,*,#3960,.T.);
#5354=ORIENTED_EDGE('',*,*,#4062,.T.);
#5355=ORIENTED_EDGE('',*,*,#4061,.F.);
#5356=ORIENTED_EDGE('',*,*,#3265,.T.);
#5357=ORIENTED_EDGE('',*,*,#4063,.T.);
#5358=ORIENTED_EDGE('',*,*,#3961,.T.);
#5359=ORIENTED_EDGE('',*,*,#3964,.T.);
#5360=ORIENTED_EDGE('',*,*,#4064,.T.);
#5361=ORIENTED_EDGE('',*,*,#3262,.T.);
#5362=ORIENTED_EDGE('',*,*,#4060,.T.);
#5363=ORIENTED_EDGE('',*,*,#4064,.F.);
#5364=ORIENTED_EDGE('',*,*,#3963,.T.);
#5365=ORIENTED_EDGE('',*,*,#4065,.F.);
#5366=ORIENTED_EDGE('',*,*,#3263,.T.);
#5367=ORIENTED_EDGE('',*,*,#3264,.T.);
#5368=ORIENTED_EDGE('',*,*,#4065,.T.);
#5369=ORIENTED_EDGE('',*,*,#3962,.T.);
#5370=ORIENTED_EDGE('',*,*,#4063,.F.);
#5371=ORIENTED_EDGE('',*,*,#4062,.F.);
#5372=ORIENTED_EDGE('',*,*,#3959,.F.);
#5373=ORIENTED_EDGE('',*,*,#4066,.F.);
#5374=ORIENTED_EDGE('',*,*,#3267,.T.);
#5375=ORIENTED_EDGE('',*,*,#3272,.T.);
#5376=ORIENTED_EDGE('',*,*,#4067,.T.);
#5377=ORIENTED_EDGE('',*,*,#3954,.T.);
#5378=ORIENTED_EDGE('',*,*,#4068,.T.);
#5379=ORIENTED_EDGE('',*,*,#4067,.F.);
#5380=ORIENTED_EDGE('',*,*,#3271,.T.);
#5381=ORIENTED_EDGE('',*,*,#4069,.T.);
#5382=ORIENTED_EDGE('',*,*,#3955,.T.);
#5383=ORIENTED_EDGE('',*,*,#3958,.T.);
#5384=ORIENTED_EDGE('',*,*,#4070,.T.);
#5385=ORIENTED_EDGE('',*,*,#3268,.T.);
#5386=ORIENTED_EDGE('',*,*,#4066,.T.);
#5387=ORIENTED_EDGE('',*,*,#4070,.F.);
#5388=ORIENTED_EDGE('',*,*,#3957,.T.);
#5389=ORIENTED_EDGE('',*,*,#4071,.F.);
#5390=ORIENTED_EDGE('',*,*,#3269,.T.);
#5391=ORIENTED_EDGE('',*,*,#3270,.T.);
#5392=ORIENTED_EDGE('',*,*,#4071,.T.);
#5393=ORIENTED_EDGE('',*,*,#3956,.T.);
#5394=ORIENTED_EDGE('',*,*,#4069,.F.);
#5395=ORIENTED_EDGE('',*,*,#4068,.F.);
#5396=ORIENTED_EDGE('',*,*,#3953,.F.);
#5397=ORIENTED_EDGE('',*,*,#4072,.F.);
#5398=ORIENTED_EDGE('',*,*,#3273,.T.);
#5399=ORIENTED_EDGE('',*,*,#3278,.T.);
#5400=ORIENTED_EDGE('',*,*,#4073,.T.);
#5401=ORIENTED_EDGE('',*,*,#3948,.T.);
#5402=ORIENTED_EDGE('',*,*,#4074,.T.);
#5403=ORIENTED_EDGE('',*,*,#4073,.F.);
#5404=ORIENTED_EDGE('',*,*,#3277,.T.);
#5405=ORIENTED_EDGE('',*,*,#4075,.T.);
#5406=ORIENTED_EDGE('',*,*,#3949,.T.);
#5407=ORIENTED_EDGE('',*,*,#3952,.T.);
#5408=ORIENTED_EDGE('',*,*,#4076,.T.);
#5409=ORIENTED_EDGE('',*,*,#3274,.T.);
#5410=ORIENTED_EDGE('',*,*,#4072,.T.);
#5411=ORIENTED_EDGE('',*,*,#4076,.F.);
#5412=ORIENTED_EDGE('',*,*,#3951,.T.);
#5413=ORIENTED_EDGE('',*,*,#4077,.F.);
#5414=ORIENTED_EDGE('',*,*,#3275,.T.);
#5415=ORIENTED_EDGE('',*,*,#3276,.T.);
#5416=ORIENTED_EDGE('',*,*,#4077,.T.);
#5417=ORIENTED_EDGE('',*,*,#3950,.T.);
#5418=ORIENTED_EDGE('',*,*,#4075,.F.);
#5419=ORIENTED_EDGE('',*,*,#3977,.F.);
#5420=ORIENTED_EDGE('',*,*,#3279,.T.);
#5421=ORIENTED_EDGE('',*,*,#4074,.F.);
#5422=ORIENTED_EDGE('',*,*,#3947,.F.);
#5423=ORIENTED_EDGE('',*,*,#3974,.F.);
#5424=ORIENTED_EDGE('',*,*,#3941,.F.);
#5425=ORIENTED_EDGE('',*,*,#4078,.F.);
#5426=ORIENTED_EDGE('',*,*,#3285,.T.);
#5427=ORIENTED_EDGE('',*,*,#3290,.T.);
#5428=ORIENTED_EDGE('',*,*,#4079,.T.);
#5429=ORIENTED_EDGE('',*,*,#3936,.T.);
#5430=ORIENTED_EDGE('',*,*,#4080,.T.);
#5431=ORIENTED_EDGE('',*,*,#4079,.F.);
#5432=ORIENTED_EDGE('',*,*,#3289,.T.);
#5433=ORIENTED_EDGE('',*,*,#4081,.T.);
#5434=ORIENTED_EDGE('',*,*,#3937,.T.);
#5435=ORIENTED_EDGE('',*,*,#3940,.T.);
#5436=ORIENTED_EDGE('',*,*,#4082,.T.);
#5437=ORIENTED_EDGE('',*,*,#3286,.T.);
#5438=ORIENTED_EDGE('',*,*,#4078,.T.);
#5439=ORIENTED_EDGE('',*,*,#4082,.F.);
#5440=ORIENTED_EDGE('',*,*,#3939,.T.);
#5441=ORIENTED_EDGE('',*,*,#4083,.F.);
#5442=ORIENTED_EDGE('',*,*,#3287,.T.);
#5443=ORIENTED_EDGE('',*,*,#3288,.T.);
#5444=ORIENTED_EDGE('',*,*,#4083,.T.);
#5445=ORIENTED_EDGE('',*,*,#3938,.T.);
#5446=ORIENTED_EDGE('',*,*,#4081,.F.);
#5447=ORIENTED_EDGE('',*,*,#4080,.F.);
#5448=ORIENTED_EDGE('',*,*,#3935,.F.);
#5449=ORIENTED_EDGE('',*,*,#4084,.F.);
#5450=ORIENTED_EDGE('',*,*,#3291,.T.);
#5451=ORIENTED_EDGE('',*,*,#3296,.T.);
#5452=ORIENTED_EDGE('',*,*,#4085,.T.);
#5453=ORIENTED_EDGE('',*,*,#3930,.T.);
#5454=ORIENTED_EDGE('',*,*,#4086,.T.);
#5455=ORIENTED_EDGE('',*,*,#4085,.F.);
#5456=ORIENTED_EDGE('',*,*,#3295,.T.);
#5457=ORIENTED_EDGE('',*,*,#4087,.T.);
#5458=ORIENTED_EDGE('',*,*,#3931,.T.);
#5459=ORIENTED_EDGE('',*,*,#3934,.T.);
#5460=ORIENTED_EDGE('',*,*,#4088,.T.);
#5461=ORIENTED_EDGE('',*,*,#3292,.T.);
#5462=ORIENTED_EDGE('',*,*,#4084,.T.);
#5463=ORIENTED_EDGE('',*,*,#4088,.F.);
#5464=ORIENTED_EDGE('',*,*,#3933,.T.);
#5465=ORIENTED_EDGE('',*,*,#4089,.F.);
#5466=ORIENTED_EDGE('',*,*,#3293,.T.);
#5467=ORIENTED_EDGE('',*,*,#3294,.T.);
#5468=ORIENTED_EDGE('',*,*,#4089,.T.);
#5469=ORIENTED_EDGE('',*,*,#3932,.T.);
#5470=ORIENTED_EDGE('',*,*,#4087,.F.);
#5471=ORIENTED_EDGE('',*,*,#4086,.F.);
#5472=ORIENTED_EDGE('',*,*,#3929,.F.);
#5473=ORIENTED_EDGE('',*,*,#4090,.F.);
#5474=ORIENTED_EDGE('',*,*,#3297,.T.);
#5475=ORIENTED_EDGE('',*,*,#3302,.T.);
#5476=ORIENTED_EDGE('',*,*,#4091,.T.);
#5477=ORIENTED_EDGE('',*,*,#3924,.T.);
#5478=ORIENTED_EDGE('',*,*,#4092,.T.);
#5479=ORIENTED_EDGE('',*,*,#4091,.F.);
#5480=ORIENTED_EDGE('',*,*,#3301,.T.);
#5481=ORIENTED_EDGE('',*,*,#4093,.T.);
#5482=ORIENTED_EDGE('',*,*,#3925,.T.);
#5483=ORIENTED_EDGE('',*,*,#3928,.T.);
#5484=ORIENTED_EDGE('',*,*,#4094,.T.);
#5485=ORIENTED_EDGE('',*,*,#3298,.T.);
#5486=ORIENTED_EDGE('',*,*,#4090,.T.);
#5487=ORIENTED_EDGE('',*,*,#4094,.F.);
#5488=ORIENTED_EDGE('',*,*,#3927,.T.);
#5489=ORIENTED_EDGE('',*,*,#4095,.F.);
#5490=ORIENTED_EDGE('',*,*,#3299,.T.);
#5491=ORIENTED_EDGE('',*,*,#3300,.T.);
#5492=ORIENTED_EDGE('',*,*,#4095,.T.);
#5493=ORIENTED_EDGE('',*,*,#3926,.T.);
#5494=ORIENTED_EDGE('',*,*,#4093,.F.);
#5495=ORIENTED_EDGE('',*,*,#3983,.F.);
#5496=ORIENTED_EDGE('',*,*,#3303,.T.);
#5497=ORIENTED_EDGE('',*,*,#4092,.F.);
#5498=ORIENTED_EDGE('',*,*,#3923,.F.);
#5499=ORIENTED_EDGE('',*,*,#3980,.F.);
#5500=ORIENTED_EDGE('',*,*,#3917,.F.);
#5501=ORIENTED_EDGE('',*,*,#4096,.F.);
#5502=ORIENTED_EDGE('',*,*,#3309,.T.);
#5503=ORIENTED_EDGE('',*,*,#3314,.T.);
#5504=ORIENTED_EDGE('',*,*,#4097,.T.);
#5505=ORIENTED_EDGE('',*,*,#3912,.T.);
#5506=ORIENTED_EDGE('',*,*,#4098,.T.);
#5507=ORIENTED_EDGE('',*,*,#4097,.F.);
#5508=ORIENTED_EDGE('',*,*,#3313,.T.);
#5509=ORIENTED_EDGE('',*,*,#4099,.T.);
#5510=ORIENTED_EDGE('',*,*,#3913,.T.);
#5511=ORIENTED_EDGE('',*,*,#3916,.T.);
#5512=ORIENTED_EDGE('',*,*,#4100,.T.);
#5513=ORIENTED_EDGE('',*,*,#3310,.T.);
#5514=ORIENTED_EDGE('',*,*,#4096,.T.);
#5515=ORIENTED_EDGE('',*,*,#4100,.F.);
#5516=ORIENTED_EDGE('',*,*,#3915,.T.);
#5517=ORIENTED_EDGE('',*,*,#4101,.F.);
#5518=ORIENTED_EDGE('',*,*,#3311,.T.);
#5519=ORIENTED_EDGE('',*,*,#3312,.T.);
#5520=ORIENTED_EDGE('',*,*,#4101,.T.);
#5521=ORIENTED_EDGE('',*,*,#3914,.T.);
#5522=ORIENTED_EDGE('',*,*,#4099,.F.);
#5523=ORIENTED_EDGE('',*,*,#4098,.F.);
#5524=ORIENTED_EDGE('',*,*,#3911,.F.);
#5525=ORIENTED_EDGE('',*,*,#4102,.F.);
#5526=ORIENTED_EDGE('',*,*,#3315,.T.);
#5527=ORIENTED_EDGE('',*,*,#3320,.T.);
#5528=ORIENTED_EDGE('',*,*,#4103,.T.);
#5529=ORIENTED_EDGE('',*,*,#3906,.T.);
#5530=ORIENTED_EDGE('',*,*,#4104,.T.);
#5531=ORIENTED_EDGE('',*,*,#4103,.F.);
#5532=ORIENTED_EDGE('',*,*,#3319,.T.);
#5533=ORIENTED_EDGE('',*,*,#4105,.T.);
#5534=ORIENTED_EDGE('',*,*,#3907,.T.);
#5535=ORIENTED_EDGE('',*,*,#3910,.T.);
#5536=ORIENTED_EDGE('',*,*,#4106,.T.);
#5537=ORIENTED_EDGE('',*,*,#3316,.T.);
#5538=ORIENTED_EDGE('',*,*,#4102,.T.);
#5539=ORIENTED_EDGE('',*,*,#4106,.F.);
#5540=ORIENTED_EDGE('',*,*,#3909,.T.);
#5541=ORIENTED_EDGE('',*,*,#4107,.F.);
#5542=ORIENTED_EDGE('',*,*,#3317,.T.);
#5543=ORIENTED_EDGE('',*,*,#3318,.T.);
#5544=ORIENTED_EDGE('',*,*,#4107,.T.);
#5545=ORIENTED_EDGE('',*,*,#3908,.T.);
#5546=ORIENTED_EDGE('',*,*,#4105,.F.);
#5547=ORIENTED_EDGE('',*,*,#4104,.F.);
#5548=ORIENTED_EDGE('',*,*,#3905,.F.);
#5549=ORIENTED_EDGE('',*,*,#4108,.F.);
#5550=ORIENTED_EDGE('',*,*,#3321,.T.);
#5551=ORIENTED_EDGE('',*,*,#3326,.T.);
#5552=ORIENTED_EDGE('',*,*,#4109,.T.);
#5553=ORIENTED_EDGE('',*,*,#3900,.T.);
#5554=ORIENTED_EDGE('',*,*,#4110,.T.);
#5555=ORIENTED_EDGE('',*,*,#4109,.F.);
#5556=ORIENTED_EDGE('',*,*,#3325,.T.);
#5557=ORIENTED_EDGE('',*,*,#4111,.T.);
#5558=ORIENTED_EDGE('',*,*,#3901,.T.);
#5559=ORIENTED_EDGE('',*,*,#3904,.T.);
#5560=ORIENTED_EDGE('',*,*,#4112,.T.);
#5561=ORIENTED_EDGE('',*,*,#3322,.T.);
#5562=ORIENTED_EDGE('',*,*,#4108,.T.);
#5563=ORIENTED_EDGE('',*,*,#4112,.F.);
#5564=ORIENTED_EDGE('',*,*,#3903,.T.);
#5565=ORIENTED_EDGE('',*,*,#4113,.F.);
#5566=ORIENTED_EDGE('',*,*,#3323,.T.);
#5567=ORIENTED_EDGE('',*,*,#3324,.T.);
#5568=ORIENTED_EDGE('',*,*,#4113,.T.);
#5569=ORIENTED_EDGE('',*,*,#3902,.T.);
#5570=ORIENTED_EDGE('',*,*,#4111,.F.);
#5571=ORIENTED_EDGE('',*,*,#3989,.F.);
#5572=ORIENTED_EDGE('',*,*,#3327,.T.);
#5573=ORIENTED_EDGE('',*,*,#4110,.F.);
#5574=ORIENTED_EDGE('',*,*,#3899,.F.);
#5575=ORIENTED_EDGE('',*,*,#3986,.F.);
#5576=ORIENTED_EDGE('',*,*,#3893,.F.);
#5577=ORIENTED_EDGE('',*,*,#4114,.F.);
#5578=ORIENTED_EDGE('',*,*,#3333,.T.);
#5579=ORIENTED_EDGE('',*,*,#3338,.T.);
#5580=ORIENTED_EDGE('',*,*,#4115,.T.);
#5581=ORIENTED_EDGE('',*,*,#3888,.T.);
#5582=ORIENTED_EDGE('',*,*,#4116,.T.);
#5583=ORIENTED_EDGE('',*,*,#4115,.F.);
#5584=ORIENTED_EDGE('',*,*,#3337,.T.);
#5585=ORIENTED_EDGE('',*,*,#4117,.T.);
#5586=ORIENTED_EDGE('',*,*,#3889,.T.);
#5587=ORIENTED_EDGE('',*,*,#3892,.T.);
#5588=ORIENTED_EDGE('',*,*,#4118,.T.);
#5589=ORIENTED_EDGE('',*,*,#3334,.T.);
#5590=ORIENTED_EDGE('',*,*,#4114,.T.);
#5591=ORIENTED_EDGE('',*,*,#4118,.F.);
#5592=ORIENTED_EDGE('',*,*,#3891,.T.);
#5593=ORIENTED_EDGE('',*,*,#4119,.F.);
#5594=ORIENTED_EDGE('',*,*,#3335,.T.);
#5595=ORIENTED_EDGE('',*,*,#3336,.T.);
#5596=ORIENTED_EDGE('',*,*,#4119,.T.);
#5597=ORIENTED_EDGE('',*,*,#3890,.T.);
#5598=ORIENTED_EDGE('',*,*,#4117,.F.);
#5599=ORIENTED_EDGE('',*,*,#4116,.F.);
#5600=ORIENTED_EDGE('',*,*,#3887,.F.);
#5601=ORIENTED_EDGE('',*,*,#4120,.F.);
#5602=ORIENTED_EDGE('',*,*,#3339,.T.);
#5603=ORIENTED_EDGE('',*,*,#3344,.T.);
#5604=ORIENTED_EDGE('',*,*,#4121,.T.);
#5605=ORIENTED_EDGE('',*,*,#3882,.T.);
#5606=ORIENTED_EDGE('',*,*,#4122,.T.);
#5607=ORIENTED_EDGE('',*,*,#4121,.F.);
#5608=ORIENTED_EDGE('',*,*,#3343,.T.);
#5609=ORIENTED_EDGE('',*,*,#4123,.T.);
#5610=ORIENTED_EDGE('',*,*,#3883,.T.);
#5611=ORIENTED_EDGE('',*,*,#3886,.T.);
#5612=ORIENTED_EDGE('',*,*,#4124,.T.);
#5613=ORIENTED_EDGE('',*,*,#3340,.T.);
#5614=ORIENTED_EDGE('',*,*,#4120,.T.);
#5615=ORIENTED_EDGE('',*,*,#4124,.F.);
#5616=ORIENTED_EDGE('',*,*,#3885,.T.);
#5617=ORIENTED_EDGE('',*,*,#4125,.F.);
#5618=ORIENTED_EDGE('',*,*,#3341,.T.);
#5619=ORIENTED_EDGE('',*,*,#3342,.T.);
#5620=ORIENTED_EDGE('',*,*,#4125,.T.);
#5621=ORIENTED_EDGE('',*,*,#3884,.T.);
#5622=ORIENTED_EDGE('',*,*,#4123,.F.);
#5623=ORIENTED_EDGE('',*,*,#4122,.F.);
#5624=ORIENTED_EDGE('',*,*,#3881,.F.);
#5625=ORIENTED_EDGE('',*,*,#4126,.F.);
#5626=ORIENTED_EDGE('',*,*,#3345,.T.);
#5627=ORIENTED_EDGE('',*,*,#3350,.T.);
#5628=ORIENTED_EDGE('',*,*,#4127,.T.);
#5629=ORIENTED_EDGE('',*,*,#3876,.T.);
#5630=ORIENTED_EDGE('',*,*,#4128,.T.);
#5631=ORIENTED_EDGE('',*,*,#4127,.F.);
#5632=ORIENTED_EDGE('',*,*,#3349,.T.);
#5633=ORIENTED_EDGE('',*,*,#4129,.T.);
#5634=ORIENTED_EDGE('',*,*,#3877,.T.);
#5635=ORIENTED_EDGE('',*,*,#3880,.T.);
#5636=ORIENTED_EDGE('',*,*,#4130,.T.);
#5637=ORIENTED_EDGE('',*,*,#3346,.T.);
#5638=ORIENTED_EDGE('',*,*,#4126,.T.);
#5639=ORIENTED_EDGE('',*,*,#4130,.F.);
#5640=ORIENTED_EDGE('',*,*,#3879,.T.);
#5641=ORIENTED_EDGE('',*,*,#4131,.F.);
#5642=ORIENTED_EDGE('',*,*,#3347,.T.);
#5643=ORIENTED_EDGE('',*,*,#3348,.T.);
#5644=ORIENTED_EDGE('',*,*,#4131,.T.);
#5645=ORIENTED_EDGE('',*,*,#3878,.T.);
#5646=ORIENTED_EDGE('',*,*,#4129,.F.);
#5647=ORIENTED_EDGE('',*,*,#3995,.F.);
#5648=ORIENTED_EDGE('',*,*,#3351,.T.);
#5649=ORIENTED_EDGE('',*,*,#4128,.F.);
#5650=ORIENTED_EDGE('',*,*,#3875,.F.);
#5651=ORIENTED_EDGE('',*,*,#3992,.F.);
#5652=ORIENTED_EDGE('',*,*,#3869,.F.);
#5653=ORIENTED_EDGE('',*,*,#4132,.F.);
#5654=ORIENTED_EDGE('',*,*,#3357,.T.);
#5655=ORIENTED_EDGE('',*,*,#3362,.T.);
#5656=ORIENTED_EDGE('',*,*,#4133,.T.);
#5657=ORIENTED_EDGE('',*,*,#3864,.T.);
#5658=ORIENTED_EDGE('',*,*,#4134,.T.);
#5659=ORIENTED_EDGE('',*,*,#4133,.F.);
#5660=ORIENTED_EDGE('',*,*,#3361,.T.);
#5661=ORIENTED_EDGE('',*,*,#4135,.T.);
#5662=ORIENTED_EDGE('',*,*,#3865,.T.);
#5663=ORIENTED_EDGE('',*,*,#3868,.T.);
#5664=ORIENTED_EDGE('',*,*,#4136,.T.);
#5665=ORIENTED_EDGE('',*,*,#3358,.T.);
#5666=ORIENTED_EDGE('',*,*,#4132,.T.);
#5667=ORIENTED_EDGE('',*,*,#4136,.F.);
#5668=ORIENTED_EDGE('',*,*,#3867,.T.);
#5669=ORIENTED_EDGE('',*,*,#4137,.F.);
#5670=ORIENTED_EDGE('',*,*,#3359,.T.);
#5671=ORIENTED_EDGE('',*,*,#3360,.T.);
#5672=ORIENTED_EDGE('',*,*,#4137,.T.);
#5673=ORIENTED_EDGE('',*,*,#3866,.T.);
#5674=ORIENTED_EDGE('',*,*,#4135,.F.);
#5675=ORIENTED_EDGE('',*,*,#4134,.F.);
#5676=ORIENTED_EDGE('',*,*,#3863,.F.);
#5677=ORIENTED_EDGE('',*,*,#4138,.F.);
#5678=ORIENTED_EDGE('',*,*,#3363,.T.);
#5679=ORIENTED_EDGE('',*,*,#3368,.T.);
#5680=ORIENTED_EDGE('',*,*,#4139,.T.);
#5681=ORIENTED_EDGE('',*,*,#3858,.T.);
#5682=ORIENTED_EDGE('',*,*,#4140,.T.);
#5683=ORIENTED_EDGE('',*,*,#4139,.F.);
#5684=ORIENTED_EDGE('',*,*,#3367,.T.);
#5685=ORIENTED_EDGE('',*,*,#4141,.T.);
#5686=ORIENTED_EDGE('',*,*,#3859,.T.);
#5687=ORIENTED_EDGE('',*,*,#3862,.T.);
#5688=ORIENTED_EDGE('',*,*,#4142,.T.);
#5689=ORIENTED_EDGE('',*,*,#3364,.T.);
#5690=ORIENTED_EDGE('',*,*,#4138,.T.);
#5691=ORIENTED_EDGE('',*,*,#4142,.F.);
#5692=ORIENTED_EDGE('',*,*,#3861,.T.);
#5693=ORIENTED_EDGE('',*,*,#4143,.F.);
#5694=ORIENTED_EDGE('',*,*,#3365,.T.);
#5695=ORIENTED_EDGE('',*,*,#3366,.T.);
#5696=ORIENTED_EDGE('',*,*,#4143,.T.);
#5697=ORIENTED_EDGE('',*,*,#3860,.T.);
#5698=ORIENTED_EDGE('',*,*,#4141,.F.);
#5699=ORIENTED_EDGE('',*,*,#4140,.F.);
#5700=ORIENTED_EDGE('',*,*,#3857,.F.);
#5701=ORIENTED_EDGE('',*,*,#4144,.F.);
#5702=ORIENTED_EDGE('',*,*,#3369,.T.);
#5703=ORIENTED_EDGE('',*,*,#3374,.T.);
#5704=ORIENTED_EDGE('',*,*,#4145,.T.);
#5705=ORIENTED_EDGE('',*,*,#3852,.T.);
#5706=ORIENTED_EDGE('',*,*,#4146,.T.);
#5707=ORIENTED_EDGE('',*,*,#4145,.F.);
#5708=ORIENTED_EDGE('',*,*,#3373,.T.);
#5709=ORIENTED_EDGE('',*,*,#4147,.T.);
#5710=ORIENTED_EDGE('',*,*,#3853,.T.);
#5711=ORIENTED_EDGE('',*,*,#3856,.T.);
#5712=ORIENTED_EDGE('',*,*,#4148,.T.);
#5713=ORIENTED_EDGE('',*,*,#3370,.T.);
#5714=ORIENTED_EDGE('',*,*,#4144,.T.);
#5715=ORIENTED_EDGE('',*,*,#4148,.F.);
#5716=ORIENTED_EDGE('',*,*,#3855,.T.);
#5717=ORIENTED_EDGE('',*,*,#4149,.F.);
#5718=ORIENTED_EDGE('',*,*,#3371,.T.);
#5719=ORIENTED_EDGE('',*,*,#3372,.T.);
#5720=ORIENTED_EDGE('',*,*,#4149,.T.);
#5721=ORIENTED_EDGE('',*,*,#3854,.T.);
#5722=ORIENTED_EDGE('',*,*,#4147,.F.);
#5723=ORIENTED_EDGE('',*,*,#4001,.F.);
#5724=ORIENTED_EDGE('',*,*,#3375,.T.);
#5725=ORIENTED_EDGE('',*,*,#4146,.F.);
#5726=ORIENTED_EDGE('',*,*,#3851,.F.);
#5727=ORIENTED_EDGE('',*,*,#3998,.F.);
#5728=ORIENTED_EDGE('',*,*,#3845,.F.);
#5729=ORIENTED_EDGE('',*,*,#4150,.F.);
#5730=ORIENTED_EDGE('',*,*,#3381,.T.);
#5731=ORIENTED_EDGE('',*,*,#3386,.T.);
#5732=ORIENTED_EDGE('',*,*,#4151,.T.);
#5733=ORIENTED_EDGE('',*,*,#3840,.T.);
#5734=ORIENTED_EDGE('',*,*,#4152,.T.);
#5735=ORIENTED_EDGE('',*,*,#4151,.F.);
#5736=ORIENTED_EDGE('',*,*,#3385,.T.);
#5737=ORIENTED_EDGE('',*,*,#4153,.T.);
#5738=ORIENTED_EDGE('',*,*,#3841,.T.);
#5739=ORIENTED_EDGE('',*,*,#3844,.T.);
#5740=ORIENTED_EDGE('',*,*,#4154,.T.);
#5741=ORIENTED_EDGE('',*,*,#3382,.T.);
#5742=ORIENTED_EDGE('',*,*,#4150,.T.);
#5743=ORIENTED_EDGE('',*,*,#4154,.F.);
#5744=ORIENTED_EDGE('',*,*,#3843,.T.);
#5745=ORIENTED_EDGE('',*,*,#4155,.F.);
#5746=ORIENTED_EDGE('',*,*,#3383,.T.);
#5747=ORIENTED_EDGE('',*,*,#3384,.T.);
#5748=ORIENTED_EDGE('',*,*,#4155,.T.);
#5749=ORIENTED_EDGE('',*,*,#3842,.T.);
#5750=ORIENTED_EDGE('',*,*,#4153,.F.);
#5751=ORIENTED_EDGE('',*,*,#4152,.F.);
#5752=ORIENTED_EDGE('',*,*,#3839,.F.);
#5753=ORIENTED_EDGE('',*,*,#4156,.F.);
#5754=ORIENTED_EDGE('',*,*,#3387,.T.);
#5755=ORIENTED_EDGE('',*,*,#3392,.T.);
#5756=ORIENTED_EDGE('',*,*,#4157,.T.);
#5757=ORIENTED_EDGE('',*,*,#3834,.T.);
#5758=ORIENTED_EDGE('',*,*,#4158,.T.);
#5759=ORIENTED_EDGE('',*,*,#4157,.F.);
#5760=ORIENTED_EDGE('',*,*,#3391,.T.);
#5761=ORIENTED_EDGE('',*,*,#4159,.T.);
#5762=ORIENTED_EDGE('',*,*,#3835,.T.);
#5763=ORIENTED_EDGE('',*,*,#3838,.T.);
#5764=ORIENTED_EDGE('',*,*,#4160,.T.);
#5765=ORIENTED_EDGE('',*,*,#3388,.T.);
#5766=ORIENTED_EDGE('',*,*,#4156,.T.);
#5767=ORIENTED_EDGE('',*,*,#4160,.F.);
#5768=ORIENTED_EDGE('',*,*,#3837,.T.);
#5769=ORIENTED_EDGE('',*,*,#4161,.F.);
#5770=ORIENTED_EDGE('',*,*,#3389,.T.);
#5771=ORIENTED_EDGE('',*,*,#3390,.T.);
#5772=ORIENTED_EDGE('',*,*,#4161,.T.);
#5773=ORIENTED_EDGE('',*,*,#3836,.T.);
#5774=ORIENTED_EDGE('',*,*,#4159,.F.);
#5775=ORIENTED_EDGE('',*,*,#4158,.F.);
#5776=ORIENTED_EDGE('',*,*,#3833,.F.);
#5777=ORIENTED_EDGE('',*,*,#4162,.F.);
#5778=ORIENTED_EDGE('',*,*,#3393,.T.);
#5779=ORIENTED_EDGE('',*,*,#3398,.T.);
#5780=ORIENTED_EDGE('',*,*,#4163,.T.);
#5781=ORIENTED_EDGE('',*,*,#3828,.T.);
#5782=ORIENTED_EDGE('',*,*,#4164,.T.);
#5783=ORIENTED_EDGE('',*,*,#4163,.F.);
#5784=ORIENTED_EDGE('',*,*,#3397,.T.);
#5785=ORIENTED_EDGE('',*,*,#4165,.T.);
#5786=ORIENTED_EDGE('',*,*,#3829,.T.);
#5787=ORIENTED_EDGE('',*,*,#3832,.T.);
#5788=ORIENTED_EDGE('',*,*,#4166,.T.);
#5789=ORIENTED_EDGE('',*,*,#3394,.T.);
#5790=ORIENTED_EDGE('',*,*,#4162,.T.);
#5791=ORIENTED_EDGE('',*,*,#4166,.F.);
#5792=ORIENTED_EDGE('',*,*,#3831,.T.);
#5793=ORIENTED_EDGE('',*,*,#4167,.F.);
#5794=ORIENTED_EDGE('',*,*,#3395,.T.);
#5795=ORIENTED_EDGE('',*,*,#3396,.T.);
#5796=ORIENTED_EDGE('',*,*,#4167,.T.);
#5797=ORIENTED_EDGE('',*,*,#3830,.T.);
#5798=ORIENTED_EDGE('',*,*,#4165,.F.);
#5799=ORIENTED_EDGE('',*,*,#4007,.F.);
#5800=ORIENTED_EDGE('',*,*,#3399,.T.);
#5801=ORIENTED_EDGE('',*,*,#4164,.F.);
#5802=ORIENTED_EDGE('',*,*,#3827,.F.);
#5803=ORIENTED_EDGE('',*,*,#4004,.F.);
#5804=ORIENTED_EDGE('',*,*,#3821,.F.);
#5805=ORIENTED_EDGE('',*,*,#4168,.F.);
#5806=ORIENTED_EDGE('',*,*,#3405,.T.);
#5807=ORIENTED_EDGE('',*,*,#3410,.T.);
#5808=ORIENTED_EDGE('',*,*,#4169,.T.);
#5809=ORIENTED_EDGE('',*,*,#3816,.T.);
#5810=ORIENTED_EDGE('',*,*,#4170,.T.);
#5811=ORIENTED_EDGE('',*,*,#4169,.F.);
#5812=ORIENTED_EDGE('',*,*,#3409,.T.);
#5813=ORIENTED_EDGE('',*,*,#4171,.T.);
#5814=ORIENTED_EDGE('',*,*,#3817,.T.);
#5815=ORIENTED_EDGE('',*,*,#3820,.T.);
#5816=ORIENTED_EDGE('',*,*,#4172,.T.);
#5817=ORIENTED_EDGE('',*,*,#3406,.T.);
#5818=ORIENTED_EDGE('',*,*,#4168,.T.);
#5819=ORIENTED_EDGE('',*,*,#4172,.F.);
#5820=ORIENTED_EDGE('',*,*,#3819,.T.);
#5821=ORIENTED_EDGE('',*,*,#4173,.F.);
#5822=ORIENTED_EDGE('',*,*,#3407,.T.);
#5823=ORIENTED_EDGE('',*,*,#3408,.T.);
#5824=ORIENTED_EDGE('',*,*,#4173,.T.);
#5825=ORIENTED_EDGE('',*,*,#3818,.T.);
#5826=ORIENTED_EDGE('',*,*,#4171,.F.);
#5827=ORIENTED_EDGE('',*,*,#4170,.F.);
#5828=ORIENTED_EDGE('',*,*,#3815,.F.);
#5829=ORIENTED_EDGE('',*,*,#4174,.F.);
#5830=ORIENTED_EDGE('',*,*,#3411,.T.);
#5831=ORIENTED_EDGE('',*,*,#3416,.T.);
#5832=ORIENTED_EDGE('',*,*,#4175,.T.);
#5833=ORIENTED_EDGE('',*,*,#3810,.T.);
#5834=ORIENTED_EDGE('',*,*,#4176,.T.);
#5835=ORIENTED_EDGE('',*,*,#4175,.F.);
#5836=ORIENTED_EDGE('',*,*,#3415,.T.);
#5837=ORIENTED_EDGE('',*,*,#4177,.T.);
#5838=ORIENTED_EDGE('',*,*,#3811,.T.);
#5839=ORIENTED_EDGE('',*,*,#3814,.T.);
#5840=ORIENTED_EDGE('',*,*,#4178,.T.);
#5841=ORIENTED_EDGE('',*,*,#3412,.T.);
#5842=ORIENTED_EDGE('',*,*,#4174,.T.);
#5843=ORIENTED_EDGE('',*,*,#4178,.F.);
#5844=ORIENTED_EDGE('',*,*,#3813,.T.);
#5845=ORIENTED_EDGE('',*,*,#4179,.F.);
#5846=ORIENTED_EDGE('',*,*,#3413,.T.);
#5847=ORIENTED_EDGE('',*,*,#3414,.T.);
#5848=ORIENTED_EDGE('',*,*,#4179,.T.);
#5849=ORIENTED_EDGE('',*,*,#3812,.T.);
#5850=ORIENTED_EDGE('',*,*,#4177,.F.);
#5851=ORIENTED_EDGE('',*,*,#4176,.F.);
#5852=ORIENTED_EDGE('',*,*,#3809,.F.);
#5853=ORIENTED_EDGE('',*,*,#4180,.F.);
#5854=ORIENTED_EDGE('',*,*,#3417,.T.);
#5855=ORIENTED_EDGE('',*,*,#3422,.T.);
#5856=ORIENTED_EDGE('',*,*,#4181,.T.);
#5857=ORIENTED_EDGE('',*,*,#3804,.T.);
#5858=ORIENTED_EDGE('',*,*,#4182,.T.);
#5859=ORIENTED_EDGE('',*,*,#4181,.F.);
#5860=ORIENTED_EDGE('',*,*,#3421,.T.);
#5861=ORIENTED_EDGE('',*,*,#4183,.T.);
#5862=ORIENTED_EDGE('',*,*,#3805,.T.);
#5863=ORIENTED_EDGE('',*,*,#3808,.T.);
#5864=ORIENTED_EDGE('',*,*,#4184,.T.);
#5865=ORIENTED_EDGE('',*,*,#3418,.T.);
#5866=ORIENTED_EDGE('',*,*,#4180,.T.);
#5867=ORIENTED_EDGE('',*,*,#4184,.F.);
#5868=ORIENTED_EDGE('',*,*,#3807,.T.);
#5869=ORIENTED_EDGE('',*,*,#4185,.F.);
#5870=ORIENTED_EDGE('',*,*,#3419,.T.);
#5871=ORIENTED_EDGE('',*,*,#3420,.T.);
#5872=ORIENTED_EDGE('',*,*,#4185,.T.);
#5873=ORIENTED_EDGE('',*,*,#3806,.T.);
#5874=ORIENTED_EDGE('',*,*,#4183,.F.);
#5875=ORIENTED_EDGE('',*,*,#4013,.F.);
#5876=ORIENTED_EDGE('',*,*,#3423,.T.);
#5877=ORIENTED_EDGE('',*,*,#4182,.F.);
#5878=ORIENTED_EDGE('',*,*,#3803,.F.);
#5879=ORIENTED_EDGE('',*,*,#4010,.F.);
#5880=ORIENTED_EDGE('',*,*,#3797,.F.);
#5881=ORIENTED_EDGE('',*,*,#4186,.F.);
#5882=ORIENTED_EDGE('',*,*,#3429,.T.);
#5883=ORIENTED_EDGE('',*,*,#3434,.T.);
#5884=ORIENTED_EDGE('',*,*,#4187,.T.);
#5885=ORIENTED_EDGE('',*,*,#3792,.T.);
#5886=ORIENTED_EDGE('',*,*,#4188,.T.);
#5887=ORIENTED_EDGE('',*,*,#4187,.F.);
#5888=ORIENTED_EDGE('',*,*,#3433,.T.);
#5889=ORIENTED_EDGE('',*,*,#4189,.T.);
#5890=ORIENTED_EDGE('',*,*,#3793,.T.);
#5891=ORIENTED_EDGE('',*,*,#3796,.T.);
#5892=ORIENTED_EDGE('',*,*,#4190,.T.);
#5893=ORIENTED_EDGE('',*,*,#3430,.T.);
#5894=ORIENTED_EDGE('',*,*,#4186,.T.);
#5895=ORIENTED_EDGE('',*,*,#4190,.F.);
#5896=ORIENTED_EDGE('',*,*,#3795,.T.);
#5897=ORIENTED_EDGE('',*,*,#4191,.F.);
#5898=ORIENTED_EDGE('',*,*,#3431,.T.);
#5899=ORIENTED_EDGE('',*,*,#3432,.T.);
#5900=ORIENTED_EDGE('',*,*,#4191,.T.);
#5901=ORIENTED_EDGE('',*,*,#3794,.T.);
#5902=ORIENTED_EDGE('',*,*,#4189,.F.);
#5903=ORIENTED_EDGE('',*,*,#4188,.F.);
#5904=ORIENTED_EDGE('',*,*,#3791,.F.);
#5905=ORIENTED_EDGE('',*,*,#4192,.F.);
#5906=ORIENTED_EDGE('',*,*,#3435,.T.);
#5907=ORIENTED_EDGE('',*,*,#3440,.T.);
#5908=ORIENTED_EDGE('',*,*,#4193,.T.);
#5909=ORIENTED_EDGE('',*,*,#3786,.T.);
#5910=ORIENTED_EDGE('',*,*,#4194,.T.);
#5911=ORIENTED_EDGE('',*,*,#4193,.F.);
#5912=ORIENTED_EDGE('',*,*,#3439,.T.);
#5913=ORIENTED_EDGE('',*,*,#4195,.T.);
#5914=ORIENTED_EDGE('',*,*,#3787,.T.);
#5915=ORIENTED_EDGE('',*,*,#3790,.T.);
#5916=ORIENTED_EDGE('',*,*,#4196,.T.);
#5917=ORIENTED_EDGE('',*,*,#3436,.T.);
#5918=ORIENTED_EDGE('',*,*,#4192,.T.);
#5919=ORIENTED_EDGE('',*,*,#4196,.F.);
#5920=ORIENTED_EDGE('',*,*,#3789,.T.);
#5921=ORIENTED_EDGE('',*,*,#4197,.F.);
#5922=ORIENTED_EDGE('',*,*,#3437,.T.);
#5923=ORIENTED_EDGE('',*,*,#3438,.T.);
#5924=ORIENTED_EDGE('',*,*,#4197,.T.);
#5925=ORIENTED_EDGE('',*,*,#3788,.T.);
#5926=ORIENTED_EDGE('',*,*,#4195,.F.);
#5927=ORIENTED_EDGE('',*,*,#4194,.F.);
#5928=ORIENTED_EDGE('',*,*,#3785,.F.);
#5929=ORIENTED_EDGE('',*,*,#4198,.F.);
#5930=ORIENTED_EDGE('',*,*,#3441,.T.);
#5931=ORIENTED_EDGE('',*,*,#3446,.T.);
#5932=ORIENTED_EDGE('',*,*,#4199,.T.);
#5933=ORIENTED_EDGE('',*,*,#3780,.T.);
#5934=ORIENTED_EDGE('',*,*,#4200,.T.);
#5935=ORIENTED_EDGE('',*,*,#4199,.F.);
#5936=ORIENTED_EDGE('',*,*,#3445,.T.);
#5937=ORIENTED_EDGE('',*,*,#4201,.T.);
#5938=ORIENTED_EDGE('',*,*,#3781,.T.);
#5939=ORIENTED_EDGE('',*,*,#3784,.T.);
#5940=ORIENTED_EDGE('',*,*,#4202,.T.);
#5941=ORIENTED_EDGE('',*,*,#3442,.T.);
#5942=ORIENTED_EDGE('',*,*,#4198,.T.);
#5943=ORIENTED_EDGE('',*,*,#4202,.F.);
#5944=ORIENTED_EDGE('',*,*,#3783,.T.);
#5945=ORIENTED_EDGE('',*,*,#4203,.F.);
#5946=ORIENTED_EDGE('',*,*,#3443,.T.);
#5947=ORIENTED_EDGE('',*,*,#3444,.T.);
#5948=ORIENTED_EDGE('',*,*,#4203,.T.);
#5949=ORIENTED_EDGE('',*,*,#3782,.T.);
#5950=ORIENTED_EDGE('',*,*,#4201,.F.);
#5951=ORIENTED_EDGE('',*,*,#4019,.F.);
#5952=ORIENTED_EDGE('',*,*,#3447,.T.);
#5953=ORIENTED_EDGE('',*,*,#4200,.F.);
#5954=ORIENTED_EDGE('',*,*,#3779,.F.);
#5955=ORIENTED_EDGE('',*,*,#4016,.F.);
#5956=ORIENTED_EDGE('',*,*,#3773,.F.);
#5957=ORIENTED_EDGE('',*,*,#4204,.F.);
#5958=ORIENTED_EDGE('',*,*,#3453,.T.);
#5959=ORIENTED_EDGE('',*,*,#3458,.T.);
#5960=ORIENTED_EDGE('',*,*,#4205,.T.);
#5961=ORIENTED_EDGE('',*,*,#3768,.T.);
#5962=ORIENTED_EDGE('',*,*,#4206,.T.);
#5963=ORIENTED_EDGE('',*,*,#4205,.F.);
#5964=ORIENTED_EDGE('',*,*,#3457,.T.);
#5965=ORIENTED_EDGE('',*,*,#4207,.T.);
#5966=ORIENTED_EDGE('',*,*,#3769,.T.);
#5967=ORIENTED_EDGE('',*,*,#3772,.T.);
#5968=ORIENTED_EDGE('',*,*,#4208,.T.);
#5969=ORIENTED_EDGE('',*,*,#3454,.T.);
#5970=ORIENTED_EDGE('',*,*,#4204,.T.);
#5971=ORIENTED_EDGE('',*,*,#4208,.F.);
#5972=ORIENTED_EDGE('',*,*,#3771,.T.);
#5973=ORIENTED_EDGE('',*,*,#4209,.F.);
#5974=ORIENTED_EDGE('',*,*,#3455,.T.);
#5975=ORIENTED_EDGE('',*,*,#3456,.T.);
#5976=ORIENTED_EDGE('',*,*,#4209,.T.);
#5977=ORIENTED_EDGE('',*,*,#3770,.T.);
#5978=ORIENTED_EDGE('',*,*,#4207,.F.);
#5979=ORIENTED_EDGE('',*,*,#4206,.F.);
#5980=ORIENTED_EDGE('',*,*,#3767,.F.);
#5981=ORIENTED_EDGE('',*,*,#4210,.F.);
#5982=ORIENTED_EDGE('',*,*,#3459,.T.);
#5983=ORIENTED_EDGE('',*,*,#3464,.T.);
#5984=ORIENTED_EDGE('',*,*,#4211,.T.);
#5985=ORIENTED_EDGE('',*,*,#3762,.T.);
#5986=ORIENTED_EDGE('',*,*,#4212,.T.);
#5987=ORIENTED_EDGE('',*,*,#4211,.F.);
#5988=ORIENTED_EDGE('',*,*,#3463,.T.);
#5989=ORIENTED_EDGE('',*,*,#4213,.T.);
#5990=ORIENTED_EDGE('',*,*,#3763,.T.);
#5991=ORIENTED_EDGE('',*,*,#3766,.T.);
#5992=ORIENTED_EDGE('',*,*,#4214,.T.);
#5993=ORIENTED_EDGE('',*,*,#3460,.T.);
#5994=ORIENTED_EDGE('',*,*,#4210,.T.);
#5995=ORIENTED_EDGE('',*,*,#4214,.F.);
#5996=ORIENTED_EDGE('',*,*,#3765,.T.);
#5997=ORIENTED_EDGE('',*,*,#4215,.F.);
#5998=ORIENTED_EDGE('',*,*,#3461,.T.);
#5999=ORIENTED_EDGE('',*,*,#3462,.T.);
#6000=ORIENTED_EDGE('',*,*,#4215,.T.);
#6001=ORIENTED_EDGE('',*,*,#3764,.T.);
#6002=ORIENTED_EDGE('',*,*,#4213,.F.);
#6003=ORIENTED_EDGE('',*,*,#4212,.F.);
#6004=ORIENTED_EDGE('',*,*,#3761,.F.);
#6005=ORIENTED_EDGE('',*,*,#4216,.F.);
#6006=ORIENTED_EDGE('',*,*,#3465,.T.);
#6007=ORIENTED_EDGE('',*,*,#3470,.T.);
#6008=ORIENTED_EDGE('',*,*,#4217,.T.);
#6009=ORIENTED_EDGE('',*,*,#3756,.T.);
#6010=ORIENTED_EDGE('',*,*,#4218,.T.);
#6011=ORIENTED_EDGE('',*,*,#4217,.F.);
#6012=ORIENTED_EDGE('',*,*,#3469,.T.);
#6013=ORIENTED_EDGE('',*,*,#4219,.T.);
#6014=ORIENTED_EDGE('',*,*,#3757,.T.);
#6015=ORIENTED_EDGE('',*,*,#3760,.T.);
#6016=ORIENTED_EDGE('',*,*,#4220,.T.);
#6017=ORIENTED_EDGE('',*,*,#3466,.T.);
#6018=ORIENTED_EDGE('',*,*,#4216,.T.);
#6019=ORIENTED_EDGE('',*,*,#4220,.F.);
#6020=ORIENTED_EDGE('',*,*,#3759,.T.);
#6021=ORIENTED_EDGE('',*,*,#4221,.F.);
#6022=ORIENTED_EDGE('',*,*,#3467,.T.);
#6023=ORIENTED_EDGE('',*,*,#3468,.T.);
#6024=ORIENTED_EDGE('',*,*,#4221,.T.);
#6025=ORIENTED_EDGE('',*,*,#3758,.T.);
#6026=ORIENTED_EDGE('',*,*,#4219,.F.);
#6027=ORIENTED_EDGE('',*,*,#4025,.F.);
#6028=ORIENTED_EDGE('',*,*,#3471,.T.);
#6029=ORIENTED_EDGE('',*,*,#4218,.F.);
#6030=ORIENTED_EDGE('',*,*,#3755,.F.);
#6031=ORIENTED_EDGE('',*,*,#4022,.F.);
#6032=ORIENTED_EDGE('',*,*,#3749,.F.);
#6033=ORIENTED_EDGE('',*,*,#4222,.F.);
#6034=ORIENTED_EDGE('',*,*,#3477,.T.);
#6035=ORIENTED_EDGE('',*,*,#3482,.T.);
#6036=ORIENTED_EDGE('',*,*,#4223,.T.);
#6037=ORIENTED_EDGE('',*,*,#3744,.T.);
#6038=ORIENTED_EDGE('',*,*,#4224,.T.);
#6039=ORIENTED_EDGE('',*,*,#4223,.F.);
#6040=ORIENTED_EDGE('',*,*,#3481,.T.);
#6041=ORIENTED_EDGE('',*,*,#4225,.T.);
#6042=ORIENTED_EDGE('',*,*,#3745,.T.);
#6043=ORIENTED_EDGE('',*,*,#3748,.T.);
#6044=ORIENTED_EDGE('',*,*,#4226,.T.);
#6045=ORIENTED_EDGE('',*,*,#3478,.T.);
#6046=ORIENTED_EDGE('',*,*,#4222,.T.);
#6047=ORIENTED_EDGE('',*,*,#4226,.F.);
#6048=ORIENTED_EDGE('',*,*,#3747,.T.);
#6049=ORIENTED_EDGE('',*,*,#4227,.F.);
#6050=ORIENTED_EDGE('',*,*,#3479,.T.);
#6051=ORIENTED_EDGE('',*,*,#3480,.T.);
#6052=ORIENTED_EDGE('',*,*,#4227,.T.);
#6053=ORIENTED_EDGE('',*,*,#3746,.T.);
#6054=ORIENTED_EDGE('',*,*,#4225,.F.);
#6055=ORIENTED_EDGE('',*,*,#4224,.F.);
#6056=ORIENTED_EDGE('',*,*,#3743,.F.);
#6057=ORIENTED_EDGE('',*,*,#4228,.F.);
#6058=ORIENTED_EDGE('',*,*,#3483,.T.);
#6059=ORIENTED_EDGE('',*,*,#3488,.T.);
#6060=ORIENTED_EDGE('',*,*,#4229,.T.);
#6061=ORIENTED_EDGE('',*,*,#3738,.T.);
#6062=ORIENTED_EDGE('',*,*,#4230,.T.);
#6063=ORIENTED_EDGE('',*,*,#4229,.F.);
#6064=ORIENTED_EDGE('',*,*,#3487,.T.);
#6065=ORIENTED_EDGE('',*,*,#4231,.T.);
#6066=ORIENTED_EDGE('',*,*,#3739,.T.);
#6067=ORIENTED_EDGE('',*,*,#3742,.T.);
#6068=ORIENTED_EDGE('',*,*,#4232,.T.);
#6069=ORIENTED_EDGE('',*,*,#3484,.T.);
#6070=ORIENTED_EDGE('',*,*,#4228,.T.);
#6071=ORIENTED_EDGE('',*,*,#4232,.F.);
#6072=ORIENTED_EDGE('',*,*,#3741,.T.);
#6073=ORIENTED_EDGE('',*,*,#4233,.F.);
#6074=ORIENTED_EDGE('',*,*,#3485,.T.);
#6075=ORIENTED_EDGE('',*,*,#3486,.T.);
#6076=ORIENTED_EDGE('',*,*,#4233,.T.);
#6077=ORIENTED_EDGE('',*,*,#3740,.T.);
#6078=ORIENTED_EDGE('',*,*,#4231,.F.);
#6079=ORIENTED_EDGE('',*,*,#4230,.F.);
#6080=ORIENTED_EDGE('',*,*,#3737,.F.);
#6081=ORIENTED_EDGE('',*,*,#4234,.F.);
#6082=ORIENTED_EDGE('',*,*,#3489,.T.);
#6083=ORIENTED_EDGE('',*,*,#3494,.T.);
#6084=ORIENTED_EDGE('',*,*,#4235,.T.);
#6085=ORIENTED_EDGE('',*,*,#3732,.T.);
#6086=ORIENTED_EDGE('',*,*,#4236,.T.);
#6087=ORIENTED_EDGE('',*,*,#4235,.F.);
#6088=ORIENTED_EDGE('',*,*,#3493,.T.);
#6089=ORIENTED_EDGE('',*,*,#4237,.T.);
#6090=ORIENTED_EDGE('',*,*,#3733,.T.);
#6091=ORIENTED_EDGE('',*,*,#3736,.T.);
#6092=ORIENTED_EDGE('',*,*,#4238,.T.);
#6093=ORIENTED_EDGE('',*,*,#3490,.T.);
#6094=ORIENTED_EDGE('',*,*,#4234,.T.);
#6095=ORIENTED_EDGE('',*,*,#4238,.F.);
#6096=ORIENTED_EDGE('',*,*,#3735,.T.);
#6097=ORIENTED_EDGE('',*,*,#4239,.F.);
#6098=ORIENTED_EDGE('',*,*,#3491,.T.);
#6099=ORIENTED_EDGE('',*,*,#3492,.T.);
#6100=ORIENTED_EDGE('',*,*,#4239,.T.);
#6101=ORIENTED_EDGE('',*,*,#3734,.T.);
#6102=ORIENTED_EDGE('',*,*,#4237,.F.);
#6103=ORIENTED_EDGE('',*,*,#4031,.F.);
#6104=ORIENTED_EDGE('',*,*,#3495,.T.);
#6105=ORIENTED_EDGE('',*,*,#4236,.F.);
#6106=ORIENTED_EDGE('',*,*,#3731,.F.);
#6107=ORIENTED_EDGE('',*,*,#4028,.F.);
#6108=ORIENTED_EDGE('',*,*,#3725,.F.);
#6109=ORIENTED_EDGE('',*,*,#4240,.F.);
#6110=ORIENTED_EDGE('',*,*,#3501,.T.);
#6111=ORIENTED_EDGE('',*,*,#3506,.T.);
#6112=ORIENTED_EDGE('',*,*,#4241,.T.);
#6113=ORIENTED_EDGE('',*,*,#3720,.T.);
#6114=ORIENTED_EDGE('',*,*,#4242,.T.);
#6115=ORIENTED_EDGE('',*,*,#4241,.F.);
#6116=ORIENTED_EDGE('',*,*,#3505,.T.);
#6117=ORIENTED_EDGE('',*,*,#4243,.T.);
#6118=ORIENTED_EDGE('',*,*,#3721,.T.);
#6119=ORIENTED_EDGE('',*,*,#3724,.T.);
#6120=ORIENTED_EDGE('',*,*,#4244,.T.);
#6121=ORIENTED_EDGE('',*,*,#3502,.T.);
#6122=ORIENTED_EDGE('',*,*,#4240,.T.);
#6123=ORIENTED_EDGE('',*,*,#4244,.F.);
#6124=ORIENTED_EDGE('',*,*,#3723,.T.);
#6125=ORIENTED_EDGE('',*,*,#4245,.F.);
#6126=ORIENTED_EDGE('',*,*,#3503,.T.);
#6127=ORIENTED_EDGE('',*,*,#3504,.T.);
#6128=ORIENTED_EDGE('',*,*,#4245,.T.);
#6129=ORIENTED_EDGE('',*,*,#3722,.T.);
#6130=ORIENTED_EDGE('',*,*,#4243,.F.);
#6131=ORIENTED_EDGE('',*,*,#4242,.F.);
#6132=ORIENTED_EDGE('',*,*,#3719,.F.);
#6133=ORIENTED_EDGE('',*,*,#4246,.F.);
#6134=ORIENTED_EDGE('',*,*,#3507,.T.);
#6135=ORIENTED_EDGE('',*,*,#3512,.T.);
#6136=ORIENTED_EDGE('',*,*,#4247,.T.);
#6137=ORIENTED_EDGE('',*,*,#3714,.T.);
#6138=ORIENTED_EDGE('',*,*,#4248,.T.);
#6139=ORIENTED_EDGE('',*,*,#4247,.F.);
#6140=ORIENTED_EDGE('',*,*,#3511,.T.);
#6141=ORIENTED_EDGE('',*,*,#4249,.T.);
#6142=ORIENTED_EDGE('',*,*,#3715,.T.);
#6143=ORIENTED_EDGE('',*,*,#3718,.T.);
#6144=ORIENTED_EDGE('',*,*,#4250,.T.);
#6145=ORIENTED_EDGE('',*,*,#3508,.T.);
#6146=ORIENTED_EDGE('',*,*,#4246,.T.);
#6147=ORIENTED_EDGE('',*,*,#4250,.F.);
#6148=ORIENTED_EDGE('',*,*,#3717,.T.);
#6149=ORIENTED_EDGE('',*,*,#4251,.F.);
#6150=ORIENTED_EDGE('',*,*,#3509,.T.);
#6151=ORIENTED_EDGE('',*,*,#3510,.T.);
#6152=ORIENTED_EDGE('',*,*,#4251,.T.);
#6153=ORIENTED_EDGE('',*,*,#3716,.T.);
#6154=ORIENTED_EDGE('',*,*,#4249,.F.);
#6155=ORIENTED_EDGE('',*,*,#4248,.F.);
#6156=ORIENTED_EDGE('',*,*,#3713,.F.);
#6157=ORIENTED_EDGE('',*,*,#4252,.F.);
#6158=ORIENTED_EDGE('',*,*,#3513,.T.);
#6159=ORIENTED_EDGE('',*,*,#3518,.T.);
#6160=ORIENTED_EDGE('',*,*,#4253,.T.);
#6161=ORIENTED_EDGE('',*,*,#3708,.T.);
#6162=ORIENTED_EDGE('',*,*,#4254,.T.);
#6163=ORIENTED_EDGE('',*,*,#4253,.F.);
#6164=ORIENTED_EDGE('',*,*,#3517,.T.);
#6165=ORIENTED_EDGE('',*,*,#4255,.T.);
#6166=ORIENTED_EDGE('',*,*,#3709,.T.);
#6167=ORIENTED_EDGE('',*,*,#3712,.T.);
#6168=ORIENTED_EDGE('',*,*,#4256,.T.);
#6169=ORIENTED_EDGE('',*,*,#3514,.T.);
#6170=ORIENTED_EDGE('',*,*,#4252,.T.);
#6171=ORIENTED_EDGE('',*,*,#4256,.F.);
#6172=ORIENTED_EDGE('',*,*,#3711,.T.);
#6173=ORIENTED_EDGE('',*,*,#4257,.F.);
#6174=ORIENTED_EDGE('',*,*,#3515,.T.);
#6175=ORIENTED_EDGE('',*,*,#3516,.T.);
#6176=ORIENTED_EDGE('',*,*,#4257,.T.);
#6177=ORIENTED_EDGE('',*,*,#3710,.T.);
#6178=ORIENTED_EDGE('',*,*,#4255,.F.);
#6179=ORIENTED_EDGE('',*,*,#4037,.F.);
#6180=ORIENTED_EDGE('',*,*,#3519,.T.);
#6181=ORIENTED_EDGE('',*,*,#4254,.F.);
#6182=ORIENTED_EDGE('',*,*,#3707,.F.);
#6183=ORIENTED_EDGE('',*,*,#4034,.F.);
#6184=ORIENTED_EDGE('',*,*,#3701,.F.);
#6185=ORIENTED_EDGE('',*,*,#4258,.F.);
#6186=ORIENTED_EDGE('',*,*,#3525,.T.);
#6187=ORIENTED_EDGE('',*,*,#3530,.T.);
#6188=ORIENTED_EDGE('',*,*,#4259,.T.);
#6189=ORIENTED_EDGE('',*,*,#3696,.T.);
#6190=ORIENTED_EDGE('',*,*,#4260,.T.);
#6191=ORIENTED_EDGE('',*,*,#4259,.F.);
#6192=ORIENTED_EDGE('',*,*,#3529,.T.);
#6193=ORIENTED_EDGE('',*,*,#4261,.T.);
#6194=ORIENTED_EDGE('',*,*,#3697,.T.);
#6195=ORIENTED_EDGE('',*,*,#3700,.T.);
#6196=ORIENTED_EDGE('',*,*,#4262,.T.);
#6197=ORIENTED_EDGE('',*,*,#3526,.T.);
#6198=ORIENTED_EDGE('',*,*,#4258,.T.);
#6199=ORIENTED_EDGE('',*,*,#4262,.F.);
#6200=ORIENTED_EDGE('',*,*,#3699,.T.);
#6201=ORIENTED_EDGE('',*,*,#4263,.F.);
#6202=ORIENTED_EDGE('',*,*,#3527,.T.);
#6203=ORIENTED_EDGE('',*,*,#3528,.T.);
#6204=ORIENTED_EDGE('',*,*,#4263,.T.);
#6205=ORIENTED_EDGE('',*,*,#3698,.T.);
#6206=ORIENTED_EDGE('',*,*,#4261,.F.);
#6207=ORIENTED_EDGE('',*,*,#4260,.F.);
#6208=ORIENTED_EDGE('',*,*,#3695,.F.);
#6209=ORIENTED_EDGE('',*,*,#4264,.F.);
#6210=ORIENTED_EDGE('',*,*,#3531,.T.);
#6211=ORIENTED_EDGE('',*,*,#3536,.T.);
#6212=ORIENTED_EDGE('',*,*,#4265,.T.);
#6213=ORIENTED_EDGE('',*,*,#3690,.T.);
#6214=ORIENTED_EDGE('',*,*,#4266,.T.);
#6215=ORIENTED_EDGE('',*,*,#4265,.F.);
#6216=ORIENTED_EDGE('',*,*,#3535,.T.);
#6217=ORIENTED_EDGE('',*,*,#4267,.T.);
#6218=ORIENTED_EDGE('',*,*,#3691,.T.);
#6219=ORIENTED_EDGE('',*,*,#3694,.T.);
#6220=ORIENTED_EDGE('',*,*,#4268,.T.);
#6221=ORIENTED_EDGE('',*,*,#3532,.T.);
#6222=ORIENTED_EDGE('',*,*,#4264,.T.);
#6223=ORIENTED_EDGE('',*,*,#4268,.F.);
#6224=ORIENTED_EDGE('',*,*,#3693,.T.);
#6225=ORIENTED_EDGE('',*,*,#4269,.F.);
#6226=ORIENTED_EDGE('',*,*,#3533,.T.);
#6227=ORIENTED_EDGE('',*,*,#3534,.T.);
#6228=ORIENTED_EDGE('',*,*,#4269,.T.);
#6229=ORIENTED_EDGE('',*,*,#3692,.T.);
#6230=ORIENTED_EDGE('',*,*,#4267,.F.);
#6231=ORIENTED_EDGE('',*,*,#4266,.F.);
#6232=ORIENTED_EDGE('',*,*,#3689,.F.);
#6233=ORIENTED_EDGE('',*,*,#4270,.F.);
#6234=ORIENTED_EDGE('',*,*,#3537,.T.);
#6235=ORIENTED_EDGE('',*,*,#3542,.T.);
#6236=ORIENTED_EDGE('',*,*,#4271,.T.);
#6237=ORIENTED_EDGE('',*,*,#3684,.T.);
#6238=ORIENTED_EDGE('',*,*,#4272,.T.);
#6239=ORIENTED_EDGE('',*,*,#4271,.F.);
#6240=ORIENTED_EDGE('',*,*,#3541,.T.);
#6241=ORIENTED_EDGE('',*,*,#4273,.T.);
#6242=ORIENTED_EDGE('',*,*,#3685,.T.);
#6243=ORIENTED_EDGE('',*,*,#3688,.T.);
#6244=ORIENTED_EDGE('',*,*,#4274,.T.);
#6245=ORIENTED_EDGE('',*,*,#3538,.T.);
#6246=ORIENTED_EDGE('',*,*,#4270,.T.);
#6247=ORIENTED_EDGE('',*,*,#4274,.F.);
#6248=ORIENTED_EDGE('',*,*,#3687,.T.);
#6249=ORIENTED_EDGE('',*,*,#4275,.F.);
#6250=ORIENTED_EDGE('',*,*,#3539,.T.);
#6251=ORIENTED_EDGE('',*,*,#3540,.T.);
#6252=ORIENTED_EDGE('',*,*,#4275,.T.);
#6253=ORIENTED_EDGE('',*,*,#3686,.T.);
#6254=ORIENTED_EDGE('',*,*,#4273,.F.);
#6255=ORIENTED_EDGE('',*,*,#4043,.F.);
#6256=ORIENTED_EDGE('',*,*,#3543,.T.);
#6257=ORIENTED_EDGE('',*,*,#4272,.F.);
#6258=ORIENTED_EDGE('',*,*,#3683,.F.);
#6259=ORIENTED_EDGE('',*,*,#4040,.F.);
#6260=ORIENTED_EDGE('',*,*,#3677,.F.);
#6261=ORIENTED_EDGE('',*,*,#4276,.F.);
#6262=ORIENTED_EDGE('',*,*,#3549,.T.);
#6263=ORIENTED_EDGE('',*,*,#3554,.T.);
#6264=ORIENTED_EDGE('',*,*,#4277,.T.);
#6265=ORIENTED_EDGE('',*,*,#3672,.T.);
#6266=ORIENTED_EDGE('',*,*,#4278,.T.);
#6267=ORIENTED_EDGE('',*,*,#4277,.F.);
#6268=ORIENTED_EDGE('',*,*,#3553,.T.);
#6269=ORIENTED_EDGE('',*,*,#4279,.T.);
#6270=ORIENTED_EDGE('',*,*,#3673,.T.);
#6271=ORIENTED_EDGE('',*,*,#3676,.T.);
#6272=ORIENTED_EDGE('',*,*,#4280,.T.);
#6273=ORIENTED_EDGE('',*,*,#3550,.T.);
#6274=ORIENTED_EDGE('',*,*,#4276,.T.);
#6275=ORIENTED_EDGE('',*,*,#4280,.F.);
#6276=ORIENTED_EDGE('',*,*,#3675,.T.);
#6277=ORIENTED_EDGE('',*,*,#4281,.F.);
#6278=ORIENTED_EDGE('',*,*,#3551,.T.);
#6279=ORIENTED_EDGE('',*,*,#3552,.T.);
#6280=ORIENTED_EDGE('',*,*,#4281,.T.);
#6281=ORIENTED_EDGE('',*,*,#3674,.T.);
#6282=ORIENTED_EDGE('',*,*,#4279,.F.);
#6283=ORIENTED_EDGE('',*,*,#4278,.F.);
#6284=ORIENTED_EDGE('',*,*,#3671,.F.);
#6285=ORIENTED_EDGE('',*,*,#4282,.F.);
#6286=ORIENTED_EDGE('',*,*,#3555,.T.);
#6287=ORIENTED_EDGE('',*,*,#3560,.T.);
#6288=ORIENTED_EDGE('',*,*,#4283,.T.);
#6289=ORIENTED_EDGE('',*,*,#3666,.T.);
#6290=ORIENTED_EDGE('',*,*,#4284,.T.);
#6291=ORIENTED_EDGE('',*,*,#4283,.F.);
#6292=ORIENTED_EDGE('',*,*,#3559,.T.);
#6293=ORIENTED_EDGE('',*,*,#4285,.T.);
#6294=ORIENTED_EDGE('',*,*,#3667,.T.);
#6295=ORIENTED_EDGE('',*,*,#3670,.T.);
#6296=ORIENTED_EDGE('',*,*,#4286,.T.);
#6297=ORIENTED_EDGE('',*,*,#3556,.T.);
#6298=ORIENTED_EDGE('',*,*,#4282,.T.);
#6299=ORIENTED_EDGE('',*,*,#4286,.F.);
#6300=ORIENTED_EDGE('',*,*,#3669,.T.);
#6301=ORIENTED_EDGE('',*,*,#4287,.F.);
#6302=ORIENTED_EDGE('',*,*,#3557,.T.);
#6303=ORIENTED_EDGE('',*,*,#3558,.T.);
#6304=ORIENTED_EDGE('',*,*,#4287,.T.);
#6305=ORIENTED_EDGE('',*,*,#3668,.T.);
#6306=ORIENTED_EDGE('',*,*,#4285,.F.);
#6307=ORIENTED_EDGE('',*,*,#4284,.F.);
#6308=ORIENTED_EDGE('',*,*,#3665,.F.);
#6309=ORIENTED_EDGE('',*,*,#4288,.F.);
#6310=ORIENTED_EDGE('',*,*,#3561,.T.);
#6311=ORIENTED_EDGE('',*,*,#3566,.T.);
#6312=ORIENTED_EDGE('',*,*,#4289,.T.);
#6313=ORIENTED_EDGE('',*,*,#3660,.T.);
#6314=ORIENTED_EDGE('',*,*,#4290,.T.);
#6315=ORIENTED_EDGE('',*,*,#4289,.F.);
#6316=ORIENTED_EDGE('',*,*,#3565,.T.);
#6317=ORIENTED_EDGE('',*,*,#4291,.T.);
#6318=ORIENTED_EDGE('',*,*,#3661,.T.);
#6319=ORIENTED_EDGE('',*,*,#3664,.T.);
#6320=ORIENTED_EDGE('',*,*,#4292,.T.);
#6321=ORIENTED_EDGE('',*,*,#3562,.T.);
#6322=ORIENTED_EDGE('',*,*,#4288,.T.);
#6323=ORIENTED_EDGE('',*,*,#4292,.F.);
#6324=ORIENTED_EDGE('',*,*,#3663,.T.);
#6325=ORIENTED_EDGE('',*,*,#4293,.F.);
#6326=ORIENTED_EDGE('',*,*,#3563,.T.);
#6327=ORIENTED_EDGE('',*,*,#3564,.T.);
#6328=ORIENTED_EDGE('',*,*,#4293,.T.);
#6329=ORIENTED_EDGE('',*,*,#3662,.T.);
#6330=ORIENTED_EDGE('',*,*,#4291,.F.);
#6331=ORIENTED_EDGE('',*,*,#4049,.F.);
#6332=ORIENTED_EDGE('',*,*,#3567,.T.);
#6333=ORIENTED_EDGE('',*,*,#4290,.F.);
#6334=ORIENTED_EDGE('',*,*,#3659,.F.);
#6335=ORIENTED_EDGE('',*,*,#4046,.F.);
#6336=ORIENTED_EDGE('',*,*,#3653,.F.);
#6337=ORIENTED_EDGE('',*,*,#4294,.F.);
#6338=ORIENTED_EDGE('',*,*,#3573,.T.);
#6339=ORIENTED_EDGE('',*,*,#3578,.T.);
#6340=ORIENTED_EDGE('',*,*,#4295,.T.);
#6341=ORIENTED_EDGE('',*,*,#3648,.T.);
#6342=ORIENTED_EDGE('',*,*,#4296,.T.);
#6343=ORIENTED_EDGE('',*,*,#4295,.F.);
#6344=ORIENTED_EDGE('',*,*,#3577,.T.);
#6345=ORIENTED_EDGE('',*,*,#4297,.T.);
#6346=ORIENTED_EDGE('',*,*,#3649,.T.);
#6347=ORIENTED_EDGE('',*,*,#3652,.T.);
#6348=ORIENTED_EDGE('',*,*,#4298,.T.);
#6349=ORIENTED_EDGE('',*,*,#3574,.T.);
#6350=ORIENTED_EDGE('',*,*,#4294,.T.);
#6351=ORIENTED_EDGE('',*,*,#4298,.F.);
#6352=ORIENTED_EDGE('',*,*,#3651,.T.);
#6353=ORIENTED_EDGE('',*,*,#4299,.F.);
#6354=ORIENTED_EDGE('',*,*,#3575,.T.);
#6355=ORIENTED_EDGE('',*,*,#3576,.T.);
#6356=ORIENTED_EDGE('',*,*,#4299,.T.);
#6357=ORIENTED_EDGE('',*,*,#3650,.T.);
#6358=ORIENTED_EDGE('',*,*,#4297,.F.);
#6359=ORIENTED_EDGE('',*,*,#4296,.F.);
#6360=ORIENTED_EDGE('',*,*,#3647,.F.);
#6361=ORIENTED_EDGE('',*,*,#4300,.F.);
#6362=ORIENTED_EDGE('',*,*,#3579,.T.);
#6363=ORIENTED_EDGE('',*,*,#3584,.T.);
#6364=ORIENTED_EDGE('',*,*,#4301,.T.);
#6365=ORIENTED_EDGE('',*,*,#3642,.T.);
#6366=ORIENTED_EDGE('',*,*,#4302,.T.);
#6367=ORIENTED_EDGE('',*,*,#4301,.F.);
#6368=ORIENTED_EDGE('',*,*,#3583,.T.);
#6369=ORIENTED_EDGE('',*,*,#4303,.T.);
#6370=ORIENTED_EDGE('',*,*,#3643,.T.);
#6371=ORIENTED_EDGE('',*,*,#3646,.T.);
#6372=ORIENTED_EDGE('',*,*,#4304,.T.);
#6373=ORIENTED_EDGE('',*,*,#3580,.T.);
#6374=ORIENTED_EDGE('',*,*,#4300,.T.);
#6375=ORIENTED_EDGE('',*,*,#4304,.F.);
#6376=ORIENTED_EDGE('',*,*,#3645,.T.);
#6377=ORIENTED_EDGE('',*,*,#4305,.F.);
#6378=ORIENTED_EDGE('',*,*,#3581,.T.);
#6379=ORIENTED_EDGE('',*,*,#3582,.T.);
#6380=ORIENTED_EDGE('',*,*,#4305,.T.);
#6381=ORIENTED_EDGE('',*,*,#3644,.T.);
#6382=ORIENTED_EDGE('',*,*,#4303,.F.);
#6383=ORIENTED_EDGE('',*,*,#4302,.F.);
#6384=ORIENTED_EDGE('',*,*,#3641,.F.);
#6385=ORIENTED_EDGE('',*,*,#4306,.F.);
#6386=ORIENTED_EDGE('',*,*,#3585,.T.);
#6387=ORIENTED_EDGE('',*,*,#3590,.T.);
#6388=ORIENTED_EDGE('',*,*,#4307,.T.);
#6389=ORIENTED_EDGE('',*,*,#3636,.T.);
#6390=ORIENTED_EDGE('',*,*,#4057,.T.);
#6391=ORIENTED_EDGE('',*,*,#4307,.F.);
#6392=ORIENTED_EDGE('',*,*,#3589,.T.);
#6393=ORIENTED_EDGE('',*,*,#4308,.T.);
#6394=ORIENTED_EDGE('',*,*,#3637,.T.);
#6395=ORIENTED_EDGE('',*,*,#3640,.T.);
#6396=ORIENTED_EDGE('',*,*,#4309,.T.);
#6397=ORIENTED_EDGE('',*,*,#3586,.T.);
#6398=ORIENTED_EDGE('',*,*,#4306,.T.);
#6399=ORIENTED_EDGE('',*,*,#4309,.F.);
#6400=ORIENTED_EDGE('',*,*,#3639,.T.);
#6401=ORIENTED_EDGE('',*,*,#4310,.F.);
#6402=ORIENTED_EDGE('',*,*,#3587,.T.);
#6403=ORIENTED_EDGE('',*,*,#3588,.T.);
#6404=ORIENTED_EDGE('',*,*,#4310,.T.);
#6405=ORIENTED_EDGE('',*,*,#3638,.T.);
#6406=ORIENTED_EDGE('',*,*,#4308,.F.);
#6407=ORIENTED_EDGE('',*,*,#3625,.T.);
#6408=ORIENTED_EDGE('',*,*,#4311,.T.);
#6409=ORIENTED_EDGE('',*,*,#3601,.T.);
#6410=ORIENTED_EDGE('',*,*,#4312,.T.);
#6411=ORIENTED_EDGE('',*,*,#4312,.F.);
#6412=ORIENTED_EDGE('',*,*,#3600,.F.);
#6413=ORIENTED_EDGE('',*,*,#4313,.T.);
#6414=ORIENTED_EDGE('',*,*,#3626,.F.);
#6415=ORIENTED_EDGE('',*,*,#3628,.T.);
#6416=ORIENTED_EDGE('',*,*,#4314,.T.);
#6417=ORIENTED_EDGE('',*,*,#3598,.T.);
#6418=ORIENTED_EDGE('',*,*,#4054,.T.);
#6419=ORIENTED_EDGE('',*,*,#4314,.F.);
#6420=ORIENTED_EDGE('',*,*,#3627,.F.);
#6421=ORIENTED_EDGE('',*,*,#4313,.F.);
#6422=ORIENTED_EDGE('',*,*,#3599,.F.);
#6423=ORIENTED_EDGE('',*,*,#3973,.F.);
#6424=ORIENTED_EDGE('',*,*,#4315,.T.);
#6425=ORIENTED_EDGE('',*,*,#3615,.T.);
#6426=ORIENTED_EDGE('',*,*,#4315,.F.);
#6427=ORIENTED_EDGE('',*,*,#3972,.F.);
#6428=ORIENTED_EDGE('',*,*,#4316,.T.);
#6429=ORIENTED_EDGE('',*,*,#3614,.T.);
#6430=ORIENTED_EDGE('',*,*,#4316,.F.);
#6431=ORIENTED_EDGE('',*,*,#3971,.F.);
#6432=ORIENTED_EDGE('',*,*,#4317,.T.);
#6433=ORIENTED_EDGE('',*,*,#3613,.T.);
#6434=ORIENTED_EDGE('',*,*,#4317,.F.);
#6435=ORIENTED_EDGE('',*,*,#3970,.F.);
#6436=ORIENTED_EDGE('',*,*,#4318,.T.);
#6437=ORIENTED_EDGE('',*,*,#3612,.T.);
#6438=ORIENTED_EDGE('',*,*,#4318,.F.);
#6439=ORIENTED_EDGE('',*,*,#3609,.T.);
#6440=ORIENTED_EDGE('',*,*,#4319,.T.);
#6441=ORIENTED_EDGE('',*,*,#3969,.F.);
#6442=ORIENTED_EDGE('',*,*,#4320,.F.);
#6443=ORIENTED_EDGE('',*,*,#3610,.T.);
#6444=ORIENTED_EDGE('',*,*,#4320,.T.);
#6445=ORIENTED_EDGE('',*,*,#3968,.F.);
#6446=ORIENTED_EDGE('',*,*,#4321,.F.);
#6447=ORIENTED_EDGE('',*,*,#3611,.T.);
#6448=ORIENTED_EDGE('',*,*,#4321,.T.);
#6449=ORIENTED_EDGE('',*,*,#3967,.F.);
#6450=ORIENTED_EDGE('',*,*,#4322,.F.);
#6451=ORIENTED_EDGE('',*,*,#3608,.T.);
#6452=ORIENTED_EDGE('',*,*,#4322,.T.);
#6453=ORIENTED_EDGE('',*,*,#3966,.F.);
#6454=ORIENTED_EDGE('',*,*,#4319,.F.);
#6455=ORIENTED_EDGE('',*,*,#4311,.F.);
#6456=ORIENTED_EDGE('',*,*,#3624,.F.);
#6457=ORIENTED_EDGE('',*,*,#4323,.F.);
#6458=ORIENTED_EDGE('',*,*,#3602,.T.);
#6459=ORIENTED_EDGE('',*,*,#3603,.T.);
#6460=ORIENTED_EDGE('',*,*,#4323,.T.);
#6461=ORIENTED_EDGE('',*,*,#3623,.F.);
#6462=ORIENTED_EDGE('',*,*,#4324,.F.);
#6463=ORIENTED_EDGE('',*,*,#3616,.F.);
#6464=ORIENTED_EDGE('',*,*,#3604,.F.);
#6465=ORIENTED_EDGE('',*,*,#4324,.T.);
#6466=ORIENTED_EDGE('',*,*,#3622,.F.);
#6467=CYLINDRICAL_SURFACE('',#7078,0.499999999999998);
#6468=CYLINDRICAL_SURFACE('',#7320,0.5);
#6469=CYLINDRICAL_SURFACE('',#7323,0.9);
#6470=CYLINDRICAL_SURFACE('',#7561,0.5);
#6471=CYLINDRICAL_SURFACE('',#7563,0.499999999999997);
#6472=CYLINDRICAL_SURFACE('',#7565,0.9);
#6473=CYLINDRICAL_SURFACE('',#7566,0.499999999999999);
#6474=CYLINDRICAL_SURFACE('',#7568,0.499999999999999);
#6475=CYLINDRICAL_SURFACE('',#7570,0.9);
#6476=CYLINDRICAL_SURFACE('',#7571,0.499999999999994);
#6477=CYLINDRICAL_SURFACE('',#7573,0.499999999999994);
#6478=CYLINDRICAL_SURFACE('',#7575,0.9);
#6479=CYLINDRICAL_SURFACE('',#7576,0.5);
#6480=CYLINDRICAL_SURFACE('',#7578,0.500000000000007);
#6481=CYLINDRICAL_SURFACE('',#7580,0.9);
#6482=CYLINDRICAL_SURFACE('',#7581,0.499999999999995);
#6483=CYLINDRICAL_SURFACE('',#7583,0.499999999999995);
#6484=CYLINDRICAL_SURFACE('',#7585,0.9);
#6485=CYLINDRICAL_SURFACE('',#7586,0.499999999999995);
#6486=CYLINDRICAL_SURFACE('',#7588,0.499999999999997);
#6487=CYLINDRICAL_SURFACE('',#7590,0.9);
#6488=CYLINDRICAL_SURFACE('',#7591,0.499999999999998);
#6489=CYLINDRICAL_SURFACE('',#7593,0.5);
#6490=CYLINDRICAL_SURFACE('',#7595,0.9);
#6491=CYLINDRICAL_SURFACE('',#7596,0.5);
#6492=CYLINDRICAL_SURFACE('',#7598,0.499999999999997);
#6493=CYLINDRICAL_SURFACE('',#7600,0.9);
#6494=CYLINDRICAL_SURFACE('',#7601,0.499999999999995);
#6495=CYLINDRICAL_SURFACE('',#7603,0.499999999999999);
#6496=CYLINDRICAL_SURFACE('',#7605,0.9);
#6497=CYLINDRICAL_SURFACE('',#7606,0.499999999999994);
#6498=CYLINDRICAL_SURFACE('',#7608,0.5);
#6499=CYLINDRICAL_SURFACE('',#7610,0.9);
#6500=CYLINDRICAL_SURFACE('',#7611,0.5);
#6501=CYLINDRICAL_SURFACE('',#7613,0.5);
#6502=CYLINDRICAL_SURFACE('',#7615,0.9);
#6503=CYLINDRICAL_SURFACE('',#7616,0.500000000000003);
#6504=CYLINDRICAL_SURFACE('',#7618,0.499999999999995);
#6505=CYLINDRICAL_SURFACE('',#7620,0.9);
#6506=CYLINDRICAL_SURFACE('',#7621,0.499999999999995);
#6507=CYLINDRICAL_SURFACE('',#7623,0.499999999999997);
#6508=CYLINDRICAL_SURFACE('',#7625,0.9);
#6509=CYLINDRICAL_SURFACE('',#7626,0.499999999999998);
#6510=CYLINDRICAL_SURFACE('',#7628,0.5);
#6511=CYLINDRICAL_SURFACE('',#7629,75.9999999999948);
#6512=CYLINDRICAL_SURFACE('',#7632,0.9);
#6513=CYLINDRICAL_SURFACE('',#7633,75.9999999999948);
#6514=CYLINDRICAL_SURFACE('',#7634,0.5);
#6515=CYLINDRICAL_SURFACE('',#7636,0.5);
#6516=CYLINDRICAL_SURFACE('',#7638,0.5);
#6517=CYLINDRICAL_SURFACE('',#7639,75.9999999999948);
#6518=CYLINDRICAL_SURFACE('',#7640,0.5);
#6519=CYLINDRICAL_SURFACE('',#7642,0.5);
#6520=CYLINDRICAL_SURFACE('',#7644,0.5);
#6521=CYLINDRICAL_SURFACE('',#7645,75.9999999999948);
#6522=CYLINDRICAL_SURFACE('',#7646,0.5);
#6523=CYLINDRICAL_SURFACE('',#7648,0.5);
#6524=CYLINDRICAL_SURFACE('',#7650,0.5);
#6525=CYLINDRICAL_SURFACE('',#7651,75.9999999999948);
#6526=CYLINDRICAL_SURFACE('',#7652,75.9999999999948);
#6527=CYLINDRICAL_SURFACE('',#7653,0.5);
#6528=CYLINDRICAL_SURFACE('',#7655,0.5);
#6529=CYLINDRICAL_SURFACE('',#7657,0.5);
#6530=CYLINDRICAL_SURFACE('',#7658,75.9999999999948);
#6531=CYLINDRICAL_SURFACE('',#7659,0.5);
#6532=CYLINDRICAL_SURFACE('',#7661,0.5);
#6533=CYLINDRICAL_SURFACE('',#7663,0.5);
#6534=CYLINDRICAL_SURFACE('',#7664,75.9999999999948);
#6535=CYLINDRICAL_SURFACE('',#7665,0.5);
#6536=CYLINDRICAL_SURFACE('',#7667,0.5);
#6537=CYLINDRICAL_SURFACE('',#7669,0.5);
#6538=CYLINDRICAL_SURFACE('',#7670,75.9999999999948);
#6539=CYLINDRICAL_SURFACE('',#7671,75.9999999999948);
#6540=CYLINDRICAL_SURFACE('',#7672,0.5);
#6541=CYLINDRICAL_SURFACE('',#7674,0.5);
#6542=CYLINDRICAL_SURFACE('',#7676,0.5);
#6543=CYLINDRICAL_SURFACE('',#7677,75.9999999999948);
#6544=CYLINDRICAL_SURFACE('',#7678,0.5);
#6545=CYLINDRICAL_SURFACE('',#7680,0.5);
#6546=CYLINDRICAL_SURFACE('',#7682,0.5);
#6547=CYLINDRICAL_SURFACE('',#7683,75.9999999999948);
#6548=CYLINDRICAL_SURFACE('',#7684,0.5);
#6549=CYLINDRICAL_SURFACE('',#7686,0.5);
#6550=CYLINDRICAL_SURFACE('',#7688,0.5);
#6551=CYLINDRICAL_SURFACE('',#7689,75.9999999999948);
#6552=CYLINDRICAL_SURFACE('',#7690,75.9999999999948);
#6553=CYLINDRICAL_SURFACE('',#7691,0.5);
#6554=CYLINDRICAL_SURFACE('',#7693,0.5);
#6555=CYLINDRICAL_SURFACE('',#7695,0.5);
#6556=CYLINDRICAL_SURFACE('',#7696,75.9999999999948);
#6557=CYLINDRICAL_SURFACE('',#7697,0.5);
#6558=CYLINDRICAL_SURFACE('',#7699,0.5);
#6559=CYLINDRICAL_SURFACE('',#7701,0.5);
#6560=CYLINDRICAL_SURFACE('',#7702,75.9999999999948);
#6561=CYLINDRICAL_SURFACE('',#7703,0.5);
#6562=CYLINDRICAL_SURFACE('',#7705,0.5);
#6563=CYLINDRICAL_SURFACE('',#7707,0.5);
#6564=CYLINDRICAL_SURFACE('',#7708,75.9999999999948);
#6565=CYLINDRICAL_SURFACE('',#7709,75.9999999999948);
#6566=CYLINDRICAL_SURFACE('',#7710,0.5);
#6567=CYLINDRICAL_SURFACE('',#7712,0.5);
#6568=CYLINDRICAL_SURFACE('',#7714,0.5);
#6569=CYLINDRICAL_SURFACE('',#7715,75.9999999999948);
#6570=CYLINDRICAL_SURFACE('',#7716,0.5);
#6571=CYLINDRICAL_SURFACE('',#7718,0.5);
#6572=CYLINDRICAL_SURFACE('',#7720,0.5);
#6573=CYLINDRICAL_SURFACE('',#7721,75.9999999999948);
#6574=CYLINDRICAL_SURFACE('',#7722,0.5);
#6575=CYLINDRICAL_SURFACE('',#7724,0.5);
#6576=CYLINDRICAL_SURFACE('',#7726,0.5);
#6577=CYLINDRICAL_SURFACE('',#7727,75.9999999999948);
#6578=CYLINDRICAL_SURFACE('',#7728,75.9999999999948);
#6579=CYLINDRICAL_SURFACE('',#7729,0.5);
#6580=CYLINDRICAL_SURFACE('',#7731,0.5);
#6581=CYLINDRICAL_SURFACE('',#7733,0.5);
#6582=CYLINDRICAL_SURFACE('',#7734,75.9999999999948);
#6583=CYLINDRICAL_SURFACE('',#7735,0.5);
#6584=CYLINDRICAL_SURFACE('',#7737,0.5);
#6585=CYLINDRICAL_SURFACE('',#7739,0.5);
#6586=CYLINDRICAL_SURFACE('',#7740,75.9999999999948);
#6587=CYLINDRICAL_SURFACE('',#7741,0.5);
#6588=CYLINDRICAL_SURFACE('',#7743,0.5);
#6589=CYLINDRICAL_SURFACE('',#7745,0.5);
#6590=CYLINDRICAL_SURFACE('',#7746,75.9999999999948);
#6591=CYLINDRICAL_SURFACE('',#7747,75.9999999999948);
#6592=CYLINDRICAL_SURFACE('',#7748,0.5);
#6593=CYLINDRICAL_SURFACE('',#7750,0.5);
#6594=CYLINDRICAL_SURFACE('',#7752,0.5);
#6595=CYLINDRICAL_SURFACE('',#7753,75.9999999999948);
#6596=CYLINDRICAL_SURFACE('',#7754,0.5);
#6597=CYLINDRICAL_SURFACE('',#7756,0.5);
#6598=CYLINDRICAL_SURFACE('',#7758,0.5);
#6599=CYLINDRICAL_SURFACE('',#7759,75.9999999999948);
#6600=CYLINDRICAL_SURFACE('',#7760,0.5);
#6601=CYLINDRICAL_SURFACE('',#7762,0.5);
#6602=CYLINDRICAL_SURFACE('',#7764,0.5);
#6603=CYLINDRICAL_SURFACE('',#7765,75.9999999999948);
#6604=CYLINDRICAL_SURFACE('',#7766,75.9999999999948);
#6605=CYLINDRICAL_SURFACE('',#7767,0.5);
#6606=CYLINDRICAL_SURFACE('',#7769,0.5);
#6607=CYLINDRICAL_SURFACE('',#7771,0.5);
#6608=CYLINDRICAL_SURFACE('',#7772,75.9999999999948);
#6609=CYLINDRICAL_SURFACE('',#7773,0.5);
#6610=CYLINDRICAL_SURFACE('',#7775,0.5);
#6611=CYLINDRICAL_SURFACE('',#7777,0.5);
#6612=CYLINDRICAL_SURFACE('',#7778,75.9999999999948);
#6613=CYLINDRICAL_SURFACE('',#7779,0.5);
#6614=CYLINDRICAL_SURFACE('',#7781,0.5);
#6615=CYLINDRICAL_SURFACE('',#7783,0.5);
#6616=CYLINDRICAL_SURFACE('',#7784,75.9999999999948);
#6617=CYLINDRICAL_SURFACE('',#7785,75.9999999999948);
#6618=CYLINDRICAL_SURFACE('',#7786,0.5);
#6619=CYLINDRICAL_SURFACE('',#7788,0.5);
#6620=CYLINDRICAL_SURFACE('',#7790,0.5);
#6621=CYLINDRICAL_SURFACE('',#7791,75.9999999999948);
#6622=CYLINDRICAL_SURFACE('',#7792,0.5);
#6623=CYLINDRICAL_SURFACE('',#7794,0.5);
#6624=CYLINDRICAL_SURFACE('',#7796,0.5);
#6625=CYLINDRICAL_SURFACE('',#7797,75.9999999999948);
#6626=CYLINDRICAL_SURFACE('',#7798,0.5);
#6627=CYLINDRICAL_SURFACE('',#7800,0.5);
#6628=CYLINDRICAL_SURFACE('',#7802,0.5);
#6629=CYLINDRICAL_SURFACE('',#7803,75.9999999999948);
#6630=CYLINDRICAL_SURFACE('',#7804,75.9999999999948);
#6631=CYLINDRICAL_SURFACE('',#7805,0.5);
#6632=CYLINDRICAL_SURFACE('',#7807,0.5);
#6633=CYLINDRICAL_SURFACE('',#7809,0.5);
#6634=CYLINDRICAL_SURFACE('',#7810,75.9999999999948);
#6635=CYLINDRICAL_SURFACE('',#7811,0.5);
#6636=CYLINDRICAL_SURFACE('',#7813,0.5);
#6637=CYLINDRICAL_SURFACE('',#7815,0.5);
#6638=CYLINDRICAL_SURFACE('',#7816,75.9999999999948);
#6639=CYLINDRICAL_SURFACE('',#7817,0.5);
#6640=CYLINDRICAL_SURFACE('',#7819,0.5);
#6641=CYLINDRICAL_SURFACE('',#7821,0.5);
#6642=CYLINDRICAL_SURFACE('',#7822,75.9999999999948);
#6643=CYLINDRICAL_SURFACE('',#7823,75.9999999999948);
#6644=CYLINDRICAL_SURFACE('',#7824,0.5);
#6645=CYLINDRICAL_SURFACE('',#7826,0.5);
#6646=CYLINDRICAL_SURFACE('',#7828,0.5);
#6647=CYLINDRICAL_SURFACE('',#7829,75.9999999999948);
#6648=CYLINDRICAL_SURFACE('',#7830,0.5);
#6649=CYLINDRICAL_SURFACE('',#7832,0.5);
#6650=CYLINDRICAL_SURFACE('',#7834,0.5);
#6651=CYLINDRICAL_SURFACE('',#7835,75.9999999999948);
#6652=CYLINDRICAL_SURFACE('',#7836,0.5);
#6653=CYLINDRICAL_SURFACE('',#7838,0.5);
#6654=CYLINDRICAL_SURFACE('',#7840,0.5);
#6655=CYLINDRICAL_SURFACE('',#7841,75.9999999999948);
#6656=CYLINDRICAL_SURFACE('',#7842,75.9999999999948);
#6657=CYLINDRICAL_SURFACE('',#7843,0.5);
#6658=CYLINDRICAL_SURFACE('',#7845,0.5);
#6659=CYLINDRICAL_SURFACE('',#7847,0.5);
#6660=CYLINDRICAL_SURFACE('',#7848,75.9999999999948);
#6661=CYLINDRICAL_SURFACE('',#7849,0.5);
#6662=CYLINDRICAL_SURFACE('',#7851,0.5);
#6663=CYLINDRICAL_SURFACE('',#7853,0.5);
#6664=CYLINDRICAL_SURFACE('',#7854,75.9999999999948);
#6665=CYLINDRICAL_SURFACE('',#7855,0.5);
#6666=CYLINDRICAL_SURFACE('',#7857,0.5);
#6667=CYLINDRICAL_SURFACE('',#7859,0.5);
#6668=CYLINDRICAL_SURFACE('',#7860,75.9999999999948);
#6669=CYLINDRICAL_SURFACE('',#7861,75.9999999999948);
#6670=CYLINDRICAL_SURFACE('',#7862,0.5);
#6671=CYLINDRICAL_SURFACE('',#7864,0.5);
#6672=CYLINDRICAL_SURFACE('',#7866,0.5);
#6673=CYLINDRICAL_SURFACE('',#7867,75.9999999999948);
#6674=CYLINDRICAL_SURFACE('',#7868,0.5);
#6675=CYLINDRICAL_SURFACE('',#7870,0.5);
#6676=CYLINDRICAL_SURFACE('',#7872,0.5);
#6677=CYLINDRICAL_SURFACE('',#7873,75.9999999999948);
#6678=CYLINDRICAL_SURFACE('',#7874,0.5);
#6679=CYLINDRICAL_SURFACE('',#7876,0.5);
#6680=CYLINDRICAL_SURFACE('',#7878,0.5);
#6681=CYLINDRICAL_SURFACE('',#7879,75.9999999999948);
#6682=CYLINDRICAL_SURFACE('',#7880,75.9999999999948);
#6683=CYLINDRICAL_SURFACE('',#7881,0.5);
#6684=CYLINDRICAL_SURFACE('',#7883,0.5);
#6685=CYLINDRICAL_SURFACE('',#7885,0.5);
#6686=CYLINDRICAL_SURFACE('',#7886,75.9999999999948);
#6687=CYLINDRICAL_SURFACE('',#7887,0.5);
#6688=CYLINDRICAL_SURFACE('',#7889,0.5);
#6689=CYLINDRICAL_SURFACE('',#7891,0.5);
#6690=CYLINDRICAL_SURFACE('',#7892,75.9999999999948);
#6691=CYLINDRICAL_SURFACE('',#7893,0.5);
#6692=CYLINDRICAL_SURFACE('',#7895,0.5);
#6693=CYLINDRICAL_SURFACE('',#7897,0.5);
#6694=CYLINDRICAL_SURFACE('',#7898,2.);
#6695=CYLINDRICAL_SURFACE('',#7900,2.);
#6696=CYLINDRICAL_SURFACE('',#7902,10.5);
#6697=CYLINDRICAL_SURFACE('',#7903,4.);
#6698=CYLINDRICAL_SURFACE('',#7904,4.);
#6699=CYLINDRICAL_SURFACE('',#7905,4.);
#6700=CYLINDRICAL_SURFACE('',#7906,55.25);
#6701=CYLINDRICAL_SURFACE('',#7907,4.62500000000002);
#6702=CYLINDRICAL_SURFACE('',#7908,46.);
#6703=CYLINDRICAL_SURFACE('',#7909,4.625);
#6704=CYLINDRICAL_SURFACE('',#7911,25.);
#6705=ADVANCED_FACE('',(#146),#6467,.T.);
#6706=ADVANCED_FACE('',(#147),#25,.F.);
#6707=ADVANCED_FACE('',(#148,#15,#16,#17,#18,#19),#26,.F.);
#6708=ADVANCED_FACE('',(#149),#6468,.T.);
#6709=ADVANCED_FACE('',(#150),#27,.F.);
#6710=ADVANCED_FACE('',(#151),#6469,.F.);
#6711=ADVANCED_FACE('',(#152,#20,#21,#22,#23,#24),#28,.T.);
#6712=ADVANCED_FACE('',(#153),#6470,.T.);
#6713=ADVANCED_FACE('',(#154),#29,.F.);
#6714=ADVANCED_FACE('',(#155),#6471,.T.);
#6715=ADVANCED_FACE('',(#156),#30,.F.);
#6716=ADVANCED_FACE('',(#157),#6472,.F.);
#6717=ADVANCED_FACE('',(#158),#6473,.T.);
#6718=ADVANCED_FACE('',(#159),#31,.F.);
#6719=ADVANCED_FACE('',(#160),#6474,.T.);
#6720=ADVANCED_FACE('',(#161),#32,.F.);
#6721=ADVANCED_FACE('',(#162),#6475,.F.);
#6722=ADVANCED_FACE('',(#163),#6476,.T.);
#6723=ADVANCED_FACE('',(#164),#33,.F.);
#6724=ADVANCED_FACE('',(#165),#6477,.T.);
#6725=ADVANCED_FACE('',(#166),#34,.F.);
#6726=ADVANCED_FACE('',(#167),#6478,.F.);
#6727=ADVANCED_FACE('',(#168),#6479,.T.);
#6728=ADVANCED_FACE('',(#169),#35,.F.);
#6729=ADVANCED_FACE('',(#170),#6480,.T.);
#6730=ADVANCED_FACE('',(#171),#36,.F.);
#6731=ADVANCED_FACE('',(#172),#6481,.F.);
#6732=ADVANCED_FACE('',(#173),#6482,.T.);
#6733=ADVANCED_FACE('',(#174),#37,.F.);
#6734=ADVANCED_FACE('',(#175),#6483,.T.);
#6735=ADVANCED_FACE('',(#176),#38,.F.);
#6736=ADVANCED_FACE('',(#177),#6484,.F.);
#6737=ADVANCED_FACE('',(#178),#6485,.T.);
#6738=ADVANCED_FACE('',(#179),#39,.F.);
#6739=ADVANCED_FACE('',(#180),#6486,.T.);
#6740=ADVANCED_FACE('',(#181),#40,.F.);
#6741=ADVANCED_FACE('',(#182),#6487,.F.);
#6742=ADVANCED_FACE('',(#183),#6488,.T.);
#6743=ADVANCED_FACE('',(#184),#41,.F.);
#6744=ADVANCED_FACE('',(#185),#6489,.T.);
#6745=ADVANCED_FACE('',(#186),#42,.F.);
#6746=ADVANCED_FACE('',(#187),#6490,.F.);
#6747=ADVANCED_FACE('',(#188),#6491,.T.);
#6748=ADVANCED_FACE('',(#189),#43,.F.);
#6749=ADVANCED_FACE('',(#190),#6492,.T.);
#6750=ADVANCED_FACE('',(#191),#44,.F.);
#6751=ADVANCED_FACE('',(#192),#6493,.F.);
#6752=ADVANCED_FACE('',(#193),#6494,.T.);
#6753=ADVANCED_FACE('',(#194),#45,.F.);
#6754=ADVANCED_FACE('',(#195),#6495,.T.);
#6755=ADVANCED_FACE('',(#196),#46,.F.);
#6756=ADVANCED_FACE('',(#197),#6496,.F.);
#6757=ADVANCED_FACE('',(#198),#6497,.T.);
#6758=ADVANCED_FACE('',(#199),#47,.F.);
#6759=ADVANCED_FACE('',(#200),#6498,.T.);
#6760=ADVANCED_FACE('',(#201),#48,.F.);
#6761=ADVANCED_FACE('',(#202),#6499,.F.);
#6762=ADVANCED_FACE('',(#203),#6500,.T.);
#6763=ADVANCED_FACE('',(#204),#49,.F.);
#6764=ADVANCED_FACE('',(#205),#6501,.T.);
#6765=ADVANCED_FACE('',(#206),#50,.F.);
#6766=ADVANCED_FACE('',(#207),#6502,.F.);
#6767=ADVANCED_FACE('',(#208),#6503,.T.);
#6768=ADVANCED_FACE('',(#209),#51,.F.);
#6769=ADVANCED_FACE('',(#210),#6504,.T.);
#6770=ADVANCED_FACE('',(#211),#52,.F.);
#6771=ADVANCED_FACE('',(#212),#6505,.F.);
#6772=ADVANCED_FACE('',(#213),#6506,.T.);
#6773=ADVANCED_FACE('',(#214),#53,.F.);
#6774=ADVANCED_FACE('',(#215),#6507,.T.);
#6775=ADVANCED_FACE('',(#216),#54,.F.);
#6776=ADVANCED_FACE('',(#217),#6508,.F.);
#6777=ADVANCED_FACE('',(#218),#6509,.T.);
#6778=ADVANCED_FACE('',(#219),#55,.T.);
#6779=ADVANCED_FACE('',(#220),#6510,.T.);
#6780=ADVANCED_FACE('',(#221),#6511,.T.);
#6781=ADVANCED_FACE('',(#222),#56,.F.);
#6782=ADVANCED_FACE('',(#223),#57,.F.);
#6783=ADVANCED_FACE('',(#224),#6512,.F.);
#6784=ADVANCED_FACE('',(#225),#6513,.T.);
#6785=ADVANCED_FACE('',(#226),#6514,.T.);
#6786=ADVANCED_FACE('',(#227),#58,.F.);
#6787=ADVANCED_FACE('',(#228),#6515,.T.);
#6788=ADVANCED_FACE('',(#229),#59,.F.);
#6789=ADVANCED_FACE('',(#230),#6516,.F.);
#6790=ADVANCED_FACE('',(#231),#6517,.T.);
#6791=ADVANCED_FACE('',(#232),#6518,.T.);
#6792=ADVANCED_FACE('',(#233),#60,.F.);
#6793=ADVANCED_FACE('',(#234),#6519,.T.);
#6794=ADVANCED_FACE('',(#235),#61,.F.);
#6795=ADVANCED_FACE('',(#236),#6520,.F.);
#6796=ADVANCED_FACE('',(#237),#6521,.T.);
#6797=ADVANCED_FACE('',(#238),#6522,.T.);
#6798=ADVANCED_FACE('',(#239),#62,.F.);
#6799=ADVANCED_FACE('',(#240),#6523,.T.);
#6800=ADVANCED_FACE('',(#241),#63,.F.);
#6801=ADVANCED_FACE('',(#242),#6524,.F.);
#6802=ADVANCED_FACE('',(#243),#6525,.T.);
#6803=ADVANCED_FACE('',(#244),#6526,.T.);
#6804=ADVANCED_FACE('',(#245),#6527,.T.);
#6805=ADVANCED_FACE('',(#246),#64,.F.);
#6806=ADVANCED_FACE('',(#247),#6528,.T.);
#6807=ADVANCED_FACE('',(#248),#65,.F.);
#6808=ADVANCED_FACE('',(#249),#6529,.F.);
#6809=ADVANCED_FACE('',(#250),#6530,.T.);
#6810=ADVANCED_FACE('',(#251),#6531,.T.);
#6811=ADVANCED_FACE('',(#252),#66,.F.);
#6812=ADVANCED_FACE('',(#253),#6532,.T.);
#6813=ADVANCED_FACE('',(#254),#67,.F.);
#6814=ADVANCED_FACE('',(#255),#6533,.F.);
#6815=ADVANCED_FACE('',(#256),#6534,.T.);
#6816=ADVANCED_FACE('',(#257),#6535,.T.);
#6817=ADVANCED_FACE('',(#258),#68,.F.);
#6818=ADVANCED_FACE('',(#259),#6536,.T.);
#6819=ADVANCED_FACE('',(#260),#69,.F.);
#6820=ADVANCED_FACE('',(#261),#6537,.F.);
#6821=ADVANCED_FACE('',(#262),#6538,.T.);
#6822=ADVANCED_FACE('',(#263),#6539,.T.);
#6823=ADVANCED_FACE('',(#264),#6540,.T.);
#6824=ADVANCED_FACE('',(#265),#70,.F.);
#6825=ADVANCED_FACE('',(#266),#6541,.T.);
#6826=ADVANCED_FACE('',(#267),#71,.F.);
#6827=ADVANCED_FACE('',(#268),#6542,.F.);
#6828=ADVANCED_FACE('',(#269),#6543,.T.);
#6829=ADVANCED_FACE('',(#270),#6544,.T.);
#6830=ADVANCED_FACE('',(#271),#72,.F.);
#6831=ADVANCED_FACE('',(#272),#6545,.T.);
#6832=ADVANCED_FACE('',(#273),#73,.F.);
#6833=ADVANCED_FACE('',(#274),#6546,.F.);
#6834=ADVANCED_FACE('',(#275),#6547,.T.);
#6835=ADVANCED_FACE('',(#276),#6548,.T.);
#6836=ADVANCED_FACE('',(#277),#74,.F.);
#6837=ADVANCED_FACE('',(#278),#6549,.T.);
#6838=ADVANCED_FACE('',(#279),#75,.F.);
#6839=ADVANCED_FACE('',(#280),#6550,.F.);
#6840=ADVANCED_FACE('',(#281),#6551,.T.);
#6841=ADVANCED_FACE('',(#282),#6552,.T.);
#6842=ADVANCED_FACE('',(#283),#6553,.T.);
#6843=ADVANCED_FACE('',(#284),#76,.F.);
#6844=ADVANCED_FACE('',(#285),#6554,.T.);
#6845=ADVANCED_FACE('',(#286),#77,.F.);
#6846=ADVANCED_FACE('',(#287),#6555,.F.);
#6847=ADVANCED_FACE('',(#288),#6556,.T.);
#6848=ADVANCED_FACE('',(#289),#6557,.T.);
#6849=ADVANCED_FACE('',(#290),#78,.F.);
#6850=ADVANCED_FACE('',(#291),#6558,.T.);
#6851=ADVANCED_FACE('',(#292),#79,.F.);
#6852=ADVANCED_FACE('',(#293),#6559,.F.);
#6853=ADVANCED_FACE('',(#294),#6560,.T.);
#6854=ADVANCED_FACE('',(#295),#6561,.T.);
#6855=ADVANCED_FACE('',(#296),#80,.F.);
#6856=ADVANCED_FACE('',(#297),#6562,.T.);
#6857=ADVANCED_FACE('',(#298),#81,.F.);
#6858=ADVANCED_FACE('',(#299),#6563,.F.);
#6859=ADVANCED_FACE('',(#300),#6564,.T.);
#6860=ADVANCED_FACE('',(#301),#6565,.T.);
#6861=ADVANCED_FACE('',(#302),#6566,.T.);
#6862=ADVANCED_FACE('',(#303),#82,.F.);
#6863=ADVANCED_FACE('',(#304),#6567,.T.);
#6864=ADVANCED_FACE('',(#305),#83,.F.);
#6865=ADVANCED_FACE('',(#306),#6568,.F.);
#6866=ADVANCED_FACE('',(#307),#6569,.T.);
#6867=ADVANCED_FACE('',(#308),#6570,.T.);
#6868=ADVANCED_FACE('',(#309),#84,.F.);
#6869=ADVANCED_FACE('',(#310),#6571,.T.);
#6870=ADVANCED_FACE('',(#311),#85,.F.);
#6871=ADVANCED_FACE('',(#312),#6572,.F.);
#6872=ADVANCED_FACE('',(#313),#6573,.T.);
#6873=ADVANCED_FACE('',(#314),#6574,.T.);
#6874=ADVANCED_FACE('',(#315),#86,.F.);
#6875=ADVANCED_FACE('',(#316),#6575,.T.);
#6876=ADVANCED_FACE('',(#317),#87,.F.);
#6877=ADVANCED_FACE('',(#318),#6576,.F.);
#6878=ADVANCED_FACE('',(#319),#6577,.T.);
#6879=ADVANCED_FACE('',(#320),#6578,.T.);
#6880=ADVANCED_FACE('',(#321),#6579,.T.);
#6881=ADVANCED_FACE('',(#322),#88,.F.);
#6882=ADVANCED_FACE('',(#323),#6580,.T.);
#6883=ADVANCED_FACE('',(#324),#89,.F.);
#6884=ADVANCED_FACE('',(#325),#6581,.F.);
#6885=ADVANCED_FACE('',(#326),#6582,.T.);
#6886=ADVANCED_FACE('',(#327),#6583,.T.);
#6887=ADVANCED_FACE('',(#328),#90,.F.);
#6888=ADVANCED_FACE('',(#329),#6584,.T.);
#6889=ADVANCED_FACE('',(#330),#91,.F.);
#6890=ADVANCED_FACE('',(#331),#6585,.F.);
#6891=ADVANCED_FACE('',(#332),#6586,.T.);
#6892=ADVANCED_FACE('',(#333),#6587,.T.);
#6893=ADVANCED_FACE('',(#334),#92,.F.);
#6894=ADVANCED_FACE('',(#335),#6588,.T.);
#6895=ADVANCED_FACE('',(#336),#93,.F.);
#6896=ADVANCED_FACE('',(#337),#6589,.F.);
#6897=ADVANCED_FACE('',(#338),#6590,.T.);
#6898=ADVANCED_FACE('',(#339),#6591,.T.);
#6899=ADVANCED_FACE('',(#340),#6592,.T.);
#6900=ADVANCED_FACE('',(#341),#94,.F.);
#6901=ADVANCED_FACE('',(#342),#6593,.T.);
#6902=ADVANCED_FACE('',(#343),#95,.F.);
#6903=ADVANCED_FACE('',(#344),#6594,.F.);
#6904=ADVANCED_FACE('',(#345),#6595,.T.);
#6905=ADVANCED_FACE('',(#346),#6596,.T.);
#6906=ADVANCED_FACE('',(#347),#96,.F.);
#6907=ADVANCED_FACE('',(#348),#6597,.T.);
#6908=ADVANCED_FACE('',(#349),#97,.F.);
#6909=ADVANCED_FACE('',(#350),#6598,.F.);
#6910=ADVANCED_FACE('',(#351),#6599,.T.);
#6911=ADVANCED_FACE('',(#352),#6600,.T.);
#6912=ADVANCED_FACE('',(#353),#98,.F.);
#6913=ADVANCED_FACE('',(#354),#6601,.T.);
#6914=ADVANCED_FACE('',(#355),#99,.F.);
#6915=ADVANCED_FACE('',(#356),#6602,.F.);
#6916=ADVANCED_FACE('',(#357),#6603,.T.);
#6917=ADVANCED_FACE('',(#358),#6604,.T.);
#6918=ADVANCED_FACE('',(#359),#6605,.T.);
#6919=ADVANCED_FACE('',(#360),#100,.F.);
#6920=ADVANCED_FACE('',(#361),#6606,.T.);
#6921=ADVANCED_FACE('',(#362),#101,.F.);
#6922=ADVANCED_FACE('',(#363),#6607,.F.);
#6923=ADVANCED_FACE('',(#364),#6608,.T.);
#6924=ADVANCED_FACE('',(#365),#6609,.T.);
#6925=ADVANCED_FACE('',(#366),#102,.F.);
#6926=ADVANCED_FACE('',(#367),#6610,.T.);
#6927=ADVANCED_FACE('',(#368),#103,.F.);
#6928=ADVANCED_FACE('',(#369),#6611,.F.);
#6929=ADVANCED_FACE('',(#370),#6612,.T.);
#6930=ADVANCED_FACE('',(#371),#6613,.T.);
#6931=ADVANCED_FACE('',(#372),#104,.F.);
#6932=ADVANCED_FACE('',(#373),#6614,.T.);
#6933=ADVANCED_FACE('',(#374),#105,.F.);
#6934=ADVANCED_FACE('',(#375),#6615,.F.);
#6935=ADVANCED_FACE('',(#376),#6616,.T.);
#6936=ADVANCED_FACE('',(#377),#6617,.T.);
#6937=ADVANCED_FACE('',(#378),#6618,.T.);
#6938=ADVANCED_FACE('',(#379),#106,.F.);
#6939=ADVANCED_FACE('',(#380),#6619,.T.);
#6940=ADVANCED_FACE('',(#381),#107,.F.);
#6941=ADVANCED_FACE('',(#382),#6620,.F.);
#6942=ADVANCED_FACE('',(#383),#6621,.T.);
#6943=ADVANCED_FACE('',(#384),#6622,.T.);
#6944=ADVANCED_FACE('',(#385),#108,.F.);
#6945=ADVANCED_FACE('',(#386),#6623,.T.);
#6946=ADVANCED_FACE('',(#387),#109,.F.);
#6947=ADVANCED_FACE('',(#388),#6624,.F.);
#6948=ADVANCED_FACE('',(#389),#6625,.T.);
#6949=ADVANCED_FACE('',(#390),#6626,.T.);
#6950=ADVANCED_FACE('',(#391),#110,.F.);
#6951=ADVANCED_FACE('',(#392),#6627,.T.);
#6952=ADVANCED_FACE('',(#393),#111,.F.);
#6953=ADVANCED_FACE('',(#394),#6628,.F.);
#6954=ADVANCED_FACE('',(#395),#6629,.T.);
#6955=ADVANCED_FACE('',(#396),#6630,.T.);
#6956=ADVANCED_FACE('',(#397),#6631,.T.);
#6957=ADVANCED_FACE('',(#398),#112,.F.);
#6958=ADVANCED_FACE('',(#399),#6632,.T.);
#6959=ADVANCED_FACE('',(#400),#113,.F.);
#6960=ADVANCED_FACE('',(#401),#6633,.F.);
#6961=ADVANCED_FACE('',(#402),#6634,.T.);
#6962=ADVANCED_FACE('',(#403),#6635,.T.);
#6963=ADVANCED_FACE('',(#404),#114,.F.);
#6964=ADVANCED_FACE('',(#405),#6636,.T.);
#6965=ADVANCED_FACE('',(#406),#115,.F.);
#6966=ADVANCED_FACE('',(#407),#6637,.F.);
#6967=ADVANCED_FACE('',(#408),#6638,.T.);
#6968=ADVANCED_FACE('',(#409),#6639,.T.);
#6969=ADVANCED_FACE('',(#410),#116,.F.);
#6970=ADVANCED_FACE('',(#411),#6640,.T.);
#6971=ADVANCED_FACE('',(#412),#117,.F.);
#6972=ADVANCED_FACE('',(#413),#6641,.F.);
#6973=ADVANCED_FACE('',(#414),#6642,.T.);
#6974=ADVANCED_FACE('',(#415),#6643,.T.);
#6975=ADVANCED_FACE('',(#416),#6644,.T.);
#6976=ADVANCED_FACE('',(#417),#118,.F.);
#6977=ADVANCED_FACE('',(#418),#6645,.T.);
#6978=ADVANCED_FACE('',(#419),#119,.F.);
#6979=ADVANCED_FACE('',(#420),#6646,.F.);
#6980=ADVANCED_FACE('',(#421),#6647,.T.);
#6981=ADVANCED_FACE('',(#422),#6648,.T.);
#6982=ADVANCED_FACE('',(#423),#120,.F.);
#6983=ADVANCED_FACE('',(#424),#6649,.T.);
#6984=ADVANCED_FACE('',(#425),#121,.F.);
#6985=ADVANCED_FACE('',(#426),#6650,.F.);
#6986=ADVANCED_FACE('',(#427),#6651,.T.);
#6987=ADVANCED_FACE('',(#428),#6652,.T.);
#6988=ADVANCED_FACE('',(#429),#122,.F.);
#6989=ADVANCED_FACE('',(#430),#6653,.T.);
#6990=ADVANCED_FACE('',(#431),#123,.F.);
#6991=ADVANCED_FACE('',(#432),#6654,.F.);
#6992=ADVANCED_FACE('',(#433),#6655,.T.);
#6993=ADVANCED_FACE('',(#434),#6656,.T.);
#6994=ADVANCED_FACE('',(#435),#6657,.T.);
#6995=ADVANCED_FACE('',(#436),#124,.F.);
#6996=ADVANCED_FACE('',(#437),#6658,.T.);
#6997=ADVANCED_FACE('',(#438),#125,.F.);
#6998=ADVANCED_FACE('',(#439),#6659,.F.);
#6999=ADVANCED_FACE('',(#440),#6660,.T.);
#7000=ADVANCED_FACE('',(#441),#6661,.T.);
#7001=ADVANCED_FACE('',(#442),#126,.F.);
#7002=ADVANCED_FACE('',(#443),#6662,.T.);
#7003=ADVANCED_FACE('',(#444),#127,.F.);
#7004=ADVANCED_FACE('',(#445),#6663,.F.);
#7005=ADVANCED_FACE('',(#446),#6664,.T.);
#7006=ADVANCED_FACE('',(#447),#6665,.T.);
#7007=ADVANCED_FACE('',(#448),#128,.F.);
#7008=ADVANCED_FACE('',(#449),#6666,.T.);
#7009=ADVANCED_FACE('',(#450),#129,.F.);
#7010=ADVANCED_FACE('',(#451),#6667,.F.);
#7011=ADVANCED_FACE('',(#452),#6668,.T.);
#7012=ADVANCED_FACE('',(#453),#6669,.T.);
#7013=ADVANCED_FACE('',(#454),#6670,.T.);
#7014=ADVANCED_FACE('',(#455),#130,.F.);
#7015=ADVANCED_FACE('',(#456),#6671,.T.);
#7016=ADVANCED_FACE('',(#457),#131,.F.);
#7017=ADVANCED_FACE('',(#458),#6672,.F.);
#7018=ADVANCED_FACE('',(#459),#6673,.T.);
#7019=ADVANCED_FACE('',(#460),#6674,.T.);
#7020=ADVANCED_FACE('',(#461),#132,.F.);
#7021=ADVANCED_FACE('',(#462),#6675,.T.);
#7022=ADVANCED_FACE('',(#463),#133,.F.);
#7023=ADVANCED_FACE('',(#464),#6676,.F.);
#7024=ADVANCED_FACE('',(#465),#6677,.T.);
#7025=ADVANCED_FACE('',(#466),#6678,.T.);
#7026=ADVANCED_FACE('',(#467),#134,.F.);
#7027=ADVANCED_FACE('',(#468),#6679,.T.);
#7028=ADVANCED_FACE('',(#469),#135,.F.);
#7029=ADVANCED_FACE('',(#470),#6680,.F.);
#7030=ADVANCED_FACE('',(#471),#6681,.T.);
#7031=ADVANCED_FACE('',(#472),#6682,.T.);
#7032=ADVANCED_FACE('',(#473),#6683,.T.);
#7033=ADVANCED_FACE('',(#474),#136,.F.);
#7034=ADVANCED_FACE('',(#475),#6684,.T.);
#7035=ADVANCED_FACE('',(#476),#137,.F.);
#7036=ADVANCED_FACE('',(#477),#6685,.F.);
#7037=ADVANCED_FACE('',(#478),#6686,.T.);
#7038=ADVANCED_FACE('',(#479),#6687,.T.);
#7039=ADVANCED_FACE('',(#480),#138,.F.);
#7040=ADVANCED_FACE('',(#481),#6688,.T.);
#7041=ADVANCED_FACE('',(#482),#139,.F.);
#7042=ADVANCED_FACE('',(#483),#6689,.F.);
#7043=ADVANCED_FACE('',(#484),#6690,.T.);
#7044=ADVANCED_FACE('',(#485),#6691,.T.);
#7045=ADVANCED_FACE('',(#486),#140,.F.);
#7046=ADVANCED_FACE('',(#487),#6692,.T.);
#7047=ADVANCED_FACE('',(#488),#141,.F.);
#7048=ADVANCED_FACE('',(#489),#6693,.F.);
#7049=ADVANCED_FACE('',(#490),#6694,.T.);
#7050=ADVANCED_FACE('',(#491),#142,.T.);
#7051=ADVANCED_FACE('',(#492),#6695,.T.);
#7052=ADVANCED_FACE('',(#493),#143,.T.);
#7053=ADVANCED_FACE('',(#494),#6696,.F.);
#7054=ADVANCED_FACE('',(#495),#6697,.F.);
#7055=ADVANCED_FACE('',(#496),#6698,.F.);
#7056=ADVANCED_FACE('',(#497),#6699,.F.);
#7057=ADVANCED_FACE('',(#498),#6700,.F.);
#7058=ADVANCED_FACE('',(#499),#6701,.F.);
#7059=ADVANCED_FACE('',(#500),#6702,.T.);
#7060=ADVANCED_FACE('',(#501),#6703,.F.);
#7061=ADVANCED_FACE('',(#502),#144,.T.);
#7062=ADVANCED_FACE('',(#503),#6704,.T.);
#7063=ADVANCED_FACE('',(#504),#145,.T.);
#7064=CLOSED_SHELL('',(#6705,#6706,#6707,#6708,#6709,#6710,#6711,#6712,
#6713,#6714,#6715,#6716,#6717,#6718,#6719,#6720,#6721,#6722,#6723,#6724,
#6725,#6726,#6727,#6728,#6729,#6730,#6731,#6732,#6733,#6734,#6735,#6736,
#6737,#6738,#6739,#6740,#6741,#6742,#6743,#6744,#6745,#6746,#6747,#6748,
#6749,#6750,#6751,#6752,#6753,#6754,#6755,#6756,#6757,#6758,#6759,#6760,
#6761,#6762,#6763,#6764,#6765,#6766,#6767,#6768,#6769,#6770,#6771,#6772,
#6773,#6774,#6775,#6776,#6777,#6778,#6779,#6780,#6781,#6782,#6783,#6784,
#6785,#6786,#6787,#6788,#6789,#6790,#6791,#6792,#6793,#6794,#6795,#6796,
#6797,#6798,#6799,#6800,#6801,#6802,#6803,#6804,#6805,#6806,#6807,#6808,
#6809,#6810,#6811,#6812,#6813,#6814,#6815,#6816,#6817,#6818,#6819,#6820,
#6821,#6822,#6823,#6824,#6825,#6826,#6827,#6828,#6829,#6830,#6831,#6832,
#6833,#6834,#6835,#6836,#6837,#6838,#6839,#6840,#6841,#6842,#6843,#6844,
#6845,#6846,#6847,#6848,#6849,#6850,#6851,#6852,#6853,#6854,#6855,#6856,
#6857,#6858,#6859,#6860,#6861,#6862,#6863,#6864,#6865,#6866,#6867,#6868,
#6869,#6870,#6871,#6872,#6873,#6874,#6875,#6876,#6877,#6878,#6879,#6880,
#6881,#6882,#6883,#6884,#6885,#6886,#6887,#6888,#6889,#6890,#6891,#6892,
#6893,#6894,#6895,#6896,#6897,#6898,#6899,#6900,#6901,#6902,#6903,#6904,
#6905,#6906,#6907,#6908,#6909,#6910,#6911,#6912,#6913,#6914,#6915,#6916,
#6917,#6918,#6919,#6920,#6921,#6922,#6923,#6924,#6925,#6926,#6927,#6928,
#6929,#6930,#6931,#6932,#6933,#6934,#6935,#6936,#6937,#6938,#6939,#6940,
#6941,#6942,#6943,#6944,#6945,#6946,#6947,#6948,#6949,#6950,#6951,#6952,
#6953,#6954,#6955,#6956,#6957,#6958,#6959,#6960,#6961,#6962,#6963,#6964,
#6965,#6966,#6967,#6968,#6969,#6970,#6971,#6972,#6973,#6974,#6975,#6976,
#6977,#6978,#6979,#6980,#6981,#6982,#6983,#6984,#6985,#6986,#6987,#6988,
#6989,#6990,#6991,#6992,#6993,#6994,#6995,#6996,#6997,#6998,#6999,#7000,
#7001,#7002,#7003,#7004,#7005,#7006,#7007,#7008,#7009,#7010,#7011,#7012,
#7013,#7014,#7015,#7016,#7017,#7018,#7019,#7020,#7021,#7022,#7023,#7024,
#7025,#7026,#7027,#7028,#7029,#7030,#7031,#7032,#7033,#7034,#7035,#7036,
#7037,#7038,#7039,#7040,#7041,#7042,#7043,#7044,#7045,#7046,#7047,#7048,
#7049,#7050,#7051,#7052,#7053,#7054,#7055,#7056,#7057,#7058,#7059,#7060,
#7061,#7062,#7063));
#7065=DERIVED_UNIT_ELEMENT(#7067,1.);
#7066=DERIVED_UNIT_ELEMENT(#12330,-3.);
#7067=(
MASS_UNIT()
NAMED_UNIT(*)
SI_UNIT(.KILO.,.GRAM.)
);
#7068=DERIVED_UNIT((#7065,#7066));
#7069=MEASURE_REPRESENTATION_ITEM('density measure',
POSITIVE_RATIO_MEASURE(7850.),#7068);
#7070=PROPERTY_DEFINITION_REPRESENTATION(#7075,#7072);
#7071=PROPERTY_DEFINITION_REPRESENTATION(#7076,#7073);
#7072=REPRESENTATION('material name',(#7074),#12327);
#7073=REPRESENTATION('density',(#7069),#12327);
#7074=DESCRIPTIVE_REPRESENTATION_ITEM('Steel','Steel');
#7075=PROPERTY_DEFINITION('material property','material name',#12337);
#7076=PROPERTY_DEFINITION('material property','density of part',#12337);
#7077=AXIS2_PLACEMENT_3D('',#10180,#7913,#7914);
#7078=AXIS2_PLACEMENT_3D('',#10181,#7915,#7916);
#7079=AXIS2_PLACEMENT_3D('',#10184,#7917,#7918);
#7080=AXIS2_PLACEMENT_3D('',#10188,#7920,#7921);
#7081=AXIS2_PLACEMENT_3D('',#10190,#7923,#7924);
#7082=AXIS2_PLACEMENT_3D('',#10196,#7928,#7929);
#7083=AXIS2_PLACEMENT_3D('',#10198,#7930,#7931);
#7084=AXIS2_PLACEMENT_3D('',#10200,#7932,#7933);
#7085=AXIS2_PLACEMENT_3D('',#10204,#7935,#7936);
#7086=AXIS2_PLACEMENT_3D('',#10208,#7938,#7939);
#7087=AXIS2_PLACEMENT_3D('',#10210,#7940,#7941);
#7088=AXIS2_PLACEMENT_3D('',#10212,#7942,#7943);
#7089=AXIS2_PLACEMENT_3D('',#10216,#7945,#7946);
#7090=AXIS2_PLACEMENT_3D('',#10220,#7948,#7949);
#7091=AXIS2_PLACEMENT_3D('',#10222,#7950,#7951);
#7092=AXIS2_PLACEMENT_3D('',#10224,#7952,#7953);
#7093=AXIS2_PLACEMENT_3D('',#10228,#7955,#7956);
#7094=AXIS2_PLACEMENT_3D('',#10232,#7958,#7959);
#7095=AXIS2_PLACEMENT_3D('',#10234,#7960,#7961);
#7096=AXIS2_PLACEMENT_3D('',#10236,#7962,#7963);
#7097=AXIS2_PLACEMENT_3D('',#10240,#7965,#7966);
#7098=AXIS2_PLACEMENT_3D('',#10244,#7968,#7969);
#7099=AXIS2_PLACEMENT_3D('',#10246,#7970,#7971);
#7100=AXIS2_PLACEMENT_3D('',#10248,#7972,#7973);
#7101=AXIS2_PLACEMENT_3D('',#10252,#7975,#7976);
#7102=AXIS2_PLACEMENT_3D('',#10256,#7978,#7979);
#7103=AXIS2_PLACEMENT_3D('',#10258,#7980,#7981);
#7104=AXIS2_PLACEMENT_3D('',#10260,#7982,#7983);
#7105=AXIS2_PLACEMENT_3D('',#10264,#7985,#7986);
#7106=AXIS2_PLACEMENT_3D('',#10268,#7988,#7989);
#7107=AXIS2_PLACEMENT_3D('',#10270,#7990,#7991);
#7108=AXIS2_PLACEMENT_3D('',#10272,#7992,#7993);
#7109=AXIS2_PLACEMENT_3D('',#10276,#7995,#7996);
#7110=AXIS2_PLACEMENT_3D('',#10280,#7998,#7999);
#7111=AXIS2_PLACEMENT_3D('',#10282,#8000,#8001);
#7112=AXIS2_PLACEMENT_3D('',#10284,#8002,#8003);
#7113=AXIS2_PLACEMENT_3D('',#10288,#8005,#8006);
#7114=AXIS2_PLACEMENT_3D('',#10292,#8008,#8009);
#7115=AXIS2_PLACEMENT_3D('',#10294,#8010,#8011);
#7116=AXIS2_PLACEMENT_3D('',#10296,#8012,#8013);
#7117=AXIS2_PLACEMENT_3D('',#10300,#8015,#8016);
#7118=AXIS2_PLACEMENT_3D('',#10304,#8018,#8019);
#7119=AXIS2_PLACEMENT_3D('',#10306,#8020,#8021);
#7120=AXIS2_PLACEMENT_3D('',#10308,#8022,#8023);
#7121=AXIS2_PLACEMENT_3D('',#10312,#8025,#8026);
#7122=AXIS2_PLACEMENT_3D('',#10316,#8028,#8029);
#7123=AXIS2_PLACEMENT_3D('',#10318,#8030,#8031);
#7124=AXIS2_PLACEMENT_3D('',#10320,#8032,#8033);
#7125=AXIS2_PLACEMENT_3D('',#10324,#8035,#8036);
#7126=AXIS2_PLACEMENT_3D('',#10328,#8038,#8039);
#7127=AXIS2_PLACEMENT_3D('',#10330,#8040,#8041);
#7128=AXIS2_PLACEMENT_3D('',#10332,#8042,#8043);
#7129=AXIS2_PLACEMENT_3D('',#10336,#8045,#8046);
#7130=AXIS2_PLACEMENT_3D('',#10340,#8048,#8049);
#7131=AXIS2_PLACEMENT_3D('',#10342,#8050,#8051);
#7132=AXIS2_PLACEMENT_3D('',#10344,#8052,#8053);
#7133=AXIS2_PLACEMENT_3D('',#10348,#8055,#8056);
#7134=AXIS2_PLACEMENT_3D('',#10352,#8058,#8059);
#7135=AXIS2_PLACEMENT_3D('',#10354,#8060,#8061);
#7136=AXIS2_PLACEMENT_3D('',#10356,#8062,#8063);
#7137=AXIS2_PLACEMENT_3D('',#10360,#8065,#8066);
#7138=AXIS2_PLACEMENT_3D('',#10364,#8068,#8069);
#7139=AXIS2_PLACEMENT_3D('',#10366,#8070,#8071);
#7140=AXIS2_PLACEMENT_3D('',#10368,#8072,#8073);
#7141=AXIS2_PLACEMENT_3D('',#10372,#8075,#8076);
#7142=AXIS2_PLACEMENT_3D('',#10376,#8078,#8079);
#7143=AXIS2_PLACEMENT_3D('',#10378,#8080,#8081);
#7144=AXIS2_PLACEMENT_3D('',#10380,#8082,#8083);
#7145=AXIS2_PLACEMENT_3D('',#10384,#8085,#8086);
#7146=AXIS2_PLACEMENT_3D('',#10388,#8088,#8089);
#7147=AXIS2_PLACEMENT_3D('',#10390,#8090,#8091);
#7148=AXIS2_PLACEMENT_3D('',#10392,#8092,#8093);
#7149=AXIS2_PLACEMENT_3D('',#10396,#8095,#8096);
#7150=AXIS2_PLACEMENT_3D('',#10400,#8098,#8099);
#7151=AXIS2_PLACEMENT_3D('',#10402,#8100,#8101);
#7152=AXIS2_PLACEMENT_3D('',#10404,#8102,#8103);
#7153=AXIS2_PLACEMENT_3D('',#10408,#8105,#8106);
#7154=AXIS2_PLACEMENT_3D('',#10412,#8108,#8109);
#7155=AXIS2_PLACEMENT_3D('',#10414,#8110,#8111);
#7156=AXIS2_PLACEMENT_3D('',#10416,#8112,#8113);
#7157=AXIS2_PLACEMENT_3D('',#10420,#8115,#8116);
#7158=AXIS2_PLACEMENT_3D('',#10424,#8118,#8119);
#7159=AXIS2_PLACEMENT_3D('',#10426,#8120,#8121);
#7160=AXIS2_PLACEMENT_3D('',#10428,#8122,#8123);
#7161=AXIS2_PLACEMENT_3D('',#10432,#8125,#8126);
#7162=AXIS2_PLACEMENT_3D('',#10436,#8128,#8129);
#7163=AXIS2_PLACEMENT_3D('',#10438,#8130,#8131);
#7164=AXIS2_PLACEMENT_3D('',#10440,#8132,#8133);
#7165=AXIS2_PLACEMENT_3D('',#10444,#8135,#8136);
#7166=AXIS2_PLACEMENT_3D('',#10448,#8138,#8139);
#7167=AXIS2_PLACEMENT_3D('',#10450,#8140,#8141);
#7168=AXIS2_PLACEMENT_3D('',#10452,#8142,#8143);
#7169=AXIS2_PLACEMENT_3D('',#10456,#8145,#8146);
#7170=AXIS2_PLACEMENT_3D('',#10460,#8148,#8149);
#7171=AXIS2_PLACEMENT_3D('',#10462,#8150,#8151);
#7172=AXIS2_PLACEMENT_3D('',#10464,#8152,#8153);
#7173=AXIS2_PLACEMENT_3D('',#10468,#8155,#8156);
#7174=AXIS2_PLACEMENT_3D('',#10472,#8158,#8159);
#7175=AXIS2_PLACEMENT_3D('',#10474,#8160,#8161);
#7176=AXIS2_PLACEMENT_3D('',#10476,#8162,#8163);
#7177=AXIS2_PLACEMENT_3D('',#10480,#8165,#8166);
#7178=AXIS2_PLACEMENT_3D('',#10484,#8168,#8169);
#7179=AXIS2_PLACEMENT_3D('',#10486,#8170,#8171);
#7180=AXIS2_PLACEMENT_3D('',#10488,#8172,#8173);
#7181=AXIS2_PLACEMENT_3D('',#10492,#8175,#8176);
#7182=AXIS2_PLACEMENT_3D('',#10496,#8178,#8179);
#7183=AXIS2_PLACEMENT_3D('',#10498,#8180,#8181);
#7184=AXIS2_PLACEMENT_3D('',#10500,#8182,#8183);
#7185=AXIS2_PLACEMENT_3D('',#10504,#8185,#8186);
#7186=AXIS2_PLACEMENT_3D('',#10508,#8188,#8189);
#7187=AXIS2_PLACEMENT_3D('',#10510,#8190,#8191);
#7188=AXIS2_PLACEMENT_3D('',#10512,#8192,#8193);
#7189=AXIS2_PLACEMENT_3D('',#10516,#8195,#8196);
#7190=AXIS2_PLACEMENT_3D('',#10520,#8198,#8199);
#7191=AXIS2_PLACEMENT_3D('',#10522,#8200,#8201);
#7192=AXIS2_PLACEMENT_3D('',#10524,#8202,#8203);
#7193=AXIS2_PLACEMENT_3D('',#10528,#8205,#8206);
#7194=AXIS2_PLACEMENT_3D('',#10532,#8208,#8209);
#7195=AXIS2_PLACEMENT_3D('',#10534,#8210,#8211);
#7196=AXIS2_PLACEMENT_3D('',#10536,#8212,#8213);
#7197=AXIS2_PLACEMENT_3D('',#10540,#8215,#8216);
#7198=AXIS2_PLACEMENT_3D('',#10544,#8218,#8219);
#7199=AXIS2_PLACEMENT_3D('',#10546,#8220,#8221);
#7200=AXIS2_PLACEMENT_3D('',#10548,#8222,#8223);
#7201=AXIS2_PLACEMENT_3D('',#10552,#8225,#8226);
#7202=AXIS2_PLACEMENT_3D('',#10556,#8228,#8229);
#7203=AXIS2_PLACEMENT_3D('',#10558,#8230,#8231);
#7204=AXIS2_PLACEMENT_3D('',#10560,#8232,#8233);
#7205=AXIS2_PLACEMENT_3D('',#10564,#8235,#8236);
#7206=AXIS2_PLACEMENT_3D('',#10568,#8238,#8239);
#7207=AXIS2_PLACEMENT_3D('',#10570,#8240,#8241);
#7208=AXIS2_PLACEMENT_3D('',#10572,#8242,#8243);
#7209=AXIS2_PLACEMENT_3D('',#10576,#8245,#8246);
#7210=AXIS2_PLACEMENT_3D('',#10580,#8248,#8249);
#7211=AXIS2_PLACEMENT_3D('',#10582,#8250,#8251);
#7212=AXIS2_PLACEMENT_3D('',#10584,#8252,#8253);
#7213=AXIS2_PLACEMENT_3D('',#10588,#8255,#8256);
#7214=AXIS2_PLACEMENT_3D('',#10592,#8258,#8259);
#7215=AXIS2_PLACEMENT_3D('',#10594,#8260,#8261);
#7216=AXIS2_PLACEMENT_3D('',#10596,#8262,#8263);
#7217=AXIS2_PLACEMENT_3D('',#10600,#8265,#8266);
#7218=AXIS2_PLACEMENT_3D('',#10604,#8268,#8269);
#7219=AXIS2_PLACEMENT_3D('',#10606,#8270,#8271);
#7220=AXIS2_PLACEMENT_3D('',#10608,#8272,#8273);
#7221=AXIS2_PLACEMENT_3D('',#10612,#8275,#8276);
#7222=AXIS2_PLACEMENT_3D('',#10616,#8278,#8279);
#7223=AXIS2_PLACEMENT_3D('',#10618,#8280,#8281);
#7224=AXIS2_PLACEMENT_3D('',#10620,#8282,#8283);
#7225=AXIS2_PLACEMENT_3D('',#10624,#8285,#8286);
#7226=AXIS2_PLACEMENT_3D('',#10628,#8288,#8289);
#7227=AXIS2_PLACEMENT_3D('',#10630,#8290,#8291);
#7228=AXIS2_PLACEMENT_3D('',#10632,#8292,#8293);
#7229=AXIS2_PLACEMENT_3D('',#10636,#8295,#8296);
#7230=AXIS2_PLACEMENT_3D('',#10640,#8298,#8299);
#7231=AXIS2_PLACEMENT_3D('',#10642,#8300,#8301);
#7232=AXIS2_PLACEMENT_3D('',#10644,#8302,#8303);
#7233=AXIS2_PLACEMENT_3D('',#10648,#8305,#8306);
#7234=AXIS2_PLACEMENT_3D('',#10652,#8308,#8309);
#7235=AXIS2_PLACEMENT_3D('',#10654,#8310,#8311);
#7236=AXIS2_PLACEMENT_3D('',#10656,#8312,#8313);
#7237=AXIS2_PLACEMENT_3D('',#10660,#8315,#8316);
#7238=AXIS2_PLACEMENT_3D('',#10664,#8318,#8319);
#7239=AXIS2_PLACEMENT_3D('',#10666,#8320,#8321);
#7240=AXIS2_PLACEMENT_3D('',#10668,#8322,#8323);
#7241=AXIS2_PLACEMENT_3D('',#10672,#8325,#8326);
#7242=AXIS2_PLACEMENT_3D('',#10676,#8328,#8329);
#7243=AXIS2_PLACEMENT_3D('',#10678,#8330,#8331);
#7244=AXIS2_PLACEMENT_3D('',#10680,#8332,#8333);
#7245=AXIS2_PLACEMENT_3D('',#10684,#8335,#8336);
#7246=AXIS2_PLACEMENT_3D('',#10688,#8338,#8339);
#7247=AXIS2_PLACEMENT_3D('',#10690,#8340,#8341);
#7248=AXIS2_PLACEMENT_3D('',#10692,#8342,#8343);
#7249=AXIS2_PLACEMENT_3D('',#10696,#8345,#8346);
#7250=AXIS2_PLACEMENT_3D('',#10700,#8348,#8349);
#7251=AXIS2_PLACEMENT_3D('',#10702,#8350,#8351);
#7252=AXIS2_PLACEMENT_3D('',#10704,#8352,#8353);
#7253=AXIS2_PLACEMENT_3D('',#10708,#8355,#8356);
#7254=AXIS2_PLACEMENT_3D('',#10712,#8358,#8359);
#7255=AXIS2_PLACEMENT_3D('',#10714,#8360,#8361);
#7256=AXIS2_PLACEMENT_3D('',#10716,#8362,#8363);
#7257=AXIS2_PLACEMENT_3D('',#10720,#8365,#8366);
#7258=AXIS2_PLACEMENT_3D('',#10724,#8368,#8369);
#7259=AXIS2_PLACEMENT_3D('',#10726,#8370,#8371);
#7260=AXIS2_PLACEMENT_3D('',#10728,#8372,#8373);
#7261=AXIS2_PLACEMENT_3D('',#10732,#8375,#8376);
#7262=AXIS2_PLACEMENT_3D('',#10736,#8378,#8379);
#7263=AXIS2_PLACEMENT_3D('',#10738,#8380,#8381);
#7264=AXIS2_PLACEMENT_3D('',#10740,#8382,#8383);
#7265=AXIS2_PLACEMENT_3D('',#10744,#8385,#8386);
#7266=AXIS2_PLACEMENT_3D('',#10748,#8388,#8389);
#7267=AXIS2_PLACEMENT_3D('',#10750,#8390,#8391);
#7268=AXIS2_PLACEMENT_3D('',#10752,#8392,#8393);
#7269=AXIS2_PLACEMENT_3D('',#10756,#8395,#8396);
#7270=AXIS2_PLACEMENT_3D('',#10760,#8398,#8399);
#7271=AXIS2_PLACEMENT_3D('',#10762,#8400,#8401);
#7272=AXIS2_PLACEMENT_3D('',#10764,#8402,#8403);
#7273=AXIS2_PLACEMENT_3D('',#10768,#8405,#8406);
#7274=AXIS2_PLACEMENT_3D('',#10772,#8408,#8409);
#7275=AXIS2_PLACEMENT_3D('',#10774,#8410,#8411);
#7276=AXIS2_PLACEMENT_3D('',#10776,#8412,#8413);
#7277=AXIS2_PLACEMENT_3D('',#10780,#8415,#8416);
#7278=AXIS2_PLACEMENT_3D('',#10784,#8418,#8419);
#7279=AXIS2_PLACEMENT_3D('',#10786,#8420,#8421);
#7280=AXIS2_PLACEMENT_3D('',#10788,#8422,#8423);
#7281=AXIS2_PLACEMENT_3D('',#10792,#8425,#8426);
#7282=AXIS2_PLACEMENT_3D('',#10796,#8428,#8429);
#7283=AXIS2_PLACEMENT_3D('',#10798,#8430,#8431);
#7284=AXIS2_PLACEMENT_3D('',#10800,#8432,#8433);
#7285=AXIS2_PLACEMENT_3D('',#10804,#8435,#8436);
#7286=AXIS2_PLACEMENT_3D('',#10808,#8438,#8439);
#7287=AXIS2_PLACEMENT_3D('',#10810,#8440,#8441);
#7288=AXIS2_PLACEMENT_3D('',#10812,#8442,#8443);
#7289=AXIS2_PLACEMENT_3D('',#10816,#8445,#8446);
#7290=AXIS2_PLACEMENT_3D('',#10820,#8448,#8449);
#7291=AXIS2_PLACEMENT_3D('',#10822,#8450,#8451);
#7292=AXIS2_PLACEMENT_3D('',#10824,#8452,#8453);
#7293=AXIS2_PLACEMENT_3D('',#10828,#8455,#8456);
#7294=AXIS2_PLACEMENT_3D('',#10832,#8458,#8459);
#7295=AXIS2_PLACEMENT_3D('',#10834,#8460,#8461);
#7296=AXIS2_PLACEMENT_3D('',#10836,#8462,#8463);
#7297=AXIS2_PLACEMENT_3D('',#10840,#8465,#8466);
#7298=AXIS2_PLACEMENT_3D('',#10844,#8468,#8469);
#7299=AXIS2_PLACEMENT_3D('',#10846,#8470,#8471);
#7300=AXIS2_PLACEMENT_3D('',#10848,#8472,#8473);
#7301=AXIS2_PLACEMENT_3D('',#10852,#8475,#8476);
#7302=AXIS2_PLACEMENT_3D('',#10856,#8478,#8479);
#7303=AXIS2_PLACEMENT_3D('',#10858,#8480,#8481);
#7304=AXIS2_PLACEMENT_3D('',#10860,#8482,#8483);
#7305=AXIS2_PLACEMENT_3D('',#10864,#8485,#8486);
#7306=AXIS2_PLACEMENT_3D('',#10868,#8488,#8489);
#7307=AXIS2_PLACEMENT_3D('',#10872,#8491,#8492);
#7308=AXIS2_PLACEMENT_3D('',#10878,#8495,#8496);
#7309=AXIS2_PLACEMENT_3D('',#10882,#8498,#8499);
#7310=AXIS2_PLACEMENT_3D('',#10886,#8501,#8502);
#7311=AXIS2_PLACEMENT_3D('',#10889,#8504,#8505);
#7312=AXIS2_PLACEMENT_3D('',#10892,#8506,#8507);
#7313=AXIS2_PLACEMENT_3D('',#10894,#8508,#8509);
#7314=AXIS2_PLACEMENT_3D('',#10896,#8510,#8511);
#7315=AXIS2_PLACEMENT_3D('',#10897,#8512,#8513);
#7316=AXIS2_PLACEMENT_3D('',#10899,#8514,#8515);
#7317=AXIS2_PLACEMENT_3D('',#10901,#8516,#8517);
#7318=AXIS2_PLACEMENT_3D('',#10903,#8518,#8519);
#7319=AXIS2_PLACEMENT_3D('',#10905,#8520,#8521);
#7320=AXIS2_PLACEMENT_3D('',#10906,#8522,#8523);
#7321=AXIS2_PLACEMENT_3D('',#10910,#8525,#8526);
#7322=AXIS2_PLACEMENT_3D('',#10912,#8528,#8529);
#7323=AXIS2_PLACEMENT_3D('',#10916,#8532,#8533);
#7324=AXIS2_PLACEMENT_3D('',#10917,#8534,#8535);
#7325=AXIS2_PLACEMENT_3D('',#10918,#8536,#8537);
#7326=AXIS2_PLACEMENT_3D('',#10922,#8539,#8540);
#7327=AXIS2_PLACEMENT_3D('',#10926,#8542,#8543);
#7328=AXIS2_PLACEMENT_3D('',#10932,#8546,#8547);
#7329=AXIS2_PLACEMENT_3D('',#10936,#8549,#8550);
#7330=AXIS2_PLACEMENT_3D('',#10940,#8552,#8553);
#7331=AXIS2_PLACEMENT_3D('',#10944,#8555,#8556);
#7332=AXIS2_PLACEMENT_3D('',#10946,#8557,#8558);
#7333=AXIS2_PLACEMENT_3D('',#10948,#8559,#8560);
#7334=AXIS2_PLACEMENT_3D('',#10952,#8562,#8563);
#7335=AXIS2_PLACEMENT_3D('',#10956,#8565,#8566);
#7336=AXIS2_PLACEMENT_3D('',#10958,#8567,#8568);
#7337=AXIS2_PLACEMENT_3D('',#10960,#8569,#8570);
#7338=AXIS2_PLACEMENT_3D('',#10964,#8572,#8573);
#7339=AXIS2_PLACEMENT_3D('',#10968,#8575,#8576);
#7340=AXIS2_PLACEMENT_3D('',#10970,#8577,#8578);
#7341=AXIS2_PLACEMENT_3D('',#10972,#8579,#8580);
#7342=AXIS2_PLACEMENT_3D('',#10976,#8582,#8583);
#7343=AXIS2_PLACEMENT_3D('',#10980,#8585,#8586);
#7344=AXIS2_PLACEMENT_3D('',#10982,#8587,#8588);
#7345=AXIS2_PLACEMENT_3D('',#10984,#8589,#8590);
#7346=AXIS2_PLACEMENT_3D('',#10988,#8592,#8593);
#7347=AXIS2_PLACEMENT_3D('',#10992,#8595,#8596);
#7348=AXIS2_PLACEMENT_3D('',#10994,#8597,#8598);
#7349=AXIS2_PLACEMENT_3D('',#10996,#8599,#8600);
#7350=AXIS2_PLACEMENT_3D('',#11000,#8602,#8603);
#7351=AXIS2_PLACEMENT_3D('',#11004,#8605,#8606);
#7352=AXIS2_PLACEMENT_3D('',#11006,#8607,#8608);
#7353=AXIS2_PLACEMENT_3D('',#11008,#8609,#8610);
#7354=AXIS2_PLACEMENT_3D('',#11012,#8612,#8613);
#7355=AXIS2_PLACEMENT_3D('',#11016,#8615,#8616);
#7356=AXIS2_PLACEMENT_3D('',#11018,#8617,#8618);
#7357=AXIS2_PLACEMENT_3D('',#11020,#8619,#8620);
#7358=AXIS2_PLACEMENT_3D('',#11024,#8622,#8623);
#7359=AXIS2_PLACEMENT_3D('',#11028,#8625,#8626);
#7360=AXIS2_PLACEMENT_3D('',#11030,#8627,#8628);
#7361=AXIS2_PLACEMENT_3D('',#11032,#8629,#8630);
#7362=AXIS2_PLACEMENT_3D('',#11036,#8632,#8633);
#7363=AXIS2_PLACEMENT_3D('',#11040,#8635,#8636);
#7364=AXIS2_PLACEMENT_3D('',#11042,#8637,#8638);
#7365=AXIS2_PLACEMENT_3D('',#11044,#8639,#8640);
#7366=AXIS2_PLACEMENT_3D('',#11048,#8642,#8643);
#7367=AXIS2_PLACEMENT_3D('',#11052,#8645,#8646);
#7368=AXIS2_PLACEMENT_3D('',#11054,#8647,#8648);
#7369=AXIS2_PLACEMENT_3D('',#11056,#8649,#8650);
#7370=AXIS2_PLACEMENT_3D('',#11060,#8652,#8653);
#7371=AXIS2_PLACEMENT_3D('',#11064,#8655,#8656);
#7372=AXIS2_PLACEMENT_3D('',#11066,#8657,#8658);
#7373=AXIS2_PLACEMENT_3D('',#11068,#8659,#8660);
#7374=AXIS2_PLACEMENT_3D('',#11072,#8662,#8663);
#7375=AXIS2_PLACEMENT_3D('',#11076,#8665,#8666);
#7376=AXIS2_PLACEMENT_3D('',#11078,#8667,#8668);
#7377=AXIS2_PLACEMENT_3D('',#11080,#8669,#8670);
#7378=AXIS2_PLACEMENT_3D('',#11084,#8672,#8673);
#7379=AXIS2_PLACEMENT_3D('',#11088,#8675,#8676);
#7380=AXIS2_PLACEMENT_3D('',#11090,#8677,#8678);
#7381=AXIS2_PLACEMENT_3D('',#11092,#8679,#8680);
#7382=AXIS2_PLACEMENT_3D('',#11096,#8682,#8683);
#7383=AXIS2_PLACEMENT_3D('',#11100,#8685,#8686);
#7384=AXIS2_PLACEMENT_3D('',#11102,#8687,#8688);
#7385=AXIS2_PLACEMENT_3D('',#11104,#8689,#8690);
#7386=AXIS2_PLACEMENT_3D('',#11108,#8692,#8693);
#7387=AXIS2_PLACEMENT_3D('',#11112,#8695,#8696);
#7388=AXIS2_PLACEMENT_3D('',#11114,#8697,#8698);
#7389=AXIS2_PLACEMENT_3D('',#11116,#8699,#8700);
#7390=AXIS2_PLACEMENT_3D('',#11120,#8702,#8703);
#7391=AXIS2_PLACEMENT_3D('',#11124,#8705,#8706);
#7392=AXIS2_PLACEMENT_3D('',#11126,#8707,#8708);
#7393=AXIS2_PLACEMENT_3D('',#11128,#8709,#8710);
#7394=AXIS2_PLACEMENT_3D('',#11132,#8712,#8713);
#7395=AXIS2_PLACEMENT_3D('',#11136,#8715,#8716);
#7396=AXIS2_PLACEMENT_3D('',#11138,#8717,#8718);
#7397=AXIS2_PLACEMENT_3D('',#11140,#8719,#8720);
#7398=AXIS2_PLACEMENT_3D('',#11144,#8722,#8723);
#7399=AXIS2_PLACEMENT_3D('',#11148,#8725,#8726);
#7400=AXIS2_PLACEMENT_3D('',#11150,#8727,#8728);
#7401=AXIS2_PLACEMENT_3D('',#11152,#8729,#8730);
#7402=AXIS2_PLACEMENT_3D('',#11156,#8732,#8733);
#7403=AXIS2_PLACEMENT_3D('',#11160,#8735,#8736);
#7404=AXIS2_PLACEMENT_3D('',#11162,#8737,#8738);
#7405=AXIS2_PLACEMENT_3D('',#11164,#8739,#8740);
#7406=AXIS2_PLACEMENT_3D('',#11168,#8742,#8743);
#7407=AXIS2_PLACEMENT_3D('',#11172,#8745,#8746);
#7408=AXIS2_PLACEMENT_3D('',#11174,#8747,#8748);
#7409=AXIS2_PLACEMENT_3D('',#11176,#8749,#8750);
#7410=AXIS2_PLACEMENT_3D('',#11180,#8752,#8753);
#7411=AXIS2_PLACEMENT_3D('',#11184,#8755,#8756);
#7412=AXIS2_PLACEMENT_3D('',#11186,#8757,#8758);
#7413=AXIS2_PLACEMENT_3D('',#11188,#8759,#8760);
#7414=AXIS2_PLACEMENT_3D('',#11192,#8762,#8763);
#7415=AXIS2_PLACEMENT_3D('',#11196,#8765,#8766);
#7416=AXIS2_PLACEMENT_3D('',#11198,#8767,#8768);
#7417=AXIS2_PLACEMENT_3D('',#11200,#8769,#8770);
#7418=AXIS2_PLACEMENT_3D('',#11204,#8772,#8773);
#7419=AXIS2_PLACEMENT_3D('',#11208,#8775,#8776);
#7420=AXIS2_PLACEMENT_3D('',#11210,#8777,#8778);
#7421=AXIS2_PLACEMENT_3D('',#11212,#8779,#8780);
#7422=AXIS2_PLACEMENT_3D('',#11216,#8782,#8783);
#7423=AXIS2_PLACEMENT_3D('',#11220,#8785,#8786);
#7424=AXIS2_PLACEMENT_3D('',#11222,#8787,#8788);
#7425=AXIS2_PLACEMENT_3D('',#11224,#8789,#8790);
#7426=AXIS2_PLACEMENT_3D('',#11228,#8792,#8793);
#7427=AXIS2_PLACEMENT_3D('',#11232,#8795,#8796);
#7428=AXIS2_PLACEMENT_3D('',#11234,#8797,#8798);
#7429=AXIS2_PLACEMENT_3D('',#11236,#8799,#8800);
#7430=AXIS2_PLACEMENT_3D('',#11240,#8802,#8803);
#7431=AXIS2_PLACEMENT_3D('',#11244,#8805,#8806);
#7432=AXIS2_PLACEMENT_3D('',#11246,#8807,#8808);
#7433=AXIS2_PLACEMENT_3D('',#11248,#8809,#8810);
#7434=AXIS2_PLACEMENT_3D('',#11252,#8812,#8813);
#7435=AXIS2_PLACEMENT_3D('',#11256,#8815,#8816);
#7436=AXIS2_PLACEMENT_3D('',#11258,#8817,#8818);
#7437=AXIS2_PLACEMENT_3D('',#11260,#8819,#8820);
#7438=AXIS2_PLACEMENT_3D('',#11264,#8822,#8823);
#7439=AXIS2_PLACEMENT_3D('',#11268,#8825,#8826);
#7440=AXIS2_PLACEMENT_3D('',#11270,#8827,#8828);
#7441=AXIS2_PLACEMENT_3D('',#11272,#8829,#8830);
#7442=AXIS2_PLACEMENT_3D('',#11276,#8832,#8833);
#7443=AXIS2_PLACEMENT_3D('',#11280,#8835,#8836);
#7444=AXIS2_PLACEMENT_3D('',#11282,#8837,#8838);
#7445=AXIS2_PLACEMENT_3D('',#11284,#8839,#8840);
#7446=AXIS2_PLACEMENT_3D('',#11288,#8842,#8843);
#7447=AXIS2_PLACEMENT_3D('',#11292,#8845,#8846);
#7448=AXIS2_PLACEMENT_3D('',#11294,#8847,#8848);
#7449=AXIS2_PLACEMENT_3D('',#11296,#8849,#8850);
#7450=AXIS2_PLACEMENT_3D('',#11300,#8852,#8853);
#7451=AXIS2_PLACEMENT_3D('',#11304,#8855,#8856);
#7452=AXIS2_PLACEMENT_3D('',#11306,#8857,#8858);
#7453=AXIS2_PLACEMENT_3D('',#11308,#8859,#8860);
#7454=AXIS2_PLACEMENT_3D('',#11312,#8862,#8863);
#7455=AXIS2_PLACEMENT_3D('',#11316,#8865,#8866);
#7456=AXIS2_PLACEMENT_3D('',#11318,#8867,#8868);
#7457=AXIS2_PLACEMENT_3D('',#11320,#8869,#8870);
#7458=AXIS2_PLACEMENT_3D('',#11324,#8872,#8873);
#7459=AXIS2_PLACEMENT_3D('',#11328,#8875,#8876);
#7460=AXIS2_PLACEMENT_3D('',#11330,#8877,#8878);
#7461=AXIS2_PLACEMENT_3D('',#11332,#8879,#8880);
#7462=AXIS2_PLACEMENT_3D('',#11336,#8882,#8883);
#7463=AXIS2_PLACEMENT_3D('',#11340,#8885,#8886);
#7464=AXIS2_PLACEMENT_3D('',#11342,#8887,#8888);
#7465=AXIS2_PLACEMENT_3D('',#11344,#8889,#8890);
#7466=AXIS2_PLACEMENT_3D('',#11348,#8892,#8893);
#7467=AXIS2_PLACEMENT_3D('',#11352,#8895,#8896);
#7468=AXIS2_PLACEMENT_3D('',#11354,#8897,#8898);
#7469=AXIS2_PLACEMENT_3D('',#11356,#8899,#8900);
#7470=AXIS2_PLACEMENT_3D('',#11360,#8902,#8903);
#7471=AXIS2_PLACEMENT_3D('',#11364,#8905,#8906);
#7472=AXIS2_PLACEMENT_3D('',#11366,#8907,#8908);
#7473=AXIS2_PLACEMENT_3D('',#11368,#8909,#8910);
#7474=AXIS2_PLACEMENT_3D('',#11372,#8912,#8913);
#7475=AXIS2_PLACEMENT_3D('',#11376,#8915,#8916);
#7476=AXIS2_PLACEMENT_3D('',#11378,#8917,#8918);
#7477=AXIS2_PLACEMENT_3D('',#11380,#8919,#8920);
#7478=AXIS2_PLACEMENT_3D('',#11384,#8922,#8923);
#7479=AXIS2_PLACEMENT_3D('',#11388,#8925,#8926);
#7480=AXIS2_PLACEMENT_3D('',#11390,#8927,#8928);
#7481=AXIS2_PLACEMENT_3D('',#11392,#8929,#8930);
#7482=AXIS2_PLACEMENT_3D('',#11396,#8932,#8933);
#7483=AXIS2_PLACEMENT_3D('',#11400,#8935,#8936);
#7484=AXIS2_PLACEMENT_3D('',#11402,#8937,#8938);
#7485=AXIS2_PLACEMENT_3D('',#11404,#8939,#8940);
#7486=AXIS2_PLACEMENT_3D('',#11408,#8942,#8943);
#7487=AXIS2_PLACEMENT_3D('',#11412,#8945,#8946);
#7488=AXIS2_PLACEMENT_3D('',#11414,#8947,#8948);
#7489=AXIS2_PLACEMENT_3D('',#11416,#8949,#8950);
#7490=AXIS2_PLACEMENT_3D('',#11420,#8952,#8953);
#7491=AXIS2_PLACEMENT_3D('',#11424,#8955,#8956);
#7492=AXIS2_PLACEMENT_3D('',#11426,#8957,#8958);
#7493=AXIS2_PLACEMENT_3D('',#11428,#8959,#8960);
#7494=AXIS2_PLACEMENT_3D('',#11432,#8962,#8963);
#7495=AXIS2_PLACEMENT_3D('',#11436,#8965,#8966);
#7496=AXIS2_PLACEMENT_3D('',#11438,#8967,#8968);
#7497=AXIS2_PLACEMENT_3D('',#11440,#8969,#8970);
#7498=AXIS2_PLACEMENT_3D('',#11444,#8972,#8973);
#7499=AXIS2_PLACEMENT_3D('',#11448,#8975,#8976);
#7500=AXIS2_PLACEMENT_3D('',#11450,#8977,#8978);
#7501=AXIS2_PLACEMENT_3D('',#11452,#8979,#8980);
#7502=AXIS2_PLACEMENT_3D('',#11456,#8982,#8983);
#7503=AXIS2_PLACEMENT_3D('',#11460,#8985,#8986);
#7504=AXIS2_PLACEMENT_3D('',#11462,#8987,#8988);
#7505=AXIS2_PLACEMENT_3D('',#11464,#8989,#8990);
#7506=AXIS2_PLACEMENT_3D('',#11468,#8992,#8993);
#7507=AXIS2_PLACEMENT_3D('',#11472,#8995,#8996);
#7508=AXIS2_PLACEMENT_3D('',#11474,#8997,#8998);
#7509=AXIS2_PLACEMENT_3D('',#11476,#8999,#9000);
#7510=AXIS2_PLACEMENT_3D('',#11480,#9002,#9003);
#7511=AXIS2_PLACEMENT_3D('',#11484,#9005,#9006);
#7512=AXIS2_PLACEMENT_3D('',#11486,#9007,#9008);
#7513=AXIS2_PLACEMENT_3D('',#11488,#9009,#9010);
#7514=AXIS2_PLACEMENT_3D('',#11492,#9012,#9013);
#7515=AXIS2_PLACEMENT_3D('',#11496,#9015,#9016);
#7516=AXIS2_PLACEMENT_3D('',#11498,#9017,#9018);
#7517=AXIS2_PLACEMENT_3D('',#11500,#9019,#9020);
#7518=AXIS2_PLACEMENT_3D('',#11504,#9022,#9023);
#7519=AXIS2_PLACEMENT_3D('',#11508,#9025,#9026);
#7520=AXIS2_PLACEMENT_3D('',#11510,#9027,#9028);
#7521=AXIS2_PLACEMENT_3D('',#11512,#9029,#9030);
#7522=AXIS2_PLACEMENT_3D('',#11516,#9032,#9033);
#7523=AXIS2_PLACEMENT_3D('',#11520,#9035,#9036);
#7524=AXIS2_PLACEMENT_3D('',#11522,#9037,#9038);
#7525=AXIS2_PLACEMENT_3D('',#11524,#9039,#9040);
#7526=AXIS2_PLACEMENT_3D('',#11528,#9042,#9043);
#7527=AXIS2_PLACEMENT_3D('',#11532,#9045,#9046);
#7528=AXIS2_PLACEMENT_3D('',#11534,#9047,#9048);
#7529=AXIS2_PLACEMENT_3D('',#11536,#9049,#9050);
#7530=AXIS2_PLACEMENT_3D('',#11540,#9052,#9053);
#7531=AXIS2_PLACEMENT_3D('',#11544,#9055,#9056);
#7532=AXIS2_PLACEMENT_3D('',#11546,#9057,#9058);
#7533=AXIS2_PLACEMENT_3D('',#11548,#9059,#9060);
#7534=AXIS2_PLACEMENT_3D('',#11552,#9062,#9063);
#7535=AXIS2_PLACEMENT_3D('',#11556,#9065,#9066);
#7536=AXIS2_PLACEMENT_3D('',#11558,#9067,#9068);
#7537=AXIS2_PLACEMENT_3D('',#11560,#9069,#9070);
#7538=AXIS2_PLACEMENT_3D('',#11564,#9072,#9073);
#7539=AXIS2_PLACEMENT_3D('',#11568,#9075,#9076);
#7540=AXIS2_PLACEMENT_3D('',#11570,#9077,#9078);
#7541=AXIS2_PLACEMENT_3D('',#11572,#9079,#9080);
#7542=AXIS2_PLACEMENT_3D('',#11576,#9082,#9083);
#7543=AXIS2_PLACEMENT_3D('',#11580,#9085,#9086);
#7544=AXIS2_PLACEMENT_3D('',#11582,#9087,#9088);
#7545=AXIS2_PLACEMENT_3D('',#11584,#9089,#9090);
#7546=AXIS2_PLACEMENT_3D('',#11588,#9092,#9093);
#7547=AXIS2_PLACEMENT_3D('',#11592,#9095,#9096);
#7548=AXIS2_PLACEMENT_3D('',#11594,#9097,#9098);
#7549=AXIS2_PLACEMENT_3D('',#11596,#9099,#9100);
#7550=AXIS2_PLACEMENT_3D('',#11600,#9102,#9103);
#7551=AXIS2_PLACEMENT_3D('',#11604,#9105,#9106);
#7552=AXIS2_PLACEMENT_3D('',#11605,#9107,#9108);
#7553=AXIS2_PLACEMENT_3D('',#11608,#9109,#9110);
#7554=AXIS2_PLACEMENT_3D('',#11610,#9111,#9112);
#7555=AXIS2_PLACEMENT_3D('',#11612,#9113,#9114);
#7556=AXIS2_PLACEMENT_3D('',#11613,#9115,#9116);
#7557=AXIS2_PLACEMENT_3D('',#11615,#9117,#9118);
#7558=AXIS2_PLACEMENT_3D('',#11617,#9119,#9120);
#7559=AXIS2_PLACEMENT_3D('',#11619,#9121,#9122);
#7560=AXIS2_PLACEMENT_3D('',#11621,#9123,#9124);
#7561=AXIS2_PLACEMENT_3D('',#11622,#9125,#9126);
#7562=AXIS2_PLACEMENT_3D('',#11625,#9129,#9130);
#7563=AXIS2_PLACEMENT_3D('',#11627,#9132,#9133);
#7564=AXIS2_PLACEMENT_3D('',#11630,#9136,#9137);
#7565=AXIS2_PLACEMENT_3D('',#11632,#9139,#9140);
#7566=AXIS2_PLACEMENT_3D('',#11633,#9141,#9142);
#7567=AXIS2_PLACEMENT_3D('',#11636,#9145,#9146);
#7568=AXIS2_PLACEMENT_3D('',#11638,#9148,#9149);
#7569=AXIS2_PLACEMENT_3D('',#11641,#9152,#9153);
#7570=AXIS2_PLACEMENT_3D('',#11643,#9155,#9156);
#7571=AXIS2_PLACEMENT_3D('',#11644,#9157,#9158);
#7572=AXIS2_PLACEMENT_3D('',#11647,#9161,#9162);
#7573=AXIS2_PLACEMENT_3D('',#11649,#9164,#9165);
#7574=AXIS2_PLACEMENT_3D('',#11652,#9168,#9169);
#7575=AXIS2_PLACEMENT_3D('',#11654,#9171,#9172);
#7576=AXIS2_PLACEMENT_3D('',#11655,#9173,#9174);
#7577=AXIS2_PLACEMENT_3D('',#11658,#9177,#9178);
#7578=AXIS2_PLACEMENT_3D('',#11660,#9180,#9181);
#7579=AXIS2_PLACEMENT_3D('',#11663,#9184,#9185);
#7580=AXIS2_PLACEMENT_3D('',#11665,#9187,#9188);
#7581=AXIS2_PLACEMENT_3D('',#11666,#9189,#9190);
#7582=AXIS2_PLACEMENT_3D('',#11669,#9193,#9194);
#7583=AXIS2_PLACEMENT_3D('',#11671,#9196,#9197);
#7584=AXIS2_PLACEMENT_3D('',#11674,#9200,#9201);
#7585=AXIS2_PLACEMENT_3D('',#11676,#9203,#9204);
#7586=AXIS2_PLACEMENT_3D('',#11677,#9205,#9206);
#7587=AXIS2_PLACEMENT_3D('',#11680,#9209,#9210);
#7588=AXIS2_PLACEMENT_3D('',#11682,#9212,#9213);
#7589=AXIS2_PLACEMENT_3D('',#11685,#9216,#9217);
#7590=AXIS2_PLACEMENT_3D('',#11687,#9219,#9220);
#7591=AXIS2_PLACEMENT_3D('',#11688,#9221,#9222);
#7592=AXIS2_PLACEMENT_3D('',#11691,#9225,#9226);
#7593=AXIS2_PLACEMENT_3D('',#11693,#9228,#9229);
#7594=AXIS2_PLACEMENT_3D('',#11696,#9232,#9233);
#7595=AXIS2_PLACEMENT_3D('',#11698,#9235,#9236);
#7596=AXIS2_PLACEMENT_3D('',#11699,#9237,#9238);
#7597=AXIS2_PLACEMENT_3D('',#11702,#9241,#9242);
#7598=AXIS2_PLACEMENT_3D('',#11704,#9244,#9245);
#7599=AXIS2_PLACEMENT_3D('',#11707,#9248,#9249);
#7600=AXIS2_PLACEMENT_3D('',#11709,#9251,#9252);
#7601=AXIS2_PLACEMENT_3D('',#11710,#9253,#9254);
#7602=AXIS2_PLACEMENT_3D('',#11713,#9257,#9258);
#7603=AXIS2_PLACEMENT_3D('',#11715,#9260,#9261);
#7604=AXIS2_PLACEMENT_3D('',#11718,#9264,#9265);
#7605=AXIS2_PLACEMENT_3D('',#11720,#9267,#9268);
#7606=AXIS2_PLACEMENT_3D('',#11721,#9269,#9270);
#7607=AXIS2_PLACEMENT_3D('',#11724,#9273,#9274);
#7608=AXIS2_PLACEMENT_3D('',#11726,#9276,#9277);
#7609=AXIS2_PLACEMENT_3D('',#11729,#9280,#9281);
#7610=AXIS2_PLACEMENT_3D('',#11731,#9283,#9284);
#7611=AXIS2_PLACEMENT_3D('',#11732,#9285,#9286);
#7612=AXIS2_PLACEMENT_3D('',#11735,#9289,#9290);
#7613=AXIS2_PLACEMENT_3D('',#11737,#9292,#9293);
#7614=AXIS2_PLACEMENT_3D('',#11740,#9296,#9297);
#7615=AXIS2_PLACEMENT_3D('',#11742,#9299,#9300);
#7616=AXIS2_PLACEMENT_3D('',#11743,#9301,#9302);
#7617=AXIS2_PLACEMENT_3D('',#11746,#9305,#9306);
#7618=AXIS2_PLACEMENT_3D('',#11748,#9308,#9309);
#7619=AXIS2_PLACEMENT_3D('',#11751,#9312,#9313);
#7620=AXIS2_PLACEMENT_3D('',#11753,#9315,#9316);
#7621=AXIS2_PLACEMENT_3D('',#11754,#9317,#9318);
#7622=AXIS2_PLACEMENT_3D('',#11757,#9321,#9322);
#7623=AXIS2_PLACEMENT_3D('',#11759,#9324,#9325);
#7624=AXIS2_PLACEMENT_3D('',#11762,#9328,#9329);
#7625=AXIS2_PLACEMENT_3D('',#11764,#9331,#9332);
#7626=AXIS2_PLACEMENT_3D('',#11765,#9333,#9334);
#7627=AXIS2_PLACEMENT_3D('',#11768,#9337,#9338);
#7628=AXIS2_PLACEMENT_3D('',#11770,#9340,#9341);
#7629=AXIS2_PLACEMENT_3D('',#11773,#9344,#9345);
#7630=AXIS2_PLACEMENT_3D('',#11775,#9347,#9348);
#7631=AXIS2_PLACEMENT_3D('',#11777,#9350,#9351);
#7632=AXIS2_PLACEMENT_3D('',#11779,#9353,#9354);
#7633=AXIS2_PLACEMENT_3D('',#11780,#9355,#9356);
#7634=AXIS2_PLACEMENT_3D('',#11782,#9358,#9359);
#7635=AXIS2_PLACEMENT_3D('',#11785,#9362,#9363);
#7636=AXIS2_PLACEMENT_3D('',#11787,#9365,#9366);
#7637=AXIS2_PLACEMENT_3D('',#11789,#9368,#9369);
#7638=AXIS2_PLACEMENT_3D('',#11791,#9371,#9372);
#7639=AXIS2_PLACEMENT_3D('',#11792,#9373,#9374);
#7640=AXIS2_PLACEMENT_3D('',#11794,#9376,#9377);
#7641=AXIS2_PLACEMENT_3D('',#11797,#9380,#9381);
#7642=AXIS2_PLACEMENT_3D('',#11799,#9383,#9384);
#7643=AXIS2_PLACEMENT_3D('',#11801,#9386,#9387);
#7644=AXIS2_PLACEMENT_3D('',#11803,#9389,#9390);
#7645=AXIS2_PLACEMENT_3D('',#11804,#9391,#9392);
#7646=AXIS2_PLACEMENT_3D('',#11806,#9394,#9395);
#7647=AXIS2_PLACEMENT_3D('',#11809,#9398,#9399);
#7648=AXIS2_PLACEMENT_3D('',#11811,#9401,#9402);
#7649=AXIS2_PLACEMENT_3D('',#11813,#9404,#9405);
#7650=AXIS2_PLACEMENT_3D('',#11815,#9407,#9408);
#7651=AXIS2_PLACEMENT_3D('',#11816,#9409,#9410);
#7652=AXIS2_PLACEMENT_3D('',#11817,#9411,#9412);
#7653=AXIS2_PLACEMENT_3D('',#11819,#9414,#9415);
#7654=AXIS2_PLACEMENT_3D('',#11822,#9418,#9419);
#7655=AXIS2_PLACEMENT_3D('',#11824,#9421,#9422);
#7656=AXIS2_PLACEMENT_3D('',#11826,#9424,#9425);
#7657=AXIS2_PLACEMENT_3D('',#11828,#9427,#9428);
#7658=AXIS2_PLACEMENT_3D('',#11829,#9429,#9430);
#7659=AXIS2_PLACEMENT_3D('',#11831,#9432,#9433);
#7660=AXIS2_PLACEMENT_3D('',#11834,#9436,#9437);
#7661=AXIS2_PLACEMENT_3D('',#11836,#9439,#9440);
#7662=AXIS2_PLACEMENT_3D('',#11838,#9442,#9443);
#7663=AXIS2_PLACEMENT_3D('',#11840,#9445,#9446);
#7664=AXIS2_PLACEMENT_3D('',#11841,#9447,#9448);
#7665=AXIS2_PLACEMENT_3D('',#11843,#9450,#9451);
#7666=AXIS2_PLACEMENT_3D('',#11846,#9454,#9455);
#7667=AXIS2_PLACEMENT_3D('',#11848,#9457,#9458);
#7668=AXIS2_PLACEMENT_3D('',#11850,#9460,#9461);
#7669=AXIS2_PLACEMENT_3D('',#11852,#9463,#9464);
#7670=AXIS2_PLACEMENT_3D('',#11853,#9465,#9466);
#7671=AXIS2_PLACEMENT_3D('',#11854,#9467,#9468);
#7672=AXIS2_PLACEMENT_3D('',#11856,#9470,#9471);
#7673=AXIS2_PLACEMENT_3D('',#11859,#9474,#9475);
#7674=AXIS2_PLACEMENT_3D('',#11861,#9477,#9478);
#7675=AXIS2_PLACEMENT_3D('',#11863,#9480,#9481);
#7676=AXIS2_PLACEMENT_3D('',#11865,#9483,#9484);
#7677=AXIS2_PLACEMENT_3D('',#11866,#9485,#9486);
#7678=AXIS2_PLACEMENT_3D('',#11868,#9488,#9489);
#7679=AXIS2_PLACEMENT_3D('',#11871,#9492,#9493);
#7680=AXIS2_PLACEMENT_3D('',#11873,#9495,#9496);
#7681=AXIS2_PLACEMENT_3D('',#11875,#9498,#9499);
#7682=AXIS2_PLACEMENT_3D('',#11877,#9501,#9502);
#7683=AXIS2_PLACEMENT_3D('',#11878,#9503,#9504);
#7684=AXIS2_PLACEMENT_3D('',#11880,#9506,#9507);
#7685=AXIS2_PLACEMENT_3D('',#11883,#9510,#9511);
#7686=AXIS2_PLACEMENT_3D('',#11885,#9513,#9514);
#7687=AXIS2_PLACEMENT_3D('',#11887,#9516,#9517);
#7688=AXIS2_PLACEMENT_3D('',#11889,#9519,#9520);
#7689=AXIS2_PLACEMENT_3D('',#11890,#9521,#9522);
#7690=AXIS2_PLACEMENT_3D('',#11891,#9523,#9524);
#7691=AXIS2_PLACEMENT_3D('',#11893,#9526,#9527);
#7692=AXIS2_PLACEMENT_3D('',#11896,#9530,#9531);
#7693=AXIS2_PLACEMENT_3D('',#11898,#9533,#9534);
#7694=AXIS2_PLACEMENT_3D('',#11900,#9536,#9537);
#7695=AXIS2_PLACEMENT_3D('',#11902,#9539,#9540);
#7696=AXIS2_PLACEMENT_3D('',#11903,#9541,#9542);
#7697=AXIS2_PLACEMENT_3D('',#11905,#9544,#9545);
#7698=AXIS2_PLACEMENT_3D('',#11908,#9548,#9549);
#7699=AXIS2_PLACEMENT_3D('',#11910,#9551,#9552);
#7700=AXIS2_PLACEMENT_3D('',#11912,#9554,#9555);
#7701=AXIS2_PLACEMENT_3D('',#11914,#9557,#9558);
#7702=AXIS2_PLACEMENT_3D('',#11915,#9559,#9560);
#7703=AXIS2_PLACEMENT_3D('',#11917,#9562,#9563);
#7704=AXIS2_PLACEMENT_3D('',#11920,#9566,#9567);
#7705=AXIS2_PLACEMENT_3D('',#11922,#9569,#9570);
#7706=AXIS2_PLACEMENT_3D('',#11924,#9572,#9573);
#7707=AXIS2_PLACEMENT_3D('',#11926,#9575,#9576);
#7708=AXIS2_PLACEMENT_3D('',#11927,#9577,#9578);
#7709=AXIS2_PLACEMENT_3D('',#11928,#9579,#9580);
#7710=AXIS2_PLACEMENT_3D('',#11930,#9582,#9583);
#7711=AXIS2_PLACEMENT_3D('',#11933,#9586,#9587);
#7712=AXIS2_PLACEMENT_3D('',#11935,#9589,#9590);
#7713=AXIS2_PLACEMENT_3D('',#11937,#9592,#9593);
#7714=AXIS2_PLACEMENT_3D('',#11939,#9595,#9596);
#7715=AXIS2_PLACEMENT_3D('',#11940,#9597,#9598);
#7716=AXIS2_PLACEMENT_3D('',#11942,#9600,#9601);
#7717=AXIS2_PLACEMENT_3D('',#11945,#9604,#9605);
#7718=AXIS2_PLACEMENT_3D('',#11947,#9607,#9608);
#7719=AXIS2_PLACEMENT_3D('',#11949,#9610,#9611);
#7720=AXIS2_PLACEMENT_3D('',#11951,#9613,#9614);
#7721=AXIS2_PLACEMENT_3D('',#11952,#9615,#9616);
#7722=AXIS2_PLACEMENT_3D('',#11954,#9618,#9619);
#7723=AXIS2_PLACEMENT_3D('',#11957,#9622,#9623);
#7724=AXIS2_PLACEMENT_3D('',#11959,#9625,#9626);
#7725=AXIS2_PLACEMENT_3D('',#11961,#9628,#9629);
#7726=AXIS2_PLACEMENT_3D('',#11963,#9631,#9632);
#7727=AXIS2_PLACEMENT_3D('',#11964,#9633,#9634);
#7728=AXIS2_PLACEMENT_3D('',#11965,#9635,#9636);
#7729=AXIS2_PLACEMENT_3D('',#11967,#9638,#9639);
#7730=AXIS2_PLACEMENT_3D('',#11970,#9642,#9643);
#7731=AXIS2_PLACEMENT_3D('',#11972,#9645,#9646);
#7732=AXIS2_PLACEMENT_3D('',#11974,#9648,#9649);
#7733=AXIS2_PLACEMENT_3D('',#11976,#9651,#9652);
#7734=AXIS2_PLACEMENT_3D('',#11977,#9653,#9654);
#7735=AXIS2_PLACEMENT_3D('',#11979,#9656,#9657);
#7736=AXIS2_PLACEMENT_3D('',#11982,#9660,#9661);
#7737=AXIS2_PLACEMENT_3D('',#11984,#9663,#9664);
#7738=AXIS2_PLACEMENT_3D('',#11986,#9666,#9667);
#7739=AXIS2_PLACEMENT_3D('',#11988,#9669,#9670);
#7740=AXIS2_PLACEMENT_3D('',#11989,#9671,#9672);
#7741=AXIS2_PLACEMENT_3D('',#11991,#9674,#9675);
#7742=AXIS2_PLACEMENT_3D('',#11994,#9678,#9679);
#7743=AXIS2_PLACEMENT_3D('',#11996,#9681,#9682);
#7744=AXIS2_PLACEMENT_3D('',#11998,#9684,#9685);
#7745=AXIS2_PLACEMENT_3D('',#12000,#9687,#9688);
#7746=AXIS2_PLACEMENT_3D('',#12001,#9689,#9690);
#7747=AXIS2_PLACEMENT_3D('',#12002,#9691,#9692);
#7748=AXIS2_PLACEMENT_3D('',#12004,#9694,#9695);
#7749=AXIS2_PLACEMENT_3D('',#12007,#9698,#9699);
#7750=AXIS2_PLACEMENT_3D('',#12009,#9701,#9702);
#7751=AXIS2_PLACEMENT_3D('',#12011,#9704,#9705);
#7752=AXIS2_PLACEMENT_3D('',#12013,#9707,#9708);
#7753=AXIS2_PLACEMENT_3D('',#12014,#9709,#9710);
#7754=AXIS2_PLACEMENT_3D('',#12016,#9712,#9713);
#7755=AXIS2_PLACEMENT_3D('',#12019,#9716,#9717);
#7756=AXIS2_PLACEMENT_3D('',#12021,#9719,#9720);
#7757=AXIS2_PLACEMENT_3D('',#12023,#9722,#9723);
#7758=AXIS2_PLACEMENT_3D('',#12025,#9725,#9726);
#7759=AXIS2_PLACEMENT_3D('',#12026,#9727,#9728);
#7760=AXIS2_PLACEMENT_3D('',#12028,#9730,#9731);
#7761=AXIS2_PLACEMENT_3D('',#12031,#9734,#9735);
#7762=AXIS2_PLACEMENT_3D('',#12033,#9737,#9738);
#7763=AXIS2_PLACEMENT_3D('',#12035,#9740,#9741);
#7764=AXIS2_PLACEMENT_3D('',#12037,#9743,#9744);
#7765=AXIS2_PLACEMENT_3D('',#12038,#9745,#9746);
#7766=AXIS2_PLACEMENT_3D('',#12039,#9747,#9748);
#7767=AXIS2_PLACEMENT_3D('',#12041,#9750,#9751);
#7768=AXIS2_PLACEMENT_3D('',#12044,#9754,#9755);
#7769=AXIS2_PLACEMENT_3D('',#12046,#9757,#9758);
#7770=AXIS2_PLACEMENT_3D('',#12048,#9760,#9761);
#7771=AXIS2_PLACEMENT_3D('',#12050,#9763,#9764);
#7772=AXIS2_PLACEMENT_3D('',#12051,#9765,#9766);
#7773=AXIS2_PLACEMENT_3D('',#12053,#9768,#9769);
#7774=AXIS2_PLACEMENT_3D('',#12056,#9772,#9773);
#7775=AXIS2_PLACEMENT_3D('',#12058,#9775,#9776);
#7776=AXIS2_PLACEMENT_3D('',#12060,#9778,#9779);
#7777=AXIS2_PLACEMENT_3D('',#12062,#9781,#9782);
#7778=AXIS2_PLACEMENT_3D('',#12063,#9783,#9784);
#7779=AXIS2_PLACEMENT_3D('',#12065,#9786,#9787);
#7780=AXIS2_PLACEMENT_3D('',#12068,#9790,#9791);
#7781=AXIS2_PLACEMENT_3D('',#12070,#9793,#9794);
#7782=AXIS2_PLACEMENT_3D('',#12072,#9796,#9797);
#7783=AXIS2_PLACEMENT_3D('',#12074,#9799,#9800);
#7784=AXIS2_PLACEMENT_3D('',#12075,#9801,#9802);
#7785=AXIS2_PLACEMENT_3D('',#12076,#9803,#9804);
#7786=AXIS2_PLACEMENT_3D('',#12078,#9806,#9807);
#7787=AXIS2_PLACEMENT_3D('',#12081,#9810,#9811);
#7788=AXIS2_PLACEMENT_3D('',#12083,#9813,#9814);
#7789=AXIS2_PLACEMENT_3D('',#12085,#9816,#9817);
#7790=AXIS2_PLACEMENT_3D('',#12087,#9819,#9820);
#7791=AXIS2_PLACEMENT_3D('',#12088,#9821,#9822);
#7792=AXIS2_PLACEMENT_3D('',#12090,#9824,#9825);
#7793=AXIS2_PLACEMENT_3D('',#12093,#9828,#9829);
#7794=AXIS2_PLACEMENT_3D('',#12095,#9831,#9832);
#7795=AXIS2_PLACEMENT_3D('',#12097,#9834,#9835);
#7796=AXIS2_PLACEMENT_3D('',#12099,#9837,#9838);
#7797=AXIS2_PLACEMENT_3D('',#12100,#9839,#9840);
#7798=AXIS2_PLACEMENT_3D('',#12102,#9842,#9843);
#7799=AXIS2_PLACEMENT_3D('',#12105,#9846,#9847);
#7800=AXIS2_PLACEMENT_3D('',#12107,#9849,#9850);
#7801=AXIS2_PLACEMENT_3D('',#12109,#9852,#9853);
#7802=AXIS2_PLACEMENT_3D('',#12111,#9855,#9856);
#7803=AXIS2_PLACEMENT_3D('',#12112,#9857,#9858);
#7804=AXIS2_PLACEMENT_3D('',#12113,#9859,#9860);
#7805=AXIS2_PLACEMENT_3D('',#12115,#9862,#9863);
#7806=AXIS2_PLACEMENT_3D('',#12118,#9866,#9867);
#7807=AXIS2_PLACEMENT_3D('',#12120,#9869,#9870);
#7808=AXIS2_PLACEMENT_3D('',#12122,#9872,#9873);
#7809=AXIS2_PLACEMENT_3D('',#12124,#9875,#9876);
#7810=AXIS2_PLACEMENT_3D('',#12125,#9877,#9878);
#7811=AXIS2_PLACEMENT_3D('',#12127,#9880,#9881);
#7812=AXIS2_PLACEMENT_3D('',#12130,#9884,#9885);
#7813=AXIS2_PLACEMENT_3D('',#12132,#9887,#9888);
#7814=AXIS2_PLACEMENT_3D('',#12134,#9890,#9891);
#7815=AXIS2_PLACEMENT_3D('',#12136,#9893,#9894);
#7816=AXIS2_PLACEMENT_3D('',#12137,#9895,#9896);
#7817=AXIS2_PLACEMENT_3D('',#12139,#9898,#9899);
#7818=AXIS2_PLACEMENT_3D('',#12142,#9902,#9903);
#7819=AXIS2_PLACEMENT_3D('',#12144,#9905,#9906);
#7820=AXIS2_PLACEMENT_3D('',#12146,#9908,#9909);
#7821=AXIS2_PLACEMENT_3D('',#12148,#9911,#9912);
#7822=AXIS2_PLACEMENT_3D('',#12149,#9913,#9914);
#7823=AXIS2_PLACEMENT_3D('',#12150,#9915,#9916);
#7824=AXIS2_PLACEMENT_3D('',#12152,#9918,#9919);
#7825=AXIS2_PLACEMENT_3D('',#12155,#9922,#9923);
#7826=AXIS2_PLACEMENT_3D('',#12157,#9925,#9926);
#7827=AXIS2_PLACEMENT_3D('',#12159,#9928,#9929);
#7828=AXIS2_PLACEMENT_3D('',#12161,#9931,#9932);
#7829=AXIS2_PLACEMENT_3D('',#12162,#9933,#9934);
#7830=AXIS2_PLACEMENT_3D('',#12164,#9936,#9937);
#7831=AXIS2_PLACEMENT_3D('',#12167,#9940,#9941);
#7832=AXIS2_PLACEMENT_3D('',#12169,#9943,#9944);
#7833=AXIS2_PLACEMENT_3D('',#12171,#9946,#9947);
#7834=AXIS2_PLACEMENT_3D('',#12173,#9949,#9950);
#7835=AXIS2_PLACEMENT_3D('',#12174,#9951,#9952);
#7836=AXIS2_PLACEMENT_3D('',#12176,#9954,#9955);
#7837=AXIS2_PLACEMENT_3D('',#12179,#9958,#9959);
#7838=AXIS2_PLACEMENT_3D('',#12181,#9961,#9962);
#7839=AXIS2_PLACEMENT_3D('',#12183,#9964,#9965);
#7840=AXIS2_PLACEMENT_3D('',#12185,#9967,#9968);
#7841=AXIS2_PLACEMENT_3D('',#12186,#9969,#9970);
#7842=AXIS2_PLACEMENT_3D('',#12187,#9971,#9972);
#7843=AXIS2_PLACEMENT_3D('',#12189,#9974,#9975);
#7844=AXIS2_PLACEMENT_3D('',#12192,#9978,#9979);
#7845=AXIS2_PLACEMENT_3D('',#12194,#9981,#9982);
#7846=AXIS2_PLACEMENT_3D('',#12196,#9984,#9985);
#7847=AXIS2_PLACEMENT_3D('',#12198,#9987,#9988);
#7848=AXIS2_PLACEMENT_3D('',#12199,#9989,#9990);
#7849=AXIS2_PLACEMENT_3D('',#12201,#9992,#9993);
#7850=AXIS2_PLACEMENT_3D('',#12204,#9996,#9997);
#7851=AXIS2_PLACEMENT_3D('',#12206,#9999,#10000);
#7852=AXIS2_PLACEMENT_3D('',#12208,#10002,#10003);
#7853=AXIS2_PLACEMENT_3D('',#12210,#10005,#10006);
#7854=AXIS2_PLACEMENT_3D('',#12211,#10007,#10008);
#7855=AXIS2_PLACEMENT_3D('',#12213,#10010,#10011);
#7856=AXIS2_PLACEMENT_3D('',#12216,#10014,#10015);
#7857=AXIS2_PLACEMENT_3D('',#12218,#10017,#10018);
#7858=AXIS2_PLACEMENT_3D('',#12220,#10020,#10021);
#7859=AXIS2_PLACEMENT_3D('',#12222,#10023,#10024);
#7860=AXIS2_PLACEMENT_3D('',#12223,#10025,#10026);
#7861=AXIS2_PLACEMENT_3D('',#12224,#10027,#10028);
#7862=AXIS2_PLACEMENT_3D('',#12226,#10030,#10031);
#7863=AXIS2_PLACEMENT_3D('',#12229,#10034,#10035);
#7864=AXIS2_PLACEMENT_3D('',#12231,#10037,#10038);
#7865=AXIS2_PLACEMENT_3D('',#12233,#10040,#10041);
#7866=AXIS2_PLACEMENT_3D('',#12235,#10043,#10044);
#7867=AXIS2_PLACEMENT_3D('',#12236,#10045,#10046);
#7868=AXIS2_PLACEMENT_3D('',#12238,#10048,#10049);
#7869=AXIS2_PLACEMENT_3D('',#12241,#10052,#10053);
#7870=AXIS2_PLACEMENT_3D('',#12243,#10055,#10056);
#7871=AXIS2_PLACEMENT_3D('',#12245,#10058,#10059);
#7872=AXIS2_PLACEMENT_3D('',#12247,#10061,#10062);
#7873=AXIS2_PLACEMENT_3D('',#12248,#10063,#10064);
#7874=AXIS2_PLACEMENT_3D('',#12250,#10066,#10067);
#7875=AXIS2_PLACEMENT_3D('',#12253,#10070,#10071);
#7876=AXIS2_PLACEMENT_3D('',#12255,#10073,#10074);
#7877=AXIS2_PLACEMENT_3D('',#12257,#10076,#10077);
#7878=AXIS2_PLACEMENT_3D('',#12259,#10079,#10080);
#7879=AXIS2_PLACEMENT_3D('',#12260,#10081,#10082);
#7880=AXIS2_PLACEMENT_3D('',#12261,#10083,#10084);
#7881=AXIS2_PLACEMENT_3D('',#12263,#10086,#10087);
#7882=AXIS2_PLACEMENT_3D('',#12266,#10090,#10091);
#7883=AXIS2_PLACEMENT_3D('',#12268,#10093,#10094);
#7884=AXIS2_PLACEMENT_3D('',#12270,#10096,#10097);
#7885=AXIS2_PLACEMENT_3D('',#12272,#10099,#10100);
#7886=AXIS2_PLACEMENT_3D('',#12273,#10101,#10102);
#7887=AXIS2_PLACEMENT_3D('',#12275,#10104,#10105);
#7888=AXIS2_PLACEMENT_3D('',#12278,#10108,#10109);
#7889=AXIS2_PLACEMENT_3D('',#12280,#10111,#10112);
#7890=AXIS2_PLACEMENT_3D('',#12282,#10114,#10115);
#7891=AXIS2_PLACEMENT_3D('',#12284,#10117,#10118);
#7892=AXIS2_PLACEMENT_3D('',#12285,#10119,#10120);
#7893=AXIS2_PLACEMENT_3D('',#12287,#10122,#10123);
#7894=AXIS2_PLACEMENT_3D('',#12289,#10125,#10126);
#7895=AXIS2_PLACEMENT_3D('',#12291,#10128,#10129);
#7896=AXIS2_PLACEMENT_3D('',#12293,#10131,#10132);
#7897=AXIS2_PLACEMENT_3D('',#12295,#10134,#10135);
#7898=AXIS2_PLACEMENT_3D('',#12296,#10136,#10137);
#7899=AXIS2_PLACEMENT_3D('',#12299,#10140,#10141);
#7900=AXIS2_PLACEMENT_3D('',#12301,#10143,#10144);
#7901=AXIS2_PLACEMENT_3D('',#12303,#10146,#10147);
#7902=AXIS2_PLACEMENT_3D('',#12304,#10148,#10149);
#7903=AXIS2_PLACEMENT_3D('',#12306,#10151,#10152);
#7904=AXIS2_PLACEMENT_3D('',#12308,#10154,#10155);
#7905=AXIS2_PLACEMENT_3D('',#12310,#10157,#10158);
#7906=AXIS2_PLACEMENT_3D('',#12312,#10160,#10161);
#7907=AXIS2_PLACEMENT_3D('',#12315,#10164,#10165);
#7908=AXIS2_PLACEMENT_3D('',#12317,#10167,#10168);
#7909=AXIS2_PLACEMENT_3D('',#12319,#10170,#10171);
#7910=AXIS2_PLACEMENT_3D('',#12320,#10172,#10173);
#7911=AXIS2_PLACEMENT_3D('',#12322,#10175,#10176);
#7912=AXIS2_PLACEMENT_3D('',#12324,#10178,#10179);
#7913=DIRECTION('axis',(0.,0.,1.));
#7914=DIRECTION('refdir',(1.,0.,0.));
#7915=DIRECTION('center_axis',(0.,0.,-1.));
#7916=DIRECTION('ref_axis',(0.,1.,0.));
#7917=DIRECTION('center_axis',(0.,0.,-1.));
#7918=DIRECTION('ref_axis',(0.,1.,0.));
#7919=DIRECTION('',(0.,0.,-1.));
#7920=DIRECTION('center_axis',(0.,0.,1.));
#7921=DIRECTION('ref_axis',(0.,1.,0.));
#7922=DIRECTION('',(0.,0.,1.));
#7923=DIRECTION('center_axis',(-1.65080820663934E-15,1.,0.));
#7924=DIRECTION('ref_axis',(-1.,-1.65080820663934E-15,0.));
#7925=DIRECTION('',(1.,1.65080820663934E-15,0.));
#7926=DIRECTION('',(0.,0.,1.));
#7927=DIRECTION('',(-1.,-1.65080820663934E-15,0.));
#7928=DIRECTION('center_axis',(0.,0.,1.));
#7929=DIRECTION('ref_axis',(1.,0.,0.));
#7930=DIRECTION('center_axis',(0.,0.,1.));
#7931=DIRECTION('ref_axis',(1.,-1.22286592401926E-16,0.));
#7932=DIRECTION('center_axis',(0.,0.,1.));
#7933=DIRECTION('ref_axis',(-0.671270100803853,0.741212824880132,0.));
#7934=DIRECTION('',(-0.998426815017817,0.0560704472371901,0.));
#7935=DIRECTION('center_axis',(0.,0.,-1.));
#7936=DIRECTION('ref_axis',(-0.0560704472371919,-0.998426815017817,0.));
#7937=DIRECTION('',(0.998426815017817,-0.0560704472371901,0.));
#7938=DIRECTION('center_axis',(0.,0.,1.));
#7939=DIRECTION('ref_axis',(-0.750038800923813,-0.661393829052532,0.));
#7940=DIRECTION('center_axis',(0.,0.,1.));
#7941=DIRECTION('ref_axis',(1.,-1.22286592401926E-16,0.));
#7942=DIRECTION('center_axis',(0.,0.,1.));
#7943=DIRECTION('ref_axis',(-0.628653934173306,0.777685174764458,0.));
#7944=DIRECTION('',(-0.993712209893243,0.111964476103306,0.));
#7945=DIRECTION('center_axis',(0.,0.,-1.));
#7946=DIRECTION('ref_axis',(-0.111964476103308,-0.993712209893243,0.));
#7947=DIRECTION('',(0.993712209893243,-0.111964476103306,0.));
#7948=DIRECTION('center_axis',(0.,0.,1.));
#7949=DIRECTION('ref_axis',(-0.785943498941043,-0.618298323200307,0.));
#7950=DIRECTION('center_axis',(0.,0.,1.));
#7951=DIRECTION('ref_axis',(1.,-1.22286592401926E-16,0.));
#7952=DIRECTION('center_axis',(0.,0.,1.));
#7953=DIRECTION('ref_axis',(-0.584059789686307,0.811710639373162,0.));
#7954=DIRECTION('',(-0.985871018518236,0.167506223304735,0.));
#7955=DIRECTION('center_axis',(0.,0.,-1.));
#7956=DIRECTION('ref_axis',(-0.167506223304737,-0.985871018518236,0.));
#7957=DIRECTION('',(0.985871018518236,-0.167506223304735,0.));
#7958=DIRECTION('center_axis',(0.,0.,1.));
#7959=DIRECTION('ref_axis',(-0.819375327939506,-0.573257422074959,0.));
#7960=DIRECTION('center_axis',(0.,0.,1.));
#7961=DIRECTION('ref_axis',(1.,-1.22286592401926E-16,0.));
#7962=DIRECTION('center_axis',(0.,0.,1.));
#7963=DIRECTION('ref_axis',(-0.222520933956308,-0.974927912181825,0.));
#7964=DIRECTION('',(-0.974927912181824,0.222520933956313,0.));
#7965=DIRECTION('center_axis',(0.,0.,-1.));
#7966=DIRECTION('ref_axis',(-0.222520933956315,-0.974927912181824,0.));
#7967=DIRECTION('',(0.974927912181824,-0.222520933956313,0.));
#7968=DIRECTION('center_axis',(0.,0.,1.));
#7969=DIRECTION('ref_axis',(0.222520933956307,0.974927912181825,0.));
#7970=DIRECTION('center_axis',(0.,0.,1.));
#7971=DIRECTION('ref_axis',(1.,-1.22286592401926E-16,0.));
#7972=DIRECTION('center_axis',(0.,0.,1.));
#7973=DIRECTION('ref_axis',(-0.489504587834053,0.872000721610604,0.));
#7974=DIRECTION('',(-0.9609173219451,0.276835511424848,0.));
#7975=DIRECTION('center_axis',(0.,0.,-1.));
#7976=DIRECTION('ref_axis',(-0.27683551142485,-0.960917321945099,0.));
#7977=DIRECTION('',(0.9609173219451,-0.276835511424848,0.));
#7978=DIRECTION('center_axis',(0.,0.,1.));
#7979=DIRECTION('ref_axis',(-0.878407734793725,-0.477911970403083,0.));
#7980=DIRECTION('center_axis',(0.,0.,1.));
#7981=DIRECTION('ref_axis',(1.,-1.22286592401926E-16,0.));
#7982=DIRECTION('center_axis',(0.,0.,1.));
#7983=DIRECTION('ref_axis',(-0.43984103611592,0.898075644335417,0.));
#7984=DIRECTION('',(-0.943883330308368,0.330279061955166,0.));
#7985=DIRECTION('center_axis',(0.,0.,-1.));
#7986=DIRECTION('ref_axis',(-0.330279061955167,-0.943883330308368,0.));
#7987=DIRECTION('',(0.943883330308368,-0.330279061955166,0.));
#7988=DIRECTION('center_axis',(0.,0.,1.));
#7989=DIRECTION('ref_axis',(-0.903822574857609,-0.427907411921974,0.));
#7990=DIRECTION('center_axis',(0.,0.,1.));
#7991=DIRECTION('ref_axis',(1.,-1.22286592401926E-16,0.));
#7992=DIRECTION('center_axis',(0.,0.,1.));
#7993=DIRECTION('ref_axis',(-0.388793581772615,0.921324888827183,0.));
#7994=DIRECTION('',(-0.923879532511288,0.382683432365088,0.));
#7995=DIRECTION('center_axis',(0.,0.,-1.));
#7996=DIRECTION('ref_axis',(-0.38268343236509,-0.923879532511287,0.));
#7997=DIRECTION('',(0.923879532511288,-0.382683432365088,0.));
#7998=DIRECTION('center_axis',(0.,0.,1.));
#7999=DIRECTION('ref_axis',(-0.926393654718859,-0.376556498412437,0.));
#8000=DIRECTION('center_axis',(0.,0.,1.));
#8001=DIRECTION('ref_axis',(1.,-1.22286592401926E-16,0.));
#8002=DIRECTION('center_axis',(0.,0.,1.));
#8003=DIRECTION('ref_axis',(-0.433883739117552,-0.900968867902422,0.));
#8004=DIRECTION('',(-0.90096886790242,0.433883739117557,0.));
#8005=DIRECTION('center_axis',(0.,0.,-1.));
#8006=DIRECTION('ref_axis',(-0.433883739117558,-0.900968867902419,0.));
#8007=DIRECTION('',(0.90096886790242,-0.433883739117557,0.));
#8008=DIRECTION('center_axis',(0.,0.,1.));
#8009=DIRECTION('ref_axis',(0.433883739117552,0.900968867902422,0.));
#8010=DIRECTION('center_axis',(0.,0.,1.));
#8011=DIRECTION('ref_axis',(1.,-1.22286592401926E-16,0.));
#8012=DIRECTION('center_axis',(0.,0.,1.));
#8013=DIRECTION('ref_axis',(-0.283193270837107,0.959062861001603,0.));
#8014=DIRECTION('',(-0.875223421908755,0.483718887105238,0.));
#8015=DIRECTION('center_axis',(0.,0.,-1.));
#8016=DIRECTION('ref_axis',(-0.48371888710524,-0.875223421908754,0.));
#8017=DIRECTION('',(0.875223421908755,-0.483718887105238,0.));
#8018=DIRECTION('center_axis',(0.,0.,1.));
#8019=DIRECTION('ref_axis',(-0.962729636929806,-0.270465609971036,0.));
#8020=DIRECTION('center_axis',(0.,0.,1.));
#8021=DIRECTION('ref_axis',(1.,-1.22286592401926E-16,0.));
#8022=DIRECTION('center_axis',(0.,0.,1.));
#8023=DIRECTION('ref_axis',(-0.228972671891423,0.973432851062107,0.));
#8024=DIRECTION('',(-0.846724199228285,0.532032076515335,0.));
#8025=DIRECTION('center_axis',(0.,0.,-1.));
#8026=DIRECTION('ref_axis',(-0.532032076515337,-0.846724199228284,0.));
#8027=DIRECTION('',(0.846724199228285,-0.532032076515335,0.));
#8028=DIRECTION('center_axis',(0.,0.,1.));
#8029=DIRECTION('ref_axis',(-0.976380212836434,-0.216059436224107,0.));
#8030=DIRECTION('center_axis',(0.,0.,1.));
#8031=DIRECTION('ref_axis',(1.,-1.22286592401926E-16,0.));
#8032=DIRECTION('center_axis',(0.,0.,1.));
#8033=DIRECTION('ref_axis',(-0.174031640208257,0.984740061237697,0.));
#8034=DIRECTION('',(-0.815560868959261,0.578671296179804,0.));
#8035=DIRECTION('center_axis',(0.,0.,-1.));
#8036=DIRECTION('ref_axis',(-0.578671296179806,-0.81556086895926,0.));
#8037=DIRECTION('',(0.815560868959261,-0.578671296179804,0.));
#8038=DIRECTION('center_axis',(0.,0.,1.));
#8039=DIRECTION('ref_axis',(-0.986958735367605,-0.160973459556466,0.));
#8040=DIRECTION('center_axis',(0.,0.,1.));
#8041=DIRECTION('ref_axis',(1.,-1.22286592401926E-16,0.));
#8042=DIRECTION('center_axis',(0.,0.,1.));
#8043=DIRECTION('ref_axis',(-0.623489801858728,-0.781831482468034,0.));
#8044=DIRECTION('',(-0.781831482468031,0.623489801858732,0.));
#8045=DIRECTION('center_axis',(0.,0.,-1.));
#8046=DIRECTION('ref_axis',(-0.623489801858734,-0.78183148246803,0.));
#8047=DIRECTION('',(0.781831482468031,-0.623489801858732,0.));
#8048=DIRECTION('center_axis',(0.,0.,1.));
#8049=DIRECTION('ref_axis',(0.623489801858728,0.781831482468034,0.));
#8050=DIRECTION('center_axis',(0.,0.,1.));
#8051=DIRECTION('ref_axis',(1.,-1.22286592401926E-16,0.));
#8052=DIRECTION('center_axis',(0.,0.,1.));
#8053=DIRECTION('ref_axis',(-0.0626814607282725,0.998033583844236,0.));
#8054=DIRECTION('',(-0.745642164883167,0.666346577952003,0.));
#8055=DIRECTION('center_axis',(0.,0.,-1.));
#8056=DIRECTION('ref_axis',(-0.666346577952004,-0.745642164883166,0.));
#8057=DIRECTION('',(0.745642164883167,-0.666346577952003,0.));
#8058=DIRECTION('center_axis',(0.,0.,1.));
#8059=DIRECTION('ref_axis',(-0.998776255061359,-0.049456974489023,0.));
#8060=DIRECTION('center_axis',(0.,0.,1.));
#8061=DIRECTION('ref_axis',(1.,-1.22286592401926E-16,0.));
#8062=DIRECTION('center_axis',(0.,0.,1.));
#8063=DIRECTION('ref_axis',(-0.00662266179170835,0.999978069934933,0.));
#8064=DIRECTION('',(-0.707106781186549,0.707106781186546,0.));
#8065=DIRECTION('center_axis',(0.,0.,-1.));
#8066=DIRECTION('ref_axis',(-0.707106781186548,-0.707106781186548,0.));
#8067=DIRECTION('',(0.707106781186549,-0.707106781186546,0.));
#8068=DIRECTION('center_axis',(0.,0.,1.));
#8069=DIRECTION('ref_axis',(-0.999978069934933,0.00662266179170852,0.));
#8070=DIRECTION('center_axis',(0.,0.,1.));
#8071=DIRECTION('ref_axis',(1.,-1.22286592401926E-16,0.));
#8072=DIRECTION('center_axis',(0.,0.,1.));
#8073=DIRECTION('ref_axis',(0.0494569744890003,0.99877625506136,0.));
#8074=DIRECTION('',(-0.666346577952005,0.745642164883164,0.));
#8075=DIRECTION('center_axis',(0.,0.,-1.));
#8076=DIRECTION('ref_axis',(-0.745642164883166,-0.666346577952004,0.));
#8077=DIRECTION('',(0.666346577952005,-0.745642164883164,0.));
#8078=DIRECTION('center_axis',(0.,0.,1.));
#8079=DIRECTION('ref_axis',(-0.998033583844238,0.0626814607282473,0.));
#8080=DIRECTION('center_axis',(0.,0.,1.));
#8081=DIRECTION('ref_axis',(1.,-1.22286592401926E-16,0.));
#8082=DIRECTION('center_axis',(0.,0.,1.));
#8083=DIRECTION('ref_axis',(-0.781831482468032,-0.62348980185873,0.));
#8084=DIRECTION('',(-0.623489801858735,0.781831482468029,0.));
#8085=DIRECTION('center_axis',(0.,0.,-1.));
#8086=DIRECTION('ref_axis',(-0.78183148246803,-0.623489801858733,0.));
#8087=DIRECTION('',(0.623489801858735,-0.781831482468029,0.));
#8088=DIRECTION('center_axis',(0.,0.,1.));
#8089=DIRECTION('ref_axis',(0.781831482468025,0.623489801858739,0.));
#8090=DIRECTION('center_axis',(0.,0.,1.));
#8091=DIRECTION('ref_axis',(1.,-1.22286592401926E-16,0.));
#8092=DIRECTION('center_axis',(0.,0.,1.));
#8093=DIRECTION('ref_axis',(0.16097345955647,0.986958735367605,0.));
#8094=DIRECTION('',(-0.578671296179807,0.815560868959259,0.));
#8095=DIRECTION('center_axis',(0.,0.,-1.));
#8096=DIRECTION('ref_axis',(-0.81556086895926,-0.578671296179806,0.));
#8097=DIRECTION('',(0.578671296179807,-0.815560868959259,0.));
#8098=DIRECTION('center_axis',(0.,0.,1.));
#8099=DIRECTION('ref_axis',(-0.984740061237697,0.174031640208257,0.));
#8100=DIRECTION('center_axis',(0.,0.,1.));
#8101=DIRECTION('ref_axis',(1.,-1.22286592401926E-16,0.));
#8102=DIRECTION('center_axis',(0.,0.,1.));
#8103=DIRECTION('ref_axis',(0.216059436224064,0.976380212836444,0.));
#8104=DIRECTION('',(-0.532032076515338,0.846724199228283,0.));
#8105=DIRECTION('center_axis',(0.,0.,-1.));
#8106=DIRECTION('ref_axis',(-0.846724199228284,-0.532032076515336,0.));
#8107=DIRECTION('',(0.532032076515338,-0.846724199228283,0.));
#8108=DIRECTION('center_axis',(0.,0.,1.));
#8109=DIRECTION('ref_axis',(-0.973432851062107,0.228972671891423,0.));
#8110=DIRECTION('center_axis',(0.,0.,1.));
#8111=DIRECTION('ref_axis',(1.,-1.22286592401926E-16,0.));
#8112=DIRECTION('center_axis',(0.,0.,1.));
#8113=DIRECTION('ref_axis',(0.27046560997106,0.962729636929799,0.));
#8114=DIRECTION('',(-0.483718887105241,0.875223421908753,0.));
#8115=DIRECTION('center_axis',(0.,0.,-1.));
#8116=DIRECTION('ref_axis',(-0.875223421908754,-0.48371888710524,0.));
#8117=DIRECTION('',(0.483718887105241,-0.875223421908753,0.));
#8118=DIRECTION('center_axis',(0.,0.,1.));
#8119=DIRECTION('ref_axis',(-0.959062861001602,0.283193270837111,0.));
#8120=DIRECTION('center_axis',(0.,0.,1.));
#8121=DIRECTION('ref_axis',(1.,-1.22286592401926E-16,0.));
#8122=DIRECTION('center_axis',(0.,0.,1.));
#8123=DIRECTION('ref_axis',(-0.900968867902421,-0.433883739117555,0.));
#8124=DIRECTION('',(-0.43388373911756,0.900968867902418,0.));
#8125=DIRECTION('center_axis',(0.,0.,-1.));
#8126=DIRECTION('ref_axis',(-0.900968867902419,-0.433883739117558,0.));
#8127=DIRECTION('',(0.43388373911756,-0.900968867902418,0.));
#8128=DIRECTION('center_axis',(0.,0.,1.));
#8129=DIRECTION('ref_axis',(0.900968867902421,0.433883739117555,0.));
#8130=DIRECTION('center_axis',(0.,0.,1.));
#8131=DIRECTION('ref_axis',(1.,-1.22286592401926E-16,0.));
#8132=DIRECTION('center_axis',(0.,0.,1.));
#8133=DIRECTION('ref_axis',(0.376556498412426,0.926393654718863,0.));
#8134=DIRECTION('',(-0.382683432365091,0.923879532511286,0.));
#8135=DIRECTION('center_axis',(0.,0.,-1.));
#8136=DIRECTION('ref_axis',(-0.923879532511287,-0.38268343236509,0.));
#8137=DIRECTION('',(0.382683432365091,-0.923879532511286,0.));
#8138=DIRECTION('center_axis',(0.,0.,1.));
#8139=DIRECTION('ref_axis',(-0.921324888827183,0.388793581772615,0.));
#8140=DIRECTION('center_axis',(0.,0.,1.));
#8141=DIRECTION('ref_axis',(1.,-1.22286592401926E-16,0.));
#8142=DIRECTION('center_axis',(0.,0.,1.));
#8143=DIRECTION('ref_axis',(0.427907411921974,0.903822574857609,0.));
#8144=DIRECTION('',(-0.330279061955169,0.943883330308367,0.));
#8145=DIRECTION('center_axis',(0.,0.,-1.));
#8146=DIRECTION('ref_axis',(-0.943883330308368,-0.330279061955167,0.));
#8147=DIRECTION('',(0.330279061955169,-0.943883330308367,0.));
#8148=DIRECTION('center_axis',(0.,0.,1.));
#8149=DIRECTION('ref_axis',(-0.898075644335432,0.43984103611589,0.));
#8150=DIRECTION('center_axis',(0.,0.,1.));
#8151=DIRECTION('ref_axis',(1.,-1.22286592401926E-16,0.));
#8152=DIRECTION('center_axis',(0.,0.,1.));
#8153=DIRECTION('ref_axis',(0.477911970403103,0.878407734793714,0.));
#8154=DIRECTION('',(-0.276835511424851,0.960917321945099,0.));
#8155=DIRECTION('center_axis',(0.,0.,-1.));
#8156=DIRECTION('ref_axis',(-0.9609173219451,-0.276835511424849,0.));
#8157=DIRECTION('',(0.276835511424851,-0.960917321945099,0.));
#8158=DIRECTION('center_axis',(0.,0.,1.));
#8159=DIRECTION('ref_axis',(-0.872000721610616,0.489504587834031,0.));
#8160=DIRECTION('center_axis',(0.,0.,1.));
#8161=DIRECTION('ref_axis',(1.,-1.22286592401926E-16,0.));
#8162=DIRECTION('center_axis',(0.,0.,1.));
#8163=DIRECTION('ref_axis',(-0.974927912181825,-0.222520933956308,0.));
#8164=DIRECTION('',(-0.222520933956316,0.974927912181823,0.));
#8165=DIRECTION('center_axis',(0.,0.,-1.));
#8166=DIRECTION('ref_axis',(-0.974927912181824,-0.222520933956314,0.));
#8167=DIRECTION('',(0.222520933956316,-0.974927912181823,0.));
#8168=DIRECTION('center_axis',(0.,0.,1.));
#8169=DIRECTION('ref_axis',(0.974927912181825,0.222520933956309,0.));
#8170=DIRECTION('center_axis',(0.,0.,1.));
#8171=DIRECTION('ref_axis',(1.,-1.22286592401926E-16,0.));
#8172=DIRECTION('center_axis',(0.,0.,1.));
#8173=DIRECTION('ref_axis',(0.57325742207498,0.819375327939491,0.));
#8174=DIRECTION('',(-0.167506223304738,0.985871018518236,0.));
#8175=DIRECTION('center_axis',(0.,0.,-1.));
#8176=DIRECTION('ref_axis',(-0.985871018518236,-0.167506223304736,0.));
#8177=DIRECTION('',(0.167506223304738,-0.985871018518236,0.));
#8178=DIRECTION('center_axis',(0.,0.,1.));
#8179=DIRECTION('ref_axis',(-0.81171063937318,0.584059789686281,0.));
#8180=DIRECTION('center_axis',(0.,0.,1.));
#8181=DIRECTION('ref_axis',(1.,-1.22286592401926E-16,0.));
#8182=DIRECTION('center_axis',(0.,0.,1.));
#8183=DIRECTION('ref_axis',(0.618298323200322,0.785943498941031,0.));
#8184=DIRECTION('',(-0.11196447610331,0.993712209893242,0.));
#8185=DIRECTION('center_axis',(0.,0.,-1.));
#8186=DIRECTION('ref_axis',(-0.993712209893243,-0.111964476103308,0.));
#8187=DIRECTION('',(0.11196447610331,-0.993712209893242,0.));
#8188=DIRECTION('center_axis',(0.,0.,1.));
#8189=DIRECTION('ref_axis',(-0.777685174764465,0.628653934173297,0.));
#8190=DIRECTION('center_axis',(0.,0.,1.));
#8191=DIRECTION('ref_axis',(1.,-1.22286592401926E-16,0.));
#8192=DIRECTION('center_axis',(0.,0.,1.));
#8193=DIRECTION('ref_axis',(0.661393829052548,0.750038800923799,0.));
#8194=DIRECTION('',(-0.0560704472371935,0.998426815017816,0.));
#8195=DIRECTION('center_axis',(0.,0.,-1.));
#8196=DIRECTION('ref_axis',(-0.998426815017817,-0.0560704472371917,0.));
#8197=DIRECTION('',(0.0560704472371935,-0.998426815017816,0.));
#8198=DIRECTION('center_axis',(0.,0.,1.));
#8199=DIRECTION('ref_axis',(-0.741212824880141,0.671270100803843,0.));
#8200=DIRECTION('center_axis',(0.,0.,1.));
#8201=DIRECTION('ref_axis',(1.,-1.22286592401926E-16,0.));
#8202=DIRECTION('center_axis',(0.,0.,1.));
#8203=DIRECTION('ref_axis',(-1.,0.,0.));
#8204=DIRECTION('',(-1.7120405465967E-15,1.,0.));
#8205=DIRECTION('center_axis',(0.,0.,-1.));
#8206=DIRECTION('ref_axis',(-1.,6.12323399573677E-17,0.));
#8207=DIRECTION('',(1.7120405465967E-15,-1.,0.));
#8208=DIRECTION('center_axis',(0.,0.,1.));
#8209=DIRECTION('ref_axis',(1.,0.,0.));
#8210=DIRECTION('center_axis',(0.,0.,1.));
#8211=DIRECTION('ref_axis',(1.,-1.22286592401926E-16,0.));
#8212=DIRECTION('center_axis',(0.,0.,1.));
#8213=DIRECTION('ref_axis',(0.741212824880143,0.671270100803841,0.));
#8214=DIRECTION('',(0.0560704472371901,0.998426815017817,0.));
#8215=DIRECTION('center_axis',(0.,0.,-1.));
#8216=DIRECTION('ref_axis',(-0.998426815017817,0.0560704472371919,0.));
#8217=DIRECTION('',(-0.0560704472371901,-0.998426815017817,0.));
#8218=DIRECTION('center_axis',(0.,0.,1.));
#8219=DIRECTION('ref_axis',(-0.661393829052545,0.750038800923801,0.));
#8220=DIRECTION('center_axis',(0.,0.,1.));
#8221=DIRECTION('ref_axis',(1.,-1.22286592401926E-16,0.));
#8222=DIRECTION('center_axis',(0.,0.,1.));
#8223=DIRECTION('ref_axis',(0.777685174764466,0.628653934173295,0.));
#8224=DIRECTION('',(0.111964476103306,0.993712209893243,0.));
#8225=DIRECTION('center_axis',(0.,0.,-1.));
#8226=DIRECTION('ref_axis',(-0.993712209893243,0.111964476103308,0.));
#8227=DIRECTION('',(-0.111964476103306,-0.993712209893243,0.));
#8228=DIRECTION('center_axis',(0.,0.,1.));
#8229=DIRECTION('ref_axis',(-0.618298323200322,0.78594349894103,0.));
#8230=DIRECTION('center_axis',(0.,0.,1.));
#8231=DIRECTION('ref_axis',(1.,-1.22286592401926E-16,0.));
#8232=DIRECTION('center_axis',(0.,0.,1.));
#8233=DIRECTION('ref_axis',(0.81171063937316,0.58405978968631,0.));
#8234=DIRECTION('',(0.167506223304735,0.985871018518236,0.));
#8235=DIRECTION('center_axis',(0.,0.,-1.));
#8236=DIRECTION('ref_axis',(-0.985871018518236,0.167506223304736,0.));
#8237=DIRECTION('',(-0.167506223304735,-0.985871018518236,0.));
#8238=DIRECTION('center_axis',(0.,0.,1.));
#8239=DIRECTION('ref_axis',(-0.573257422074964,0.819375327939502,0.));
#8240=DIRECTION('center_axis',(0.,0.,1.));
#8241=DIRECTION('ref_axis',(1.,-1.22286592401926E-16,0.));
#8242=DIRECTION('center_axis',(0.,0.,1.));
#8243=DIRECTION('ref_axis',(-0.974927912181825,0.222520933956308,0.));
#8244=DIRECTION('',(0.222520933956313,0.974927912181824,0.));
#8245=DIRECTION('center_axis',(0.,0.,-1.));
#8246=DIRECTION('ref_axis',(-0.974927912181824,0.222520933956314,0.));
#8247=DIRECTION('',(-0.222520933956313,-0.974927912181824,0.));
#8248=DIRECTION('center_axis',(0.,0.,1.));
#8249=DIRECTION('ref_axis',(0.974927912181825,-0.222520933956307,0.));
#8250=DIRECTION('center_axis',(0.,0.,1.));
#8251=DIRECTION('ref_axis',(1.,-1.22286592401926E-16,0.));
#8252=DIRECTION('center_axis',(0.,0.,1.));
#8253=DIRECTION('ref_axis',(0.872000721610606,0.48950458783405,0.));
#8254=DIRECTION('',(0.276835511424848,0.9609173219451,0.));
#8255=DIRECTION('center_axis',(0.,0.,-1.));
#8256=DIRECTION('ref_axis',(-0.960917321945099,0.276835511424849,0.));
#8257=DIRECTION('',(-0.276835511424848,-0.9609173219451,0.));
#8258=DIRECTION('center_axis',(0.,0.,1.));
#8259=DIRECTION('ref_axis',(-0.477911970403093,0.878407734793719,0.));
#8260=DIRECTION('center_axis',(0.,0.,1.));
#8261=DIRECTION('ref_axis',(1.,-1.22286592401926E-16,0.));
#8262=DIRECTION('center_axis',(0.,0.,1.));
#8263=DIRECTION('ref_axis',(0.898075644335432,0.43984103611589,0.));
#8264=DIRECTION('',(0.330279061955165,0.943883330308368,0.));
#8265=DIRECTION('center_axis',(0.,0.,-1.));
#8266=DIRECTION('ref_axis',(-0.943883330308368,0.330279061955167,0.));
#8267=DIRECTION('',(-0.330279061955165,-0.943883330308368,0.));
#8268=DIRECTION('center_axis',(0.,0.,1.));
#8269=DIRECTION('ref_axis',(-0.427907411921964,0.903822574857614,0.));
#8270=DIRECTION('center_axis',(0.,0.,1.));
#8271=DIRECTION('ref_axis',(1.,-1.22286592401926E-16,0.));
#8272=DIRECTION('center_axis',(0.,0.,1.));
#8273=DIRECTION('ref_axis',(0.921324888827185,0.38879358177261,0.));
#8274=DIRECTION('',(0.382683432365088,0.923879532511288,0.));
#8275=DIRECTION('center_axis',(0.,0.,-1.));
#8276=DIRECTION('ref_axis',(-0.923879532511287,0.38268343236509,0.));
#8277=DIRECTION('',(-0.382683432365088,-0.923879532511288,0.));
#8278=DIRECTION('center_axis',(0.,0.,1.));
#8279=DIRECTION('ref_axis',(-0.376556498412435,0.92639365471886,0.));
#8280=DIRECTION('center_axis',(0.,0.,1.));
#8281=DIRECTION('ref_axis',(1.,-1.22286592401926E-16,0.));
#8282=DIRECTION('center_axis',(0.,0.,1.));
#8283=DIRECTION('ref_axis',(-0.900968867902422,0.433883739117552,0.));
#8284=DIRECTION('',(0.433883739117557,0.90096886790242,0.));
#8285=DIRECTION('center_axis',(0.,0.,-1.));
#8286=DIRECTION('ref_axis',(-0.900968867902419,0.433883739117558,0.));
#8287=DIRECTION('',(-0.433883739117557,-0.90096886790242,0.));
#8288=DIRECTION('center_axis',(0.,0.,1.));
#8289=DIRECTION('ref_axis',(0.900968867902421,-0.433883739117555,0.));
#8290=DIRECTION('center_axis',(0.,0.,1.));
#8291=DIRECTION('ref_axis',(1.,-1.22286592401926E-16,0.));
#8292=DIRECTION('center_axis',(0.,0.,1.));
#8293=DIRECTION('ref_axis',(0.959062861001617,0.283193270837061,0.));
#8294=DIRECTION('',(0.483718887105238,0.875223421908755,0.));
#8295=DIRECTION('center_axis',(0.,0.,-1.));
#8296=DIRECTION('ref_axis',(-0.875223421908754,0.48371888710524,0.));
#8297=DIRECTION('',(-0.483718887105238,-0.875223421908755,0.));
#8298=DIRECTION('center_axis',(0.,0.,1.));
#8299=DIRECTION('ref_axis',(-0.270465609971036,0.962729636929806,0.));
#8300=DIRECTION('center_axis',(0.,0.,1.));
#8301=DIRECTION('ref_axis',(1.,-1.22286592401926E-16,0.));
#8302=DIRECTION('center_axis',(0.,0.,1.));
#8303=DIRECTION('ref_axis',(0.973432851062107,0.228972671891423,0.));
#8304=DIRECTION('',(0.532032076515335,0.846724199228285,0.));
#8305=DIRECTION('center_axis',(0.,0.,-1.));
#8306=DIRECTION('ref_axis',(-0.846724199228284,0.532032076515337,0.));
#8307=DIRECTION('',(-0.532032076515335,-0.846724199228285,0.));
#8308=DIRECTION('center_axis',(0.,0.,1.));
#8309=DIRECTION('ref_axis',(-0.216059436224088,0.976380212836439,0.));
#8310=DIRECTION('center_axis',(0.,0.,1.));
#8311=DIRECTION('ref_axis',(1.,-1.22286592401926E-16,0.));
#8312=DIRECTION('center_axis',(0.,0.,1.));
#8313=DIRECTION('ref_axis',(0.984740061237698,0.174031640208252,0.));
#8314=DIRECTION('',(0.578671296179804,0.815560868959261,0.));
#8315=DIRECTION('center_axis',(0.,0.,-1.));
#8316=DIRECTION('ref_axis',(-0.81556086895926,0.578671296179806,0.));
#8317=DIRECTION('',(-0.578671296179804,-0.815560868959261,0.));
#8318=DIRECTION('center_axis',(0.,0.,1.));
#8319=DIRECTION('ref_axis',(-0.16097345955649,0.986958735367601,0.));
#8320=DIRECTION('center_axis',(0.,0.,1.));
#8321=DIRECTION('ref_axis',(1.,-1.22286592401926E-16,0.));
#8322=DIRECTION('center_axis',(0.,0.,1.));
#8323=DIRECTION('ref_axis',(-0.781831482468025,0.623489801858739,0.));
#8324=DIRECTION('',(0.623489801858732,0.781831482468031,0.));
#8325=DIRECTION('center_axis',(0.,0.,-1.));
#8326=DIRECTION('ref_axis',(-0.78183148246803,0.623489801858734,0.));
#8327=DIRECTION('',(-0.623489801858732,-0.781831482468031,0.));
#8328=DIRECTION('center_axis',(0.,0.,1.));
#8329=DIRECTION('ref_axis',(0.781831482468034,-0.623489801858728,0.));
#8330=DIRECTION('center_axis',(0.,0.,1.));
#8331=DIRECTION('ref_axis',(1.,-1.22286592401926E-16,0.));
#8332=DIRECTION('center_axis',(0.,0.,1.));
#8333=DIRECTION('ref_axis',(0.998033583844238,0.0626814607282473,0.));
#8334=DIRECTION('',(0.666346577952003,0.745642164883167,0.));
#8335=DIRECTION('center_axis',(0.,0.,-1.));
#8336=DIRECTION('ref_axis',(-0.745642164883166,0.666346577952004,0.));
#8337=DIRECTION('',(-0.666346577952003,-0.745642164883167,0.));
#8338=DIRECTION('center_axis',(0.,0.,1.));
#8339=DIRECTION('ref_axis',(-0.049456974488999,0.99877625506136,0.));
#8340=DIRECTION('center_axis',(0.,0.,1.));
#8341=DIRECTION('ref_axis',(1.,-1.22286592401926E-16,0.));
#8342=DIRECTION('center_axis',(0.,0.,1.));
#8343=DIRECTION('ref_axis',(0.999978069934933,0.00662266179168306,0.));
#8344=DIRECTION('',(0.707106781186546,0.707106781186549,0.));
#8345=DIRECTION('center_axis',(0.,0.,-1.));
#8346=DIRECTION('ref_axis',(-0.707106781186548,0.707106781186548,0.));
#8347=DIRECTION('',(-0.707106781186546,-0.707106781186549,0.));
#8348=DIRECTION('center_axis',(0.,0.,1.));
#8349=DIRECTION('ref_axis',(0.00662266179170835,0.999978069934932,0.));
#8350=DIRECTION('center_axis',(0.,0.,1.));
#8351=DIRECTION('ref_axis',(1.,-1.22286592401926E-16,0.));
#8352=DIRECTION('center_axis',(0.,0.,1.));
#8353=DIRECTION('ref_axis',(0.998776255061361,-0.049456974488975,0.));
#8354=DIRECTION('',(0.745642164883164,0.666346577952005,0.));
#8355=DIRECTION('center_axis',(0.,0.,-1.));
#8356=DIRECTION('ref_axis',(-0.666346577952004,0.745642164883166,0.));
#8357=DIRECTION('',(-0.745642164883164,-0.666346577952005,0.));
#8358=DIRECTION('center_axis',(0.,0.,1.));
#8359=DIRECTION('ref_axis',(0.0626814607282741,0.998033583844236,0.));
#8360=DIRECTION('center_axis',(0.,0.,1.));
#8361=DIRECTION('ref_axis',(1.,-1.22286592401926E-16,0.));
#8362=DIRECTION('center_axis',(0.,0.,1.));
#8363=DIRECTION('ref_axis',(-0.623489801858739,0.781831482468025,0.));
#8364=DIRECTION('',(0.781831482468029,0.623489801858735,0.));
#8365=DIRECTION('center_axis',(0.,0.,-1.));
#8366=DIRECTION('ref_axis',(-0.623489801858734,0.78183148246803,0.));
#8367=DIRECTION('',(-0.781831482468029,-0.623489801858735,0.));
#8368=DIRECTION('center_axis',(0.,0.,1.));
#8369=DIRECTION('ref_axis',(0.623489801858739,-0.781831482468025,0.));
#8370=DIRECTION('center_axis',(0.,0.,1.));
#8371=DIRECTION('ref_axis',(1.,-1.22286592401926E-16,0.));
#8372=DIRECTION('center_axis',(0.,0.,1.));
#8373=DIRECTION('ref_axis',(0.986958735367605,-0.160973459556466,0.));
#8374=DIRECTION('',(0.815560868959259,0.578671296179807,0.));
#8375=DIRECTION('center_axis',(0.,0.,-1.));
#8376=DIRECTION('ref_axis',(-0.578671296179806,0.81556086895926,0.));
#8377=DIRECTION('',(-0.815560868959259,-0.578671296179807,0.));
#8378=DIRECTION('center_axis',(0.,0.,1.));
#8379=DIRECTION('ref_axis',(0.174031640208232,0.984740061237702,0.));
#8380=DIRECTION('center_axis',(0.,0.,1.));
#8381=DIRECTION('ref_axis',(1.,-1.22286592401926E-16,0.));
#8382=DIRECTION('center_axis',(0.,0.,1.));
#8383=DIRECTION('ref_axis',(0.976380212836439,-0.216059436224088,0.));
#8384=DIRECTION('',(0.846724199228283,0.532032076515338,0.));
#8385=DIRECTION('center_axis',(0.,0.,-1.));
#8386=DIRECTION('ref_axis',(-0.532032076515337,0.846724199228284,0.));
#8387=DIRECTION('',(-0.846724199228283,-0.532032076515338,0.));
#8388=DIRECTION('center_axis',(0.,0.,1.));
#8389=DIRECTION('ref_axis',(0.228972671891421,0.973432851062108,0.));
#8390=DIRECTION('center_axis',(0.,0.,1.));
#8391=DIRECTION('ref_axis',(1.,-1.22286592401926E-16,0.));
#8392=DIRECTION('center_axis',(0.,0.,1.));
#8393=DIRECTION('ref_axis',(0.962729636929802,-0.270465609971048,0.));
#8394=DIRECTION('',(0.875223421908753,0.483718887105241,0.));
#8395=DIRECTION('center_axis',(0.,0.,-1.));
#8396=DIRECTION('ref_axis',(-0.48371888710524,0.875223421908754,0.));
#8397=DIRECTION('',(-0.875223421908753,-0.483718887105241,0.));
#8398=DIRECTION('center_axis',(0.,0.,1.));
#8399=DIRECTION('ref_axis',(0.283193270837111,0.959062861001602,0.));
#8400=DIRECTION('center_axis',(0.,0.,1.));
#8401=DIRECTION('ref_axis',(1.,-1.22286592401926E-16,0.));
#8402=DIRECTION('center_axis',(0.,0.,1.));
#8403=DIRECTION('ref_axis',(-0.433883739117555,0.900968867902421,0.));
#8404=DIRECTION('',(0.900968867902418,0.43388373911756,0.));
#8405=DIRECTION('center_axis',(0.,0.,-1.));
#8406=DIRECTION('ref_axis',(-0.433883739117558,0.900968867902419,0.));
#8407=DIRECTION('',(-0.900968867902418,-0.43388373911756,0.));
#8408=DIRECTION('center_axis',(0.,0.,1.));
#8409=DIRECTION('ref_axis',(0.433883739117566,-0.900968867902415,0.));
#8410=DIRECTION('center_axis',(0.,0.,1.));
#8411=DIRECTION('ref_axis',(1.,-1.22286592401926E-16,0.));
#8412=DIRECTION('center_axis',(0.,0.,1.));
#8413=DIRECTION('ref_axis',(0.926393654718868,-0.376556498412415,0.));
#8414=DIRECTION('',(0.923879532511286,0.382683432365091,0.));
#8415=DIRECTION('center_axis',(0.,0.,-1.));
#8416=DIRECTION('ref_axis',(-0.38268343236509,0.923879532511287,0.));
#8417=DIRECTION('',(-0.923879532511286,-0.382683432365091,0.));
#8418=DIRECTION('center_axis',(0.,0.,1.));
#8419=DIRECTION('ref_axis',(0.388793581772606,0.921324888827187,0.));
#8420=DIRECTION('center_axis',(0.,0.,1.));
#8421=DIRECTION('ref_axis',(1.,-1.22286592401926E-16,0.));
#8422=DIRECTION('center_axis',(0.,0.,1.));
#8423=DIRECTION('ref_axis',(0.903822574857609,-0.427907411921974,0.));
#8424=DIRECTION('',(0.943883330308367,0.330279061955169,0.));
#8425=DIRECTION('center_axis',(0.,0.,-1.));
#8426=DIRECTION('ref_axis',(-0.330279061955167,0.943883330308368,0.));
#8427=DIRECTION('',(-0.943883330308367,-0.330279061955169,0.));
#8428=DIRECTION('center_axis',(0.,0.,1.));
#8429=DIRECTION('ref_axis',(0.439841036115895,0.898075644335429,0.));
#8430=DIRECTION('center_axis',(0.,0.,1.));
#8431=DIRECTION('ref_axis',(1.,-1.22286592401926E-16,0.));
#8432=DIRECTION('center_axis',(0.,0.,1.));
#8433=DIRECTION('ref_axis',(0.878407734793714,-0.477911970403103,0.));
#8434=DIRECTION('',(0.960917321945099,0.276835511424851,0.));
#8435=DIRECTION('center_axis',(0.,0.,-1.));
#8436=DIRECTION('ref_axis',(-0.276835511424849,0.9609173219451,0.));
#8437=DIRECTION('',(-0.960917321945099,-0.276835511424851,0.));
#8438=DIRECTION('center_axis',(0.,0.,1.));
#8439=DIRECTION('ref_axis',(0.489504587834025,0.872000721610619,0.));
#8440=DIRECTION('center_axis',(0.,0.,1.));
#8441=DIRECTION('ref_axis',(1.,-1.22286592401926E-16,0.));
#8442=DIRECTION('center_axis',(0.,0.,1.));
#8443=DIRECTION('ref_axis',(-0.222520933956308,0.974927912181825,0.));
#8444=DIRECTION('',(0.974927912181823,0.222520933956316,0.));
#8445=DIRECTION('center_axis',(0.,0.,-1.));
#8446=DIRECTION('ref_axis',(-0.222520933956314,0.974927912181824,0.));
#8447=DIRECTION('',(-0.974927912181823,-0.222520933956316,0.));
#8448=DIRECTION('center_axis',(0.,0.,1.));
#8449=DIRECTION('ref_axis',(0.222520933956309,-0.974927912181825,0.));
#8450=DIRECTION('center_axis',(0.,0.,1.));
#8451=DIRECTION('ref_axis',(1.,-1.22286592401926E-16,0.));
#8452=DIRECTION('center_axis',(0.,0.,1.));
#8453=DIRECTION('ref_axis',(0.819375327939497,-0.573257422074972,0.));
#8454=DIRECTION('',(0.985871018518236,0.167506223304738,0.));
#8455=DIRECTION('center_axis',(0.,0.,-1.));
#8456=DIRECTION('ref_axis',(-0.167506223304736,0.985871018518236,0.));
#8457=DIRECTION('',(-0.985871018518236,-0.167506223304738,0.));
#8458=DIRECTION('center_axis',(0.,0.,1.));
#8459=DIRECTION('ref_axis',(0.584059789686287,0.811710639373176,0.));
#8460=DIRECTION('center_axis',(0.,0.,1.));
#8461=DIRECTION('ref_axis',(1.,-1.22286592401926E-16,0.));
#8462=DIRECTION('center_axis',(0.,0.,1.));
#8463=DIRECTION('ref_axis',(0.785943498941035,-0.618298323200317,0.));
#8464=DIRECTION('',(0.993712209893242,0.11196447610331,0.));
#8465=DIRECTION('center_axis',(0.,0.,-1.));
#8466=DIRECTION('ref_axis',(-0.111964476103308,0.993712209893243,0.));
#8467=DIRECTION('',(-0.993712209893242,-0.11196447610331,0.));
#8468=DIRECTION('center_axis',(0.,0.,1.));
#8469=DIRECTION('ref_axis',(0.628653934173298,0.777685174764464,0.));
#8470=DIRECTION('center_axis',(0.,0.,1.));
#8471=DIRECTION('ref_axis',(1.,-1.22286592401926E-16,0.));
#8472=DIRECTION('center_axis',(0.,0.,1.));
#8473=DIRECTION('ref_axis',(0.750038800923803,-0.661393829052542,0.));
#8474=DIRECTION('',(0.998426815017816,0.0560704472371936,0.));
#8475=DIRECTION('center_axis',(0.,0.,-1.));
#8476=DIRECTION('ref_axis',(-0.0560704472371918,0.998426815017817,0.));
#8477=DIRECTION('',(-0.998426815017816,-0.0560704472371936,0.));
#8478=DIRECTION('center_axis',(0.,0.,1.));
#8479=DIRECTION('ref_axis',(0.671270100803846,0.741212824880138,0.));
#8480=DIRECTION('center_axis',(0.,0.,1.));
#8481=DIRECTION('ref_axis',(1.,-1.22286592401926E-16,0.));
#8482=DIRECTION('center_axis',(0.,0.,1.));
#8483=DIRECTION('ref_axis',(0.713632624799912,-0.700520147334242,0.));
#8484=DIRECTION('',(-1.,-1.77327288655407E-15,0.));
#8485=DIRECTION('center_axis',(0.,0.,1.));
#8486=DIRECTION('ref_axis',(0.,1.,0.));
#8487=DIRECTION('',(1.,1.77327288655407E-15,0.));
#8488=DIRECTION('center_axis',(0.,0.,1.));
#8489=DIRECTION('ref_axis',(0.70710678118654,0.707106781186555,0.));
#8490=DIRECTION('',(1.78080812759303E-15,-1.,0.));
#8491=DIRECTION('center_axis',(0.,0.,1.));
#8492=DIRECTION('ref_axis',(0.707106781186549,-0.707106781186546,0.));
#8493=DIRECTION('',(-1.,1.21115239050017E-15,0.));
#8494=DIRECTION('',(1.26882631385732E-16,-1.,0.));
#8495=DIRECTION('center_axis',(0.,0.,1.));
#8496=DIRECTION('ref_axis',(0.707106781186522,-0.707106781186573,0.));
#8497=DIRECTION('',(1.,-7.43849426498942E-14,0.));
#8498=DIRECTION('center_axis',(0.,0.,1.));
#8499=DIRECTION('ref_axis',(-1.,7.10542735760101E-16,0.));
#8500=DIRECTION('',(0.,1.,0.));
#8501=DIRECTION('center_axis',(0.,0.,1.));
#8502=DIRECTION('ref_axis',(0.,1.,0.));
#8503=DIRECTION('',(-1.,-1.65080820663934E-15,0.));
#8504=DIRECTION('center_axis',(0.,0.,-1.));
#8505=DIRECTION('ref_axis',(-1.22464679914735E-16,-1.,0.));
#8506=DIRECTION('center_axis',(0.,0.,-1.));
#8507=DIRECTION('ref_axis',(1.,0.,0.));
#8508=DIRECTION('center_axis',(0.,0.,-1.));
#8509=DIRECTION('ref_axis',(1.,0.,0.));
#8510=DIRECTION('center_axis',(0.,0.,-1.));
#8511=DIRECTION('ref_axis',(1.,0.,0.));
#8512=DIRECTION('center_axis',(0.,0.,1.));
#8513=DIRECTION('ref_axis',(1.,0.,0.));
#8514=DIRECTION('center_axis',(0.,0.,-1.));
#8515=DIRECTION('ref_axis',(1.,0.,0.));
#8516=DIRECTION('center_axis',(0.,0.,-1.));
#8517=DIRECTION('ref_axis',(1.,0.,0.));
#8518=DIRECTION('center_axis',(0.,0.,-1.));
#8519=DIRECTION('ref_axis',(1.,0.,0.));
#8520=DIRECTION('center_axis',(0.,0.,-1.));
#8521=DIRECTION('ref_axis',(1.,0.,0.));
#8522=DIRECTION('center_axis',(0.,0.,1.));
#8523=DIRECTION('ref_axis',(0.,1.,0.));
#8524=DIRECTION('',(0.,0.,1.));
#8525=DIRECTION('center_axis',(0.,0.,-1.));
#8526=DIRECTION('ref_axis',(0.,1.,0.));
#8527=DIRECTION('',(0.,0.,-1.));
#8528=DIRECTION('center_axis',(1.65080820663934E-15,-1.,0.));
#8529=DIRECTION('ref_axis',(1.,1.65080820663934E-15,0.));
#8530=DIRECTION('',(1.,1.65080820663934E-15,0.));
#8531=DIRECTION('',(0.,0.,1.));
#8532=DIRECTION('center_axis',(0.,0.,1.));
#8533=DIRECTION('ref_axis',(-1.22464679914735E-16,-1.,0.));
#8534=DIRECTION('center_axis',(0.,0.,1.));
#8535=DIRECTION('ref_axis',(-1.22464679914735E-16,-1.,0.));
#8536=DIRECTION('center_axis',(0.,0.,1.));
#8537=DIRECTION('ref_axis',(1.,0.,0.));
#8538=DIRECTION('',(0.,-1.,0.));
#8539=DIRECTION('center_axis',(0.,0.,1.));
#8540=DIRECTION('ref_axis',(-1.,7.10542735760101E-16,0.));
#8541=DIRECTION('',(1.,-7.43849426498942E-14,0.));
#8542=DIRECTION('center_axis',(0.,0.,-1.));
#8543=DIRECTION('ref_axis',(0.707106781186522,-0.707106781186573,0.));
#8544=DIRECTION('',(-1.26882631385732E-16,1.,0.));
#8545=DIRECTION('',(1.,-1.21115239050017E-15,0.));
#8546=DIRECTION('center_axis',(0.,0.,-1.));
#8547=DIRECTION('ref_axis',(0.707106781186549,-0.707106781186546,0.));
#8548=DIRECTION('',(-1.78080812759303E-15,1.,0.));
#8549=DIRECTION('center_axis',(0.,0.,-1.));
#8550=DIRECTION('ref_axis',(0.70710678118654,0.707106781186555,0.));
#8551=DIRECTION('',(-1.,-1.77327288655407E-15,0.));
#8552=DIRECTION('center_axis',(0.,0.,-1.));
#8553=DIRECTION('ref_axis',(0.,1.,0.));
#8554=DIRECTION('',(1.,1.77327288655407E-15,0.));
#8555=DIRECTION('center_axis',(0.,0.,-1.));
#8556=DIRECTION('ref_axis',(0.713632624799912,-0.700520147334242,0.));
#8557=DIRECTION('center_axis',(0.,0.,1.));
#8558=DIRECTION('ref_axis',(1.,-1.22286592401926E-16,0.));
#8559=DIRECTION('center_axis',(0.,0.,-1.));
#8560=DIRECTION('ref_axis',(0.671270100803846,0.741212824880138,0.));
#8561=DIRECTION('',(0.998426815017816,0.0560704472371936,0.));
#8562=DIRECTION('center_axis',(0.,0.,1.));
#8563=DIRECTION('ref_axis',(-0.0560704472371918,0.998426815017817,0.));
#8564=DIRECTION('',(-0.998426815017816,-0.0560704472371936,0.));
#8565=DIRECTION('center_axis',(0.,0.,-1.));
#8566=DIRECTION('ref_axis',(0.750038800923803,-0.661393829052542,0.));
#8567=DIRECTION('center_axis',(0.,0.,1.));
#8568=DIRECTION('ref_axis',(1.,-1.22286592401926E-16,0.));
#8569=DIRECTION('center_axis',(0.,0.,-1.));
#8570=DIRECTION('ref_axis',(0.628653934173298,0.777685174764464,0.));
#8571=DIRECTION('',(0.993712209893242,0.11196447610331,0.));
#8572=DIRECTION('center_axis',(0.,0.,1.));
#8573=DIRECTION('ref_axis',(-0.111964476103308,0.993712209893243,0.));
#8574=DIRECTION('',(-0.993712209893242,-0.11196447610331,0.));
#8575=DIRECTION('center_axis',(0.,0.,-1.));
#8576=DIRECTION('ref_axis',(0.785943498941035,-0.618298323200317,0.));
#8577=DIRECTION('center_axis',(0.,0.,1.));
#8578=DIRECTION('ref_axis',(1.,-1.22286592401926E-16,0.));
#8579=DIRECTION('center_axis',(0.,0.,-1.));
#8580=DIRECTION('ref_axis',(0.584059789686287,0.811710639373176,0.));
#8581=DIRECTION('',(0.985871018518236,0.167506223304738,0.));
#8582=DIRECTION('center_axis',(0.,0.,1.));
#8583=DIRECTION('ref_axis',(-0.167506223304736,0.985871018518236,0.));
#8584=DIRECTION('',(-0.985871018518236,-0.167506223304738,0.));
#8585=DIRECTION('center_axis',(0.,0.,-1.));
#8586=DIRECTION('ref_axis',(0.819375327939497,-0.573257422074972,0.));
#8587=DIRECTION('center_axis',(0.,0.,1.));
#8588=DIRECTION('ref_axis',(1.,-1.22286592401926E-16,0.));
#8589=DIRECTION('center_axis',(0.,0.,-1.));
#8590=DIRECTION('ref_axis',(0.222520933956309,-0.974927912181825,0.));
#8591=DIRECTION('',(0.974927912181823,0.222520933956316,0.));
#8592=DIRECTION('center_axis',(0.,0.,1.));
#8593=DIRECTION('ref_axis',(-0.222520933956314,0.974927912181824,0.));
#8594=DIRECTION('',(-0.974927912181823,-0.222520933956316,0.));
#8595=DIRECTION('center_axis',(0.,0.,-1.));
#8596=DIRECTION('ref_axis',(-0.222520933956308,0.974927912181825,0.));
#8597=DIRECTION('center_axis',(0.,0.,1.));
#8598=DIRECTION('ref_axis',(1.,-1.22286592401926E-16,0.));
#8599=DIRECTION('center_axis',(0.,0.,-1.));
#8600=DIRECTION('ref_axis',(0.489504587834025,0.872000721610619,0.));
#8601=DIRECTION('',(0.960917321945099,0.276835511424851,0.));
#8602=DIRECTION('center_axis',(0.,0.,1.));
#8603=DIRECTION('ref_axis',(-0.276835511424849,0.9609173219451,0.));
#8604=DIRECTION('',(-0.960917321945099,-0.276835511424851,0.));
#8605=DIRECTION('center_axis',(0.,0.,-1.));
#8606=DIRECTION('ref_axis',(0.878407734793714,-0.477911970403103,0.));
#8607=DIRECTION('center_axis',(0.,0.,1.));
#8608=DIRECTION('ref_axis',(1.,-1.22286592401926E-16,0.));
#8609=DIRECTION('center_axis',(0.,0.,-1.));
#8610=DIRECTION('ref_axis',(0.439841036115895,0.898075644335429,0.));
#8611=DIRECTION('',(0.943883330308367,0.330279061955169,0.));
#8612=DIRECTION('center_axis',(0.,0.,1.));
#8613=DIRECTION('ref_axis',(-0.330279061955167,0.943883330308368,0.));
#8614=DIRECTION('',(-0.943883330308367,-0.330279061955169,0.));
#8615=DIRECTION('center_axis',(0.,0.,-1.));
#8616=DIRECTION('ref_axis',(0.903822574857609,-0.427907411921974,0.));
#8617=DIRECTION('center_axis',(0.,0.,1.));
#8618=DIRECTION('ref_axis',(1.,-1.22286592401926E-16,0.));
#8619=DIRECTION('center_axis',(0.,0.,-1.));
#8620=DIRECTION('ref_axis',(0.388793581772606,0.921324888827187,0.));
#8621=DIRECTION('',(0.923879532511286,0.382683432365091,0.));
#8622=DIRECTION('center_axis',(0.,0.,1.));
#8623=DIRECTION('ref_axis',(-0.38268343236509,0.923879532511287,0.));
#8624=DIRECTION('',(-0.923879532511286,-0.382683432365091,0.));
#8625=DIRECTION('center_axis',(0.,0.,-1.));
#8626=DIRECTION('ref_axis',(0.926393654718868,-0.376556498412415,0.));
#8627=DIRECTION('center_axis',(0.,0.,1.));
#8628=DIRECTION('ref_axis',(1.,-1.22286592401926E-16,0.));
#8629=DIRECTION('center_axis',(0.,0.,-1.));
#8630=DIRECTION('ref_axis',(0.433883739117566,-0.900968867902415,0.));
#8631=DIRECTION('',(0.900968867902418,0.43388373911756,0.));
#8632=DIRECTION('center_axis',(0.,0.,1.));
#8633=DIRECTION('ref_axis',(-0.433883739117558,0.900968867902419,0.));
#8634=DIRECTION('',(-0.900968867902418,-0.43388373911756,0.));
#8635=DIRECTION('center_axis',(0.,0.,-1.));
#8636=DIRECTION('ref_axis',(-0.433883739117555,0.900968867902421,0.));
#8637=DIRECTION('center_axis',(0.,0.,1.));
#8638=DIRECTION('ref_axis',(1.,-1.22286592401926E-16,0.));
#8639=DIRECTION('center_axis',(0.,0.,-1.));
#8640=DIRECTION('ref_axis',(0.283193270837111,0.959062861001602,0.));
#8641=DIRECTION('',(0.875223421908753,0.483718887105241,0.));
#8642=DIRECTION('center_axis',(0.,0.,1.));
#8643=DIRECTION('ref_axis',(-0.48371888710524,0.875223421908754,0.));
#8644=DIRECTION('',(-0.875223421908753,-0.483718887105241,0.));
#8645=DIRECTION('center_axis',(0.,0.,-1.));
#8646=DIRECTION('ref_axis',(0.962729636929802,-0.270465609971048,0.));
#8647=DIRECTION('center_axis',(0.,0.,1.));
#8648=DIRECTION('ref_axis',(1.,-1.22286592401926E-16,0.));
#8649=DIRECTION('center_axis',(0.,0.,-1.));
#8650=DIRECTION('ref_axis',(0.228972671891421,0.973432851062108,0.));
#8651=DIRECTION('',(0.846724199228283,0.532032076515338,0.));
#8652=DIRECTION('center_axis',(0.,0.,1.));
#8653=DIRECTION('ref_axis',(-0.532032076515337,0.846724199228284,0.));
#8654=DIRECTION('',(-0.846724199228283,-0.532032076515338,0.));
#8655=DIRECTION('center_axis',(0.,0.,-1.));
#8656=DIRECTION('ref_axis',(0.976380212836439,-0.216059436224088,0.));
#8657=DIRECTION('center_axis',(0.,0.,1.));
#8658=DIRECTION('ref_axis',(1.,-1.22286592401926E-16,0.));
#8659=DIRECTION('center_axis',(0.,0.,-1.));
#8660=DIRECTION('ref_axis',(0.174031640208232,0.984740061237702,0.));
#8661=DIRECTION('',(0.815560868959259,0.578671296179807,0.));
#8662=DIRECTION('center_axis',(0.,0.,1.));
#8663=DIRECTION('ref_axis',(-0.578671296179806,0.81556086895926,0.));
#8664=DIRECTION('',(-0.815560868959259,-0.578671296179807,0.));
#8665=DIRECTION('center_axis',(0.,0.,-1.));
#8666=DIRECTION('ref_axis',(0.986958735367605,-0.160973459556466,0.));
#8667=DIRECTION('center_axis',(0.,0.,1.));
#8668=DIRECTION('ref_axis',(1.,-1.22286592401926E-16,0.));
#8669=DIRECTION('center_axis',(0.,0.,-1.));
#8670=DIRECTION('ref_axis',(0.623489801858739,-0.781831482468025,0.));
#8671=DIRECTION('',(0.781831482468029,0.623489801858735,0.));
#8672=DIRECTION('center_axis',(0.,0.,1.));
#8673=DIRECTION('ref_axis',(-0.623489801858734,0.78183148246803,0.));
#8674=DIRECTION('',(-0.781831482468029,-0.623489801858735,0.));
#8675=DIRECTION('center_axis',(0.,0.,-1.));
#8676=DIRECTION('ref_axis',(-0.623489801858739,0.781831482468025,0.));
#8677=DIRECTION('center_axis',(0.,0.,1.));
#8678=DIRECTION('ref_axis',(1.,-1.22286592401926E-16,0.));
#8679=DIRECTION('center_axis',(0.,0.,-1.));
#8680=DIRECTION('ref_axis',(0.0626814607282741,0.998033583844236,0.));
#8681=DIRECTION('',(0.745642164883164,0.666346577952005,0.));
#8682=DIRECTION('center_axis',(0.,0.,1.));
#8683=DIRECTION('ref_axis',(-0.666346577952004,0.745642164883166,0.));
#8684=DIRECTION('',(-0.745642164883164,-0.666346577952005,0.));
#8685=DIRECTION('center_axis',(0.,0.,-1.));
#8686=DIRECTION('ref_axis',(0.998776255061361,-0.049456974488975,0.));
#8687=DIRECTION('center_axis',(0.,0.,1.));
#8688=DIRECTION('ref_axis',(1.,-1.22286592401926E-16,0.));
#8689=DIRECTION('center_axis',(0.,0.,-1.));
#8690=DIRECTION('ref_axis',(0.00662266179170835,0.999978069934932,0.));
#8691=DIRECTION('',(0.707106781186546,0.707106781186549,0.));
#8692=DIRECTION('center_axis',(0.,0.,1.));
#8693=DIRECTION('ref_axis',(-0.707106781186548,0.707106781186548,0.));
#8694=DIRECTION('',(-0.707106781186546,-0.707106781186549,0.));
#8695=DIRECTION('center_axis',(0.,0.,-1.));
#8696=DIRECTION('ref_axis',(0.999978069934933,0.00662266179168306,0.));
#8697=DIRECTION('center_axis',(0.,0.,1.));
#8698=DIRECTION('ref_axis',(1.,-1.22286592401926E-16,0.));
#8699=DIRECTION('center_axis',(0.,0.,-1.));
#8700=DIRECTION('ref_axis',(-0.049456974488999,0.99877625506136,0.));
#8701=DIRECTION('',(0.666346577952003,0.745642164883167,0.));
#8702=DIRECTION('center_axis',(0.,0.,1.));
#8703=DIRECTION('ref_axis',(-0.745642164883166,0.666346577952004,0.));
#8704=DIRECTION('',(-0.666346577952003,-0.745642164883167,0.));
#8705=DIRECTION('center_axis',(0.,0.,-1.));
#8706=DIRECTION('ref_axis',(0.998033583844238,0.0626814607282473,0.));
#8707=DIRECTION('center_axis',(0.,0.,1.));
#8708=DIRECTION('ref_axis',(1.,-1.22286592401926E-16,0.));
#8709=DIRECTION('center_axis',(0.,0.,-1.));
#8710=DIRECTION('ref_axis',(0.781831482468034,-0.623489801858728,0.));
#8711=DIRECTION('',(0.623489801858732,0.781831482468031,0.));
#8712=DIRECTION('center_axis',(0.,0.,1.));
#8713=DIRECTION('ref_axis',(-0.78183148246803,0.623489801858734,0.));
#8714=DIRECTION('',(-0.623489801858732,-0.781831482468031,0.));
#8715=DIRECTION('center_axis',(0.,0.,-1.));
#8716=DIRECTION('ref_axis',(-0.781831482468025,0.623489801858739,0.));
#8717=DIRECTION('center_axis',(0.,0.,1.));
#8718=DIRECTION('ref_axis',(1.,-1.22286592401926E-16,0.));
#8719=DIRECTION('center_axis',(0.,0.,-1.));
#8720=DIRECTION('ref_axis',(-0.16097345955649,0.986958735367601,0.));
#8721=DIRECTION('',(0.578671296179804,0.815560868959261,0.));
#8722=DIRECTION('center_axis',(0.,0.,1.));
#8723=DIRECTION('ref_axis',(-0.81556086895926,0.578671296179806,0.));
#8724=DIRECTION('',(-0.578671296179804,-0.815560868959261,0.));
#8725=DIRECTION('center_axis',(0.,0.,-1.));
#8726=DIRECTION('ref_axis',(0.984740061237698,0.174031640208252,0.));
#8727=DIRECTION('center_axis',(0.,0.,1.));
#8728=DIRECTION('ref_axis',(1.,-1.22286592401926E-16,0.));
#8729=DIRECTION('center_axis',(0.,0.,-1.));
#8730=DIRECTION('ref_axis',(-0.216059436224088,0.976380212836439,0.));
#8731=DIRECTION('',(0.532032076515335,0.846724199228285,0.));
#8732=DIRECTION('center_axis',(0.,0.,1.));
#8733=DIRECTION('ref_axis',(-0.846724199228284,0.532032076515337,0.));
#8734=DIRECTION('',(-0.532032076515335,-0.846724199228285,0.));
#8735=DIRECTION('center_axis',(0.,0.,-1.));
#8736=DIRECTION('ref_axis',(0.973432851062107,0.228972671891423,0.));
#8737=DIRECTION('center_axis',(0.,0.,1.));
#8738=DIRECTION('ref_axis',(1.,-1.22286592401926E-16,0.));
#8739=DIRECTION('center_axis',(0.,0.,-1.));
#8740=DIRECTION('ref_axis',(-0.270465609971036,0.962729636929806,0.));
#8741=DIRECTION('',(0.483718887105238,0.875223421908755,0.));
#8742=DIRECTION('center_axis',(0.,0.,1.));
#8743=DIRECTION('ref_axis',(-0.875223421908754,0.48371888710524,0.));
#8744=DIRECTION('',(-0.483718887105238,-0.875223421908755,0.));
#8745=DIRECTION('center_axis',(0.,0.,-1.));
#8746=DIRECTION('ref_axis',(0.959062861001617,0.283193270837061,0.));
#8747=DIRECTION('center_axis',(0.,0.,1.));
#8748=DIRECTION('ref_axis',(1.,-1.22286592401926E-16,0.));
#8749=DIRECTION('center_axis',(0.,0.,-1.));
#8750=DIRECTION('ref_axis',(0.900968867902421,-0.433883739117555,0.));
#8751=DIRECTION('',(0.433883739117557,0.90096886790242,0.));
#8752=DIRECTION('center_axis',(0.,0.,1.));
#8753=DIRECTION('ref_axis',(-0.900968867902419,0.433883739117558,0.));
#8754=DIRECTION('',(-0.433883739117557,-0.90096886790242,0.));
#8755=DIRECTION('center_axis',(0.,0.,-1.));
#8756=DIRECTION('ref_axis',(-0.900968867902422,0.433883739117552,0.));
#8757=DIRECTION('center_axis',(0.,0.,1.));
#8758=DIRECTION('ref_axis',(1.,-1.22286592401926E-16,0.));
#8759=DIRECTION('center_axis',(0.,0.,-1.));
#8760=DIRECTION('ref_axis',(-0.376556498412435,0.92639365471886,0.));
#8761=DIRECTION('',(0.382683432365088,0.923879532511288,0.));
#8762=DIRECTION('center_axis',(0.,0.,1.));
#8763=DIRECTION('ref_axis',(-0.923879532511287,0.38268343236509,0.));
#8764=DIRECTION('',(-0.382683432365088,-0.923879532511288,0.));
#8765=DIRECTION('center_axis',(0.,0.,-1.));
#8766=DIRECTION('ref_axis',(0.921324888827185,0.38879358177261,0.));
#8767=DIRECTION('center_axis',(0.,0.,1.));
#8768=DIRECTION('ref_axis',(1.,-1.22286592401926E-16,0.));
#8769=DIRECTION('center_axis',(0.,0.,-1.));
#8770=DIRECTION('ref_axis',(-0.427907411921964,0.903822574857614,0.));
#8771=DIRECTION('',(0.330279061955165,0.943883330308368,0.));
#8772=DIRECTION('center_axis',(0.,0.,1.));
#8773=DIRECTION('ref_axis',(-0.943883330308368,0.330279061955167,0.));
#8774=DIRECTION('',(-0.330279061955165,-0.943883330308368,0.));
#8775=DIRECTION('center_axis',(0.,0.,-1.));
#8776=DIRECTION('ref_axis',(0.898075644335432,0.43984103611589,0.));
#8777=DIRECTION('center_axis',(0.,0.,1.));
#8778=DIRECTION('ref_axis',(1.,-1.22286592401926E-16,0.));
#8779=DIRECTION('center_axis',(0.,0.,-1.));
#8780=DIRECTION('ref_axis',(-0.477911970403093,0.878407734793719,0.));
#8781=DIRECTION('',(0.276835511424848,0.9609173219451,0.));
#8782=DIRECTION('center_axis',(0.,0.,1.));
#8783=DIRECTION('ref_axis',(-0.960917321945099,0.276835511424849,0.));
#8784=DIRECTION('',(-0.276835511424848,-0.9609173219451,0.));
#8785=DIRECTION('center_axis',(0.,0.,-1.));
#8786=DIRECTION('ref_axis',(0.872000721610606,0.48950458783405,0.));
#8787=DIRECTION('center_axis',(0.,0.,1.));
#8788=DIRECTION('ref_axis',(1.,-1.22286592401926E-16,0.));
#8789=DIRECTION('center_axis',(0.,0.,-1.));
#8790=DIRECTION('ref_axis',(0.974927912181825,-0.222520933956307,0.));
#8791=DIRECTION('',(0.222520933956313,0.974927912181824,0.));
#8792=DIRECTION('center_axis',(0.,0.,1.));
#8793=DIRECTION('ref_axis',(-0.974927912181824,0.222520933956314,0.));
#8794=DIRECTION('',(-0.222520933956313,-0.974927912181824,0.));
#8795=DIRECTION('center_axis',(0.,0.,-1.));
#8796=DIRECTION('ref_axis',(-0.974927912181825,0.222520933956308,0.));
#8797=DIRECTION('center_axis',(0.,0.,1.));
#8798=DIRECTION('ref_axis',(1.,-1.22286592401926E-16,0.));
#8799=DIRECTION('center_axis',(0.,0.,-1.));
#8800=DIRECTION('ref_axis',(-0.573257422074964,0.819375327939502,0.));
#8801=DIRECTION('',(0.167506223304735,0.985871018518236,0.));
#8802=DIRECTION('center_axis',(0.,0.,1.));
#8803=DIRECTION('ref_axis',(-0.985871018518236,0.167506223304736,0.));
#8804=DIRECTION('',(-0.167506223304735,-0.985871018518236,0.));
#8805=DIRECTION('center_axis',(0.,0.,-1.));
#8806=DIRECTION('ref_axis',(0.81171063937316,0.58405978968631,0.));
#8807=DIRECTION('center_axis',(0.,0.,1.));
#8808=DIRECTION('ref_axis',(1.,-1.22286592401926E-16,0.));
#8809=DIRECTION('center_axis',(0.,0.,-1.));
#8810=DIRECTION('ref_axis',(-0.618298323200322,0.78594349894103,0.));
#8811=DIRECTION('',(0.111964476103306,0.993712209893243,0.));
#8812=DIRECTION('center_axis',(0.,0.,1.));
#8813=DIRECTION('ref_axis',(-0.993712209893243,0.111964476103308,0.));
#8814=DIRECTION('',(-0.111964476103306,-0.993712209893243,0.));
#8815=DIRECTION('center_axis',(0.,0.,-1.));
#8816=DIRECTION('ref_axis',(0.777685174764466,0.628653934173295,0.));
#8817=DIRECTION('center_axis',(0.,0.,1.));
#8818=DIRECTION('ref_axis',(1.,-1.22286592401926E-16,0.));
#8819=DIRECTION('center_axis',(0.,0.,-1.));
#8820=DIRECTION('ref_axis',(-0.661393829052545,0.750038800923801,0.));
#8821=DIRECTION('',(0.0560704472371901,0.998426815017817,0.));
#8822=DIRECTION('center_axis',(0.,0.,1.));
#8823=DIRECTION('ref_axis',(-0.998426815017817,0.0560704472371919,0.));
#8824=DIRECTION('',(-0.0560704472371901,-0.998426815017817,0.));
#8825=DIRECTION('center_axis',(0.,0.,-1.));
#8826=DIRECTION('ref_axis',(0.741212824880143,0.671270100803841,0.));
#8827=DIRECTION('center_axis',(0.,0.,1.));
#8828=DIRECTION('ref_axis',(1.,-1.22286592401926E-16,0.));
#8829=DIRECTION('center_axis',(0.,0.,-1.));
#8830=DIRECTION('ref_axis',(1.,0.,0.));
#8831=DIRECTION('',(-1.7120405465967E-15,1.,0.));
#8832=DIRECTION('center_axis',(0.,0.,1.));
#8833=DIRECTION('ref_axis',(-1.,6.12323399573677E-17,0.));
#8834=DIRECTION('',(1.7120405465967E-15,-1.,0.));
#8835=DIRECTION('center_axis',(0.,0.,-1.));
#8836=DIRECTION('ref_axis',(-1.,0.,0.));
#8837=DIRECTION('center_axis',(0.,0.,1.));
#8838=DIRECTION('ref_axis',(1.,-1.22286592401926E-16,0.));
#8839=DIRECTION('center_axis',(0.,0.,-1.));
#8840=DIRECTION('ref_axis',(-0.741212824880141,0.671270100803843,0.));
#8841=DIRECTION('',(-0.0560704472371935,0.998426815017816,0.));
#8842=DIRECTION('center_axis',(0.,0.,1.));
#8843=DIRECTION('ref_axis',(-0.998426815017817,-0.0560704472371917,0.));
#8844=DIRECTION('',(0.0560704472371935,-0.998426815017816,0.));
#8845=DIRECTION('center_axis',(0.,0.,-1.));
#8846=DIRECTION('ref_axis',(0.661393829052548,0.750038800923799,0.));
#8847=DIRECTION('center_axis',(0.,0.,1.));
#8848=DIRECTION('ref_axis',(1.,-1.22286592401926E-16,0.));
#8849=DIRECTION('center_axis',(0.,0.,-1.));
#8850=DIRECTION('ref_axis',(-0.777685174764465,0.628653934173297,0.));
#8851=DIRECTION('',(-0.11196447610331,0.993712209893242,0.));
#8852=DIRECTION('center_axis',(0.,0.,1.));
#8853=DIRECTION('ref_axis',(-0.993712209893243,-0.111964476103308,0.));
#8854=DIRECTION('',(0.11196447610331,-0.993712209893242,0.));
#8855=DIRECTION('center_axis',(0.,0.,-1.));
#8856=DIRECTION('ref_axis',(0.618298323200322,0.785943498941031,0.));
#8857=DIRECTION('center_axis',(0.,0.,1.));
#8858=DIRECTION('ref_axis',(1.,-1.22286592401926E-16,0.));
#8859=DIRECTION('center_axis',(0.,0.,-1.));
#8860=DIRECTION('ref_axis',(-0.81171063937318,0.584059789686281,0.));
#8861=DIRECTION('',(-0.167506223304738,0.985871018518236,0.));
#8862=DIRECTION('center_axis',(0.,0.,1.));
#8863=DIRECTION('ref_axis',(-0.985871018518236,-0.167506223304736,0.));
#8864=DIRECTION('',(0.167506223304738,-0.985871018518236,0.));
#8865=DIRECTION('center_axis',(0.,0.,-1.));
#8866=DIRECTION('ref_axis',(0.57325742207498,0.819375327939491,0.));
#8867=DIRECTION('center_axis',(0.,0.,1.));
#8868=DIRECTION('ref_axis',(1.,-1.22286592401926E-16,0.));
#8869=DIRECTION('center_axis',(0.,0.,-1.));
#8870=DIRECTION('ref_axis',(0.974927912181825,0.222520933956309,0.));
#8871=DIRECTION('',(-0.222520933956316,0.974927912181823,0.));
#8872=DIRECTION('center_axis',(0.,0.,1.));
#8873=DIRECTION('ref_axis',(-0.974927912181824,-0.222520933956314,0.));
#8874=DIRECTION('',(0.222520933956316,-0.974927912181823,0.));
#8875=DIRECTION('center_axis',(0.,0.,-1.));
#8876=DIRECTION('ref_axis',(-0.974927912181825,-0.222520933956308,0.));
#8877=DIRECTION('center_axis',(0.,0.,1.));
#8878=DIRECTION('ref_axis',(1.,-1.22286592401926E-16,0.));
#8879=DIRECTION('center_axis',(0.,0.,-1.));
#8880=DIRECTION('ref_axis',(-0.872000721610616,0.489504587834031,0.));
#8881=DIRECTION('',(-0.276835511424851,0.960917321945099,0.));
#8882=DIRECTION('center_axis',(0.,0.,1.));
#8883=DIRECTION('ref_axis',(-0.9609173219451,-0.276835511424849,0.));
#8884=DIRECTION('',(0.276835511424851,-0.960917321945099,0.));
#8885=DIRECTION('center_axis',(0.,0.,-1.));
#8886=DIRECTION('ref_axis',(0.477911970403103,0.878407734793714,0.));
#8887=DIRECTION('center_axis',(0.,0.,1.));
#8888=DIRECTION('ref_axis',(1.,-1.22286592401926E-16,0.));
#8889=DIRECTION('center_axis',(0.,0.,-1.));
#8890=DIRECTION('ref_axis',(-0.898075644335432,0.43984103611589,0.));
#8891=DIRECTION('',(-0.330279061955169,0.943883330308367,0.));
#8892=DIRECTION('center_axis',(0.,0.,1.));
#8893=DIRECTION('ref_axis',(-0.943883330308368,-0.330279061955167,0.));
#8894=DIRECTION('',(0.330279061955169,-0.943883330308367,0.));
#8895=DIRECTION('center_axis',(0.,0.,-1.));
#8896=DIRECTION('ref_axis',(0.427907411921974,0.903822574857609,0.));
#8897=DIRECTION('center_axis',(0.,0.,1.));
#8898=DIRECTION('ref_axis',(1.,-1.22286592401926E-16,0.));
#8899=DIRECTION('center_axis',(0.,0.,-1.));
#8900=DIRECTION('ref_axis',(-0.921324888827183,0.388793581772615,0.));
#8901=DIRECTION('',(-0.382683432365091,0.923879532511286,0.));
#8902=DIRECTION('center_axis',(0.,0.,1.));
#8903=DIRECTION('ref_axis',(-0.923879532511287,-0.38268343236509,0.));
#8904=DIRECTION('',(0.382683432365091,-0.923879532511286,0.));
#8905=DIRECTION('center_axis',(0.,0.,-1.));
#8906=DIRECTION('ref_axis',(0.376556498412426,0.926393654718863,0.));
#8907=DIRECTION('center_axis',(0.,0.,1.));
#8908=DIRECTION('ref_axis',(1.,-1.22286592401926E-16,0.));
#8909=DIRECTION('center_axis',(0.,0.,-1.));
#8910=DIRECTION('ref_axis',(0.900968867902421,0.433883739117555,0.));
#8911=DIRECTION('',(-0.43388373911756,0.900968867902418,0.));
#8912=DIRECTION('center_axis',(0.,0.,1.));
#8913=DIRECTION('ref_axis',(-0.900968867902419,-0.433883739117558,0.));
#8914=DIRECTION('',(0.43388373911756,-0.900968867902418,0.));
#8915=DIRECTION('center_axis',(0.,0.,-1.));
#8916=DIRECTION('ref_axis',(-0.900968867902421,-0.433883739117555,0.));
#8917=DIRECTION('center_axis',(0.,0.,1.));
#8918=DIRECTION('ref_axis',(1.,-1.22286592401926E-16,0.));
#8919=DIRECTION('center_axis',(0.,0.,-1.));
#8920=DIRECTION('ref_axis',(-0.959062861001602,0.283193270837111,0.));
#8921=DIRECTION('',(-0.483718887105241,0.875223421908753,0.));
#8922=DIRECTION('center_axis',(0.,0.,1.));
#8923=DIRECTION('ref_axis',(-0.875223421908754,-0.48371888710524,0.));
#8924=DIRECTION('',(0.483718887105241,-0.875223421908753,0.));
#8925=DIRECTION('center_axis',(0.,0.,-1.));
#8926=DIRECTION('ref_axis',(0.27046560997106,0.962729636929799,0.));
#8927=DIRECTION('center_axis',(0.,0.,1.));
#8928=DIRECTION('ref_axis',(1.,-1.22286592401926E-16,0.));
#8929=DIRECTION('center_axis',(0.,0.,-1.));
#8930=DIRECTION('ref_axis',(-0.973432851062107,0.228972671891423,0.));
#8931=DIRECTION('',(-0.532032076515338,0.846724199228283,0.));
#8932=DIRECTION('center_axis',(0.,0.,1.));
#8933=DIRECTION('ref_axis',(-0.846724199228284,-0.532032076515336,0.));
#8934=DIRECTION('',(0.532032076515338,-0.846724199228283,0.));
#8935=DIRECTION('center_axis',(0.,0.,-1.));
#8936=DIRECTION('ref_axis',(0.216059436224064,0.976380212836444,0.));
#8937=DIRECTION('center_axis',(0.,0.,1.));
#8938=DIRECTION('ref_axis',(1.,-1.22286592401926E-16,0.));
#8939=DIRECTION('center_axis',(0.,0.,-1.));
#8940=DIRECTION('ref_axis',(-0.984740061237697,0.174031640208257,0.));
#8941=DIRECTION('',(-0.578671296179807,0.815560868959259,0.));
#8942=DIRECTION('center_axis',(0.,0.,1.));
#8943=DIRECTION('ref_axis',(-0.81556086895926,-0.578671296179806,0.));
#8944=DIRECTION('',(0.578671296179807,-0.815560868959259,0.));
#8945=DIRECTION('center_axis',(0.,0.,-1.));
#8946=DIRECTION('ref_axis',(0.16097345955647,0.986958735367605,0.));
#8947=DIRECTION('center_axis',(0.,0.,1.));
#8948=DIRECTION('ref_axis',(1.,-1.22286592401926E-16,0.));
#8949=DIRECTION('center_axis',(0.,0.,-1.));
#8950=DIRECTION('ref_axis',(0.781831482468025,0.623489801858739,0.));
#8951=DIRECTION('',(-0.623489801858735,0.781831482468029,0.));
#8952=DIRECTION('center_axis',(0.,0.,1.));
#8953=DIRECTION('ref_axis',(-0.78183148246803,-0.623489801858733,0.));
#8954=DIRECTION('',(0.623489801858735,-0.781831482468029,0.));
#8955=DIRECTION('center_axis',(0.,0.,-1.));
#8956=DIRECTION('ref_axis',(-0.781831482468032,-0.62348980185873,0.));
#8957=DIRECTION('center_axis',(0.,0.,1.));
#8958=DIRECTION('ref_axis',(1.,-1.22286592401926E-16,0.));
#8959=DIRECTION('center_axis',(0.,0.,-1.));
#8960=DIRECTION('ref_axis',(-0.998033583844238,0.0626814607282473,0.));
#8961=DIRECTION('',(-0.666346577952005,0.745642164883164,0.));
#8962=DIRECTION('center_axis',(0.,0.,1.));
#8963=DIRECTION('ref_axis',(-0.745642164883166,-0.666346577952004,0.));
#8964=DIRECTION('',(0.666346577952005,-0.745642164883164,0.));
#8965=DIRECTION('center_axis',(0.,0.,-1.));
#8966=DIRECTION('ref_axis',(0.0494569744890003,0.99877625506136,0.));
#8967=DIRECTION('center_axis',(0.,0.,1.));
#8968=DIRECTION('ref_axis',(1.,-1.22286592401926E-16,0.));
#8969=DIRECTION('center_axis',(0.,0.,-1.));
#8970=DIRECTION('ref_axis',(-0.999978069934933,0.00662266179170852,0.));
#8971=DIRECTION('',(-0.707106781186549,0.707106781186546,0.));
#8972=DIRECTION('center_axis',(0.,0.,1.));
#8973=DIRECTION('ref_axis',(-0.707106781186548,-0.707106781186548,0.));
#8974=DIRECTION('',(0.707106781186549,-0.707106781186546,0.));
#8975=DIRECTION('center_axis',(0.,0.,-1.));
#8976=DIRECTION('ref_axis',(-0.00662266179170835,0.999978069934933,0.));
#8977=DIRECTION('center_axis',(0.,0.,1.));
#8978=DIRECTION('ref_axis',(1.,-1.22286592401926E-16,0.));
#8979=DIRECTION('center_axis',(0.,0.,-1.));
#8980=DIRECTION('ref_axis',(-0.998776255061359,-0.049456974489023,0.));
#8981=DIRECTION('',(-0.745642164883167,0.666346577952003,0.));
#8982=DIRECTION('center_axis',(0.,0.,1.));
#8983=DIRECTION('ref_axis',(-0.666346577952004,-0.745642164883166,0.));
#8984=DIRECTION('',(0.745642164883167,-0.666346577952003,0.));
#8985=DIRECTION('center_axis',(0.,0.,-1.));
#8986=DIRECTION('ref_axis',(-0.0626814607282725,0.998033583844236,0.));
#8987=DIRECTION('center_axis',(0.,0.,1.));
#8988=DIRECTION('ref_axis',(1.,-1.22286592401926E-16,0.));
#8989=DIRECTION('center_axis',(0.,0.,-1.));
#8990=DIRECTION('ref_axis',(0.623489801858728,0.781831482468034,0.));
#8991=DIRECTION('',(-0.781831482468031,0.623489801858732,0.));
#8992=DIRECTION('center_axis',(0.,0.,1.));
#8993=DIRECTION('ref_axis',(-0.623489801858734,-0.78183148246803,0.));
#8994=DIRECTION('',(0.781831482468031,-0.623489801858732,0.));
#8995=DIRECTION('center_axis',(0.,0.,-1.));
#8996=DIRECTION('ref_axis',(-0.623489801858728,-0.781831482468034,0.));
#8997=DIRECTION('center_axis',(0.,0.,1.));
#8998=DIRECTION('ref_axis',(1.,-1.22286592401926E-16,0.));
#8999=DIRECTION('center_axis',(0.,0.,-1.));
#9000=DIRECTION('ref_axis',(-0.986958735367605,-0.160973459556466,0.));
#9001=DIRECTION('',(-0.815560868959261,0.578671296179804,0.));
#9002=DIRECTION('center_axis',(0.,0.,1.));
#9003=DIRECTION('ref_axis',(-0.578671296179806,-0.81556086895926,0.));
#9004=DIRECTION('',(0.815560868959261,-0.578671296179804,0.));
#9005=DIRECTION('center_axis',(0.,0.,-1.));
#9006=DIRECTION('ref_axis',(-0.174031640208257,0.984740061237697,0.));
#9007=DIRECTION('center_axis',(0.,0.,1.));
#9008=DIRECTION('ref_axis',(1.,-1.22286592401926E-16,0.));
#9009=DIRECTION('center_axis',(0.,0.,-1.));
#9010=DIRECTION('ref_axis',(-0.976380212836434,-0.216059436224107,0.));
#9011=DIRECTION('',(-0.846724199228285,0.532032076515335,0.));
#9012=DIRECTION('center_axis',(0.,0.,1.));
#9013=DIRECTION('ref_axis',(-0.532032076515337,-0.846724199228284,0.));
#9014=DIRECTION('',(0.846724199228285,-0.532032076515335,0.));
#9015=DIRECTION('center_axis',(0.,0.,-1.));
#9016=DIRECTION('ref_axis',(-0.228972671891423,0.973432851062107,0.));
#9017=DIRECTION('center_axis',(0.,0.,1.));
#9018=DIRECTION('ref_axis',(1.,-1.22286592401926E-16,0.));
#9019=DIRECTION('center_axis',(0.,0.,-1.));
#9020=DIRECTION('ref_axis',(-0.962729636929806,-0.270465609971036,0.));
#9021=DIRECTION('',(-0.875223421908755,0.483718887105238,0.));
#9022=DIRECTION('center_axis',(0.,0.,1.));
#9023=DIRECTION('ref_axis',(-0.48371888710524,-0.875223421908754,0.));
#9024=DIRECTION('',(0.875223421908755,-0.483718887105238,0.));
#9025=DIRECTION('center_axis',(0.,0.,-1.));
#9026=DIRECTION('ref_axis',(-0.283193270837107,0.959062861001603,0.));
#9027=DIRECTION('center_axis',(0.,0.,1.));
#9028=DIRECTION('ref_axis',(1.,-1.22286592401926E-16,0.));
#9029=DIRECTION('center_axis',(0.,0.,-1.));
#9030=DIRECTION('ref_axis',(0.433883739117552,0.900968867902422,0.));
#9031=DIRECTION('',(-0.90096886790242,0.433883739117557,0.));
#9032=DIRECTION('center_axis',(0.,0.,1.));
#9033=DIRECTION('ref_axis',(-0.433883739117558,-0.900968867902419,0.));
#9034=DIRECTION('',(0.90096886790242,-0.433883739117557,0.));
#9035=DIRECTION('center_axis',(0.,0.,-1.));
#9036=DIRECTION('ref_axis',(-0.433883739117552,-0.900968867902422,0.));
#9037=DIRECTION('center_axis',(0.,0.,1.));
#9038=DIRECTION('ref_axis',(1.,-1.22286592401926E-16,0.));
#9039=DIRECTION('center_axis',(0.,0.,-1.));
#9040=DIRECTION('ref_axis',(-0.926393654718859,-0.376556498412437,0.));
#9041=DIRECTION('',(-0.923879532511288,0.382683432365088,0.));
#9042=DIRECTION('center_axis',(0.,0.,1.));
#9043=DIRECTION('ref_axis',(-0.38268343236509,-0.923879532511287,0.));
#9044=DIRECTION('',(0.923879532511288,-0.382683432365088,0.));
#9045=DIRECTION('center_axis',(0.,0.,-1.));
#9046=DIRECTION('ref_axis',(-0.388793581772615,0.921324888827183,0.));
#9047=DIRECTION('center_axis',(0.,0.,1.));
#9048=DIRECTION('ref_axis',(1.,-1.22286592401926E-16,0.));
#9049=DIRECTION('center_axis',(0.,0.,-1.));
#9050=DIRECTION('ref_axis',(-0.903822574857609,-0.427907411921974,0.));
#9051=DIRECTION('',(-0.943883330308368,0.330279061955166,0.));
#9052=DIRECTION('center_axis',(0.,0.,1.));
#9053=DIRECTION('ref_axis',(-0.330279061955167,-0.943883330308368,0.));
#9054=DIRECTION('',(0.943883330308368,-0.330279061955166,0.));
#9055=DIRECTION('center_axis',(0.,0.,-1.));
#9056=DIRECTION('ref_axis',(-0.43984103611592,0.898075644335417,0.));
#9057=DIRECTION('center_axis',(0.,0.,1.));
#9058=DIRECTION('ref_axis',(1.,-1.22286592401926E-16,0.));
#9059=DIRECTION('center_axis',(0.,0.,-1.));
#9060=DIRECTION('ref_axis',(-0.878407734793725,-0.477911970403083,0.));
#9061=DIRECTION('',(-0.9609173219451,0.276835511424848,0.));
#9062=DIRECTION('center_axis',(0.,0.,1.));
#9063=DIRECTION('ref_axis',(-0.27683551142485,-0.960917321945099,0.));
#9064=DIRECTION('',(0.9609173219451,-0.276835511424848,0.));
#9065=DIRECTION('center_axis',(0.,0.,-1.));
#9066=DIRECTION('ref_axis',(-0.489504587834053,0.872000721610604,0.));
#9067=DIRECTION('center_axis',(0.,0.,1.));
#9068=DIRECTION('ref_axis',(1.,-1.22286592401926E-16,0.));
#9069=DIRECTION('center_axis',(0.,0.,-1.));
#9070=DIRECTION('ref_axis',(0.222520933956307,0.974927912181825,0.));
#9071=DIRECTION('',(-0.974927912181824,0.222520933956313,0.));
#9072=DIRECTION('center_axis',(0.,0.,1.));
#9073=DIRECTION('ref_axis',(-0.222520933956315,-0.974927912181824,0.));
#9074=DIRECTION('',(0.974927912181824,-0.222520933956313,0.));
#9075=DIRECTION('center_axis',(0.,0.,-1.));
#9076=DIRECTION('ref_axis',(-0.222520933956308,-0.974927912181825,0.));
#9077=DIRECTION('center_axis',(0.,0.,1.));
#9078=DIRECTION('ref_axis',(1.,-1.22286592401926E-16,0.));
#9079=DIRECTION('center_axis',(0.,0.,-1.));
#9080=DIRECTION('ref_axis',(-0.819375327939506,-0.573257422074959,0.));
#9081=DIRECTION('',(-0.985871018518236,0.167506223304735,0.));
#9082=DIRECTION('center_axis',(0.,0.,1.));
#9083=DIRECTION('ref_axis',(-0.167506223304737,-0.985871018518236,0.));
#9084=DIRECTION('',(0.985871018518236,-0.167506223304735,0.));
#9085=DIRECTION('center_axis',(0.,0.,-1.));
#9086=DIRECTION('ref_axis',(-0.584059789686307,0.811710639373162,0.));
#9087=DIRECTION('center_axis',(0.,0.,1.));
#9088=DIRECTION('ref_axis',(1.,-1.22286592401926E-16,0.));
#9089=DIRECTION('center_axis',(0.,0.,-1.));
#9090=DIRECTION('ref_axis',(-0.785943498941043,-0.618298323200307,0.));
#9091=DIRECTION('',(-0.993712209893243,0.111964476103306,0.));
#9092=DIRECTION('center_axis',(0.,0.,1.));
#9093=DIRECTION('ref_axis',(-0.111964476103308,-0.993712209893243,0.));
#9094=DIRECTION('',(0.993712209893243,-0.111964476103306,0.));
#9095=DIRECTION('center_axis',(0.,0.,-1.));
#9096=DIRECTION('ref_axis',(-0.628653934173306,0.777685174764458,0.));
#9097=DIRECTION('center_axis',(0.,0.,1.));
#9098=DIRECTION('ref_axis',(1.,-1.22286592401926E-16,0.));
#9099=DIRECTION('center_axis',(0.,0.,-1.));
#9100=DIRECTION('ref_axis',(-0.750038800923813,-0.661393829052532,0.));
#9101=DIRECTION('',(-0.998426815017817,0.0560704472371901,0.));
#9102=DIRECTION('center_axis',(0.,0.,1.));
#9103=DIRECTION('ref_axis',(-0.0560704472371919,-0.998426815017817,0.));
#9104=DIRECTION('',(0.998426815017817,-0.0560704472371901,0.));
#9105=DIRECTION('center_axis',(0.,0.,-1.));
#9106=DIRECTION('ref_axis',(-0.671270100803853,0.741212824880132,0.));
#9107=DIRECTION('center_axis',(0.,0.,1.));
#9108=DIRECTION('ref_axis',(1.,-1.22286592401926E-16,0.));
#9109=DIRECTION('center_axis',(0.,0.,-1.));
#9110=DIRECTION('ref_axis',(1.,0.,0.));
#9111=DIRECTION('center_axis',(0.,0.,1.));
#9112=DIRECTION('ref_axis',(1.,0.,0.));
#9113=DIRECTION('center_axis',(0.,0.,-1.));
#9114=DIRECTION('ref_axis',(1.,0.,0.));
#9115=DIRECTION('center_axis',(0.,0.,-1.));
#9116=DIRECTION('ref_axis',(1.,0.,0.));
#9117=DIRECTION('center_axis',(0.,0.,-1.));
#9118=DIRECTION('ref_axis',(1.,0.,0.));
#9119=DIRECTION('center_axis',(0.,0.,-1.));
#9120=DIRECTION('ref_axis',(1.,0.,0.));
#9121=DIRECTION('center_axis',(0.,0.,-1.));
#9122=DIRECTION('ref_axis',(1.,0.,0.));
#9123=DIRECTION('center_axis',(0.,0.,-1.));
#9124=DIRECTION('ref_axis',(1.,0.,0.));
#9125=DIRECTION('center_axis',(0.,0.,-1.));
#9126=DIRECTION('ref_axis',(0.222520933956307,0.974927912181825,0.));
#9127=DIRECTION('',(0.,0.,-1.));
#9128=DIRECTION('',(0.,0.,1.));
#9129=DIRECTION('center_axis',(0.222520933956313,0.974927912181824,0.));
#9130=DIRECTION('ref_axis',(-0.974927912181824,0.222520933956313,0.));
#9131=DIRECTION('',(0.,0.,1.));
#9132=DIRECTION('center_axis',(0.,0.,1.));
#9133=DIRECTION('ref_axis',(-0.222520933956308,-0.974927912181825,0.));
#9134=DIRECTION('',(0.,0.,1.));
#9135=DIRECTION('',(0.,0.,-1.));
#9136=DIRECTION('center_axis',(-0.222520933956313,-0.974927912181824,0.));
#9137=DIRECTION('ref_axis',(0.974927912181824,-0.222520933956313,0.));
#9138=DIRECTION('',(0.,0.,1.));
#9139=DIRECTION('center_axis',(0.,0.,1.));
#9140=DIRECTION('ref_axis',(-0.222520933956315,-0.974927912181824,0.));
#9141=DIRECTION('center_axis',(0.,0.,-1.));
#9142=DIRECTION('ref_axis',(0.433883739117552,0.900968867902422,0.));
#9143=DIRECTION('',(0.,0.,-1.));
#9144=DIRECTION('',(0.,0.,1.));
#9145=DIRECTION('center_axis',(0.433883739117557,0.90096886790242,0.));
#9146=DIRECTION('ref_axis',(-0.90096886790242,0.433883739117557,0.));
#9147=DIRECTION('',(0.,0.,1.));
#9148=DIRECTION('center_axis',(0.,0.,1.));
#9149=DIRECTION('ref_axis',(-0.433883739117552,-0.900968867902422,0.));
#9150=DIRECTION('',(0.,0.,1.));
#9151=DIRECTION('',(0.,0.,-1.));
#9152=DIRECTION('center_axis',(-0.433883739117557,-0.90096886790242,0.));
#9153=DIRECTION('ref_axis',(0.90096886790242,-0.433883739117557,0.));
#9154=DIRECTION('',(0.,0.,1.));
#9155=DIRECTION('center_axis',(0.,0.,1.));
#9156=DIRECTION('ref_axis',(-0.433883739117558,-0.900968867902419,0.));
#9157=DIRECTION('center_axis',(0.,0.,-1.));
#9158=DIRECTION('ref_axis',(0.623489801858728,0.781831482468034,0.));
#9159=DIRECTION('',(0.,0.,-1.));
#9160=DIRECTION('',(0.,0.,1.));
#9161=DIRECTION('center_axis',(0.623489801858732,0.781831482468031,0.));
#9162=DIRECTION('ref_axis',(-0.781831482468031,0.623489801858732,0.));
#9163=DIRECTION('',(0.,0.,1.));
#9164=DIRECTION('center_axis',(0.,0.,1.));
#9165=DIRECTION('ref_axis',(-0.623489801858728,-0.781831482468034,0.));
#9166=DIRECTION('',(0.,0.,1.));
#9167=DIRECTION('',(0.,0.,-1.));
#9168=DIRECTION('center_axis',(-0.623489801858732,-0.781831482468031,0.));
#9169=DIRECTION('ref_axis',(0.781831482468031,-0.623489801858732,0.));
#9170=DIRECTION('',(0.,0.,1.));
#9171=DIRECTION('center_axis',(0.,0.,1.));
#9172=DIRECTION('ref_axis',(-0.623489801858734,-0.78183148246803,0.));
#9173=DIRECTION('center_axis',(0.,0.,-1.));
#9174=DIRECTION('ref_axis',(0.781831482468025,0.623489801858739,0.));
#9175=DIRECTION('',(0.,0.,-1.));
#9176=DIRECTION('',(0.,0.,1.));
#9177=DIRECTION('center_axis',(0.781831482468029,0.623489801858735,0.));
#9178=DIRECTION('ref_axis',(-0.623489801858735,0.781831482468029,0.));
#9179=DIRECTION('',(0.,0.,1.));
#9180=DIRECTION('center_axis',(0.,0.,1.));
#9181=DIRECTION('ref_axis',(-0.781831482468032,-0.62348980185873,0.));
#9182=DIRECTION('',(0.,0.,1.));
#9183=DIRECTION('',(0.,0.,-1.));
#9184=DIRECTION('center_axis',(-0.781831482468029,-0.623489801858735,0.));
#9185=DIRECTION('ref_axis',(0.623489801858735,-0.781831482468029,0.));
#9186=DIRECTION('',(0.,0.,1.));
#9187=DIRECTION('center_axis',(0.,0.,1.));
#9188=DIRECTION('ref_axis',(-0.78183148246803,-0.623489801858733,0.));
#9189=DIRECTION('center_axis',(0.,0.,-1.));
#9190=DIRECTION('ref_axis',(0.900968867902421,0.433883739117555,0.));
#9191=DIRECTION('',(0.,0.,-1.));
#9192=DIRECTION('',(0.,0.,1.));
#9193=DIRECTION('center_axis',(0.900968867902418,0.43388373911756,0.));
#9194=DIRECTION('ref_axis',(-0.43388373911756,0.900968867902418,0.));
#9195=DIRECTION('',(0.,0.,1.));
#9196=DIRECTION('center_axis',(0.,0.,1.));
#9197=DIRECTION('ref_axis',(-0.900968867902421,-0.433883739117555,0.));
#9198=DIRECTION('',(0.,0.,1.));
#9199=DIRECTION('',(0.,0.,-1.));
#9200=DIRECTION('center_axis',(-0.900968867902418,-0.43388373911756,0.));
#9201=DIRECTION('ref_axis',(0.43388373911756,-0.900968867902418,0.));
#9202=DIRECTION('',(0.,0.,1.));
#9203=DIRECTION('center_axis',(0.,0.,1.));
#9204=DIRECTION('ref_axis',(-0.900968867902419,-0.433883739117558,0.));
#9205=DIRECTION('center_axis',(0.,0.,-1.));
#9206=DIRECTION('ref_axis',(0.974927912181825,0.222520933956309,0.));
#9207=DIRECTION('',(0.,0.,-1.));
#9208=DIRECTION('',(0.,0.,1.));
#9209=DIRECTION('center_axis',(0.974927912181823,0.222520933956316,0.));
#9210=DIRECTION('ref_axis',(-0.222520933956316,0.974927912181823,0.));
#9211=DIRECTION('',(0.,0.,1.));
#9212=DIRECTION('center_axis',(0.,0.,1.));
#9213=DIRECTION('ref_axis',(-0.974927912181825,-0.222520933956308,0.));
#9214=DIRECTION('',(0.,0.,1.));
#9215=DIRECTION('',(0.,0.,-1.));
#9216=DIRECTION('center_axis',(-0.974927912181823,-0.222520933956316,0.));
#9217=DIRECTION('ref_axis',(0.222520933956316,-0.974927912181823,0.));
#9218=DIRECTION('',(0.,0.,1.));
#9219=DIRECTION('center_axis',(0.,0.,1.));
#9220=DIRECTION('ref_axis',(-0.974927912181824,-0.222520933956314,0.));
#9221=DIRECTION('center_axis',(0.,0.,-1.));
#9222=DIRECTION('ref_axis',(1.,0.,0.));
#9223=DIRECTION('',(0.,0.,-1.));
#9224=DIRECTION('',(0.,0.,1.));
#9225=DIRECTION('center_axis',(1.,1.7120405465967E-15,0.));
#9226=DIRECTION('ref_axis',(-1.7120405465967E-15,1.,0.));
#9227=DIRECTION('',(0.,0.,1.));
#9228=DIRECTION('center_axis',(0.,0.,1.));
#9229=DIRECTION('ref_axis',(-1.,0.,0.));
#9230=DIRECTION('',(0.,0.,1.));
#9231=DIRECTION('',(0.,0.,-1.));
#9232=DIRECTION('center_axis',(-1.,-1.7120405465967E-15,0.));
#9233=DIRECTION('ref_axis',(1.7120405465967E-15,-1.,0.));
#9234=DIRECTION('',(0.,0.,1.));
#9235=DIRECTION('center_axis',(0.,0.,1.));
#9236=DIRECTION('ref_axis',(-1.,6.12323399573677E-17,0.));
#9237=DIRECTION('center_axis',(0.,0.,-1.));
#9238=DIRECTION('ref_axis',(0.974927912181825,-0.222520933956307,0.));
#9239=DIRECTION('',(0.,0.,-1.));
#9240=DIRECTION('',(0.,0.,1.));
#9241=DIRECTION('center_axis',(0.974927912181824,-0.222520933956313,0.));
#9242=DIRECTION('ref_axis',(0.222520933956313,0.974927912181824,0.));
#9243=DIRECTION('',(0.,0.,1.));
#9244=DIRECTION('center_axis',(0.,0.,1.));
#9245=DIRECTION('ref_axis',(-0.974927912181825,0.222520933956308,0.));
#9246=DIRECTION('',(0.,0.,1.));
#9247=DIRECTION('',(0.,0.,-1.));
#9248=DIRECTION('center_axis',(-0.974927912181824,0.222520933956313,0.));
#9249=DIRECTION('ref_axis',(-0.222520933956313,-0.974927912181824,0.));
#9250=DIRECTION('',(0.,0.,1.));
#9251=DIRECTION('center_axis',(0.,0.,1.));
#9252=DIRECTION('ref_axis',(-0.974927912181824,0.222520933956314,0.));
#9253=DIRECTION('center_axis',(0.,0.,-1.));
#9254=DIRECTION('ref_axis',(0.900968867902421,-0.433883739117555,0.));
#9255=DIRECTION('',(0.,0.,-1.));
#9256=DIRECTION('',(0.,0.,1.));
#9257=DIRECTION('center_axis',(0.90096886790242,-0.433883739117557,0.));
#9258=DIRECTION('ref_axis',(0.433883739117557,0.90096886790242,0.));
#9259=DIRECTION('',(0.,0.,1.));
#9260=DIRECTION('center_axis',(0.,0.,1.));
#9261=DIRECTION('ref_axis',(-0.900968867902422,0.433883739117552,0.));
#9262=DIRECTION('',(0.,0.,1.));
#9263=DIRECTION('',(0.,0.,-1.));
#9264=DIRECTION('center_axis',(-0.90096886790242,0.433883739117557,0.));
#9265=DIRECTION('ref_axis',(-0.433883739117557,-0.90096886790242,0.));
#9266=DIRECTION('',(0.,0.,1.));
#9267=DIRECTION('center_axis',(0.,0.,1.));
#9268=DIRECTION('ref_axis',(-0.900968867902419,0.433883739117558,0.));
#9269=DIRECTION('center_axis',(0.,0.,-1.));
#9270=DIRECTION('ref_axis',(0.781831482468034,-0.623489801858728,0.));
#9271=DIRECTION('',(0.,0.,-1.));
#9272=DIRECTION('',(0.,0.,1.));
#9273=DIRECTION('center_axis',(0.781831482468031,-0.623489801858732,0.));
#9274=DIRECTION('ref_axis',(0.623489801858732,0.781831482468031,0.));
#9275=DIRECTION('',(0.,0.,1.));
#9276=DIRECTION('center_axis',(0.,0.,1.));
#9277=DIRECTION('ref_axis',(-0.781831482468025,0.623489801858739,0.));
#9278=DIRECTION('',(0.,0.,1.));
#9279=DIRECTION('',(0.,0.,-1.));
#9280=DIRECTION('center_axis',(-0.781831482468031,0.623489801858732,0.));
#9281=DIRECTION('ref_axis',(-0.623489801858732,-0.781831482468031,0.));
#9282=DIRECTION('',(0.,0.,1.));
#9283=DIRECTION('center_axis',(0.,0.,1.));
#9284=DIRECTION('ref_axis',(-0.78183148246803,0.623489801858734,0.));
#9285=DIRECTION('center_axis',(0.,0.,-1.));
#9286=DIRECTION('ref_axis',(0.623489801858739,-0.781831482468025,0.));
#9287=DIRECTION('',(0.,0.,-1.));
#9288=DIRECTION('',(0.,0.,1.));
#9289=DIRECTION('center_axis',(0.623489801858735,-0.781831482468029,0.));
#9290=DIRECTION('ref_axis',(0.781831482468029,0.623489801858735,0.));
#9291=DIRECTION('',(0.,0.,1.));
#9292=DIRECTION('center_axis',(0.,0.,1.));
#9293=DIRECTION('ref_axis',(-0.623489801858739,0.781831482468025,0.));
#9294=DIRECTION('',(0.,0.,1.));
#9295=DIRECTION('',(0.,0.,-1.));
#9296=DIRECTION('center_axis',(-0.623489801858735,0.781831482468029,0.));
#9297=DIRECTION('ref_axis',(-0.781831482468029,-0.623489801858735,0.));
#9298=DIRECTION('',(0.,0.,1.));
#9299=DIRECTION('center_axis',(0.,0.,1.));
#9300=DIRECTION('ref_axis',(-0.623489801858734,0.78183148246803,0.));
#9301=DIRECTION('center_axis',(0.,0.,-1.));
#9302=DIRECTION('ref_axis',(0.433883739117566,-0.900968867902415,0.));
#9303=DIRECTION('',(0.,0.,-1.));
#9304=DIRECTION('',(0.,0.,1.));
#9305=DIRECTION('center_axis',(0.43388373911756,-0.900968867902418,0.));
#9306=DIRECTION('ref_axis',(0.900968867902418,0.43388373911756,0.));
#9307=DIRECTION('',(0.,0.,1.));
#9308=DIRECTION('center_axis',(0.,0.,1.));
#9309=DIRECTION('ref_axis',(-0.433883739117555,0.900968867902421,0.));
#9310=DIRECTION('',(0.,0.,1.));
#9311=DIRECTION('',(0.,0.,-1.));
#9312=DIRECTION('center_axis',(-0.43388373911756,0.900968867902418,0.));
#9313=DIRECTION('ref_axis',(-0.900968867902418,-0.43388373911756,0.));
#9314=DIRECTION('',(0.,0.,1.));
#9315=DIRECTION('center_axis',(0.,0.,1.));
#9316=DIRECTION('ref_axis',(-0.433883739117558,0.900968867902419,0.));
#9317=DIRECTION('center_axis',(0.,0.,-1.));
#9318=DIRECTION('ref_axis',(0.222520933956309,-0.974927912181825,0.));
#9319=DIRECTION('',(0.,0.,-1.));
#9320=DIRECTION('',(0.,0.,1.));
#9321=DIRECTION('center_axis',(0.222520933956316,-0.974927912181823,0.));
#9322=DIRECTION('ref_axis',(0.974927912181823,0.222520933956316,0.));
#9323=DIRECTION('',(0.,0.,1.));
#9324=DIRECTION('center_axis',(0.,0.,1.));
#9325=DIRECTION('ref_axis',(-0.222520933956308,0.974927912181825,0.));
#9326=DIRECTION('',(0.,0.,1.));
#9327=DIRECTION('',(0.,0.,-1.));
#9328=DIRECTION('center_axis',(-0.222520933956316,0.974927912181823,0.));
#9329=DIRECTION('ref_axis',(-0.974927912181823,-0.222520933956316,0.));
#9330=DIRECTION('',(0.,0.,1.));
#9331=DIRECTION('center_axis',(0.,0.,1.));
#9332=DIRECTION('ref_axis',(-0.222520933956314,0.974927912181824,0.));
#9333=DIRECTION('center_axis',(0.,0.,-1.));
#9334=DIRECTION('ref_axis',(0.70710678118654,0.707106781186555,0.));
#9335=DIRECTION('',(0.,0.,1.));
#9336=DIRECTION('',(0.,0.,-1.));
#9337=DIRECTION('center_axis',(1.,1.78080812759303E-15,0.));
#9338=DIRECTION('ref_axis',(-1.78080812759303E-15,1.,0.));
#9339=DIRECTION('',(0.,0.,1.));
#9340=DIRECTION('center_axis',(0.,0.,-1.));
#9341=DIRECTION('ref_axis',(0.713632624799912,-0.700520147334242,0.));
#9342=DIRECTION('',(0.,0.,1.));
#9343=DIRECTION('',(0.,0.,-1.));
#9344=DIRECTION('center_axis',(0.,0.,1.));
#9345=DIRECTION('ref_axis',(1.,-1.22286592401926E-16,0.));
#9346=DIRECTION('',(0.,0.,-1.));
#9347=DIRECTION('center_axis',(1.77327288655407E-15,-1.,0.));
#9348=DIRECTION('ref_axis',(1.,1.77327288655407E-15,0.));
#9349=DIRECTION('',(0.,0.,1.));
#9350=DIRECTION('center_axis',(-1.77327288655407E-15,1.,0.));
#9351=DIRECTION('ref_axis',(-1.,-1.77327288655407E-15,0.));
#9352=DIRECTION('',(0.,0.,1.));
#9353=DIRECTION('center_axis',(0.,0.,1.));
#9354=DIRECTION('ref_axis',(0.,1.,0.));
#9355=DIRECTION('center_axis',(0.,0.,1.));
#9356=DIRECTION('ref_axis',(1.,-1.22286592401926E-16,0.));
#9357=DIRECTION('',(0.,0.,1.));
#9358=DIRECTION('center_axis',(0.,0.,-1.));
#9359=DIRECTION('ref_axis',(-0.750038800923813,-0.661393829052532,0.));
#9360=DIRECTION('',(0.,0.,1.));
#9361=DIRECTION('',(0.,0.,-1.));
#9362=DIRECTION('center_axis',(0.0560704472371901,0.998426815017817,0.));
#9363=DIRECTION('ref_axis',(-0.998426815017817,0.0560704472371901,0.));
#9364=DIRECTION('',(0.,0.,1.));
#9365=DIRECTION('center_axis',(0.,0.,1.));
#9366=DIRECTION('ref_axis',(-0.671270100803853,0.741212824880132,0.));
#9367=DIRECTION('',(0.,0.,-1.));
#9368=DIRECTION('center_axis',(-0.0560704472371901,-0.998426815017817,0.));
#9369=DIRECTION('ref_axis',(0.998426815017817,-0.0560704472371901,0.));
#9370=DIRECTION('',(0.,0.,1.));
#9371=DIRECTION('center_axis',(0.,0.,1.));
#9372=DIRECTION('ref_axis',(-0.0560704472371919,-0.998426815017817,0.));
#9373=DIRECTION('center_axis',(0.,0.,1.));
#9374=DIRECTION('ref_axis',(1.,-1.22286592401926E-16,0.));
#9375=DIRECTION('',(0.,0.,1.));
#9376=DIRECTION('center_axis',(0.,0.,-1.));
#9377=DIRECTION('ref_axis',(-0.785943498941043,-0.618298323200307,0.));
#9378=DIRECTION('',(0.,0.,1.));
#9379=DIRECTION('',(0.,0.,-1.));
#9380=DIRECTION('center_axis',(0.111964476103306,0.993712209893243,0.));
#9381=DIRECTION('ref_axis',(-0.993712209893243,0.111964476103306,0.));
#9382=DIRECTION('',(0.,0.,1.));
#9383=DIRECTION('center_axis',(0.,0.,1.));
#9384=DIRECTION('ref_axis',(-0.628653934173306,0.777685174764458,0.));
#9385=DIRECTION('',(0.,0.,-1.));
#9386=DIRECTION('center_axis',(-0.111964476103306,-0.993712209893243,0.));
#9387=DIRECTION('ref_axis',(0.993712209893243,-0.111964476103306,0.));
#9388=DIRECTION('',(0.,0.,1.));
#9389=DIRECTION('center_axis',(0.,0.,1.));
#9390=DIRECTION('ref_axis',(-0.111964476103308,-0.993712209893243,0.));
#9391=DIRECTION('center_axis',(0.,0.,1.));
#9392=DIRECTION('ref_axis',(1.,-1.22286592401926E-16,0.));
#9393=DIRECTION('',(0.,0.,1.));
#9394=DIRECTION('center_axis',(0.,0.,-1.));
#9395=DIRECTION('ref_axis',(-0.819375327939506,-0.573257422074959,0.));
#9396=DIRECTION('',(0.,0.,1.));
#9397=DIRECTION('',(0.,0.,-1.));
#9398=DIRECTION('center_axis',(0.167506223304735,0.985871018518236,0.));
#9399=DIRECTION('ref_axis',(-0.985871018518236,0.167506223304735,0.));
#9400=DIRECTION('',(0.,0.,1.));
#9401=DIRECTION('center_axis',(0.,0.,1.));
#9402=DIRECTION('ref_axis',(-0.584059789686307,0.811710639373162,0.));
#9403=DIRECTION('',(0.,0.,-1.));
#9404=DIRECTION('center_axis',(-0.167506223304735,-0.985871018518236,0.));
#9405=DIRECTION('ref_axis',(0.985871018518236,-0.167506223304735,0.));
#9406=DIRECTION('',(0.,0.,1.));
#9407=DIRECTION('center_axis',(0.,0.,1.));
#9408=DIRECTION('ref_axis',(-0.167506223304737,-0.985871018518236,0.));
#9409=DIRECTION('center_axis',(0.,0.,1.));
#9410=DIRECTION('ref_axis',(1.,-1.22286592401926E-16,0.));
#9411=DIRECTION('center_axis',(0.,0.,1.));
#9412=DIRECTION('ref_axis',(1.,-1.22286592401926E-16,0.));
#9413=DIRECTION('',(0.,0.,1.));
#9414=DIRECTION('center_axis',(0.,0.,-1.));
#9415=DIRECTION('ref_axis',(-0.878407734793725,-0.477911970403083,0.));
#9416=DIRECTION('',(0.,0.,1.));
#9417=DIRECTION('',(0.,0.,-1.));
#9418=DIRECTION('center_axis',(0.276835511424848,0.9609173219451,0.));
#9419=DIRECTION('ref_axis',(-0.9609173219451,0.276835511424848,0.));
#9420=DIRECTION('',(0.,0.,1.));
#9421=DIRECTION('center_axis',(0.,0.,1.));
#9422=DIRECTION('ref_axis',(-0.489504587834053,0.872000721610604,0.));
#9423=DIRECTION('',(0.,0.,-1.));
#9424=DIRECTION('center_axis',(-0.276835511424848,-0.9609173219451,0.));
#9425=DIRECTION('ref_axis',(0.9609173219451,-0.276835511424848,0.));
#9426=DIRECTION('',(0.,0.,1.));
#9427=DIRECTION('center_axis',(0.,0.,1.));
#9428=DIRECTION('ref_axis',(-0.27683551142485,-0.960917321945099,0.));
#9429=DIRECTION('center_axis',(0.,0.,1.));
#9430=DIRECTION('ref_axis',(1.,-1.22286592401926E-16,0.));
#9431=DIRECTION('',(0.,0.,1.));
#9432=DIRECTION('center_axis',(0.,0.,-1.));
#9433=DIRECTION('ref_axis',(-0.903822574857609,-0.427907411921974,0.));
#9434=DIRECTION('',(0.,0.,1.));
#9435=DIRECTION('',(0.,0.,-1.));
#9436=DIRECTION('center_axis',(0.330279061955166,0.943883330308368,0.));
#9437=DIRECTION('ref_axis',(-0.943883330308368,0.330279061955166,0.));
#9438=DIRECTION('',(0.,0.,1.));
#9439=DIRECTION('center_axis',(0.,0.,1.));
#9440=DIRECTION('ref_axis',(-0.43984103611592,0.898075644335417,0.));
#9441=DIRECTION('',(0.,0.,-1.));
#9442=DIRECTION('center_axis',(-0.330279061955166,-0.943883330308368,0.));
#9443=DIRECTION('ref_axis',(0.943883330308368,-0.330279061955166,0.));
#9444=DIRECTION('',(0.,0.,1.));
#9445=DIRECTION('center_axis',(0.,0.,1.));
#9446=DIRECTION('ref_axis',(-0.330279061955167,-0.943883330308368,0.));
#9447=DIRECTION('center_axis',(0.,0.,1.));
#9448=DIRECTION('ref_axis',(1.,-1.22286592401926E-16,0.));
#9449=DIRECTION('',(0.,0.,1.));
#9450=DIRECTION('center_axis',(0.,0.,-1.));
#9451=DIRECTION('ref_axis',(-0.926393654718859,-0.376556498412437,0.));
#9452=DIRECTION('',(0.,0.,1.));
#9453=DIRECTION('',(0.,0.,-1.));
#9454=DIRECTION('center_axis',(0.382683432365088,0.923879532511287,0.));
#9455=DIRECTION('ref_axis',(-0.923879532511288,0.382683432365088,0.));
#9456=DIRECTION('',(0.,0.,1.));
#9457=DIRECTION('center_axis',(0.,0.,1.));
#9458=DIRECTION('ref_axis',(-0.388793581772615,0.921324888827183,0.));
#9459=DIRECTION('',(0.,0.,-1.));
#9460=DIRECTION('center_axis',(-0.382683432365088,-0.923879532511287,0.));
#9461=DIRECTION('ref_axis',(0.923879532511288,-0.382683432365088,0.));
#9462=DIRECTION('',(0.,0.,1.));
#9463=DIRECTION('center_axis',(0.,0.,1.));
#9464=DIRECTION('ref_axis',(-0.38268343236509,-0.923879532511287,0.));
#9465=DIRECTION('center_axis',(0.,0.,1.));
#9466=DIRECTION('ref_axis',(1.,-1.22286592401926E-16,0.));
#9467=DIRECTION('center_axis',(0.,0.,1.));
#9468=DIRECTION('ref_axis',(1.,-1.22286592401926E-16,0.));
#9469=DIRECTION('',(0.,0.,1.));
#9470=DIRECTION('center_axis',(0.,0.,-1.));
#9471=DIRECTION('ref_axis',(-0.962729636929806,-0.270465609971036,0.));
#9472=DIRECTION('',(0.,0.,1.));
#9473=DIRECTION('',(0.,0.,-1.));
#9474=DIRECTION('center_axis',(0.483718887105238,0.875223421908755,0.));
#9475=DIRECTION('ref_axis',(-0.875223421908755,0.483718887105238,0.));
#9476=DIRECTION('',(0.,0.,1.));
#9477=DIRECTION('center_axis',(0.,0.,1.));
#9478=DIRECTION('ref_axis',(-0.283193270837107,0.959062861001603,0.));
#9479=DIRECTION('',(0.,0.,-1.));
#9480=DIRECTION('center_axis',(-0.483718887105238,-0.875223421908755,0.));
#9481=DIRECTION('ref_axis',(0.875223421908755,-0.483718887105238,0.));
#9482=DIRECTION('',(0.,0.,1.));
#9483=DIRECTION('center_axis',(0.,0.,1.));
#9484=DIRECTION('ref_axis',(-0.48371888710524,-0.875223421908754,0.));
#9485=DIRECTION('center_axis',(0.,0.,1.));
#9486=DIRECTION('ref_axis',(1.,-1.22286592401926E-16,0.));
#9487=DIRECTION('',(0.,0.,1.));
#9488=DIRECTION('center_axis',(0.,0.,-1.));
#9489=DIRECTION('ref_axis',(-0.976380212836434,-0.216059436224107,0.));
#9490=DIRECTION('',(0.,0.,1.));
#9491=DIRECTION('',(0.,0.,-1.));
#9492=DIRECTION('center_axis',(0.532032076515335,0.846724199228285,0.));
#9493=DIRECTION('ref_axis',(-0.846724199228285,0.532032076515335,0.));
#9494=DIRECTION('',(0.,0.,1.));
#9495=DIRECTION('center_axis',(0.,0.,1.));
#9496=DIRECTION('ref_axis',(-0.228972671891423,0.973432851062107,0.));
#9497=DIRECTION('',(0.,0.,-1.));
#9498=DIRECTION('center_axis',(-0.532032076515335,-0.846724199228285,0.));
#9499=DIRECTION('ref_axis',(0.846724199228285,-0.532032076515335,0.));
#9500=DIRECTION('',(0.,0.,1.));
#9501=DIRECTION('center_axis',(0.,0.,1.));
#9502=DIRECTION('ref_axis',(-0.532032076515337,-0.846724199228284,0.));
#9503=DIRECTION('center_axis',(0.,0.,1.));
#9504=DIRECTION('ref_axis',(1.,-1.22286592401926E-16,0.));
#9505=DIRECTION('',(0.,0.,1.));
#9506=DIRECTION('center_axis',(0.,0.,-1.));
#9507=DIRECTION('ref_axis',(-0.986958735367605,-0.160973459556466,0.));
#9508=DIRECTION('',(0.,0.,1.));
#9509=DIRECTION('',(0.,0.,-1.));
#9510=DIRECTION('center_axis',(0.578671296179804,0.815560868959261,0.));
#9511=DIRECTION('ref_axis',(-0.815560868959261,0.578671296179804,0.));
#9512=DIRECTION('',(0.,0.,1.));
#9513=DIRECTION('center_axis',(0.,0.,1.));
#9514=DIRECTION('ref_axis',(-0.174031640208257,0.984740061237697,0.));
#9515=DIRECTION('',(0.,0.,-1.));
#9516=DIRECTION('center_axis',(-0.578671296179804,-0.815560868959261,0.));
#9517=DIRECTION('ref_axis',(0.815560868959261,-0.578671296179804,0.));
#9518=DIRECTION('',(0.,0.,1.));
#9519=DIRECTION('center_axis',(0.,0.,1.));
#9520=DIRECTION('ref_axis',(-0.578671296179806,-0.81556086895926,0.));
#9521=DIRECTION('center_axis',(0.,0.,1.));
#9522=DIRECTION('ref_axis',(1.,-1.22286592401926E-16,0.));
#9523=DIRECTION('center_axis',(0.,0.,1.));
#9524=DIRECTION('ref_axis',(1.,-1.22286592401926E-16,0.));
#9525=DIRECTION('',(0.,0.,1.));
#9526=DIRECTION('center_axis',(0.,0.,-1.));
#9527=DIRECTION('ref_axis',(-0.998776255061359,-0.049456974489023,0.));
#9528=DIRECTION('',(0.,0.,1.));
#9529=DIRECTION('',(0.,0.,-1.));
#9530=DIRECTION('center_axis',(0.666346577952003,0.745642164883167,0.));
#9531=DIRECTION('ref_axis',(-0.745642164883167,0.666346577952003,0.));
#9532=DIRECTION('',(0.,0.,1.));
#9533=DIRECTION('center_axis',(0.,0.,1.));
#9534=DIRECTION('ref_axis',(-0.0626814607282725,0.998033583844236,0.));
#9535=DIRECTION('',(0.,0.,-1.));
#9536=DIRECTION('center_axis',(-0.666346577952003,-0.745642164883167,0.));
#9537=DIRECTION('ref_axis',(0.745642164883167,-0.666346577952003,0.));
#9538=DIRECTION('',(0.,0.,1.));
#9539=DIRECTION('center_axis',(0.,0.,1.));
#9540=DIRECTION('ref_axis',(-0.666346577952004,-0.745642164883166,0.));
#9541=DIRECTION('center_axis',(0.,0.,1.));
#9542=DIRECTION('ref_axis',(1.,-1.22286592401926E-16,0.));
#9543=DIRECTION('',(0.,0.,1.));
#9544=DIRECTION('center_axis',(0.,0.,-1.));
#9545=DIRECTION('ref_axis',(-0.999978069934933,0.00662266179170852,0.));
#9546=DIRECTION('',(0.,0.,1.));
#9547=DIRECTION('',(0.,0.,-1.));
#9548=DIRECTION('center_axis',(0.707106781186546,0.707106781186549,0.));
#9549=DIRECTION('ref_axis',(-0.707106781186549,0.707106781186546,0.));
#9550=DIRECTION('',(0.,0.,1.));
#9551=DIRECTION('center_axis',(0.,0.,1.));
#9552=DIRECTION('ref_axis',(-0.00662266179170835,0.999978069934933,0.));
#9553=DIRECTION('',(0.,0.,-1.));
#9554=DIRECTION('center_axis',(-0.707106781186546,-0.707106781186549,0.));
#9555=DIRECTION('ref_axis',(0.707106781186549,-0.707106781186546,0.));
#9556=DIRECTION('',(0.,0.,1.));
#9557=DIRECTION('center_axis',(0.,0.,1.));
#9558=DIRECTION('ref_axis',(-0.707106781186548,-0.707106781186548,0.));
#9559=DIRECTION('center_axis',(0.,0.,1.));
#9560=DIRECTION('ref_axis',(1.,-1.22286592401926E-16,0.));
#9561=DIRECTION('',(0.,0.,1.));
#9562=DIRECTION('center_axis',(0.,0.,-1.));
#9563=DIRECTION('ref_axis',(-0.998033583844238,0.0626814607282473,0.));
#9564=DIRECTION('',(0.,0.,1.));
#9565=DIRECTION('',(0.,0.,-1.));
#9566=DIRECTION('center_axis',(0.745642164883164,0.666346577952005,0.));
#9567=DIRECTION('ref_axis',(-0.666346577952005,0.745642164883164,0.));
#9568=DIRECTION('',(0.,0.,1.));
#9569=DIRECTION('center_axis',(0.,0.,1.));
#9570=DIRECTION('ref_axis',(0.0494569744890003,0.99877625506136,0.));
#9571=DIRECTION('',(0.,0.,-1.));
#9572=DIRECTION('center_axis',(-0.745642164883164,-0.666346577952005,0.));
#9573=DIRECTION('ref_axis',(0.666346577952005,-0.745642164883164,0.));
#9574=DIRECTION('',(0.,0.,1.));
#9575=DIRECTION('center_axis',(0.,0.,1.));
#9576=DIRECTION('ref_axis',(-0.745642164883166,-0.666346577952004,0.));
#9577=DIRECTION('center_axis',(0.,0.,1.));
#9578=DIRECTION('ref_axis',(1.,-1.22286592401926E-16,0.));
#9579=DIRECTION('center_axis',(0.,0.,1.));
#9580=DIRECTION('ref_axis',(1.,-1.22286592401926E-16,0.));
#9581=DIRECTION('',(0.,0.,1.));
#9582=DIRECTION('center_axis',(0.,0.,-1.));
#9583=DIRECTION('ref_axis',(-0.984740061237697,0.174031640208257,0.));
#9584=DIRECTION('',(0.,0.,1.));
#9585=DIRECTION('',(0.,0.,-1.));
#9586=DIRECTION('center_axis',(0.815560868959259,0.578671296179807,0.));
#9587=DIRECTION('ref_axis',(-0.578671296179807,0.815560868959259,0.));
#9588=DIRECTION('',(0.,0.,1.));
#9589=DIRECTION('center_axis',(0.,0.,1.));
#9590=DIRECTION('ref_axis',(0.16097345955647,0.986958735367605,0.));
#9591=DIRECTION('',(0.,0.,-1.));
#9592=DIRECTION('center_axis',(-0.815560868959259,-0.578671296179807,0.));
#9593=DIRECTION('ref_axis',(0.578671296179807,-0.815560868959259,0.));
#9594=DIRECTION('',(0.,0.,1.));
#9595=DIRECTION('center_axis',(0.,0.,1.));
#9596=DIRECTION('ref_axis',(-0.81556086895926,-0.578671296179806,0.));
#9597=DIRECTION('center_axis',(0.,0.,1.));
#9598=DIRECTION('ref_axis',(1.,-1.22286592401926E-16,0.));
#9599=DIRECTION('',(0.,0.,1.));
#9600=DIRECTION('center_axis',(0.,0.,-1.));
#9601=DIRECTION('ref_axis',(-0.973432851062107,0.228972671891423,0.));
#9602=DIRECTION('',(0.,0.,1.));
#9603=DIRECTION('',(0.,0.,-1.));
#9604=DIRECTION('center_axis',(0.846724199228283,0.532032076515338,0.));
#9605=DIRECTION('ref_axis',(-0.532032076515338,0.846724199228283,0.));
#9606=DIRECTION('',(0.,0.,1.));
#9607=DIRECTION('center_axis',(0.,0.,1.));
#9608=DIRECTION('ref_axis',(0.216059436224064,0.976380212836444,0.));
#9609=DIRECTION('',(0.,0.,-1.));
#9610=DIRECTION('center_axis',(-0.846724199228283,-0.532032076515338,0.));
#9611=DIRECTION('ref_axis',(0.532032076515338,-0.846724199228283,0.));
#9612=DIRECTION('',(0.,0.,1.));
#9613=DIRECTION('center_axis',(0.,0.,1.));
#9614=DIRECTION('ref_axis',(-0.846724199228284,-0.532032076515336,0.));
#9615=DIRECTION('center_axis',(0.,0.,1.));
#9616=DIRECTION('ref_axis',(1.,-1.22286592401926E-16,0.));
#9617=DIRECTION('',(0.,0.,1.));
#9618=DIRECTION('center_axis',(0.,0.,-1.));
#9619=DIRECTION('ref_axis',(-0.959062861001602,0.283193270837111,0.));
#9620=DIRECTION('',(0.,0.,1.));
#9621=DIRECTION('',(0.,0.,-1.));
#9622=DIRECTION('center_axis',(0.875223421908753,0.483718887105241,0.));
#9623=DIRECTION('ref_axis',(-0.483718887105241,0.875223421908753,0.));
#9624=DIRECTION('',(0.,0.,1.));
#9625=DIRECTION('center_axis',(0.,0.,1.));
#9626=DIRECTION('ref_axis',(0.27046560997106,0.962729636929799,0.));
#9627=DIRECTION('',(0.,0.,-1.));
#9628=DIRECTION('center_axis',(-0.875223421908753,-0.483718887105241,0.));
#9629=DIRECTION('ref_axis',(0.483718887105241,-0.875223421908753,0.));
#9630=DIRECTION('',(0.,0.,1.));
#9631=DIRECTION('center_axis',(0.,0.,1.));
#9632=DIRECTION('ref_axis',(-0.875223421908754,-0.48371888710524,0.));
#9633=DIRECTION('center_axis',(0.,0.,1.));
#9634=DIRECTION('ref_axis',(1.,-1.22286592401926E-16,0.));
#9635=DIRECTION('center_axis',(0.,0.,1.));
#9636=DIRECTION('ref_axis',(1.,-1.22286592401926E-16,0.));
#9637=DIRECTION('',(0.,0.,1.));
#9638=DIRECTION('center_axis',(0.,0.,-1.));
#9639=DIRECTION('ref_axis',(-0.921324888827183,0.388793581772615,0.));
#9640=DIRECTION('',(0.,0.,1.));
#9641=DIRECTION('',(0.,0.,-1.));
#9642=DIRECTION('center_axis',(0.923879532511286,0.382683432365091,0.));
#9643=DIRECTION('ref_axis',(-0.382683432365091,0.923879532511286,0.));
#9644=DIRECTION('',(0.,0.,1.));
#9645=DIRECTION('center_axis',(0.,0.,1.));
#9646=DIRECTION('ref_axis',(0.376556498412426,0.926393654718863,0.));
#9647=DIRECTION('',(0.,0.,-1.));
#9648=DIRECTION('center_axis',(-0.923879532511286,-0.382683432365091,0.));
#9649=DIRECTION('ref_axis',(0.382683432365091,-0.923879532511286,0.));
#9650=DIRECTION('',(0.,0.,1.));
#9651=DIRECTION('center_axis',(0.,0.,1.));
#9652=DIRECTION('ref_axis',(-0.923879532511287,-0.38268343236509,0.));
#9653=DIRECTION('center_axis',(0.,0.,1.));
#9654=DIRECTION('ref_axis',(1.,-1.22286592401926E-16,0.));
#9655=DIRECTION('',(0.,0.,1.));
#9656=DIRECTION('center_axis',(0.,0.,-1.));
#9657=DIRECTION('ref_axis',(-0.898075644335432,0.43984103611589,0.));
#9658=DIRECTION('',(0.,0.,1.));
#9659=DIRECTION('',(0.,0.,-1.));
#9660=DIRECTION('center_axis',(0.943883330308367,0.330279061955169,0.));
#9661=DIRECTION('ref_axis',(-0.330279061955169,0.943883330308367,0.));
#9662=DIRECTION('',(0.,0.,1.));
#9663=DIRECTION('center_axis',(0.,0.,1.));
#9664=DIRECTION('ref_axis',(0.427907411921974,0.903822574857609,0.));
#9665=DIRECTION('',(0.,0.,-1.));
#9666=DIRECTION('center_axis',(-0.943883330308367,-0.330279061955169,0.));
#9667=DIRECTION('ref_axis',(0.330279061955169,-0.943883330308367,0.));
#9668=DIRECTION('',(0.,0.,1.));
#9669=DIRECTION('center_axis',(0.,0.,1.));
#9670=DIRECTION('ref_axis',(-0.943883330308368,-0.330279061955167,0.));
#9671=DIRECTION('center_axis',(0.,0.,1.));
#9672=DIRECTION('ref_axis',(1.,-1.22286592401926E-16,0.));
#9673=DIRECTION('',(0.,0.,1.));
#9674=DIRECTION('center_axis',(0.,0.,-1.));
#9675=DIRECTION('ref_axis',(-0.872000721610616,0.489504587834031,0.));
#9676=DIRECTION('',(0.,0.,1.));
#9677=DIRECTION('',(0.,0.,-1.));
#9678=DIRECTION('center_axis',(0.960917321945099,0.276835511424851,0.));
#9679=DIRECTION('ref_axis',(-0.276835511424851,0.960917321945099,0.));
#9680=DIRECTION('',(0.,0.,1.));
#9681=DIRECTION('center_axis',(0.,0.,1.));
#9682=DIRECTION('ref_axis',(0.477911970403103,0.878407734793714,0.));
#9683=DIRECTION('',(0.,0.,-1.));
#9684=DIRECTION('center_axis',(-0.960917321945099,-0.276835511424851,0.));
#9685=DIRECTION('ref_axis',(0.276835511424851,-0.960917321945099,0.));
#9686=DIRECTION('',(0.,0.,1.));
#9687=DIRECTION('center_axis',(0.,0.,1.));
#9688=DIRECTION('ref_axis',(-0.9609173219451,-0.276835511424849,0.));
#9689=DIRECTION('center_axis',(0.,0.,1.));
#9690=DIRECTION('ref_axis',(1.,-1.22286592401926E-16,0.));
#9691=DIRECTION('center_axis',(0.,0.,1.));
#9692=DIRECTION('ref_axis',(1.,-1.22286592401926E-16,0.));
#9693=DIRECTION('',(0.,0.,1.));
#9694=DIRECTION('center_axis',(0.,0.,-1.));
#9695=DIRECTION('ref_axis',(-0.81171063937318,0.584059789686281,0.));
#9696=DIRECTION('',(0.,0.,1.));
#9697=DIRECTION('',(0.,0.,-1.));
#9698=DIRECTION('center_axis',(0.985871018518236,0.167506223304738,0.));
#9699=DIRECTION('ref_axis',(-0.167506223304738,0.985871018518236,0.));
#9700=DIRECTION('',(0.,0.,1.));
#9701=DIRECTION('center_axis',(0.,0.,1.));
#9702=DIRECTION('ref_axis',(0.57325742207498,0.819375327939491,0.));
#9703=DIRECTION('',(0.,0.,-1.));
#9704=DIRECTION('center_axis',(-0.985871018518236,-0.167506223304738,0.));
#9705=DIRECTION('ref_axis',(0.167506223304738,-0.985871018518236,0.));
#9706=DIRECTION('',(0.,0.,1.));
#9707=DIRECTION('center_axis',(0.,0.,1.));
#9708=DIRECTION('ref_axis',(-0.985871018518236,-0.167506223304736,0.));
#9709=DIRECTION('center_axis',(0.,0.,1.));
#9710=DIRECTION('ref_axis',(1.,-1.22286592401926E-16,0.));
#9711=DIRECTION('',(0.,0.,1.));
#9712=DIRECTION('center_axis',(0.,0.,-1.));
#9713=DIRECTION('ref_axis',(-0.777685174764465,0.628653934173297,0.));
#9714=DIRECTION('',(0.,0.,1.));
#9715=DIRECTION('',(0.,0.,-1.));
#9716=DIRECTION('center_axis',(0.993712209893242,0.11196447610331,0.));
#9717=DIRECTION('ref_axis',(-0.11196447610331,0.993712209893242,0.));
#9718=DIRECTION('',(0.,0.,1.));
#9719=DIRECTION('center_axis',(0.,0.,1.));
#9720=DIRECTION('ref_axis',(0.618298323200322,0.785943498941031,0.));
#9721=DIRECTION('',(0.,0.,-1.));
#9722=DIRECTION('center_axis',(-0.993712209893242,-0.11196447610331,0.));
#9723=DIRECTION('ref_axis',(0.11196447610331,-0.993712209893242,0.));
#9724=DIRECTION('',(0.,0.,1.));
#9725=DIRECTION('center_axis',(0.,0.,1.));
#9726=DIRECTION('ref_axis',(-0.993712209893243,-0.111964476103308,0.));
#9727=DIRECTION('center_axis',(0.,0.,1.));
#9728=DIRECTION('ref_axis',(1.,-1.22286592401926E-16,0.));
#9729=DIRECTION('',(0.,0.,1.));
#9730=DIRECTION('center_axis',(0.,0.,-1.));
#9731=DIRECTION('ref_axis',(-0.741212824880141,0.671270100803843,0.));
#9732=DIRECTION('',(0.,0.,1.));
#9733=DIRECTION('',(0.,0.,-1.));
#9734=DIRECTION('center_axis',(0.998426815017816,0.0560704472371935,0.));
#9735=DIRECTION('ref_axis',(-0.0560704472371935,0.998426815017816,0.));
#9736=DIRECTION('',(0.,0.,1.));
#9737=DIRECTION('center_axis',(0.,0.,1.));
#9738=DIRECTION('ref_axis',(0.661393829052548,0.750038800923799,0.));
#9739=DIRECTION('',(0.,0.,-1.));
#9740=DIRECTION('center_axis',(-0.998426815017816,-0.0560704472371935,0.));
#9741=DIRECTION('ref_axis',(0.0560704472371935,-0.998426815017816,0.));
#9742=DIRECTION('',(0.,0.,1.));
#9743=DIRECTION('center_axis',(0.,0.,1.));
#9744=DIRECTION('ref_axis',(-0.998426815017817,-0.0560704472371917,0.));
#9745=DIRECTION('center_axis',(0.,0.,1.));
#9746=DIRECTION('ref_axis',(1.,-1.22286592401926E-16,0.));
#9747=DIRECTION('center_axis',(0.,0.,1.));
#9748=DIRECTION('ref_axis',(1.,-1.22286592401926E-16,0.));
#9749=DIRECTION('',(0.,0.,1.));
#9750=DIRECTION('center_axis',(0.,0.,-1.));
#9751=DIRECTION('ref_axis',(-0.661393829052545,0.750038800923801,0.));
#9752=DIRECTION('',(0.,0.,1.));
#9753=DIRECTION('',(0.,0.,-1.));
#9754=DIRECTION('center_axis',(0.998426815017817,-0.0560704472371901,0.));
#9755=DIRECTION('ref_axis',(0.0560704472371901,0.998426815017817,0.));
#9756=DIRECTION('',(0.,0.,1.));
#9757=DIRECTION('center_axis',(0.,0.,1.));
#9758=DIRECTION('ref_axis',(0.741212824880143,0.671270100803841,0.));
#9759=DIRECTION('',(0.,0.,-1.));
#9760=DIRECTION('center_axis',(-0.998426815017817,0.0560704472371901,0.));
#9761=DIRECTION('ref_axis',(-0.0560704472371901,-0.998426815017817,0.));
#9762=DIRECTION('',(0.,0.,1.));
#9763=DIRECTION('center_axis',(0.,0.,1.));
#9764=DIRECTION('ref_axis',(-0.998426815017817,0.0560704472371919,0.));
#9765=DIRECTION('center_axis',(0.,0.,1.));
#9766=DIRECTION('ref_axis',(1.,-1.22286592401926E-16,0.));
#9767=DIRECTION('',(0.,0.,1.));
#9768=DIRECTION('center_axis',(0.,0.,-1.));
#9769=DIRECTION('ref_axis',(-0.618298323200322,0.78594349894103,0.));
#9770=DIRECTION('',(0.,0.,1.));
#9771=DIRECTION('',(0.,0.,-1.));
#9772=DIRECTION('center_axis',(0.993712209893243,-0.111964476103306,0.));
#9773=DIRECTION('ref_axis',(0.111964476103306,0.993712209893243,0.));
#9774=DIRECTION('',(0.,0.,1.));
#9775=DIRECTION('center_axis',(0.,0.,1.));
#9776=DIRECTION('ref_axis',(0.777685174764466,0.628653934173295,0.));
#9777=DIRECTION('',(0.,0.,-1.));
#9778=DIRECTION('center_axis',(-0.993712209893243,0.111964476103306,0.));
#9779=DIRECTION('ref_axis',(-0.111964476103306,-0.993712209893243,0.));
#9780=DIRECTION('',(0.,0.,1.));
#9781=DIRECTION('center_axis',(0.,0.,1.));
#9782=DIRECTION('ref_axis',(-0.993712209893243,0.111964476103308,0.));
#9783=DIRECTION('center_axis',(0.,0.,1.));
#9784=DIRECTION('ref_axis',(1.,-1.22286592401926E-16,0.));
#9785=DIRECTION('',(0.,0.,1.));
#9786=DIRECTION('center_axis',(0.,0.,-1.));
#9787=DIRECTION('ref_axis',(-0.573257422074964,0.819375327939502,0.));
#9788=DIRECTION('',(0.,0.,1.));
#9789=DIRECTION('',(0.,0.,-1.));
#9790=DIRECTION('center_axis',(0.985871018518236,-0.167506223304735,0.));
#9791=DIRECTION('ref_axis',(0.167506223304735,0.985871018518236,0.));
#9792=DIRECTION('',(0.,0.,1.));
#9793=DIRECTION('center_axis',(0.,0.,1.));
#9794=DIRECTION('ref_axis',(0.81171063937316,0.58405978968631,0.));
#9795=DIRECTION('',(0.,0.,-1.));
#9796=DIRECTION('center_axis',(-0.985871018518236,0.167506223304735,0.));
#9797=DIRECTION('ref_axis',(-0.167506223304735,-0.985871018518236,0.));
#9798=DIRECTION('',(0.,0.,1.));
#9799=DIRECTION('center_axis',(0.,0.,1.));
#9800=DIRECTION('ref_axis',(-0.985871018518236,0.167506223304736,0.));
#9801=DIRECTION('center_axis',(0.,0.,1.));
#9802=DIRECTION('ref_axis',(1.,-1.22286592401926E-16,0.));
#9803=DIRECTION('center_axis',(0.,0.,1.));
#9804=DIRECTION('ref_axis',(1.,-1.22286592401926E-16,0.));
#9805=DIRECTION('',(0.,0.,1.));
#9806=DIRECTION('center_axis',(0.,0.,-1.));
#9807=DIRECTION('ref_axis',(-0.477911970403093,0.878407734793719,0.));
#9808=DIRECTION('',(0.,0.,1.));
#9809=DIRECTION('',(0.,0.,-1.));
#9810=DIRECTION('center_axis',(0.9609173219451,-0.276835511424848,0.));
#9811=DIRECTION('ref_axis',(0.276835511424848,0.9609173219451,0.));
#9812=DIRECTION('',(0.,0.,1.));
#9813=DIRECTION('center_axis',(0.,0.,1.));
#9814=DIRECTION('ref_axis',(0.872000721610606,0.48950458783405,0.));
#9815=DIRECTION('',(0.,0.,-1.));
#9816=DIRECTION('center_axis',(-0.9609173219451,0.276835511424848,0.));
#9817=DIRECTION('ref_axis',(-0.276835511424848,-0.9609173219451,0.));
#9818=DIRECTION('',(0.,0.,1.));
#9819=DIRECTION('center_axis',(0.,0.,1.));
#9820=DIRECTION('ref_axis',(-0.960917321945099,0.276835511424849,0.));
#9821=DIRECTION('center_axis',(0.,0.,1.));
#9822=DIRECTION('ref_axis',(1.,-1.22286592401926E-16,0.));
#9823=DIRECTION('',(0.,0.,1.));
#9824=DIRECTION('center_axis',(0.,0.,-1.));
#9825=DIRECTION('ref_axis',(-0.427907411921964,0.903822574857614,0.));
#9826=DIRECTION('',(0.,0.,1.));
#9827=DIRECTION('',(0.,0.,-1.));
#9828=DIRECTION('center_axis',(0.943883330308368,-0.330279061955165,0.));
#9829=DIRECTION('ref_axis',(0.330279061955165,0.943883330308368,0.));
#9830=DIRECTION('',(0.,0.,1.));
#9831=DIRECTION('center_axis',(0.,0.,1.));
#9832=DIRECTION('ref_axis',(0.898075644335432,0.43984103611589,0.));
#9833=DIRECTION('',(0.,0.,-1.));
#9834=DIRECTION('center_axis',(-0.943883330308368,0.330279061955165,0.));
#9835=DIRECTION('ref_axis',(-0.330279061955165,-0.943883330308368,0.));
#9836=DIRECTION('',(0.,0.,1.));
#9837=DIRECTION('center_axis',(0.,0.,1.));
#9838=DIRECTION('ref_axis',(-0.943883330308368,0.330279061955167,0.));
#9839=DIRECTION('center_axis',(0.,0.,1.));
#9840=DIRECTION('ref_axis',(1.,-1.22286592401926E-16,0.));
#9841=DIRECTION('',(0.,0.,1.));
#9842=DIRECTION('center_axis',(0.,0.,-1.));
#9843=DIRECTION('ref_axis',(-0.376556498412435,0.92639365471886,0.));
#9844=DIRECTION('',(0.,0.,1.));
#9845=DIRECTION('',(0.,0.,-1.));
#9846=DIRECTION('center_axis',(0.923879532511287,-0.382683432365088,0.));
#9847=DIRECTION('ref_axis',(0.382683432365088,0.923879532511288,0.));
#9848=DIRECTION('',(0.,0.,1.));
#9849=DIRECTION('center_axis',(0.,0.,1.));
#9850=DIRECTION('ref_axis',(0.921324888827185,0.38879358177261,0.));
#9851=DIRECTION('',(0.,0.,-1.));
#9852=DIRECTION('center_axis',(-0.923879532511287,0.382683432365088,0.));
#9853=DIRECTION('ref_axis',(-0.382683432365088,-0.923879532511288,0.));
#9854=DIRECTION('',(0.,0.,1.));
#9855=DIRECTION('center_axis',(0.,0.,1.));
#9856=DIRECTION('ref_axis',(-0.923879532511287,0.38268343236509,0.));
#9857=DIRECTION('center_axis',(0.,0.,1.));
#9858=DIRECTION('ref_axis',(1.,-1.22286592401926E-16,0.));
#9859=DIRECTION('center_axis',(0.,0.,1.));
#9860=DIRECTION('ref_axis',(1.,-1.22286592401926E-16,0.));
#9861=DIRECTION('',(0.,0.,1.));
#9862=DIRECTION('center_axis',(0.,0.,-1.));
#9863=DIRECTION('ref_axis',(-0.270465609971036,0.962729636929806,0.));
#9864=DIRECTION('',(0.,0.,1.));
#9865=DIRECTION('',(0.,0.,-1.));
#9866=DIRECTION('center_axis',(0.875223421908755,-0.483718887105238,0.));
#9867=DIRECTION('ref_axis',(0.483718887105238,0.875223421908755,0.));
#9868=DIRECTION('',(0.,0.,1.));
#9869=DIRECTION('center_axis',(0.,0.,1.));
#9870=DIRECTION('ref_axis',(0.959062861001617,0.283193270837061,0.));
#9871=DIRECTION('',(0.,0.,-1.));
#9872=DIRECTION('center_axis',(-0.875223421908755,0.483718887105238,0.));
#9873=DIRECTION('ref_axis',(-0.483718887105238,-0.875223421908755,0.));
#9874=DIRECTION('',(0.,0.,1.));
#9875=DIRECTION('center_axis',(0.,0.,1.));
#9876=DIRECTION('ref_axis',(-0.875223421908754,0.48371888710524,0.));
#9877=DIRECTION('center_axis',(0.,0.,1.));
#9878=DIRECTION('ref_axis',(1.,-1.22286592401926E-16,0.));
#9879=DIRECTION('',(0.,0.,1.));
#9880=DIRECTION('center_axis',(0.,0.,-1.));
#9881=DIRECTION('ref_axis',(-0.216059436224088,0.976380212836439,0.));
#9882=DIRECTION('',(0.,0.,1.));
#9883=DIRECTION('',(0.,0.,-1.));
#9884=DIRECTION('center_axis',(0.846724199228285,-0.532032076515335,0.));
#9885=DIRECTION('ref_axis',(0.532032076515335,0.846724199228285,0.));
#9886=DIRECTION('',(0.,0.,1.));
#9887=DIRECTION('center_axis',(0.,0.,1.));
#9888=DIRECTION('ref_axis',(0.973432851062107,0.228972671891423,0.));
#9889=DIRECTION('',(0.,0.,-1.));
#9890=DIRECTION('center_axis',(-0.846724199228285,0.532032076515335,0.));
#9891=DIRECTION('ref_axis',(-0.532032076515335,-0.846724199228285,0.));
#9892=DIRECTION('',(0.,0.,1.));
#9893=DIRECTION('center_axis',(0.,0.,1.));
#9894=DIRECTION('ref_axis',(-0.846724199228284,0.532032076515337,0.));
#9895=DIRECTION('center_axis',(0.,0.,1.));
#9896=DIRECTION('ref_axis',(1.,-1.22286592401926E-16,0.));
#9897=DIRECTION('',(0.,0.,1.));
#9898=DIRECTION('center_axis',(0.,0.,-1.));
#9899=DIRECTION('ref_axis',(-0.16097345955649,0.986958735367601,0.));
#9900=DIRECTION('',(0.,0.,1.));
#9901=DIRECTION('',(0.,0.,-1.));
#9902=DIRECTION('center_axis',(0.815560868959261,-0.578671296179804,0.));
#9903=DIRECTION('ref_axis',(0.578671296179804,0.815560868959261,0.));
#9904=DIRECTION('',(0.,0.,1.));
#9905=DIRECTION('center_axis',(0.,0.,1.));
#9906=DIRECTION('ref_axis',(0.984740061237698,0.174031640208252,0.));
#9907=DIRECTION('',(0.,0.,-1.));
#9908=DIRECTION('center_axis',(-0.815560868959261,0.578671296179804,0.));
#9909=DIRECTION('ref_axis',(-0.578671296179804,-0.815560868959261,0.));
#9910=DIRECTION('',(0.,0.,1.));
#9911=DIRECTION('center_axis',(0.,0.,1.));
#9912=DIRECTION('ref_axis',(-0.81556086895926,0.578671296179806,0.));
#9913=DIRECTION('center_axis',(0.,0.,1.));
#9914=DIRECTION('ref_axis',(1.,-1.22286592401926E-16,0.));
#9915=DIRECTION('center_axis',(0.,0.,1.));
#9916=DIRECTION('ref_axis',(1.,-1.22286592401926E-16,0.));
#9917=DIRECTION('',(0.,0.,1.));
#9918=DIRECTION('center_axis',(0.,0.,-1.));
#9919=DIRECTION('ref_axis',(-0.049456974488999,0.99877625506136,0.));
#9920=DIRECTION('',(0.,0.,1.));
#9921=DIRECTION('',(0.,0.,-1.));
#9922=DIRECTION('center_axis',(0.745642164883167,-0.666346577952003,0.));
#9923=DIRECTION('ref_axis',(0.666346577952003,0.745642164883167,0.));
#9924=DIRECTION('',(0.,0.,1.));
#9925=DIRECTION('center_axis',(0.,0.,1.));
#9926=DIRECTION('ref_axis',(0.998033583844238,0.0626814607282473,0.));
#9927=DIRECTION('',(0.,0.,-1.));
#9928=DIRECTION('center_axis',(-0.745642164883167,0.666346577952003,0.));
#9929=DIRECTION('ref_axis',(-0.666346577952003,-0.745642164883167,0.));
#9930=DIRECTION('',(0.,0.,1.));
#9931=DIRECTION('center_axis',(0.,0.,1.));
#9932=DIRECTION('ref_axis',(-0.745642164883166,0.666346577952004,0.));
#9933=DIRECTION('center_axis',(0.,0.,1.));
#9934=DIRECTION('ref_axis',(1.,-1.22286592401926E-16,0.));
#9935=DIRECTION('',(0.,0.,1.));
#9936=DIRECTION('center_axis',(0.,0.,-1.));
#9937=DIRECTION('ref_axis',(0.00662266179170835,0.999978069934932,0.));
#9938=DIRECTION('',(0.,0.,1.));
#9939=DIRECTION('',(0.,0.,-1.));
#9940=DIRECTION('center_axis',(0.707106781186549,-0.707106781186546,0.));
#9941=DIRECTION('ref_axis',(0.707106781186546,0.707106781186549,0.));
#9942=DIRECTION('',(0.,0.,1.));
#9943=DIRECTION('center_axis',(0.,0.,1.));
#9944=DIRECTION('ref_axis',(0.999978069934933,0.00662266179168306,0.));
#9945=DIRECTION('',(0.,0.,-1.));
#9946=DIRECTION('center_axis',(-0.707106781186549,0.707106781186546,0.));
#9947=DIRECTION('ref_axis',(-0.707106781186546,-0.707106781186549,0.));
#9948=DIRECTION('',(0.,0.,1.));
#9949=DIRECTION('center_axis',(0.,0.,1.));
#9950=DIRECTION('ref_axis',(-0.707106781186548,0.707106781186548,0.));
#9951=DIRECTION('center_axis',(0.,0.,1.));
#9952=DIRECTION('ref_axis',(1.,-1.22286592401926E-16,0.));
#9953=DIRECTION('',(0.,0.,1.));
#9954=DIRECTION('center_axis',(0.,0.,-1.));
#9955=DIRECTION('ref_axis',(0.0626814607282741,0.998033583844236,0.));
#9956=DIRECTION('',(0.,0.,1.));
#9957=DIRECTION('',(0.,0.,-1.));
#9958=DIRECTION('center_axis',(0.666346577952005,-0.745642164883164,0.));
#9959=DIRECTION('ref_axis',(0.745642164883164,0.666346577952005,0.));
#9960=DIRECTION('',(0.,0.,1.));
#9961=DIRECTION('center_axis',(0.,0.,1.));
#9962=DIRECTION('ref_axis',(0.998776255061361,-0.049456974488975,0.));
#9963=DIRECTION('',(0.,0.,-1.));
#9964=DIRECTION('center_axis',(-0.666346577952005,0.745642164883164,0.));
#9965=DIRECTION('ref_axis',(-0.745642164883164,-0.666346577952005,0.));
#9966=DIRECTION('',(0.,0.,1.));
#9967=DIRECTION('center_axis',(0.,0.,1.));
#9968=DIRECTION('ref_axis',(-0.666346577952004,0.745642164883166,0.));
#9969=DIRECTION('center_axis',(0.,0.,1.));
#9970=DIRECTION('ref_axis',(1.,-1.22286592401926E-16,0.));
#9971=DIRECTION('center_axis',(0.,0.,1.));
#9972=DIRECTION('ref_axis',(1.,-1.22286592401926E-16,0.));
#9973=DIRECTION('',(0.,0.,1.));
#9974=DIRECTION('center_axis',(0.,0.,-1.));
#9975=DIRECTION('ref_axis',(0.174031640208232,0.984740061237702,0.));
#9976=DIRECTION('',(0.,0.,1.));
#9977=DIRECTION('',(0.,0.,-1.));
#9978=DIRECTION('center_axis',(0.578671296179807,-0.815560868959259,0.));
#9979=DIRECTION('ref_axis',(0.815560868959259,0.578671296179807,0.));
#9980=DIRECTION('',(0.,0.,1.));
#9981=DIRECTION('center_axis',(0.,0.,1.));
#9982=DIRECTION('ref_axis',(0.986958735367605,-0.160973459556466,0.));
#9983=DIRECTION('',(0.,0.,-1.));
#9984=DIRECTION('center_axis',(-0.578671296179807,0.815560868959259,0.));
#9985=DIRECTION('ref_axis',(-0.815560868959259,-0.578671296179807,0.));
#9986=DIRECTION('',(0.,0.,1.));
#9987=DIRECTION('center_axis',(0.,0.,1.));
#9988=DIRECTION('ref_axis',(-0.578671296179806,0.81556086895926,0.));
#9989=DIRECTION('center_axis',(0.,0.,1.));
#9990=DIRECTION('ref_axis',(1.,-1.22286592401926E-16,0.));
#9991=DIRECTION('',(0.,0.,1.));
#9992=DIRECTION('center_axis',(0.,0.,-1.));
#9993=DIRECTION('ref_axis',(0.228972671891421,0.973432851062108,0.));
#9994=DIRECTION('',(0.,0.,1.));
#9995=DIRECTION('',(0.,0.,-1.));
#9996=DIRECTION('center_axis',(0.532032076515338,-0.846724199228283,0.));
#9997=DIRECTION('ref_axis',(0.846724199228283,0.532032076515338,0.));
#9998=DIRECTION('',(0.,0.,1.));
#9999=DIRECTION('center_axis',(0.,0.,1.));
#10000=DIRECTION('ref_axis',(0.976380212836439,-0.216059436224088,0.));
#10001=DIRECTION('',(0.,0.,-1.));
#10002=DIRECTION('center_axis',(-0.532032076515338,0.846724199228283,0.));
#10003=DIRECTION('ref_axis',(-0.846724199228283,-0.532032076515338,0.));
#10004=DIRECTION('',(0.,0.,1.));
#10005=DIRECTION('center_axis',(0.,0.,1.));
#10006=DIRECTION('ref_axis',(-0.532032076515337,0.846724199228284,0.));
#10007=DIRECTION('center_axis',(0.,0.,1.));
#10008=DIRECTION('ref_axis',(1.,-1.22286592401926E-16,0.));
#10009=DIRECTION('',(0.,0.,1.));
#10010=DIRECTION('center_axis',(0.,0.,-1.));
#10011=DIRECTION('ref_axis',(0.283193270837111,0.959062861001602,0.));
#10012=DIRECTION('',(0.,0.,1.));
#10013=DIRECTION('',(0.,0.,-1.));
#10014=DIRECTION('center_axis',(0.483718887105241,-0.875223421908753,0.));
#10015=DIRECTION('ref_axis',(0.875223421908753,0.483718887105241,0.));
#10016=DIRECTION('',(0.,0.,1.));
#10017=DIRECTION('center_axis',(0.,0.,1.));
#10018=DIRECTION('ref_axis',(0.962729636929802,-0.270465609971048,0.));
#10019=DIRECTION('',(0.,0.,-1.));
#10020=DIRECTION('center_axis',(-0.483718887105241,0.875223421908753,0.));
#10021=DIRECTION('ref_axis',(-0.875223421908753,-0.483718887105241,0.));
#10022=DIRECTION('',(0.,0.,1.));
#10023=DIRECTION('center_axis',(0.,0.,1.));
#10024=DIRECTION('ref_axis',(-0.48371888710524,0.875223421908754,0.));
#10025=DIRECTION('center_axis',(0.,0.,1.));
#10026=DIRECTION('ref_axis',(1.,-1.22286592401926E-16,0.));
#10027=DIRECTION('center_axis',(0.,0.,1.));
#10028=DIRECTION('ref_axis',(1.,-1.22286592401926E-16,0.));
#10029=DIRECTION('',(0.,0.,1.));
#10030=DIRECTION('center_axis',(0.,0.,-1.));
#10031=DIRECTION('ref_axis',(0.388793581772606,0.921324888827187,0.));
#10032=DIRECTION('',(0.,0.,1.));
#10033=DIRECTION('',(0.,0.,-1.));
#10034=DIRECTION('center_axis',(0.382683432365091,-0.923879532511286,0.));
#10035=DIRECTION('ref_axis',(0.923879532511286,0.382683432365091,0.));
#10036=DIRECTION('',(0.,0.,1.));
#10037=DIRECTION('center_axis',(0.,0.,1.));
#10038=DIRECTION('ref_axis',(0.926393654718868,-0.376556498412415,0.));
#10039=DIRECTION('',(0.,0.,-1.));
#10040=DIRECTION('center_axis',(-0.382683432365091,0.923879532511286,0.));
#10041=DIRECTION('ref_axis',(-0.923879532511286,-0.382683432365091,0.));
#10042=DIRECTION('',(0.,0.,1.));
#10043=DIRECTION('center_axis',(0.,0.,1.));
#10044=DIRECTION('ref_axis',(-0.38268343236509,0.923879532511287,0.));
#10045=DIRECTION('center_axis',(0.,0.,1.));
#10046=DIRECTION('ref_axis',(1.,-1.22286592401926E-16,0.));
#10047=DIRECTION('',(0.,0.,1.));
#10048=DIRECTION('center_axis',(0.,0.,-1.));
#10049=DIRECTION('ref_axis',(0.439841036115895,0.898075644335429,0.));
#10050=DIRECTION('',(0.,0.,1.));
#10051=DIRECTION('',(0.,0.,-1.));
#10052=DIRECTION('center_axis',(0.330279061955169,-0.943883330308367,0.));
#10053=DIRECTION('ref_axis',(0.943883330308367,0.330279061955169,0.));
#10054=DIRECTION('',(0.,0.,1.));
#10055=DIRECTION('center_axis',(0.,0.,1.));
#10056=DIRECTION('ref_axis',(0.903822574857609,-0.427907411921974,0.));
#10057=DIRECTION('',(0.,0.,-1.));
#10058=DIRECTION('center_axis',(-0.330279061955169,0.943883330308367,0.));
#10059=DIRECTION('ref_axis',(-0.943883330308367,-0.330279061955169,0.));
#10060=DIRECTION('',(0.,0.,1.));
#10061=DIRECTION('center_axis',(0.,0.,1.));
#10062=DIRECTION('ref_axis',(-0.330279061955167,0.943883330308368,0.));
#10063=DIRECTION('center_axis',(0.,0.,1.));
#10064=DIRECTION('ref_axis',(1.,-1.22286592401926E-16,0.));
#10065=DIRECTION('',(0.,0.,1.));
#10066=DIRECTION('center_axis',(0.,0.,-1.));
#10067=DIRECTION('ref_axis',(0.489504587834025,0.872000721610619,0.));
#10068=DIRECTION('',(0.,0.,1.));
#10069=DIRECTION('',(0.,0.,-1.));
#10070=DIRECTION('center_axis',(0.276835511424851,-0.960917321945099,0.));
#10071=DIRECTION('ref_axis',(0.960917321945099,0.276835511424851,0.));
#10072=DIRECTION('',(0.,0.,1.));
#10073=DIRECTION('center_axis',(0.,0.,1.));
#10074=DIRECTION('ref_axis',(0.878407734793714,-0.477911970403103,0.));
#10075=DIRECTION('',(0.,0.,-1.));
#10076=DIRECTION('center_axis',(-0.276835511424851,0.960917321945099,0.));
#10077=DIRECTION('ref_axis',(-0.960917321945099,-0.276835511424851,0.));
#10078=DIRECTION('',(0.,0.,1.));
#10079=DIRECTION('center_axis',(0.,0.,1.));
#10080=DIRECTION('ref_axis',(-0.276835511424849,0.9609173219451,0.));
#10081=DIRECTION('center_axis',(0.,0.,1.));
#10082=DIRECTION('ref_axis',(1.,-1.22286592401926E-16,0.));
#10083=DIRECTION('center_axis',(0.,0.,1.));
#10084=DIRECTION('ref_axis',(1.,-1.22286592401926E-16,0.));
#10085=DIRECTION('',(0.,0.,1.));
#10086=DIRECTION('center_axis',(0.,0.,-1.));
#10087=DIRECTION('ref_axis',(0.584059789686287,0.811710639373176,0.));
#10088=DIRECTION('',(0.,0.,1.));
#10089=DIRECTION('',(0.,0.,-1.));
#10090=DIRECTION('center_axis',(0.167506223304738,-0.985871018518236,0.));
#10091=DIRECTION('ref_axis',(0.985871018518236,0.167506223304738,0.));
#10092=DIRECTION('',(0.,0.,1.));
#10093=DIRECTION('center_axis',(0.,0.,1.));
#10094=DIRECTION('ref_axis',(0.819375327939497,-0.573257422074972,0.));
#10095=DIRECTION('',(0.,0.,-1.));
#10096=DIRECTION('center_axis',(-0.167506223304738,0.985871018518236,0.));
#10097=DIRECTION('ref_axis',(-0.985871018518236,-0.167506223304738,0.));
#10098=DIRECTION('',(0.,0.,1.));
#10099=DIRECTION('center_axis',(0.,0.,1.));
#10100=DIRECTION('ref_axis',(-0.167506223304736,0.985871018518236,0.));
#10101=DIRECTION('center_axis',(0.,0.,1.));
#10102=DIRECTION('ref_axis',(1.,-1.22286592401926E-16,0.));
#10103=DIRECTION('',(0.,0.,1.));
#10104=DIRECTION('center_axis',(0.,0.,-1.));
#10105=DIRECTION('ref_axis',(0.628653934173298,0.777685174764464,0.));
#10106=DIRECTION('',(0.,0.,1.));
#10107=DIRECTION('',(0.,0.,-1.));
#10108=DIRECTION('center_axis',(0.11196447610331,-0.993712209893242,0.));
#10109=DIRECTION('ref_axis',(0.993712209893242,0.11196447610331,0.));
#10110=DIRECTION('',(0.,0.,1.));
#10111=DIRECTION('center_axis',(0.,0.,1.));
#10112=DIRECTION('ref_axis',(0.785943498941035,-0.618298323200317,0.));
#10113=DIRECTION('',(0.,0.,-1.));
#10114=DIRECTION('center_axis',(-0.11196447610331,0.993712209893242,0.));
#10115=DIRECTION('ref_axis',(-0.993712209893242,-0.11196447610331,0.));
#10116=DIRECTION('',(0.,0.,1.));
#10117=DIRECTION('center_axis',(0.,0.,1.));
#10118=DIRECTION('ref_axis',(-0.111964476103308,0.993712209893243,0.));
#10119=DIRECTION('center_axis',(0.,0.,1.));
#10120=DIRECTION('ref_axis',(1.,-1.22286592401926E-16,0.));
#10121=DIRECTION('',(0.,0.,1.));
#10122=DIRECTION('center_axis',(0.,0.,-1.));
#10123=DIRECTION('ref_axis',(0.671270100803846,0.741212824880138,0.));
#10124=DIRECTION('',(0.,0.,1.));
#10125=DIRECTION('center_axis',(0.0560704472371936,-0.998426815017816,0.));
#10126=DIRECTION('ref_axis',(0.998426815017816,0.0560704472371936,0.));
#10127=DIRECTION('',(0.,0.,1.));
#10128=DIRECTION('center_axis',(0.,0.,1.));
#10129=DIRECTION('ref_axis',(0.750038800923803,-0.661393829052542,0.));
#10130=DIRECTION('',(0.,0.,-1.));
#10131=DIRECTION('center_axis',(-0.0560704472371936,0.998426815017816,0.));
#10132=DIRECTION('ref_axis',(-0.998426815017816,-0.0560704472371936,0.));
#10133=DIRECTION('',(0.,0.,1.));
#10134=DIRECTION('center_axis',(0.,0.,1.));
#10135=DIRECTION('ref_axis',(-0.0560704472371918,0.998426815017817,0.));
#10136=DIRECTION('center_axis',(0.,0.,1.));
#10137=DIRECTION('ref_axis',(0.707106781186522,-0.707106781186573,0.));
#10138=DIRECTION('',(0.,0.,-1.));
#10139=DIRECTION('',(0.,0.,1.));
#10140=DIRECTION('center_axis',(1.,1.26882631385732E-16,0.));
#10141=DIRECTION('ref_axis',(-1.26882631385732E-16,1.,0.));
#10142=DIRECTION('',(0.,0.,1.));
#10143=DIRECTION('center_axis',(0.,0.,1.));
#10144=DIRECTION('ref_axis',(0.707106781186549,-0.707106781186546,0.));
#10145=DIRECTION('',(0.,0.,-1.));
#10146=DIRECTION('center_axis',(-1.21115239050017E-15,-1.,0.));
#10147=DIRECTION('ref_axis',(1.,-1.21115239050017E-15,0.));
#10148=DIRECTION('center_axis',(0.,0.,1.));
#10149=DIRECTION('ref_axis',(1.,0.,0.));
#10150=DIRECTION('',(0.,0.,-1.));
#10151=DIRECTION('center_axis',(0.,0.,1.));
#10152=DIRECTION('ref_axis',(1.,0.,0.));
#10153=DIRECTION('',(0.,0.,-1.));
#10154=DIRECTION('center_axis',(0.,0.,1.));
#10155=DIRECTION('ref_axis',(1.,0.,0.));
#10156=DIRECTION('',(0.,0.,-1.));
#10157=DIRECTION('center_axis',(0.,0.,1.));
#10158=DIRECTION('ref_axis',(1.,0.,0.));
#10159=DIRECTION('',(0.,0.,-1.));
#10160=DIRECTION('center_axis',(0.,0.,1.));
#10161=DIRECTION('ref_axis',(-0.130526192220051,0.99144486137381,0.));
#10162=DIRECTION('',(0.,0.,1.));
#10163=DIRECTION('',(0.,0.,1.));
#10164=DIRECTION('center_axis',(0.,0.,1.));
#10165=DIRECTION('ref_axis',(1.,0.,0.));
#10166=DIRECTION('',(0.,0.,1.));
#10167=DIRECTION('center_axis',(0.,0.,1.));
#10168=DIRECTION('ref_axis',(-0.130526192220051,0.99144486137381,0.));
#10169=DIRECTION('',(0.,0.,1.));
#10170=DIRECTION('center_axis',(0.,0.,1.));
#10171=DIRECTION('ref_axis',(-0.258819045102522,-0.965925826289068,0.));
#10172=DIRECTION('center_axis',(-7.43849426498942E-14,-1.,0.));
#10173=DIRECTION('ref_axis',(1.,-7.43849426498942E-14,0.));
#10174=DIRECTION('',(0.,0.,1.));
#10175=DIRECTION('center_axis',(0.,0.,1.));
#10176=DIRECTION('ref_axis',(-1.,7.10542735760101E-16,0.));
#10177=DIRECTION('',(0.,0.,1.));
#10178=DIRECTION('center_axis',(-1.,0.,0.));
#10179=DIRECTION('ref_axis',(0.,-1.,0.));
#10180=CARTESIAN_POINT('',(0.,0.,0.));
#10181=CARTESIAN_POINT('Origin',(-75.4870187515656,1.40000000000002,0.));
#10182=CARTESIAN_POINT('',(-75.4870187515656,0.900000000000019,5.));
#10183=CARTESIAN_POINT('',(-75.986932783033,1.40927152317883,5.));
#10184=CARTESIAN_POINT('Origin',(-75.4870187515656,1.40000000000002,5.));
#10185=CARTESIAN_POINT('',(-75.986932783033,1.40927152317883,0.));
#10186=CARTESIAN_POINT('',(-75.986932783033,1.40927152317883,0.));
#10187=CARTESIAN_POINT('',(-75.4870187515656,0.900000000000019,0.));
#10188=CARTESIAN_POINT('Origin',(-75.4870187515656,1.40000000000002,0.));
#10189=CARTESIAN_POINT('',(-75.4870187515656,0.900000000000019,0.));
#10190=CARTESIAN_POINT('Origin',(-74.1999999999948,0.900000000000022,0.));
#10191=CARTESIAN_POINT('',(-74.1999999999948,0.900000000000022,0.));
#10192=CARTESIAN_POINT('',(-37.0999999999974,0.900000000000083,0.));
#10193=CARTESIAN_POINT('',(-74.1999999999948,0.900000000000022,5.));
#10194=CARTESIAN_POINT('',(-74.1999999999948,0.900000000000022,0.));
#10195=CARTESIAN_POINT('',(-37.0999999999974,0.900000000000083,5.));
#10196=CARTESIAN_POINT('Origin',(3.5527136788005E-14,0.549991777593357,
0.));
#10197=CARTESIAN_POINT('',(-75.9302235372716,3.2559412739135,0.));
#10198=CARTESIAN_POINT('Origin',(0.,0.,0.));
#10199=CARTESIAN_POINT('',(-75.4026473693288,3.73373401514665,0.));
#10200=CARTESIAN_POINT('Origin',(-75.4306825929474,3.23452060763775,0.));
#10201=CARTESIAN_POINT('',(-74.9100463499497,3.70607013528021,0.));
#10202=CARTESIAN_POINT('',(-37.9828279960347,1.63228203465468,0.));
#10203=CARTESIAN_POINT('',(-74.8539759027125,4.70449695029802,0.));
#10204=CARTESIAN_POINT('Origin',(-74.8820111263311,4.20528354278911,0.));
#10205=CARTESIAN_POINT('',(-75.3465769220917,4.73216083016446,0.));
#10206=CARTESIAN_POINT('',(-37.4283652248568,2.60271973711802,0.));
#10207=CARTESIAN_POINT('',(-75.8173399878669,5.26601910017451,0.));
#10208=CARTESIAN_POINT('Origin',(-75.3185416984731,5.23137423767336,0.));
#10209=CARTESIAN_POINT('',(-75.6282091665026,7.50826066855327,0.));
#10210=CARTESIAN_POINT('Origin',(0.,0.,0.));
#10211=CARTESIAN_POINT('',(-75.0746729207765,7.95572032173308,0.));
#10212=CARTESIAN_POINT('Origin',(-75.1306551588282,7.45886421678647,0.));
#10213=CARTESIAN_POINT('',(-74.5843979800397,7.90047960280091,0.));
#10214=CARTESIAN_POINT('',(-37.846825178613,3.76114927046987,0.));
#10215=CARTESIAN_POINT('',(-74.4724335039364,8.89419181269415,0.));
#10216=CARTESIAN_POINT('Origin',(-74.528415741988,8.39733570774753,0.));
#10217=CARTESIAN_POINT('',(-74.9627084446732,8.94943253162632,0.));
#10218=CARTESIAN_POINT('',(-37.2388218039469,4.69897131935723,0.));
#10219=CARTESIAN_POINT('',(-75.4027972411026,9.50884683946415,0.));
#10220=CARTESIAN_POINT('Origin',(-74.9067262066216,9.44628863657293,0.));
#10221=CARTESIAN_POINT('',(-75.0882404699532,11.7369562973409,0.));
#10222=CARTESIAN_POINT('Origin',(0.,0.,0.));
#10223=CARTESIAN_POINT('',(-74.5104857762617,12.1526749888543,0.));
#10224=CARTESIAN_POINT('Origin',(-74.594238887914,11.6597394795952,0.));
#10225=CARTESIAN_POINT('',(-74.0240795005149,12.0700312385953,0.));
#10226=CARTESIAN_POINT('',(-37.5914537494735,5.87987914973062,0.));
#10227=CARTESIAN_POINT('',(-73.8565732772102,13.0559022571135,0.));
#10228=CARTESIAN_POINT('Origin',(-73.9403263888626,12.5629667478544,0.));
#10229=CARTESIAN_POINT('',(-74.3429795529569,13.1385460073725,0.));
#10230=CARTESIAN_POINT('',(-36.9318227748755,6.78213480991546,0.));
#10231=CARTESIAN_POINT('',(-74.7510093978695,13.7217562286623,0.));
#10232=CARTESIAN_POINT('Origin',(-74.2592264413046,13.6314815166317,0.));
#10233=CARTESIAN_POINT('',(-74.3953741467987,15.5347451075662,0.));
#10234=CARTESIAN_POINT('Origin',(0.,0.,0.));
#10235=CARTESIAN_POINT('',(-73.7946704288547,15.9200067932126,0.));
#10236=CARTESIAN_POINT('Origin',(-73.9059308958329,15.4325428371217,0.));
#10237=CARTESIAN_POINT('',(-72.5399199244469,15.6336181785938,0.));
#10238=CARTESIAN_POINT('',(-37.3045898648602,7.59138402451005,0.));
#10239=CARTESIAN_POINT('',(-72.1393822433256,17.388488420521,0.));
#10240=CARTESIAN_POINT('Origin',(-72.3396510838863,16.5110532995574,0.));
#10241=CARTESIAN_POINT('',(-73.3941327477333,17.6748770351399,0.));
#10242=CARTESIAN_POINT('',(-36.0292148236189,9.14657834783726,0.));
#10243=CARTESIAN_POINT('',(-73.7681893157271,18.2826213951462,0.));
#10244=CARTESIAN_POINT('Origin',(-73.2828722807552,18.1623409912308,0.));
#10245=CARTESIAN_POINT('',(-73.3019792115132,20.0703722853885,0.));
#10246=CARTESIAN_POINT('Origin',(0.,0.,0.));
#10247=CARTESIAN_POINT('',(-72.6813115925671,20.4187890234309,0.));
#10248=CARTESIAN_POINT('Origin',(-72.8197293482796,19.9383303624583,0.));
#10249=CARTESIAN_POINT('',(-72.2072169015899,20.2822046958897,0.));
#10250=CARTESIAN_POINT('',(-36.7256390698868,10.0601382174573,0.));
#10251=CARTESIAN_POINT('',(-71.9303813901651,21.2431220178348,0.));
#10252=CARTESIAN_POINT('Origin',(-72.0687991458775,20.7626633568623,0.));
#10253=CARTESIAN_POINT('',(-72.4044760811423,21.379706345376,0.));
#10254=CARTESIAN_POINT('',(-35.9691351341011,10.8828654469359,0.));
#10255=CARTESIAN_POINT('',(-72.744641493148,22.0049343110263,0.));
#10256=CARTESIAN_POINT('Origin',(-72.2660583254299,21.8601650063485,0.));
#10257=CARTESIAN_POINT('',(-72.0613068883947,24.1488726348832,0.));
#10258=CARTESIAN_POINT('Origin',(0.,0.,0.));
#10259=CARTESIAN_POINT('',(-71.4220798120987,24.4619401379658,0.));
#10260=CARTESIAN_POINT('Origin',(-71.5872193430763,23.9899984728116,0.));
#10261=CARTESIAN_POINT('',(-70.9563893041002,24.2989879814817,0.));
#10262=CARTESIAN_POINT('',(-36.1176584205586,12.1083887978247,0.));
#10263=CARTESIAN_POINT('',(-70.6261102421451,25.24287131179,0.));
#10264=CARTESIAN_POINT('Origin',(-70.7912497731227,24.7709296466358,0.));
#10265=CARTESIAN_POINT('',(-71.0918007501435,25.4058234682741,0.));
#10266=CARTESIAN_POINT('',(-35.3162139216926,12.8874042111652,0.));
#10267=CARTESIAN_POINT('',(-71.3963742073724,26.0491410614643,0.));
#10268=CARTESIAN_POINT('Origin',(-70.926661219166,25.8777651334283,0.));
#10269=CARTESIAN_POINT('',(-70.5939030336895,28.1513916968462,0.));
#10270=CARTESIAN_POINT('Origin',(0.,0.,0.));
#10271=CARTESIAN_POINT('',(-69.9381277449169,28.4281249387804,0.));
#10272=CARTESIAN_POINT('Origin',(-70.1294694610994,27.9661851725248,0.));
#10273=CARTESIAN_POINT('',(-69.4823066545243,28.2393176611241,0.));
#10274=CARTESIAN_POINT('',(-35.3952299029185,14.1199881689565,0.));
#10275=CARTESIAN_POINT('',(-69.0996232221592,29.1631971936354,0.));
#10276=CARTESIAN_POINT('Origin',(-69.2909649383417,28.7012574273798,0.));
#10277=CARTESIAN_POINT('',(-69.5554443125518,29.3520044712917,0.));
#10278=CARTESIAN_POINT('',(-34.5513664818715,14.8528406954607,0.));
#10279=CARTESIAN_POINT('',(-69.823467514226,30.0113875768689,0.));
#10280=CARTESIAN_POINT('Origin',(-69.3641025963692,29.8139442375474,0.));
#10281=CARTESIAN_POINT('',(-69.0733208028151,31.6997847511714,0.));
#10282=CARTESIAN_POINT('Origin',(0.,0.,0.));
#10283=CARTESIAN_POINT('',(-68.4019491911325,31.9417179696543,0.));
#10284=CARTESIAN_POINT('Origin',(-68.6188910606913,31.4912335357031,0.));
#10285=CARTESIAN_POINT('',(-67.2423853635606,31.3833014614084,0.));
#10286=CARTESIAN_POINT('',(-34.7324118751933,15.7273233713051,0.));
#10287=CARTESIAN_POINT('',(-66.461394633149,33.0050454236328,0.));
#10288=CARTESIAN_POINT('Origin',(-66.8518899983548,32.1941734425206,0.));
#10289=CARTESIAN_POINT('',(-67.6209584607209,33.5634619318787,0.));
#10290=CARTESIAN_POINT('',(-33.1429498556768,16.959728080662,0.));
#10291=CARTESIAN_POINT('',(-67.8504008069977,34.2392042887824,0.));
#10292=CARTESIAN_POINT('Origin',(-67.4040165911622,34.0139463658299,0.));
#10293=CARTESIAN_POINT('',(-66.9980675656805,35.878391023898,0.));
#10294=CARTESIAN_POINT('Origin',(0.,0.,0.));
#10295=CARTESIAN_POINT('',(-66.3154313618273,36.0799606886425,0.));
#10296=CARTESIAN_POINT('Origin',(-66.5572908053799,35.6423489776882,0.));
#10297=CARTESIAN_POINT('',(-65.8836160867046,35.8413048219361,0.));
#10298=CARTESIAN_POINT('',(-33.6160525490572,18.0076528271251,0.));
#10299=CARTESIAN_POINT('',(-65.3998971995994,36.7165282438449,0.));
#10300=CARTESIAN_POINT('Origin',(-65.641756643152,36.2789165328905,0.));
#10301=CARTESIAN_POINT('',(-65.8317124747221,36.9551841105513,0.));
#10302=CARTESIAN_POINT('',(-32.6954417148895,18.6414146049232,0.));
#10303=CARTESIAN_POINT('',(-66.0242229187931,37.6404302309196,0.));
#10304=CARTESIAN_POINT('Origin',(-65.5898530311694,37.3927958215057,0.));
#10305=CARTESIAN_POINT('',(-64.88094978109,39.5785592903896,0.));
#10306=CARTESIAN_POINT('Origin',(0.,0.,0.));
#10307=CARTESIAN_POINT('',(-64.1880853890094,39.7415361315143,0.));
#10308=CARTESIAN_POINT('Origin',(-64.454101427267,39.3181740319002,0.));
#10309=CARTESIAN_POINT('',(-63.7703309803746,39.4790436390334,0.));
#10310=CARTESIAN_POINT('',(-32.5647206494561,19.871259099016,0.));
#10311=CARTESIAN_POINT('',(-63.2382989038592,40.3257678382616,0.));
#10312=CARTESIAN_POINT('Origin',(-63.5043149421169,39.9024057386475,0.));
#10313=CARTESIAN_POINT('',(-63.656053312494,40.5882603307426,0.));
#10314=CARTESIAN_POINT('',(-31.6100228001042,20.4524047910998,0.));
#10315=CARTESIAN_POINT('',(-63.8098388455889,41.2832225789022,0.));
#10316=CARTESIAN_POINT('Origin',(-63.3900372742363,41.0116224303568,0.));
#10317=CARTESIAN_POINT('',(-62.5596925248487,43.154198766697,0.));
#10318=CARTESIAN_POINT('Origin',(0.,0.,0.));
#10319=CARTESIAN_POINT('',(-61.8587799522532,43.2780699987641,0.));
#10320=CARTESIAN_POINT('Origin',(-62.1481156003431,42.8702895642845,0.));
#10321=CARTESIAN_POINT('',(-61.4564008200302,42.9925667790028,0.));
#10322=CARTESIAN_POINT('',(-31.4097599874473,21.6733381865036,0.));
#10323=CARTESIAN_POINT('',(-60.8777295238504,43.8081276479621,0.));
#10324=CARTESIAN_POINT('Origin',(-61.1670651719403,43.4003472134824,0.));
#10325=CARTESIAN_POINT('',(-61.2801086560734,44.0936308677234,0.));
#10326=CARTESIAN_POINT('',(-30.4239789555494,22.2000392935226,0.));
#10327=CARTESIAN_POINT('',(-61.3946854120099,44.7961226353302,0.));
#10328=CARTESIAN_POINT('Origin',(-60.9907730079835,44.501411302203,0.));
#10329=CARTESIAN_POINT('',(-60.2876427287091,46.2752648205793,0.));
#10330=CARTESIAN_POINT('Origin',(0.,0.,0.));
#10331=CARTESIAN_POINT('',(-59.5792685993013,46.3617380300989,0.));
#10332=CARTESIAN_POINT('Origin',(-59.8910135002307,45.9708222888649,0.));
#10333=CARTESIAN_POINT('',(-58.5730368207966,45.5592949636936,0.));
#10334=CARTESIAN_POINT('',(-30.4027044968683,23.094204579387,0.));
#10335=CARTESIAN_POINT('',(-57.4507551774509,46.966591632136,0.));
#10336=CARTESIAN_POINT('Origin',(-58.0118959991237,46.2629432979148,0.));
#10337=CARTESIAN_POINT('',(-58.4569869559556,47.7690346985414,0.));
#10338=CARTESIAN_POINT('',(-28.5788577617505,23.9420217565724,0.));
#10339=CARTESIAN_POINT('',(-58.5303098832053,48.478890508913,0.));
#10340=CARTESIAN_POINT('Origin',(-58.1452420550263,48.1599504397754,0.));
#10341=CARTESIAN_POINT('',(-57.334593052538,49.8873174213555,0.));
#10342=CARTESIAN_POINT('Origin',(0.,0.,0.));
#10343=CARTESIAN_POINT('',(-56.6242184934795,49.9319324681302,0.));
#10344=CARTESIAN_POINT('Origin',(-56.9573917824555,49.5591113856886,0.));
#10345=CARTESIAN_POINT('',(-56.2563356552095,49.6031722639553,0.));
#10346=CARTESIAN_POINT('',(-28.8035957415131,25.0699039505086,0.));
#10347=CARTESIAN_POINT('',(-55.5899890772575,50.3488144288384,0.));
#10348=CARTESIAN_POINT('Origin',(-55.9231623662335,49.9759933463969,0.));
#10349=CARTESIAN_POINT('',(-55.9578719155275,50.6775746330134,0.));
#10350=CARTESIAN_POINT('',(-27.7650412803246,25.4829208147286,0.));
#10351=CARTESIAN_POINT('',(-55.9930741141445,51.3884778062858,0.));
#10352=CARTESIAN_POINT('Origin',(-55.6246986265514,51.050395715455,0.));
#10353=CARTESIAN_POINT('',(-54.447190932509,53.023611717405,0.));
#10354=CARTESIAN_POINT('Origin',(0.,0.,0.));
#10355=CARTESIAN_POINT('',(-53.7354323384123,53.0283255572258,0.));
#10356=CARTESIAN_POINT('Origin',(-54.0889857290056,52.6747721666325,0.));
#10357=CARTESIAN_POINT('',(-53.3865619795807,52.6794551983941,0.));
#10358=CARTESIAN_POINT('',(-27.360527511499,26.6534207303126,0.));
#10359=CARTESIAN_POINT('',(-52.6794551983941,53.3865619795807,0.));
#10360=CARTESIAN_POINT('Origin',(-53.0330085889874,53.0330085889874,0.));
#10361=CARTESIAN_POINT('',(-53.0283255572258,53.7354323384124,0.));
#10362=CARTESIAN_POINT('',(-26.3004488482987,27.0075556294854,0.));
#10363=CARTESIAN_POINT('',(-53.0236117174049,54.447190932509,0.));
#10364=CARTESIAN_POINT('Origin',(-52.6747721666325,54.0889857290056,0.));
#10365=CARTESIAN_POINT('',(-51.3884778062858,55.9930741141446,0.));
#10366=CARTESIAN_POINT('Origin',(0.,0.,0.));
#10367=CARTESIAN_POINT('',(-50.6775746330133,55.9578719155275,0.));
#10368=CARTESIAN_POINT('Origin',(-51.0503957154549,55.6246986265515,0.));
#10369=CARTESIAN_POINT('',(-50.3488144288384,55.5899890772576,0.));
#10370=CARTESIAN_POINT('',(-25.830076442487,28.1535086070855,0.));
#10371=CARTESIAN_POINT('',(-49.6031722639553,56.2563356552096,0.));
#10372=CARTESIAN_POINT('Origin',(-49.9759933463968,55.9231623662336,0.));
#10373=CARTESIAN_POINT('',(-49.9319324681302,56.6242184934795,0.));
#10374=CARTESIAN_POINT('',(-24.7518089769406,28.447647301801,0.));
#10375=CARTESIAN_POINT('',(-49.8873174213554,57.334593052538,0.));
#10376=CARTESIAN_POINT('Origin',(-49.5591113856886,56.9573917824555,0.));
#10377=CARTESIAN_POINT('',(-48.478890508913,58.5303098832053,0.));
#10378=CARTESIAN_POINT('Origin',(0.,0.,0.));
#10379=CARTESIAN_POINT('',(-47.7690346985413,58.4569869559556,0.));
#10380=CARTESIAN_POINT('Origin',(-48.1599504397754,58.1452420550263,0.));
#10381=CARTESIAN_POINT('',(-46.966591632136,57.4507551774509,0.));
#10382=CARTESIAN_POINT('',(-24.5286500582972,29.314466385064,0.));
#10383=CARTESIAN_POINT('',(-45.5592949636936,58.5730368207966,0.));
#10384=CARTESIAN_POINT('Origin',(-46.2629432979148,58.0118959991238,0.));
#10385=CARTESIAN_POINT('',(-46.3617380300989,59.5792685993014,0.));
#10386=CARTESIAN_POINT('',(-22.5618738985977,29.7351829366377,0.));
#10387=CARTESIAN_POINT('',(-46.2752648205792,60.2876427287091,0.));
#10388=CARTESIAN_POINT('Origin',(-45.9708222888649,59.8910135002307,0.));
#10389=CARTESIAN_POINT('',(-44.7961226353302,61.39468541201,0.));
#10390=CARTESIAN_POINT('Origin',(0.,0.,0.));
#10391=CARTESIAN_POINT('',(-44.0936308677234,61.2801086560735,0.));
#10392=CARTESIAN_POINT('Origin',(-44.501411302203,60.9907730079836,0.));
#10393=CARTESIAN_POINT('',(-43.808127647962,60.8777295238504,0.));
#10394=CARTESIAN_POINT('',(-22.5265958208303,30.8842173100933,0.));
#10395=CARTESIAN_POINT('',(-42.9925667790028,61.4564008200302,0.));
#10396=CARTESIAN_POINT('Origin',(-43.4003472134824,61.1670651719403,0.));
#10397=CARTESIAN_POINT('',(-43.2780699987641,61.8587799522533,0.));
#10398=CARTESIAN_POINT('',(-21.4221751899308,31.0557788705551,0.));
#10399=CARTESIAN_POINT('',(-43.154198766697,62.5596925248488,0.));
#10400=CARTESIAN_POINT('Origin',(-42.8702895642845,62.1481156003431,0.));
#10401=CARTESIAN_POINT('',(-41.2832225789021,63.809838845589,0.));
#10402=CARTESIAN_POINT('Origin',(0.,0.,0.));
#10403=CARTESIAN_POINT('',(-40.5882603307426,63.656053312494,0.));
#10404=CARTESIAN_POINT('Origin',(-41.0116224303567,63.3900372742364,0.));
#10405=CARTESIAN_POINT('',(-40.3257678382616,63.2382989038593,0.));
#10406=CARTESIAN_POINT('',(-20.7640248433858,32.1059632722723,0.));
#10407=CARTESIAN_POINT('',(-39.4790436390333,63.7703309803746,0.));
#10408=CARTESIAN_POINT('Origin',(-39.9024057386475,63.5043149421169,0.));
#10409=CARTESIAN_POINT('',(-39.7415361315143,64.1880853890094,0.));
#10410=CARTESIAN_POINT('',(-19.651722137013,32.215329575951,0.));
#10411=CARTESIAN_POINT('',(-39.5785592903896,64.88094978109,0.));
#10412=CARTESIAN_POINT('Origin',(-39.3181740319002,64.454101427267,0.));
#10413=CARTESIAN_POINT('',(-37.6404302309196,66.0242229187931,0.));
#10414=CARTESIAN_POINT('Origin',(0.,0.,0.));
#10415=CARTESIAN_POINT('',(-36.9551841105513,65.8317124747221,0.));
#10416=CARTESIAN_POINT('Origin',(-37.3927958215057,65.5898530311694,0.));
#10417=CARTESIAN_POINT('',(-36.7165282438448,65.3998971995994,0.));
#10418=CARTESIAN_POINT('',(-18.9349544583765,33.226562086359,0.));
#10419=CARTESIAN_POINT('',(-35.8413048219361,65.8836160867046,0.));
#10420=CARTESIAN_POINT('Origin',(-36.2789165328905,65.641756643152,0.));
#10421=CARTESIAN_POINT('',(-36.0799606886425,66.3154313618273,0.));
#10422=CARTESIAN_POINT('',(-17.818269392357,33.2733890264018,0.));
#10423=CARTESIAN_POINT('',(-35.878391023898,66.9980675656805,0.));
#10424=CARTESIAN_POINT('Origin',(-35.6423489776881,66.5572908053799,0.));
#10425=CARTESIAN_POINT('',(-34.2392042887824,67.8504008069977,0.));
#10426=CARTESIAN_POINT('Origin',(0.,0.,0.));
#10427=CARTESIAN_POINT('',(-33.5634619318787,67.6209584607209,0.));
#10428=CARTESIAN_POINT('Origin',(-34.0139463658299,67.4040165911622,0.));
#10429=CARTESIAN_POINT('',(-33.0050454236327,66.461394633149,0.));
#10430=CARTESIAN_POINT('',(-17.4047981769451,34.0671474335838,0.));
#10431=CARTESIAN_POINT('',(-31.3833014614084,67.2423853635606,0.));
#10432=CARTESIAN_POINT('Origin',(-32.1941734425205,66.8518899983548,0.));
#10433=CARTESIAN_POINT('',(-31.9417179696543,68.4019491911326,0.));
#10434=CARTESIAN_POINT('',(-15.3937149618533,34.0396668748905,0.));
#10435=CARTESIAN_POINT('',(-31.6997847511714,69.0733208028151,0.));
#10436=CARTESIAN_POINT('Origin',(-31.4912335357031,68.6188910606913,0.));
#10437=CARTESIAN_POINT('',(-30.0113875768688,69.823467514226,0.));
#10438=CARTESIAN_POINT('Origin',(0.,0.,0.));
#10439=CARTESIAN_POINT('',(-29.3520044712917,69.5554443125518,0.));
#10440=CARTESIAN_POINT('Origin',(-29.8139442375473,69.3641025963692,0.));
#10441=CARTESIAN_POINT('',(-29.1631971936354,69.0996232221592,0.));
#10442=CARTESIAN_POINT('',(-15.1008212148358,35.1500444149518,0.));
#10443=CARTESIAN_POINT('',(-28.2393176611241,69.4823066545243,0.));
#10444=CARTESIAN_POINT('Origin',(-28.7012574273797,69.2909649383417,0.));
#10445=CARTESIAN_POINT('',(-28.4281249387804,69.9381277449169,0.));
#10446=CARTESIAN_POINT('',(-13.9859146763174,35.071547858635,0.));
#10447=CARTESIAN_POINT('',(-28.1513916968461,70.5939030336895,0.));
#10448=CARTESIAN_POINT('Origin',(-27.9661851725248,70.1294694610994,0.));
#10449=CARTESIAN_POINT('',(-26.0491410614642,71.3963742073724,0.));
#10450=CARTESIAN_POINT('Origin',(0.,0.,0.));
#10451=CARTESIAN_POINT('',(-25.4058234682741,71.0918007501435,0.));
#10452=CARTESIAN_POINT('Origin',(-25.8777651334283,70.926661219166,0.));
#10453=CARTESIAN_POINT('',(-25.24287131179,70.6261102421451,0.));
#10454=CARTESIAN_POINT('',(-13.1080029715488,35.9466489585982,0.));
#10455=CARTESIAN_POINT('',(-24.2989879814816,70.9563893041003,0.));
#10456=CARTESIAN_POINT('Origin',(-24.7709296466358,70.7912497731227,0.));
#10457=CARTESIAN_POINT('',(-24.4619401379657,71.4220798120987,0.));
#10458=CARTESIAN_POINT('',(-11.9992517242725,35.8057625836425,0.));
#10459=CARTESIAN_POINT('',(-24.1488726348831,72.0613068883947,0.));
#10460=CARTESIAN_POINT('Origin',(-23.9899984728115,71.5872193430763,0.));
#10461=CARTESIAN_POINT('',(-22.0049343110263,72.744641493148,0.));
#10462=CARTESIAN_POINT('Origin',(0.,0.,0.));
#10463=CARTESIAN_POINT('',(-21.3797063453759,72.4044760811423,0.));
#10464=CARTESIAN_POINT('Origin',(-21.8601650063485,72.2660583254299,0.));
#10465=CARTESIAN_POINT('',(-21.2431220178348,71.9303813901651,0.));
#10466=CARTESIAN_POINT('',(-11.073133748745,36.6295710228517,0.));
#10467=CARTESIAN_POINT('',(-20.2822046958897,72.2072169015899,0.));
#10468=CARTESIAN_POINT('Origin',(-20.7626633568623,72.0687991458775,0.));
#10469=CARTESIAN_POINT('',(-20.4187890234308,72.6813115925671,0.));
#10470=CARTESIAN_POINT('',(-9.97402633433334,36.4267381099157,0.));
#10471=CARTESIAN_POINT('',(-20.0703722853885,73.3019792115133,0.));
#10472=CARTESIAN_POINT('Origin',(-19.9383303624583,72.8197293482796,0.));
#10473=CARTESIAN_POINT('',(-18.2826213951462,73.7681893157271,0.));
#10474=CARTESIAN_POINT('Origin',(0.,0.,0.));
#10475=CARTESIAN_POINT('',(-17.6748770351398,73.3941327477333,0.));
#10476=CARTESIAN_POINT('Origin',(-18.1623409912307,73.2828722807552,0.));
#10477=CARTESIAN_POINT('',(-17.388488420521,72.1393822433256,0.));
#10478=CARTESIAN_POINT('',(-9.39229581157885,37.1057733732042,0.));
#10479=CARTESIAN_POINT('',(-15.6336181785937,72.5399199244469,0.));
#10480=CARTESIAN_POINT('Origin',(-16.5110532995574,72.3396510838863,0.));
#10481=CARTESIAN_POINT('',(-15.9200067932125,73.7946704288547,0.));
#10482=CARTESIAN_POINT('',(-7.4377496510515,36.6314736942056,0.));
#10483=CARTESIAN_POINT('',(-15.5347451075661,74.3953741467987,0.));
#10484=CARTESIAN_POINT('Origin',(-15.4325428371216,73.9059308958329,0.));
#10485=CARTESIAN_POINT('',(-13.7217562286623,74.7510093978695,0.));
#10486=CARTESIAN_POINT('Origin',(0.,0.,0.));
#10487=CARTESIAN_POINT('',(-13.1385460073725,74.3429795529569,0.));
#10488=CARTESIAN_POINT('Origin',(-13.6314815166316,74.2592264413046,0.));
#10489=CARTESIAN_POINT('',(-13.0559022571135,73.8565732772102,0.));
#10490=CARTESIAN_POINT('',(-6.90344693361626,37.6458147961398,0.));
#10491=CARTESIAN_POINT('',(-12.0700312385952,74.0240795005149,0.));
#10492=CARTESIAN_POINT('Origin',(-12.5629667478543,73.9403263888626,0.));
#10493=CARTESIAN_POINT('',(-12.1526749888543,74.5104857762617,0.));
#10494=CARTESIAN_POINT('',(-5.83396055676463,37.3211962681513,0.));
#10495=CARTESIAN_POINT('',(-11.7369562973408,75.0882404699532,0.));
#10496=CARTESIAN_POINT('Origin',(-11.6597394795952,74.594238887914,0.));
#10497=CARTESIAN_POINT('',(-9.50884683946413,75.4027972411026,0.));
#10498=CARTESIAN_POINT('Origin',(0.,0.,0.));
#10499=CARTESIAN_POINT('',(-8.94943253162629,74.9627084446732,0.));
#10500=CARTESIAN_POINT('Origin',(-9.44628863657292,74.9067262066216,0.));
#10501=CARTESIAN_POINT('',(-8.89419181269411,74.4724335039364,0.));
#10502=CARTESIAN_POINT('',(-4.78201029083077,37.9758130597651,0.));
#10503=CARTESIAN_POINT('',(-7.90047960280087,74.5843979800397,0.));
#10504=CARTESIAN_POINT('Origin',(-8.39733570774749,74.528415741988,0.));
#10505=CARTESIAN_POINT('',(-7.95572032173305,75.0746729207765,0.));
#10506=CARTESIAN_POINT('',(-3.73240791993165,37.5917386373056,0.));
#10507=CARTESIAN_POINT('',(-7.50826066855322,75.6282091665026,0.));
#10508=CARTESIAN_POINT('Origin',(-7.45886421678642,75.1306551588282,0.));
#10509=CARTESIAN_POINT('',(-5.26601910017449,75.8173399878669,0.));
#10510=CARTESIAN_POINT('Origin',(0.,0.,0.));
#10511=CARTESIAN_POINT('',(-4.73216083016443,75.3465769220916,0.));
#10512=CARTESIAN_POINT('Origin',(-5.23137423767334,75.3185416984731,0.));
#10513=CARTESIAN_POINT('',(-4.70449695029799,74.8539759027125,0.));
#10514=CARTESIAN_POINT('',(-2.6452391767677,38.1854939940699,0.));
#10515=CARTESIAN_POINT('',(-3.70607013528017,74.9100463499497,0.));
#10516=CARTESIAN_POINT('Origin',(-4.20528354278908,74.8820111263311,0.));
#10517=CARTESIAN_POINT('',(-3.73373401514661,75.4026473693288,0.));
#10518=CARTESIAN_POINT('',(-1.6188232491954,37.7431721173663,0.));
#10519=CARTESIAN_POINT('',(-3.25594127391345,75.9302235372716,0.));
#10520=CARTESIAN_POINT('Origin',(-3.2345206076377,75.4306825929474,0.));
#10521=CARTESIAN_POINT('',(-1.40927152317879,75.986932783033,0.));
#10522=CARTESIAN_POINT('Origin',(0.,0.,0.));
#10523=CARTESIAN_POINT('',(-0.899999999999985,75.4870187515656,0.));
#10524=CARTESIAN_POINT('Origin',(-1.39999999999999,75.4870187515656,0.));
#10525=CARTESIAN_POINT('',(-0.899999999999983,74.1999999999948,0.));
#10526=CARTESIAN_POINT('',(-0.899999999999921,38.2723313216899,0.));
#10527=CARTESIAN_POINT('',(0.900000000000017,74.1999999999948,0.));
#10528=CARTESIAN_POINT('Origin',(1.70426752770496E-14,74.1999999999948,
0.));
#10529=CARTESIAN_POINT('',(0.900000000000015,75.4870187515656,0.));
#10530=CARTESIAN_POINT('',(0.90000000000008,37.3749958887941,0.));
#10531=CARTESIAN_POINT('',(1.40927152317882,75.986932783033,0.));
#10532=CARTESIAN_POINT('Origin',(1.40000000000001,75.4870187515656,0.));
#10533=CARTESIAN_POINT('',(3.25594127391347,75.9302235372716,0.));
#10534=CARTESIAN_POINT('Origin',(0.,0.,0.));
#10535=CARTESIAN_POINT('',(3.73373401514664,75.4026473693288,0.));
#10536=CARTESIAN_POINT('Origin',(3.23452060763773,75.4306825929474,0.));
#10537=CARTESIAN_POINT('',(3.7060701352802,74.9100463499497,0.));
#10538=CARTESIAN_POINT('',(1.64681236175004,38.2415644413071,0.));
#10539=CARTESIAN_POINT('',(4.70449695029802,74.8539759027125,0.));
#10540=CARTESIAN_POINT('Origin',(4.20528354278911,74.8820111263311,0.));
#10541=CARTESIAN_POINT('',(4.73216083016446,75.3465769220917,0.));
#10542=CARTESIAN_POINT('',(2.61725006421338,37.6871016701291,0.));
#10543=CARTESIAN_POINT('',(5.26601910017452,75.8173399878669,0.));
#10544=CARTESIAN_POINT('Origin',(5.23137423767337,75.3185416984731,0.));
#10545=CARTESIAN_POINT('',(7.50826066855325,75.6282091665026,0.));
#10546=CARTESIAN_POINT('Origin',(0.,0.,0.));
#10547=CARTESIAN_POINT('',(7.95572032173308,75.0746729207765,0.));
#10548=CARTESIAN_POINT('Origin',(7.45886421678645,75.1306551588282,0.));
#10549=CARTESIAN_POINT('',(7.9004796028009,74.5843979800397,0.));
#10550=CARTESIAN_POINT('',(3.78829808093769,38.0877775358684,0.));
#10551=CARTESIAN_POINT('',(8.89419181269415,74.4724335039364,0.));
#10552=CARTESIAN_POINT('Origin',(8.39733570774752,74.528415741988,0.));
#10553=CARTESIAN_POINT('',(8.94943253162632,74.9627084446732,0.));
#10554=CARTESIAN_POINT('',(4.72612012982505,37.4797741612023,0.));
#10555=CARTESIAN_POINT('',(9.50884683946416,75.4027972411026,0.));
#10556=CARTESIAN_POINT('Origin',(9.44628863657295,74.9067262066216,0.));
#10557=CARTESIAN_POINT('',(11.7369562973409,75.0882404699532,0.));
#10558=CARTESIAN_POINT('Origin',(0.,0.,0.));
#10559=CARTESIAN_POINT('',(12.1526749888543,74.5104857762617,0.));
#10560=CARTESIAN_POINT('Origin',(11.6597394795952,74.594238887914,0.));
#10561=CARTESIAN_POINT('',(12.0700312385953,74.0240795005149,0.));
#10562=CARTESIAN_POINT('',(5.91757591509819,37.8133210194445,0.));
#10563=CARTESIAN_POINT('',(13.0559022571135,73.8565732772102,0.));
#10564=CARTESIAN_POINT('Origin',(12.5629667478544,73.9403263888626,0.));
#10565=CARTESIAN_POINT('',(13.1385460073725,74.3429795529569,0.));
#10566=CARTESIAN_POINT('',(6.81983157528303,37.1536900448465,0.));
#10567=CARTESIAN_POINT('',(13.7217562286623,74.7510093978695,0.));
#10568=CARTESIAN_POINT('Origin',(13.6314815166317,74.2592264413045,0.));
#10569=CARTESIAN_POINT('',(15.5347451075662,74.3953741467987,0.));
#10570=CARTESIAN_POINT('Origin',(0.,0.,0.));
#10571=CARTESIAN_POINT('',(15.9200067932126,73.7946704288547,0.));
#10572=CARTESIAN_POINT('Origin',(15.4325428371217,73.9059308958329,0.));
#10573=CARTESIAN_POINT('',(15.6336181785937,72.5399199244469,0.));
#10574=CARTESIAN_POINT('',(7.63742556965172,37.5063110543255,0.));
#10575=CARTESIAN_POINT('',(17.388488420521,72.1393822433256,0.));
#10576=CARTESIAN_POINT('Origin',(16.5110532995574,72.3396510838863,0.));
#10577=CARTESIAN_POINT('',(17.6748770351399,73.3941327477333,0.));
#10578=CARTESIAN_POINT('',(9.19261989297894,36.2309360130843,0.));
#10579=CARTESIAN_POINT('',(18.2826213951462,73.7681893157271,0.));
#10580=CARTESIAN_POINT('Origin',(18.1623409912308,73.2828722807552,0.));
#10581=CARTESIAN_POINT('',(20.0703722853885,73.3019792115132,0.));
#10582=CARTESIAN_POINT('Origin',(0.,0.,0.));
#10583=CARTESIAN_POINT('',(20.4187890234309,72.6813115925671,0.));
#10584=CARTESIAN_POINT('Origin',(19.9383303624583,72.8197293482796,0.));
#10585=CARTESIAN_POINT('',(20.2822046958897,72.2072169015899,0.));
#10586=CARTESIAN_POINT('',(10.1122164268,36.9064065342765,0.));
#10587=CARTESIAN_POINT('',(21.2431220178348,71.9303813901651,0.));
#10588=CARTESIAN_POINT('Origin',(20.7626633568623,72.0687991458775,0.));
#10589=CARTESIAN_POINT('',(21.379706345376,72.4044760811423,0.));
#10590=CARTESIAN_POINT('',(10.9349436562786,36.1499025984909,0.));
#10591=CARTESIAN_POINT('',(22.0049343110263,72.744641493148,0.));
#10592=CARTESIAN_POINT('Origin',(21.8601650063485,72.2660583254299,0.));
#10593=CARTESIAN_POINT('',(24.1488726348832,72.0613068883947,0.));
#10594=CARTESIAN_POINT('Origin',(0.,0.,0.));
#10595=CARTESIAN_POINT('',(24.4619401379658,71.4220798120987,0.));
#10596=CARTESIAN_POINT('Origin',(23.9899984728116,71.5872193430763,0.));
#10597=CARTESIAN_POINT('',(24.2989879814817,70.9563893041002,0.));
#10598=CARTESIAN_POINT('',(12.1641196412405,36.2769280205533,0.));
#10599=CARTESIAN_POINT('',(25.24287131179,70.6261102421451,0.));
#10600=CARTESIAN_POINT('Origin',(24.7709296466358,70.7912497731227,0.));
#10601=CARTESIAN_POINT('',(25.4058234682741,71.0918007501435,0.));
#10602=CARTESIAN_POINT('',(12.9431350545811,35.4754835216873,0.));
#10603=CARTESIAN_POINT('',(26.0491410614643,71.3963742073724,0.));
#10604=CARTESIAN_POINT('Origin',(25.8777651334283,70.926661219166,0.));
#10605=CARTESIAN_POINT('',(28.1513916968461,70.5939030336895,0.));
#10606=CARTESIAN_POINT('Origin',(0.,0.,0.));
#10607=CARTESIAN_POINT('',(28.4281249387804,69.9381277449169,0.));
#10608=CARTESIAN_POINT('Origin',(27.9661851725248,70.1294694610994,0.));
#10609=CARTESIAN_POINT('',(28.2393176611241,69.4823066545243,0.));
#10610=CARTESIAN_POINT('',(14.1769416823247,35.5327278473169,0.));
#10611=CARTESIAN_POINT('',(29.1631971936354,69.0996232221592,0.));
#10612=CARTESIAN_POINT('Origin',(28.7012574273798,69.2909649383417,0.));
#10613=CARTESIAN_POINT('',(29.3520044712917,69.5554443125518,0.));
#10614=CARTESIAN_POINT('',(14.9097942088289,34.6888644262699,0.));
#10615=CARTESIAN_POINT('',(30.0113875768689,69.823467514226,0.));
#10616=CARTESIAN_POINT('Origin',(29.8139442375474,69.3641025963692,0.));
#10617=CARTESIAN_POINT('',(31.6997847511714,69.0733208028151,0.));
#10618=CARTESIAN_POINT('Origin',(0.,0.,0.));
#10619=CARTESIAN_POINT('',(31.9417179696543,68.4019491911325,0.));
#10620=CARTESIAN_POINT('Origin',(31.4912335357031,68.6188910606913,0.));
#10621=CARTESIAN_POINT('',(31.3833014614084,67.2423853635606,0.));
#10622=CARTESIAN_POINT('',(15.7830542147209,34.8481381639953,0.));
#10623=CARTESIAN_POINT('',(33.0050454236328,66.461394633149,0.));
#10624=CARTESIAN_POINT('Origin',(32.1941734425206,66.8518899983548,0.));
#10625=CARTESIAN_POINT('',(33.5634619318787,67.6209584607209,0.));
#10626=CARTESIAN_POINT('',(17.0154589240778,33.2586761444788,0.));
#10627=CARTESIAN_POINT('',(34.2392042887824,67.8504008069977,0.));
#10628=CARTESIAN_POINT('Origin',(34.0139463658299,67.4040165911622,0.));
#10629=CARTESIAN_POINT('',(35.878391023898,66.9980675656805,0.));
#10630=CARTESIAN_POINT('Origin',(0.,0.,0.));
#10631=CARTESIAN_POINT('',(36.0799606886425,66.3154313618273,0.));
#10632=CARTESIAN_POINT('Origin',(35.6423489776881,66.5572908053799,0.));
#10633=CARTESIAN_POINT('',(35.8413048219361,65.8836160867046,0.));
#10634=CARTESIAN_POINT('',(18.0597310364679,33.7102809734642,0.));
#10635=CARTESIAN_POINT('',(36.7165282438449,65.3998971995994,0.));
#10636=CARTESIAN_POINT('Origin',(36.2789165328905,65.641756643152,0.));
#10637=CARTESIAN_POINT('',(36.9551841105513,65.8317124747221,0.));
#10638=CARTESIAN_POINT('',(18.6934928142659,32.7896701392965,0.));
#10639=CARTESIAN_POINT('',(37.6404302309196,66.0242229187931,0.));
#10640=CARTESIAN_POINT('Origin',(37.3927958215057,65.5898530311694,0.));
#10641=CARTESIAN_POINT('',(39.5785592903896,64.88094978109,0.));
#10642=CARTESIAN_POINT('Origin',(0.,0.,0.));
#10643=CARTESIAN_POINT('',(39.7415361315143,64.1880853890094,0.));
#10644=CARTESIAN_POINT('Origin',(39.3181740319002,64.454101427267,0.));
#10645=CARTESIAN_POINT('',(39.4790436390333,63.7703309803746,0.));
#10646=CARTESIAN_POINT('',(19.9173006441577,32.6379953487875,0.));
#10647=CARTESIAN_POINT('',(40.3257678382616,63.2382989038592,0.));
#10648=CARTESIAN_POINT('Origin',(39.9024057386475,63.5043149421169,0.));
#10649=CARTESIAN_POINT('',(40.5882603307426,63.656053312494,0.));
#10650=CARTESIAN_POINT('',(20.4984463362414,31.6832974994356,0.));
#10651=CARTESIAN_POINT('',(41.2832225789022,63.8098388455889,0.));
#10652=CARTESIAN_POINT('Origin',(41.0116224303568,63.3900372742363,0.));
#10653=CARTESIAN_POINT('',(43.154198766697,62.5596925248487,0.));
#10654=CARTESIAN_POINT('Origin',(0.,0.,0.));
#10655=CARTESIAN_POINT('',(43.2780699987641,61.8587799522532,0.));
#10656=CARTESIAN_POINT('Origin',(42.8702895642845,62.1481156003431,0.));
#10657=CARTESIAN_POINT('',(42.9925667790028,61.4564008200302,0.));
#10658=CARTESIAN_POINT('',(21.7110349518712,31.4628886062731,0.));
#10659=CARTESIAN_POINT('',(43.8081276479621,60.8777295238504,0.));
#10660=CARTESIAN_POINT('Origin',(43.4003472134824,61.1670651719403,0.));
#10661=CARTESIAN_POINT('',(44.0936308677234,61.2801086560734,0.));
#10662=CARTESIAN_POINT('',(22.2377360588902,30.4771075743752,0.));
#10663=CARTESIAN_POINT('',(44.7961226353302,61.3946854120099,0.));
#10664=CARTESIAN_POINT('Origin',(44.501411302203,60.9907730079835,0.));
#10665=CARTESIAN_POINT('',(46.2752648205793,60.2876427287091,0.));
#10666=CARTESIAN_POINT('Origin',(0.,0.,0.));
#10667=CARTESIAN_POINT('',(46.3617380300989,59.5792685993013,0.));
#10668=CARTESIAN_POINT('Origin',(45.9708222888649,59.8910135002307,0.));
#10669=CARTESIAN_POINT('',(45.5592949636936,58.5730368207966,0.));
#10670=CARTESIAN_POINT('',(23.1213533898548,30.4367480284097,0.));
#10671=CARTESIAN_POINT('',(46.966591632136,57.4507551774509,0.));
#10672=CARTESIAN_POINT('Origin',(46.2629432979148,58.0118959991238,0.));
#10673=CARTESIAN_POINT('',(47.7690346985414,58.4569869559556,0.));
#10674=CARTESIAN_POINT('',(23.9691705670403,28.6129012932919,0.));
#10675=CARTESIAN_POINT('',(48.478890508913,58.5303098832053,0.));
#10676=CARTESIAN_POINT('Origin',(48.1599504397754,58.1452420550263,0.));
#10677=CARTESIAN_POINT('',(49.8873174213555,57.334593052538,0.));
#10678=CARTESIAN_POINT('Origin',(0.,0.,0.));
#10679=CARTESIAN_POINT('',(49.9319324681302,56.6242184934795,0.));
#10680=CARTESIAN_POINT('Origin',(49.5591113856886,56.9573917824555,0.));
#10681=CARTESIAN_POINT('',(49.6031722639553,56.2563356552095,0.));
#10682=CARTESIAN_POINT('',(25.0844342776039,28.8198551850374,0.));
#10683=CARTESIAN_POINT('',(50.3488144288384,55.5899890772575,0.));
#10684=CARTESIAN_POINT('Origin',(49.9759933463968,55.9231623662335,0.));
#10685=CARTESIAN_POINT('',(50.6775746330134,55.9578719155275,0.));
#10686=CARTESIAN_POINT('',(25.4974511418239,27.7813007238489,0.));
#10687=CARTESIAN_POINT('',(51.3884778062858,55.9930741141445,0.));
#10688=CARTESIAN_POINT('Origin',(51.050395715455,55.6246986265514,0.));
#10689=CARTESIAN_POINT('',(53.0236117174049,54.447190932509,0.));
#10690=CARTESIAN_POINT('Origin',(0.,0.,0.));
#10691=CARTESIAN_POINT('',(53.0283255572258,53.7354323384123,0.));
#10692=CARTESIAN_POINT('Origin',(52.6747721666325,54.0889857290056,0.));
#10693=CARTESIAN_POINT('',(52.6794551983941,53.3865619795807,0.));
#10694=CARTESIAN_POINT('',(26.6534207303126,27.360527511499,0.));
#10695=CARTESIAN_POINT('',(53.3865619795807,52.6794551983941,0.));
#10696=CARTESIAN_POINT('Origin',(53.0330085889874,53.0330085889874,0.));
#10697=CARTESIAN_POINT('',(53.7354323384124,53.0283255572258,0.));
#10698=CARTESIAN_POINT('',(27.0075556294854,26.3004488482987,0.));
#10699=CARTESIAN_POINT('',(54.447190932509,53.0236117174049,0.));
#10700=CARTESIAN_POINT('Origin',(54.0889857290056,52.6747721666325,0.));
#10701=CARTESIAN_POINT('',(55.9930741141446,51.3884778062858,0.));
#10702=CARTESIAN_POINT('Origin',(0.,0.,0.));
#10703=CARTESIAN_POINT('',(55.9578719155275,50.6775746330133,0.));
#10704=CARTESIAN_POINT('Origin',(55.6246986265515,51.0503957154549,0.));
#10705=CARTESIAN_POINT('',(55.5899890772576,50.3488144288384,0.));
#10706=CARTESIAN_POINT('',(28.1372491635612,25.8155461153916,0.));
#10707=CARTESIAN_POINT('',(56.2563356552096,49.6031722639553,0.));
#10708=CARTESIAN_POINT('Origin',(55.9231623662336,49.9759933463968,0.));
#10709=CARTESIAN_POINT('',(56.6242184934795,49.9319324681302,0.));
#10710=CARTESIAN_POINT('',(28.4313878582767,24.7372786498453,0.));
#10711=CARTESIAN_POINT('',(57.334593052538,49.8873174213555,0.));
#10712=CARTESIAN_POINT('Origin',(56.9573917824555,49.5591113856886,0.));
#10713=CARTESIAN_POINT('',(58.5303098832053,48.478890508913,0.));
#10714=CARTESIAN_POINT('Origin',(0.,0.,0.));
#10715=CARTESIAN_POINT('',(58.4569869559556,47.7690346985413,0.));
#10716=CARTESIAN_POINT('Origin',(58.1452420550263,48.1599504397754,0.));
#10717=CARTESIAN_POINT('',(57.4507551774509,46.966591632136,0.));
#10718=CARTESIAN_POINT('',(29.2804228535227,24.5015012478294,0.));
#10719=CARTESIAN_POINT('',(58.5730368207966,45.5592949636936,0.));
#10720=CARTESIAN_POINT('Origin',(58.0118959991238,46.2629432979148,0.));
#10721=CARTESIAN_POINT('',(59.5792685993014,46.3617380300989,0.));
#10722=CARTESIAN_POINT('',(29.7011394050964,22.5347250881299,0.));
#10723=CARTESIAN_POINT('',(60.2876427287091,46.2752648205793,0.));
#10724=CARTESIAN_POINT('Origin',(59.8910135002307,45.9708222888649,0.));
#10725=CARTESIAN_POINT('',(61.39468541201,44.7961226353302,0.));
#10726=CARTESIAN_POINT('Origin',(0.,0.,0.));
#10727=CARTESIAN_POINT('',(61.2801086560735,44.0936308677234,0.));
#10728=CARTESIAN_POINT('Origin',(60.9907730079835,44.501411302203,0.));
#10729=CARTESIAN_POINT('',(60.8777295238504,43.808127647962,0.));
#10730=CARTESIAN_POINT('',(30.8310886912676,22.4888990554628,0.));
#10731=CARTESIAN_POINT('',(61.4564008200302,42.9925667790028,0.));
#10732=CARTESIAN_POINT('Origin',(61.1670651719403,43.4003472134824,0.));
#10733=CARTESIAN_POINT('',(61.8587799522533,43.2780699987641,0.));
#10734=CARTESIAN_POINT('',(31.0026502517294,21.3844784245632,0.));
#10735=CARTESIAN_POINT('',(62.5596925248488,43.154198766697,0.));
#10736=CARTESIAN_POINT('Origin',(62.1481156003431,42.8702895642845,0.));
#10737=CARTESIAN_POINT('',(63.809838845589,41.2832225789022,0.));
#10738=CARTESIAN_POINT('Origin',(0.,0.,0.));
#10739=CARTESIAN_POINT('',(63.656053312494,40.5882603307426,0.));
#10740=CARTESIAN_POINT('Origin',(63.3900372742364,41.0116224303567,0.));
#10741=CARTESIAN_POINT('',(63.2382989038593,40.3257678382616,0.));
#10742=CARTESIAN_POINT('',(32.0326885729409,20.7179832982442,0.));
#10743=CARTESIAN_POINT('',(63.7703309803746,39.4790436390333,0.));
#10744=CARTESIAN_POINT('Origin',(63.5043149421169,39.9024057386475,0.));
#10745=CARTESIAN_POINT('',(64.1880853890094,39.7415361315143,0.));
#10746=CARTESIAN_POINT('',(32.1420548766197,19.6056805918714,0.));
#10747=CARTESIAN_POINT('',(64.88094978109,39.5785592903896,0.));
#10748=CARTESIAN_POINT('Origin',(64.454101427267,39.3181740319002,0.));
#10749=CARTESIAN_POINT('',(66.0242229187931,37.6404302309196,0.));
#10750=CARTESIAN_POINT('Origin',(0.,0.,0.));
#10751=CARTESIAN_POINT('',(65.8317124747221,36.9551841105513,0.));
#10752=CARTESIAN_POINT('Origin',(65.5898530311694,37.3927958215056,0.));
#10753=CARTESIAN_POINT('',(65.3998971995994,36.7165282438448,0.));
#10754=CARTESIAN_POINT('',(33.1323336619521,18.8828762490338,0.));
#10755=CARTESIAN_POINT('',(65.8836160867046,35.8413048219361,0.));
#10756=CARTESIAN_POINT('Origin',(65.641756643152,36.2789165328905,0.));
#10757=CARTESIAN_POINT('',(66.3154313618273,36.0799606886425,0.));
#10758=CARTESIAN_POINT('',(33.1791606019949,17.7661911830143,0.));
#10759=CARTESIAN_POINT('',(66.9980675656805,35.878391023898,0.));
#10760=CARTESIAN_POINT('Origin',(66.5572908053799,35.6423489776881,0.));
#10761=CARTESIAN_POINT('',(67.8504008069977,34.2392042887824,0.));
#10762=CARTESIAN_POINT('Origin',(0.,0.,0.));
#10763=CARTESIAN_POINT('',(67.6209584607209,33.5634619318787,0.));
#10764=CARTESIAN_POINT('Origin',(67.4040165911622,34.0139463658299,0.));
#10765=CARTESIAN_POINT('',(66.461394633149,33.0050454236327,0.));
#10766=CARTESIAN_POINT('',(33.9514211447818,17.3490673335293,0.));
#10767=CARTESIAN_POINT('',(67.2423853635606,31.3833014614084,0.));
#10768=CARTESIAN_POINT('Origin',(66.8518899983548,32.1941734425206,0.));
#10769=CARTESIAN_POINT('',(68.4019491911326,31.9417179696543,0.));
#10770=CARTESIAN_POINT('',(33.9239405860885,15.3379841184375,0.));
#10771=CARTESIAN_POINT('',(69.0733208028151,31.6997847511714,0.));
#10772=CARTESIAN_POINT('Origin',(68.6188910606913,31.4912335357031,0.));
#10773=CARTESIAN_POINT('',(69.823467514226,30.0113875768688,0.));
#10774=CARTESIAN_POINT('Origin',(0.,0.,0.));
#10775=CARTESIAN_POINT('',(69.5554443125518,29.3520044712917,0.));
#10776=CARTESIAN_POINT('Origin',(69.3641025963692,29.8139442375473,0.));
#10777=CARTESIAN_POINT('',(69.0996232221592,29.1631971936354,0.));
#10778=CARTESIAN_POINT('',(35.0125464705535,15.0438677014676,0.));
#10779=CARTESIAN_POINT('',(69.4823066545243,28.2393176611241,0.));
#10780=CARTESIAN_POINT('Origin',(69.2909649383417,28.7012574273797,0.));
#10781=CARTESIAN_POINT('',(69.9381277449169,28.4281249387804,0.));
#10782=CARTESIAN_POINT('',(34.9340499142367,13.9289611629492,0.));
#10783=CARTESIAN_POINT('',(70.5939030336895,28.1513916968461,0.));
#10784=CARTESIAN_POINT('Origin',(70.1294694610994,27.9661851725248,0.));
#10785=CARTESIAN_POINT('',(71.3963742073724,26.0491410614643,0.));
#10786=CARTESIAN_POINT('Origin',(0.,0.,0.));
#10787=CARTESIAN_POINT('',(71.0918007501435,25.4058234682741,0.));
#10788=CARTESIAN_POINT('Origin',(70.926661219166,25.8777651334283,0.));
#10789=CARTESIAN_POINT('',(70.6261102421451,25.24287131179,0.));
#10790=CARTESIAN_POINT('',(35.7873793586035,13.0522721281329,0.));
#10791=CARTESIAN_POINT('',(70.9563893041003,24.2989879814816,0.));
#10792=CARTESIAN_POINT('Origin',(70.7912497731227,24.7709296466358,0.));
#10793=CARTESIAN_POINT('',(71.4220798120987,24.4619401379657,0.));
#10794=CARTESIAN_POINT('',(35.6464929836479,11.9435208808567,0.));
#10795=CARTESIAN_POINT('',(72.0613068883947,24.1488726348832,0.));
#10796=CARTESIAN_POINT('Origin',(71.5872193430763,23.9899984728115,0.));
#10797=CARTESIAN_POINT('',(72.744641493148,22.0049343110263,0.));
#10798=CARTESIAN_POINT('Origin',(0.,0.,0.));
#10799=CARTESIAN_POINT('',(72.4044760811423,21.3797063453759,0.));
#10800=CARTESIAN_POINT('Origin',(72.2660583254299,21.8601650063485,0.));
#10801=CARTESIAN_POINT('',(71.9303813901651,21.2431220178348,0.));
#10802=CARTESIAN_POINT('',(36.448803558462,11.0210555394023,0.));
#10803=CARTESIAN_POINT('',(72.2072169015899,20.2822046958897,0.));
#10804=CARTESIAN_POINT('Origin',(72.0687991458775,20.7626633568623,0.));
#10805=CARTESIAN_POINT('',(72.6813115925671,20.4187890234308,0.));
#10806=CARTESIAN_POINT('',(36.245970645526,9.92194812499063,0.));
#10807=CARTESIAN_POINT('',(73.3019792115133,20.0703722853885,0.));
#10808=CARTESIAN_POINT('Origin',(72.8197293482796,19.9383303624583,0.));
#10809=CARTESIAN_POINT('',(73.7681893157271,18.2826213951462,0.));
#10810=CARTESIAN_POINT('Origin',(0.,0.,0.));
#10811=CARTESIAN_POINT('',(73.3941327477333,17.6748770351398,0.));
#10812=CARTESIAN_POINT('Origin',(73.2828722807552,18.1623409912307,0.));
#10813=CARTESIAN_POINT('',(72.1393822433256,17.388488420521,0.));
#10814=CARTESIAN_POINT('',(36.9040521837389,9.34625426643719,0.));
#10815=CARTESIAN_POINT('',(72.5399199244469,15.6336181785937,0.));
#10816=CARTESIAN_POINT('Origin',(72.3396510838863,16.5110532995574,0.));
#10817=CARTESIAN_POINT('',(73.7946704288547,15.9200067932125,0.));
#10818=CARTESIAN_POINT('',(36.4297525047404,7.39170810590983,0.));
#10819=CARTESIAN_POINT('',(74.3953741467987,15.5347451075662,0.));
#10820=CARTESIAN_POINT('Origin',(73.9059308958329,15.4325428371216,0.));
#10821=CARTESIAN_POINT('',(74.7510093978695,13.7217562286623,0.));
#10822=CARTESIAN_POINT('Origin',(0.,0.,0.));
#10823=CARTESIAN_POINT('',(74.3429795529569,13.1385460073725,0.));
#10824=CARTESIAN_POINT('Origin',(74.2592264413046,13.6314815166316,0.));
#10825=CARTESIAN_POINT('',(73.8565732772102,13.0559022571135,0.));
#10826=CARTESIAN_POINT('',(37.4239475261688,6.8657501682487,0.));
#10827=CARTESIAN_POINT('',(74.0240795005149,12.0700312385952,0.));
#10828=CARTESIAN_POINT('Origin',(73.9403263888626,12.5629667478544,0.));
#10829=CARTESIAN_POINT('',(74.5104857762617,12.1526749888543,0.));
#10830=CARTESIAN_POINT('',(37.0993289981803,5.79626379139707,0.));
#10831=CARTESIAN_POINT('',(75.0882404699532,11.7369562973408,0.));
#10832=CARTESIAN_POINT('Origin',(74.594238887914,11.6597394795952,0.));
#10833=CARTESIAN_POINT('',(75.4027972411026,9.50884683946413,0.));
#10834=CARTESIAN_POINT('Origin',(0.,0.,0.));
#10835=CARTESIAN_POINT('',(74.9627084446732,8.9494325316263,0.));
#10836=CARTESIAN_POINT('Origin',(74.9067262066216,9.44628863657292,0.));
#10837=CARTESIAN_POINT('',(74.4724335039364,8.89419181269412,0.));
#10838=CARTESIAN_POINT('',(37.7348607025098,4.75486148036296,0.));
#10839=CARTESIAN_POINT('',(74.5843979800397,7.90047960280088,0.));
#10840=CARTESIAN_POINT('Origin',(74.528415741988,8.3973357077475,0.));
#10841=CARTESIAN_POINT('',(75.0746729207765,7.95572032173305,0.));
#10842=CARTESIAN_POINT('',(37.3507862800503,3.70525910946383,0.));
#10843=CARTESIAN_POINT('',(75.6282091665026,7.50826066855323,0.));
#10844=CARTESIAN_POINT('Origin',(75.1306551588282,7.45886421678643,0.));
#10845=CARTESIAN_POINT('',(75.8173399878669,5.26601910017449,0.));
#10846=CARTESIAN_POINT('Origin',(0.,0.,0.));
#10847=CARTESIAN_POINT('',(75.3465769220917,4.73216083016443,0.));
#10848=CARTESIAN_POINT('Origin',(75.3185416984731,5.23137423767334,0.));
#10849=CARTESIAN_POINT('',(74.8539759027125,4.70449695029799,0.));
#10850=CARTESIAN_POINT('',(37.9267575487976,2.63070884967234,0.));
#10851=CARTESIAN_POINT('',(74.9100463499497,3.70607013528017,0.));
#10852=CARTESIAN_POINT('Origin',(74.8820111263311,4.20528354278908,0.));
#10853=CARTESIAN_POINT('',(75.4026473693288,3.73373401514662,0.));
#10854=CARTESIAN_POINT('',(37.484435672094,1.60429292210005,0.));
#10855=CARTESIAN_POINT('',(75.9302235372716,3.25594127391346,0.));
#10856=CARTESIAN_POINT('Origin',(75.4306825929474,3.23452060763771,0.));
#10857=CARTESIAN_POINT('',(75.986932783033,1.4092715231788,0.));
#10858=CARTESIAN_POINT('Origin',(0.,0.,0.));
#10859=CARTESIAN_POINT('',(75.4870187515656,0.89999999999999,0.));
#10860=CARTESIAN_POINT('Origin',(75.4870187515656,1.39999999999999,0.));
#10861=CARTESIAN_POINT('',(74.1999999999948,0.899999999999988,0.));
#10862=CARTESIAN_POINT('',(37.9973354328932,0.899999999999923,0.));
#10863=CARTESIAN_POINT('',(74.1999999999948,-0.900000000000013,0.));
#10864=CARTESIAN_POINT('Origin',(74.1999999999948,-1.24992356522132E-14,
0.));
#10865=CARTESIAN_POINT('',(75.4999999999948,-0.90000000000001,0.));
#10866=CARTESIAN_POINT('',(37.0999999999974,-0.900000000000078,0.));
#10867=CARTESIAN_POINT('',(75.9999999999948,-1.40000000000001,0.));
#10868=CARTESIAN_POINT('Origin',(75.4999999999948,-1.40000000000001,0.));
#10869=CARTESIAN_POINT('',(75.9999999999949,-37.9000164448081,0.));
#10870=CARTESIAN_POINT('',(75.9999999999948,-9.29378102254574E-15,0.));
#10871=CARTESIAN_POINT('',(73.9999999999949,-39.9000164448082,0.));
#10872=CARTESIAN_POINT('Origin',(73.9999999999949,-37.9000164448082,0.));
#10873=CARTESIAN_POINT('',(20.9999999999949,-39.9000164448081,0.));
#10874=CARTESIAN_POINT('',(75.9999999999949,-39.9000164448082,0.));
#10875=CARTESIAN_POINT('',(20.9999999999949,-72.9000164448079,0.));
#10876=CARTESIAN_POINT('',(20.9999999999949,-39.9000164448081,0.));
#10877=CARTESIAN_POINT('',(18.9999999999947,-74.9000164448079,0.));
#10878=CARTESIAN_POINT('Origin',(18.9999999999949,-72.9000164448079,0.));
#10879=CARTESIAN_POINT('',(-50.9999999999967,-74.9000164448027,0.));
#10880=CARTESIAN_POINT('',(-50.9999999999967,-74.9000164448027,0.));
#10881=CARTESIAN_POINT('',(-75.9999999999948,-49.9000164448028,0.));
#10882=CARTESIAN_POINT('Origin',(-50.9999999999948,-49.9000164448028,0.));
#10883=CARTESIAN_POINT('',(-75.9999999999948,-1.39999999999998,0.));
#10884=CARTESIAN_POINT('',(-75.9999999999948,-49.9000164448028,0.));
#10885=CARTESIAN_POINT('',(-75.4999999999948,-0.899999999999981,0.));
#10886=CARTESIAN_POINT('Origin',(-75.4999999999948,-1.39999999999998,0.));
#10887=CARTESIAN_POINT('',(-74.1999999999948,-0.899999999999979,0.));
#10888=CARTESIAN_POINT('',(-37.9973354328932,-0.899999999999919,0.));
#10889=CARTESIAN_POINT('Origin',(-74.1999999999948,2.15861149018859E-14,
0.));
#10890=CARTESIAN_POINT('',(53.367401902471,-14.2997522419143,0.));
#10891=CARTESIAN_POINT('',(44.4325880092971,-11.905676074716,0.));
#10892=CARTESIAN_POINT('Origin',(48.8999949558841,-13.1027141583151,0.));
#10893=CARTESIAN_POINT('',(-47.8479035590903,-27.625,0.));
#10894=CARTESIAN_POINT('Origin',(0.,0.,0.));
#10895=CARTESIAN_POINT('',(-39.8371685740842,-23.,0.));
#10896=CARTESIAN_POINT('Origin',(-43.8425360665872,-25.3125,0.));
#10897=CARTESIAN_POINT('Origin',(0.,0.,0.));
#10898=CARTESIAN_POINT('',(-55.4157673333779,-60.,0.));
#10899=CARTESIAN_POINT('Origin',(-51.4157673333779,-60.,0.));
#10900=CARTESIAN_POINT('',(-25.7907673333779,-60.,0.));
#10901=CARTESIAN_POINT('Origin',(-21.7907673333779,-60.,0.));
#10902=CARTESIAN_POINT('',(3.83423266662211,-60.,0.));
#10903=CARTESIAN_POINT('Origin',(7.83423266662211,-60.,0.));
#10904=CARTESIAN_POINT('',(-10.5,-1.28587913910472E-15,0.));
#10905=CARTESIAN_POINT('Origin',(0.,0.,0.));
#10906=CARTESIAN_POINT('Origin',(-75.4999999999948,-1.39999999999998,0.));
#10907=CARTESIAN_POINT('',(-75.9999999999948,-1.39999999999998,5.));
#10908=CARTESIAN_POINT('',(-75.9999999999948,-1.39999999999998,0.));
#10909=CARTESIAN_POINT('',(-75.4999999999948,-0.899999999999981,5.));
#10910=CARTESIAN_POINT('Origin',(-75.4999999999948,-1.39999999999998,5.));
#10911=CARTESIAN_POINT('',(-75.4999999999948,-0.899999999999981,0.));
#10912=CARTESIAN_POINT('Origin',(-75.9946708657864,-0.899999999999981,0.));
#10913=CARTESIAN_POINT('',(-74.1999999999948,-0.899999999999979,5.));
#10914=CARTESIAN_POINT('',(-37.9973354328932,-0.899999999999919,5.));
#10915=CARTESIAN_POINT('',(-74.1999999999948,-0.899999999999979,0.));
#10916=CARTESIAN_POINT('Origin',(-74.1999999999948,2.15861149018859E-14,
0.));
#10917=CARTESIAN_POINT('Origin',(-74.1999999999948,2.15861149018859E-14,
5.));
#10918=CARTESIAN_POINT('Origin',(3.5527136788005E-14,0.549991777593357,
5.));
#10919=CARTESIAN_POINT('',(-75.9999999999948,-49.9000164448028,5.));
#10920=CARTESIAN_POINT('',(-75.9999999999948,-49.9000164448028,5.));
#10921=CARTESIAN_POINT('',(-50.9999999999967,-74.9000164448027,5.));
#10922=CARTESIAN_POINT('Origin',(-50.9999999999948,-49.9000164448028,5.));
#10923=CARTESIAN_POINT('',(18.9999999999947,-74.9000164448079,5.));
#10924=CARTESIAN_POINT('',(-50.9999999999967,-74.9000164448027,5.));
#10925=CARTESIAN_POINT('',(20.9999999999949,-72.9000164448079,5.));
#10926=CARTESIAN_POINT('Origin',(18.9999999999949,-72.9000164448079,5.));
#10927=CARTESIAN_POINT('',(20.9999999999949,-39.9000164448081,5.));
#10928=CARTESIAN_POINT('',(20.9999999999949,-39.9000164448081,5.));
#10929=CARTESIAN_POINT('',(73.9999999999949,-39.9000164448082,5.));
#10930=CARTESIAN_POINT('',(75.9999999999949,-39.9000164448082,5.));
#10931=CARTESIAN_POINT('',(75.9999999999949,-37.9000164448081,5.));
#10932=CARTESIAN_POINT('Origin',(73.9999999999949,-37.9000164448082,5.));
#10933=CARTESIAN_POINT('',(75.9999999999948,-1.40000000000001,5.));
#10934=CARTESIAN_POINT('',(75.9999999999948,-9.29378102254574E-15,5.));
#10935=CARTESIAN_POINT('',(75.4999999999948,-0.90000000000001,5.));
#10936=CARTESIAN_POINT('Origin',(75.4999999999948,-1.40000000000001,5.));
#10937=CARTESIAN_POINT('',(74.1999999999948,-0.900000000000013,5.));
#10938=CARTESIAN_POINT('',(37.0999999999974,-0.900000000000078,5.));
#10939=CARTESIAN_POINT('',(74.1999999999948,0.899999999999988,5.));
#10940=CARTESIAN_POINT('Origin',(74.1999999999948,-1.24992356522132E-14,
5.));
#10941=CARTESIAN_POINT('',(75.4870187515656,0.89999999999999,5.));
#10942=CARTESIAN_POINT('',(37.9973354328932,0.899999999999923,5.));
#10943=CARTESIAN_POINT('',(75.986932783033,1.4092715231788,5.));
#10944=CARTESIAN_POINT('Origin',(75.4870187515656,1.39999999999999,5.));
#10945=CARTESIAN_POINT('',(75.9302235372716,3.25594127391346,5.));
#10946=CARTESIAN_POINT('Origin',(0.,0.,5.));
#10947=CARTESIAN_POINT('',(75.4026473693288,3.73373401514662,5.));
#10948=CARTESIAN_POINT('Origin',(75.4306825929474,3.23452060763771,5.));
#10949=CARTESIAN_POINT('',(74.9100463499497,3.70607013528017,5.));
#10950=CARTESIAN_POINT('',(37.484435672094,1.60429292210005,5.));
#10951=CARTESIAN_POINT('',(74.8539759027125,4.70449695029799,5.));
#10952=CARTESIAN_POINT('Origin',(74.8820111263311,4.20528354278908,5.));
#10953=CARTESIAN_POINT('',(75.3465769220917,4.73216083016443,5.));
#10954=CARTESIAN_POINT('',(37.9267575487976,2.63070884967234,5.));
#10955=CARTESIAN_POINT('',(75.8173399878669,5.26601910017449,5.));
#10956=CARTESIAN_POINT('Origin',(75.3185416984731,5.23137423767334,5.));
#10957=CARTESIAN_POINT('',(75.6282091665026,7.50826066855323,5.));
#10958=CARTESIAN_POINT('Origin',(0.,0.,5.));
#10959=CARTESIAN_POINT('',(75.0746729207765,7.95572032173305,5.));
#10960=CARTESIAN_POINT('Origin',(75.1306551588282,7.45886421678643,5.));
#10961=CARTESIAN_POINT('',(74.5843979800397,7.90047960280088,5.));
#10962=CARTESIAN_POINT('',(37.3507862800503,3.70525910946383,5.));
#10963=CARTESIAN_POINT('',(74.4724335039364,8.89419181269412,5.));
#10964=CARTESIAN_POINT('Origin',(74.528415741988,8.3973357077475,5.));
#10965=CARTESIAN_POINT('',(74.9627084446732,8.9494325316263,5.));
#10966=CARTESIAN_POINT('',(37.7348607025098,4.75486148036296,5.));
#10967=CARTESIAN_POINT('',(75.4027972411026,9.50884683946413,5.));
#10968=CARTESIAN_POINT('Origin',(74.9067262066216,9.44628863657292,5.));
#10969=CARTESIAN_POINT('',(75.0882404699532,11.7369562973408,5.));
#10970=CARTESIAN_POINT('Origin',(0.,0.,5.));
#10971=CARTESIAN_POINT('',(74.5104857762617,12.1526749888543,5.));
#10972=CARTESIAN_POINT('Origin',(74.594238887914,11.6597394795952,5.));
#10973=CARTESIAN_POINT('',(74.0240795005149,12.0700312385952,5.));
#10974=CARTESIAN_POINT('',(37.0993289981803,5.79626379139707,5.));
#10975=CARTESIAN_POINT('',(73.8565732772102,13.0559022571135,5.));
#10976=CARTESIAN_POINT('Origin',(73.9403263888626,12.5629667478544,5.));
#10977=CARTESIAN_POINT('',(74.3429795529569,13.1385460073725,5.));
#10978=CARTESIAN_POINT('',(37.4239475261688,6.8657501682487,5.));
#10979=CARTESIAN_POINT('',(74.7510093978695,13.7217562286623,5.));
#10980=CARTESIAN_POINT('Origin',(74.2592264413046,13.6314815166316,5.));
#10981=CARTESIAN_POINT('',(74.3953741467987,15.5347451075662,5.));
#10982=CARTESIAN_POINT('Origin',(0.,0.,5.));
#10983=CARTESIAN_POINT('',(73.7946704288547,15.9200067932125,5.));
#10984=CARTESIAN_POINT('Origin',(73.9059308958329,15.4325428371216,5.));
#10985=CARTESIAN_POINT('',(72.5399199244469,15.6336181785937,5.));
#10986=CARTESIAN_POINT('',(36.4297525047404,7.39170810590983,5.));
#10987=CARTESIAN_POINT('',(72.1393822433256,17.388488420521,5.));
#10988=CARTESIAN_POINT('Origin',(72.3396510838863,16.5110532995574,5.));
#10989=CARTESIAN_POINT('',(73.3941327477333,17.6748770351398,5.));
#10990=CARTESIAN_POINT('',(36.9040521837389,9.34625426643719,5.));
#10991=CARTESIAN_POINT('',(73.7681893157271,18.2826213951462,5.));
#10992=CARTESIAN_POINT('Origin',(73.2828722807552,18.1623409912307,5.));
#10993=CARTESIAN_POINT('',(73.3019792115133,20.0703722853885,5.));
#10994=CARTESIAN_POINT('Origin',(0.,0.,5.));
#10995=CARTESIAN_POINT('',(72.6813115925671,20.4187890234308,5.));
#10996=CARTESIAN_POINT('Origin',(72.8197293482796,19.9383303624583,5.));
#10997=CARTESIAN_POINT('',(72.2072169015899,20.2822046958897,5.));
#10998=CARTESIAN_POINT('',(36.245970645526,9.92194812499063,5.));
#10999=CARTESIAN_POINT('',(71.9303813901651,21.2431220178348,5.));
#11000=CARTESIAN_POINT('Origin',(72.0687991458775,20.7626633568623,5.));
#11001=CARTESIAN_POINT('',(72.4044760811423,21.3797063453759,5.));
#11002=CARTESIAN_POINT('',(36.448803558462,11.0210555394023,5.));
#11003=CARTESIAN_POINT('',(72.744641493148,22.0049343110263,5.));
#11004=CARTESIAN_POINT('Origin',(72.2660583254299,21.8601650063485,5.));
#11005=CARTESIAN_POINT('',(72.0613068883947,24.1488726348832,5.));
#11006=CARTESIAN_POINT('Origin',(0.,0.,5.));
#11007=CARTESIAN_POINT('',(71.4220798120987,24.4619401379657,5.));
#11008=CARTESIAN_POINT('Origin',(71.5872193430763,23.9899984728115,5.));
#11009=CARTESIAN_POINT('',(70.9563893041003,24.2989879814816,5.));
#11010=CARTESIAN_POINT('',(35.6464929836479,11.9435208808567,5.));
#11011=CARTESIAN_POINT('',(70.6261102421451,25.24287131179,5.));
#11012=CARTESIAN_POINT('Origin',(70.7912497731227,24.7709296466358,5.));
#11013=CARTESIAN_POINT('',(71.0918007501435,25.4058234682741,5.));
#11014=CARTESIAN_POINT('',(35.7873793586035,13.0522721281329,5.));
#11015=CARTESIAN_POINT('',(71.3963742073724,26.0491410614643,5.));
#11016=CARTESIAN_POINT('Origin',(70.926661219166,25.8777651334283,5.));
#11017=CARTESIAN_POINT('',(70.5939030336895,28.1513916968461,5.));
#11018=CARTESIAN_POINT('Origin',(0.,0.,5.));
#11019=CARTESIAN_POINT('',(69.9381277449169,28.4281249387804,5.));
#11020=CARTESIAN_POINT('Origin',(70.1294694610994,27.9661851725248,5.));
#11021=CARTESIAN_POINT('',(69.4823066545243,28.2393176611241,5.));
#11022=CARTESIAN_POINT('',(34.9340499142367,13.9289611629492,5.));
#11023=CARTESIAN_POINT('',(69.0996232221592,29.1631971936354,5.));
#11024=CARTESIAN_POINT('Origin',(69.2909649383417,28.7012574273797,5.));
#11025=CARTESIAN_POINT('',(69.5554443125518,29.3520044712917,5.));
#11026=CARTESIAN_POINT('',(35.0125464705535,15.0438677014676,5.));
#11027=CARTESIAN_POINT('',(69.823467514226,30.0113875768688,5.));
#11028=CARTESIAN_POINT('Origin',(69.3641025963692,29.8139442375473,5.));
#11029=CARTESIAN_POINT('',(69.0733208028151,31.6997847511714,5.));
#11030=CARTESIAN_POINT('Origin',(0.,0.,5.));
#11031=CARTESIAN_POINT('',(68.4019491911326,31.9417179696543,5.));
#11032=CARTESIAN_POINT('Origin',(68.6188910606913,31.4912335357031,5.));
#11033=CARTESIAN_POINT('',(67.2423853635606,31.3833014614084,5.));
#11034=CARTESIAN_POINT('',(33.9239405860885,15.3379841184375,5.));
#11035=CARTESIAN_POINT('',(66.461394633149,33.0050454236327,5.));
#11036=CARTESIAN_POINT('Origin',(66.8518899983548,32.1941734425206,5.));
#11037=CARTESIAN_POINT('',(67.6209584607209,33.5634619318787,5.));
#11038=CARTESIAN_POINT('',(33.9514211447818,17.3490673335293,5.));
#11039=CARTESIAN_POINT('',(67.8504008069977,34.2392042887824,5.));
#11040=CARTESIAN_POINT('Origin',(67.4040165911622,34.0139463658299,5.));
#11041=CARTESIAN_POINT('',(66.9980675656805,35.878391023898,5.));
#11042=CARTESIAN_POINT('Origin',(0.,0.,5.));
#11043=CARTESIAN_POINT('',(66.3154313618273,36.0799606886425,5.));
#11044=CARTESIAN_POINT('Origin',(66.5572908053799,35.6423489776881,5.));
#11045=CARTESIAN_POINT('',(65.8836160867046,35.8413048219361,5.));
#11046=CARTESIAN_POINT('',(33.1791606019949,17.7661911830143,5.));
#11047=CARTESIAN_POINT('',(65.3998971995994,36.7165282438448,5.));
#11048=CARTESIAN_POINT('Origin',(65.641756643152,36.2789165328905,5.));
#11049=CARTESIAN_POINT('',(65.8317124747221,36.9551841105513,5.));
#11050=CARTESIAN_POINT('',(33.1323336619521,18.8828762490338,5.));
#11051=CARTESIAN_POINT('',(66.0242229187931,37.6404302309196,5.));
#11052=CARTESIAN_POINT('Origin',(65.5898530311694,37.3927958215056,5.));
#11053=CARTESIAN_POINT('',(64.88094978109,39.5785592903896,5.));
#11054=CARTESIAN_POINT('Origin',(0.,0.,5.));
#11055=CARTESIAN_POINT('',(64.1880853890094,39.7415361315143,5.));
#11056=CARTESIAN_POINT('Origin',(64.454101427267,39.3181740319002,5.));
#11057=CARTESIAN_POINT('',(63.7703309803746,39.4790436390333,5.));
#11058=CARTESIAN_POINT('',(32.1420548766197,19.6056805918714,5.));
#11059=CARTESIAN_POINT('',(63.2382989038593,40.3257678382616,5.));
#11060=CARTESIAN_POINT('Origin',(63.5043149421169,39.9024057386475,5.));
#11061=CARTESIAN_POINT('',(63.656053312494,40.5882603307426,5.));
#11062=CARTESIAN_POINT('',(32.0326885729409,20.7179832982442,5.));
#11063=CARTESIAN_POINT('',(63.809838845589,41.2832225789022,5.));
#11064=CARTESIAN_POINT('Origin',(63.3900372742364,41.0116224303567,5.));
#11065=CARTESIAN_POINT('',(62.5596925248488,43.154198766697,5.));
#11066=CARTESIAN_POINT('Origin',(0.,0.,5.));
#11067=CARTESIAN_POINT('',(61.8587799522533,43.2780699987641,5.));
#11068=CARTESIAN_POINT('Origin',(62.1481156003431,42.8702895642845,5.));
#11069=CARTESIAN_POINT('',(61.4564008200302,42.9925667790028,5.));
#11070=CARTESIAN_POINT('',(31.0026502517294,21.3844784245632,5.));
#11071=CARTESIAN_POINT('',(60.8777295238504,43.808127647962,5.));
#11072=CARTESIAN_POINT('Origin',(61.1670651719403,43.4003472134824,5.));
#11073=CARTESIAN_POINT('',(61.2801086560735,44.0936308677234,5.));
#11074=CARTESIAN_POINT('',(30.8310886912676,22.4888990554628,5.));
#11075=CARTESIAN_POINT('',(61.39468541201,44.7961226353302,5.));
#11076=CARTESIAN_POINT('Origin',(60.9907730079835,44.501411302203,5.));
#11077=CARTESIAN_POINT('',(60.2876427287091,46.2752648205793,5.));
#11078=CARTESIAN_POINT('Origin',(0.,0.,5.));
#11079=CARTESIAN_POINT('',(59.5792685993014,46.3617380300989,5.));
#11080=CARTESIAN_POINT('Origin',(59.8910135002307,45.9708222888649,5.));
#11081=CARTESIAN_POINT('',(58.5730368207966,45.5592949636936,5.));
#11082=CARTESIAN_POINT('',(29.7011394050964,22.5347250881299,5.));
#11083=CARTESIAN_POINT('',(57.4507551774509,46.966591632136,5.));
#11084=CARTESIAN_POINT('Origin',(58.0118959991238,46.2629432979148,5.));
#11085=CARTESIAN_POINT('',(58.4569869559556,47.7690346985413,5.));
#11086=CARTESIAN_POINT('',(29.2804228535227,24.5015012478294,5.));
#11087=CARTESIAN_POINT('',(58.5303098832053,48.478890508913,5.));
#11088=CARTESIAN_POINT('Origin',(58.1452420550263,48.1599504397754,5.));
#11089=CARTESIAN_POINT('',(57.334593052538,49.8873174213555,5.));
#11090=CARTESIAN_POINT('Origin',(0.,0.,5.));
#11091=CARTESIAN_POINT('',(56.6242184934795,49.9319324681302,5.));
#11092=CARTESIAN_POINT('Origin',(56.9573917824555,49.5591113856886,5.));
#11093=CARTESIAN_POINT('',(56.2563356552096,49.6031722639553,5.));
#11094=CARTESIAN_POINT('',(28.4313878582767,24.7372786498453,5.));
#11095=CARTESIAN_POINT('',(55.5899890772576,50.3488144288384,5.));
#11096=CARTESIAN_POINT('Origin',(55.9231623662336,49.9759933463968,5.));
#11097=CARTESIAN_POINT('',(55.9578719155275,50.6775746330133,5.));
#11098=CARTESIAN_POINT('',(28.1372491635612,25.8155461153916,5.));
#11099=CARTESIAN_POINT('',(55.9930741141446,51.3884778062858,5.));
#11100=CARTESIAN_POINT('Origin',(55.6246986265515,51.0503957154549,5.));
#11101=CARTESIAN_POINT('',(54.447190932509,53.0236117174049,5.));
#11102=CARTESIAN_POINT('Origin',(0.,0.,5.));
#11103=CARTESIAN_POINT('',(53.7354323384124,53.0283255572258,5.));
#11104=CARTESIAN_POINT('Origin',(54.0889857290056,52.6747721666325,5.));
#11105=CARTESIAN_POINT('',(53.3865619795807,52.6794551983941,5.));
#11106=CARTESIAN_POINT('',(27.0075556294854,26.3004488482987,5.));
#11107=CARTESIAN_POINT('',(52.6794551983941,53.3865619795807,5.));
#11108=CARTESIAN_POINT('Origin',(53.0330085889874,53.0330085889874,5.));
#11109=CARTESIAN_POINT('',(53.0283255572258,53.7354323384123,5.));
#11110=CARTESIAN_POINT('',(26.6534207303126,27.360527511499,5.));
#11111=CARTESIAN_POINT('',(53.0236117174049,54.447190932509,5.));
#11112=CARTESIAN_POINT('Origin',(52.6747721666325,54.0889857290056,5.));
#11113=CARTESIAN_POINT('',(51.3884778062858,55.9930741141445,5.));
#11114=CARTESIAN_POINT('Origin',(0.,0.,5.));
#11115=CARTESIAN_POINT('',(50.6775746330134,55.9578719155275,5.));
#11116=CARTESIAN_POINT('Origin',(51.050395715455,55.6246986265514,5.));
#11117=CARTESIAN_POINT('',(50.3488144288384,55.5899890772575,5.));
#11118=CARTESIAN_POINT('',(25.4974511418239,27.7813007238489,5.));
#11119=CARTESIAN_POINT('',(49.6031722639553,56.2563356552095,5.));
#11120=CARTESIAN_POINT('Origin',(49.9759933463968,55.9231623662335,5.));
#11121=CARTESIAN_POINT('',(49.9319324681302,56.6242184934795,5.));
#11122=CARTESIAN_POINT('',(25.0844342776039,28.8198551850374,5.));
#11123=CARTESIAN_POINT('',(49.8873174213555,57.334593052538,5.));
#11124=CARTESIAN_POINT('Origin',(49.5591113856886,56.9573917824555,5.));
#11125=CARTESIAN_POINT('',(48.478890508913,58.5303098832053,5.));
#11126=CARTESIAN_POINT('Origin',(0.,0.,5.));
#11127=CARTESIAN_POINT('',(47.7690346985414,58.4569869559556,5.));
#11128=CARTESIAN_POINT('Origin',(48.1599504397754,58.1452420550263,5.));
#11129=CARTESIAN_POINT('',(46.966591632136,57.4507551774509,5.));
#11130=CARTESIAN_POINT('',(23.9691705670403,28.6129012932919,5.));
#11131=CARTESIAN_POINT('',(45.5592949636936,58.5730368207966,5.));
#11132=CARTESIAN_POINT('Origin',(46.2629432979148,58.0118959991238,5.));
#11133=CARTESIAN_POINT('',(46.3617380300989,59.5792685993013,5.));
#11134=CARTESIAN_POINT('',(23.1213533898548,30.4367480284097,5.));
#11135=CARTESIAN_POINT('',(46.2752648205793,60.2876427287091,5.));
#11136=CARTESIAN_POINT('Origin',(45.9708222888649,59.8910135002307,5.));
#11137=CARTESIAN_POINT('',(44.7961226353302,61.3946854120099,5.));
#11138=CARTESIAN_POINT('Origin',(0.,0.,5.));
#11139=CARTESIAN_POINT('',(44.0936308677234,61.2801086560734,5.));
#11140=CARTESIAN_POINT('Origin',(44.501411302203,60.9907730079835,5.));
#11141=CARTESIAN_POINT('',(43.8081276479621,60.8777295238504,5.));
#11142=CARTESIAN_POINT('',(22.2377360588902,30.4771075743752,5.));
#11143=CARTESIAN_POINT('',(42.9925667790028,61.4564008200302,5.));
#11144=CARTESIAN_POINT('Origin',(43.4003472134824,61.1670651719403,5.));
#11145=CARTESIAN_POINT('',(43.2780699987641,61.8587799522532,5.));
#11146=CARTESIAN_POINT('',(21.7110349518712,31.4628886062731,5.));
#11147=CARTESIAN_POINT('',(43.154198766697,62.5596925248487,5.));
#11148=CARTESIAN_POINT('Origin',(42.8702895642845,62.1481156003431,5.));
#11149=CARTESIAN_POINT('',(41.2832225789022,63.8098388455889,5.));
#11150=CARTESIAN_POINT('Origin',(0.,0.,5.));
#11151=CARTESIAN_POINT('',(40.5882603307426,63.656053312494,5.));
#11152=CARTESIAN_POINT('Origin',(41.0116224303568,63.3900372742363,5.));
#11153=CARTESIAN_POINT('',(40.3257678382616,63.2382989038592,5.));
#11154=CARTESIAN_POINT('',(20.4984463362414,31.6832974994356,5.));
#11155=CARTESIAN_POINT('',(39.4790436390333,63.7703309803746,5.));
#11156=CARTESIAN_POINT('Origin',(39.9024057386475,63.5043149421169,5.));
#11157=CARTESIAN_POINT('',(39.7415361315143,64.1880853890094,5.));
#11158=CARTESIAN_POINT('',(19.9173006441577,32.6379953487875,5.));
#11159=CARTESIAN_POINT('',(39.5785592903896,64.88094978109,5.));
#11160=CARTESIAN_POINT('Origin',(39.3181740319002,64.454101427267,5.));
#11161=CARTESIAN_POINT('',(37.6404302309196,66.0242229187931,5.));
#11162=CARTESIAN_POINT('Origin',(0.,0.,5.));
#11163=CARTESIAN_POINT('',(36.9551841105513,65.8317124747221,5.));
#11164=CARTESIAN_POINT('Origin',(37.3927958215057,65.5898530311694,5.));
#11165=CARTESIAN_POINT('',(36.7165282438449,65.3998971995994,5.));
#11166=CARTESIAN_POINT('',(18.6934928142659,32.7896701392965,5.));
#11167=CARTESIAN_POINT('',(35.8413048219361,65.8836160867046,5.));
#11168=CARTESIAN_POINT('Origin',(36.2789165328905,65.641756643152,5.));
#11169=CARTESIAN_POINT('',(36.0799606886425,66.3154313618273,5.));
#11170=CARTESIAN_POINT('',(18.0597310364679,33.7102809734642,5.));
#11171=CARTESIAN_POINT('',(35.878391023898,66.9980675656805,5.));
#11172=CARTESIAN_POINT('Origin',(35.6423489776881,66.5572908053799,5.));
#11173=CARTESIAN_POINT('',(34.2392042887824,67.8504008069977,5.));
#11174=CARTESIAN_POINT('Origin',(0.,0.,5.));
#11175=CARTESIAN_POINT('',(33.5634619318787,67.6209584607209,5.));
#11176=CARTESIAN_POINT('Origin',(34.0139463658299,67.4040165911622,5.));
#11177=CARTESIAN_POINT('',(33.0050454236328,66.461394633149,5.));
#11178=CARTESIAN_POINT('',(17.0154589240778,33.2586761444788,5.));
#11179=CARTESIAN_POINT('',(31.3833014614084,67.2423853635606,5.));
#11180=CARTESIAN_POINT('Origin',(32.1941734425206,66.8518899983548,5.));
#11181=CARTESIAN_POINT('',(31.9417179696543,68.4019491911325,5.));
#11182=CARTESIAN_POINT('',(15.7830542147209,34.8481381639953,5.));
#11183=CARTESIAN_POINT('',(31.6997847511714,69.0733208028151,5.));
#11184=CARTESIAN_POINT('Origin',(31.4912335357031,68.6188910606913,5.));
#11185=CARTESIAN_POINT('',(30.0113875768689,69.823467514226,5.));
#11186=CARTESIAN_POINT('Origin',(0.,0.,5.));
#11187=CARTESIAN_POINT('',(29.3520044712917,69.5554443125518,5.));
#11188=CARTESIAN_POINT('Origin',(29.8139442375474,69.3641025963692,5.));
#11189=CARTESIAN_POINT('',(29.1631971936354,69.0996232221592,5.));
#11190=CARTESIAN_POINT('',(14.9097942088289,34.6888644262699,5.));
#11191=CARTESIAN_POINT('',(28.2393176611241,69.4823066545243,5.));
#11192=CARTESIAN_POINT('Origin',(28.7012574273798,69.2909649383417,5.));
#11193=CARTESIAN_POINT('',(28.4281249387804,69.9381277449169,5.));
#11194=CARTESIAN_POINT('',(14.1769416823247,35.5327278473169,5.));
#11195=CARTESIAN_POINT('',(28.1513916968461,70.5939030336895,5.));
#11196=CARTESIAN_POINT('Origin',(27.9661851725248,70.1294694610994,5.));
#11197=CARTESIAN_POINT('',(26.0491410614643,71.3963742073724,5.));
#11198=CARTESIAN_POINT('Origin',(0.,0.,5.));
#11199=CARTESIAN_POINT('',(25.4058234682741,71.0918007501435,5.));
#11200=CARTESIAN_POINT('Origin',(25.8777651334283,70.926661219166,5.));
#11201=CARTESIAN_POINT('',(25.24287131179,70.6261102421451,5.));
#11202=CARTESIAN_POINT('',(12.9431350545811,35.4754835216873,5.));
#11203=CARTESIAN_POINT('',(24.2989879814817,70.9563893041002,5.));
#11204=CARTESIAN_POINT('Origin',(24.7709296466358,70.7912497731227,5.));
#11205=CARTESIAN_POINT('',(24.4619401379658,71.4220798120987,5.));
#11206=CARTESIAN_POINT('',(12.1641196412405,36.2769280205533,5.));
#11207=CARTESIAN_POINT('',(24.1488726348832,72.0613068883947,5.));
#11208=CARTESIAN_POINT('Origin',(23.9899984728116,71.5872193430763,5.));
#11209=CARTESIAN_POINT('',(22.0049343110263,72.744641493148,5.));
#11210=CARTESIAN_POINT('Origin',(0.,0.,5.));
#11211=CARTESIAN_POINT('',(21.379706345376,72.4044760811423,5.));
#11212=CARTESIAN_POINT('Origin',(21.8601650063485,72.2660583254299,5.));
#11213=CARTESIAN_POINT('',(21.2431220178348,71.9303813901651,5.));
#11214=CARTESIAN_POINT('',(10.9349436562786,36.1499025984909,5.));
#11215=CARTESIAN_POINT('',(20.2822046958897,72.2072169015899,5.));
#11216=CARTESIAN_POINT('Origin',(20.7626633568623,72.0687991458775,5.));
#11217=CARTESIAN_POINT('',(20.4187890234309,72.6813115925671,5.));
#11218=CARTESIAN_POINT('',(10.1122164268,36.9064065342765,5.));
#11219=CARTESIAN_POINT('',(20.0703722853885,73.3019792115132,5.));
#11220=CARTESIAN_POINT('Origin',(19.9383303624583,72.8197293482796,5.));
#11221=CARTESIAN_POINT('',(18.2826213951462,73.7681893157271,5.));
#11222=CARTESIAN_POINT('Origin',(0.,0.,5.));
#11223=CARTESIAN_POINT('',(17.6748770351399,73.3941327477333,5.));
#11224=CARTESIAN_POINT('Origin',(18.1623409912308,73.2828722807552,5.));
#11225=CARTESIAN_POINT('',(17.388488420521,72.1393822433256,5.));
#11226=CARTESIAN_POINT('',(9.19261989297894,36.2309360130843,5.));
#11227=CARTESIAN_POINT('',(15.6336181785937,72.5399199244469,5.));
#11228=CARTESIAN_POINT('Origin',(16.5110532995574,72.3396510838863,5.));
#11229=CARTESIAN_POINT('',(15.9200067932126,73.7946704288547,5.));
#11230=CARTESIAN_POINT('',(7.63742556965172,37.5063110543255,5.));
#11231=CARTESIAN_POINT('',(15.5347451075662,74.3953741467987,5.));
#11232=CARTESIAN_POINT('Origin',(15.4325428371217,73.9059308958329,5.));
#11233=CARTESIAN_POINT('',(13.7217562286623,74.7510093978695,5.));
#11234=CARTESIAN_POINT('Origin',(0.,0.,5.));
#11235=CARTESIAN_POINT('',(13.1385460073725,74.3429795529569,5.));
#11236=CARTESIAN_POINT('Origin',(13.6314815166317,74.2592264413045,5.));
#11237=CARTESIAN_POINT('',(13.0559022571135,73.8565732772102,5.));
#11238=CARTESIAN_POINT('',(6.81983157528303,37.1536900448465,5.));
#11239=CARTESIAN_POINT('',(12.0700312385953,74.0240795005149,5.));
#11240=CARTESIAN_POINT('Origin',(12.5629667478544,73.9403263888626,5.));
#11241=CARTESIAN_POINT('',(12.1526749888543,74.5104857762617,5.));
#11242=CARTESIAN_POINT('',(5.91757591509819,37.8133210194445,5.));
#11243=CARTESIAN_POINT('',(11.7369562973409,75.0882404699532,5.));
#11244=CARTESIAN_POINT('Origin',(11.6597394795952,74.594238887914,5.));
#11245=CARTESIAN_POINT('',(9.50884683946416,75.4027972411026,5.));
#11246=CARTESIAN_POINT('Origin',(0.,0.,5.));
#11247=CARTESIAN_POINT('',(8.94943253162632,74.9627084446732,5.));
#11248=CARTESIAN_POINT('Origin',(9.44628863657295,74.9067262066216,5.));
#11249=CARTESIAN_POINT('',(8.89419181269415,74.4724335039364,5.));
#11250=CARTESIAN_POINT('',(4.72612012982505,37.4797741612023,5.));
#11251=CARTESIAN_POINT('',(7.9004796028009,74.5843979800397,5.));
#11252=CARTESIAN_POINT('Origin',(8.39733570774752,74.528415741988,5.));
#11253=CARTESIAN_POINT('',(7.95572032173308,75.0746729207765,5.));
#11254=CARTESIAN_POINT('',(3.78829808093769,38.0877775358684,5.));
#11255=CARTESIAN_POINT('',(7.50826066855325,75.6282091665026,5.));
#11256=CARTESIAN_POINT('Origin',(7.45886421678645,75.1306551588282,5.));
#11257=CARTESIAN_POINT('',(5.26601910017452,75.8173399878669,5.));
#11258=CARTESIAN_POINT('Origin',(0.,0.,5.));
#11259=CARTESIAN_POINT('',(4.73216083016446,75.3465769220917,5.));
#11260=CARTESIAN_POINT('Origin',(5.23137423767337,75.3185416984731,5.));
#11261=CARTESIAN_POINT('',(4.70449695029802,74.8539759027125,5.));
#11262=CARTESIAN_POINT('',(2.61725006421338,37.6871016701291,5.));
#11263=CARTESIAN_POINT('',(3.7060701352802,74.9100463499497,5.));
#11264=CARTESIAN_POINT('Origin',(4.20528354278911,74.8820111263311,5.));
#11265=CARTESIAN_POINT('',(3.73373401514664,75.4026473693288,5.));
#11266=CARTESIAN_POINT('',(1.64681236175004,38.2415644413071,5.));
#11267=CARTESIAN_POINT('',(3.25594127391347,75.9302235372716,5.));
#11268=CARTESIAN_POINT('Origin',(3.23452060763773,75.4306825929474,5.));
#11269=CARTESIAN_POINT('',(1.40927152317882,75.986932783033,5.));
#11270=CARTESIAN_POINT('Origin',(0.,0.,5.));
#11271=CARTESIAN_POINT('',(0.900000000000015,75.4870187515656,5.));
#11272=CARTESIAN_POINT('Origin',(1.40000000000001,75.4870187515656,5.));
#11273=CARTESIAN_POINT('',(0.900000000000017,74.1999999999948,5.));
#11274=CARTESIAN_POINT('',(0.90000000000008,37.3749958887941,5.));
#11275=CARTESIAN_POINT('',(-0.899999999999983,74.1999999999948,5.));
#11276=CARTESIAN_POINT('Origin',(1.70426752770496E-14,74.1999999999948,
5.));
#11277=CARTESIAN_POINT('',(-0.899999999999985,75.4870187515656,5.));
#11278=CARTESIAN_POINT('',(-0.899999999999921,38.2723313216899,5.));
#11279=CARTESIAN_POINT('',(-1.40927152317879,75.986932783033,5.));
#11280=CARTESIAN_POINT('Origin',(-1.39999999999999,75.4870187515656,5.));
#11281=CARTESIAN_POINT('',(-3.25594127391345,75.9302235372716,5.));
#11282=CARTESIAN_POINT('Origin',(0.,0.,5.));
#11283=CARTESIAN_POINT('',(-3.73373401514661,75.4026473693288,5.));
#11284=CARTESIAN_POINT('Origin',(-3.2345206076377,75.4306825929474,5.));
#11285=CARTESIAN_POINT('',(-3.70607013528017,74.9100463499497,5.));
#11286=CARTESIAN_POINT('',(-1.6188232491954,37.7431721173663,5.));
#11287=CARTESIAN_POINT('',(-4.70449695029799,74.8539759027125,5.));
#11288=CARTESIAN_POINT('Origin',(-4.20528354278908,74.8820111263311,5.));
#11289=CARTESIAN_POINT('',(-4.73216083016443,75.3465769220916,5.));
#11290=CARTESIAN_POINT('',(-2.6452391767677,38.1854939940699,5.));
#11291=CARTESIAN_POINT('',(-5.26601910017449,75.8173399878669,5.));
#11292=CARTESIAN_POINT('Origin',(-5.23137423767334,75.3185416984731,5.));
#11293=CARTESIAN_POINT('',(-7.50826066855322,75.6282091665026,5.));
#11294=CARTESIAN_POINT('Origin',(0.,0.,5.));
#11295=CARTESIAN_POINT('',(-7.95572032173305,75.0746729207765,5.));
#11296=CARTESIAN_POINT('Origin',(-7.45886421678642,75.1306551588282,5.));
#11297=CARTESIAN_POINT('',(-7.90047960280087,74.5843979800397,5.));
#11298=CARTESIAN_POINT('',(-3.73240791993165,37.5917386373056,5.));
#11299=CARTESIAN_POINT('',(-8.89419181269411,74.4724335039364,5.));
#11300=CARTESIAN_POINT('Origin',(-8.39733570774749,74.528415741988,5.));
#11301=CARTESIAN_POINT('',(-8.94943253162629,74.9627084446732,5.));
#11302=CARTESIAN_POINT('',(-4.78201029083077,37.9758130597651,5.));
#11303=CARTESIAN_POINT('',(-9.50884683946413,75.4027972411026,5.));
#11304=CARTESIAN_POINT('Origin',(-9.44628863657292,74.9067262066216,5.));
#11305=CARTESIAN_POINT('',(-11.7369562973408,75.0882404699532,5.));
#11306=CARTESIAN_POINT('Origin',(0.,0.,5.));
#11307=CARTESIAN_POINT('',(-12.1526749888543,74.5104857762617,5.));
#11308=CARTESIAN_POINT('Origin',(-11.6597394795952,74.594238887914,5.));
#11309=CARTESIAN_POINT('',(-12.0700312385952,74.0240795005149,5.));
#11310=CARTESIAN_POINT('',(-5.83396055676463,37.3211962681513,5.));
#11311=CARTESIAN_POINT('',(-13.0559022571135,73.8565732772102,5.));
#11312=CARTESIAN_POINT('Origin',(-12.5629667478543,73.9403263888626,5.));
#11313=CARTESIAN_POINT('',(-13.1385460073725,74.3429795529569,5.));
#11314=CARTESIAN_POINT('',(-6.90344693361626,37.6458147961398,5.));
#11315=CARTESIAN_POINT('',(-13.7217562286623,74.7510093978695,5.));
#11316=CARTESIAN_POINT('Origin',(-13.6314815166316,74.2592264413046,5.));
#11317=CARTESIAN_POINT('',(-15.5347451075661,74.3953741467987,5.));
#11318=CARTESIAN_POINT('Origin',(0.,0.,5.));
#11319=CARTESIAN_POINT('',(-15.9200067932125,73.7946704288547,5.));
#11320=CARTESIAN_POINT('Origin',(-15.4325428371216,73.9059308958329,5.));
#11321=CARTESIAN_POINT('',(-15.6336181785937,72.5399199244469,5.));
#11322=CARTESIAN_POINT('',(-7.4377496510515,36.6314736942056,5.));
#11323=CARTESIAN_POINT('',(-17.388488420521,72.1393822433256,5.));
#11324=CARTESIAN_POINT('Origin',(-16.5110532995574,72.3396510838863,5.));
#11325=CARTESIAN_POINT('',(-17.6748770351398,73.3941327477333,5.));
#11326=CARTESIAN_POINT('',(-9.39229581157885,37.1057733732042,5.));
#11327=CARTESIAN_POINT('',(-18.2826213951462,73.7681893157271,5.));
#11328=CARTESIAN_POINT('Origin',(-18.1623409912307,73.2828722807552,5.));
#11329=CARTESIAN_POINT('',(-20.0703722853885,73.3019792115133,5.));
#11330=CARTESIAN_POINT('Origin',(0.,0.,5.));
#11331=CARTESIAN_POINT('',(-20.4187890234308,72.6813115925671,5.));
#11332=CARTESIAN_POINT('Origin',(-19.9383303624583,72.8197293482796,5.));
#11333=CARTESIAN_POINT('',(-20.2822046958897,72.2072169015899,5.));
#11334=CARTESIAN_POINT('',(-9.97402633433334,36.4267381099157,5.));
#11335=CARTESIAN_POINT('',(-21.2431220178348,71.9303813901651,5.));
#11336=CARTESIAN_POINT('Origin',(-20.7626633568623,72.0687991458775,5.));
#11337=CARTESIAN_POINT('',(-21.3797063453759,72.4044760811423,5.));
#11338=CARTESIAN_POINT('',(-11.073133748745,36.6295710228517,5.));
#11339=CARTESIAN_POINT('',(-22.0049343110263,72.744641493148,5.));
#11340=CARTESIAN_POINT('Origin',(-21.8601650063485,72.2660583254299,5.));
#11341=CARTESIAN_POINT('',(-24.1488726348831,72.0613068883947,5.));
#11342=CARTESIAN_POINT('Origin',(0.,0.,5.));
#11343=CARTESIAN_POINT('',(-24.4619401379657,71.4220798120987,5.));
#11344=CARTESIAN_POINT('Origin',(-23.9899984728115,71.5872193430763,5.));
#11345=CARTESIAN_POINT('',(-24.2989879814816,70.9563893041003,5.));
#11346=CARTESIAN_POINT('',(-11.9992517242725,35.8057625836425,5.));
#11347=CARTESIAN_POINT('',(-25.24287131179,70.6261102421451,5.));
#11348=CARTESIAN_POINT('Origin',(-24.7709296466358,70.7912497731227,5.));
#11349=CARTESIAN_POINT('',(-25.4058234682741,71.0918007501435,5.));
#11350=CARTESIAN_POINT('',(-13.1080029715488,35.9466489585982,5.));
#11351=CARTESIAN_POINT('',(-26.0491410614642,71.3963742073724,5.));
#11352=CARTESIAN_POINT('Origin',(-25.8777651334283,70.926661219166,5.));
#11353=CARTESIAN_POINT('',(-28.1513916968461,70.5939030336895,5.));
#11354=CARTESIAN_POINT('Origin',(0.,0.,5.));
#11355=CARTESIAN_POINT('',(-28.4281249387804,69.9381277449169,5.));
#11356=CARTESIAN_POINT('Origin',(-27.9661851725248,70.1294694610994,5.));
#11357=CARTESIAN_POINT('',(-28.2393176611241,69.4823066545243,5.));
#11358=CARTESIAN_POINT('',(-13.9859146763174,35.071547858635,5.));
#11359=CARTESIAN_POINT('',(-29.1631971936354,69.0996232221592,5.));
#11360=CARTESIAN_POINT('Origin',(-28.7012574273797,69.2909649383417,5.));
#11361=CARTESIAN_POINT('',(-29.3520044712917,69.5554443125518,5.));
#11362=CARTESIAN_POINT('',(-15.1008212148358,35.1500444149518,5.));
#11363=CARTESIAN_POINT('',(-30.0113875768688,69.823467514226,5.));
#11364=CARTESIAN_POINT('Origin',(-29.8139442375473,69.3641025963692,5.));
#11365=CARTESIAN_POINT('',(-31.6997847511714,69.0733208028151,5.));
#11366=CARTESIAN_POINT('Origin',(0.,0.,5.));
#11367=CARTESIAN_POINT('',(-31.9417179696543,68.4019491911326,5.));
#11368=CARTESIAN_POINT('Origin',(-31.4912335357031,68.6188910606913,5.));
#11369=CARTESIAN_POINT('',(-31.3833014614084,67.2423853635606,5.));
#11370=CARTESIAN_POINT('',(-15.3937149618533,34.0396668748905,5.));
#11371=CARTESIAN_POINT('',(-33.0050454236327,66.461394633149,5.));
#11372=CARTESIAN_POINT('Origin',(-32.1941734425205,66.8518899983548,5.));
#11373=CARTESIAN_POINT('',(-33.5634619318787,67.6209584607209,5.));
#11374=CARTESIAN_POINT('',(-17.4047981769451,34.0671474335838,5.));
#11375=CARTESIAN_POINT('',(-34.2392042887824,67.8504008069977,5.));
#11376=CARTESIAN_POINT('Origin',(-34.0139463658299,67.4040165911622,5.));
#11377=CARTESIAN_POINT('',(-35.878391023898,66.9980675656805,5.));
#11378=CARTESIAN_POINT('Origin',(0.,0.,5.));
#11379=CARTESIAN_POINT('',(-36.0799606886425,66.3154313618273,5.));
#11380=CARTESIAN_POINT('Origin',(-35.6423489776881,66.5572908053799,5.));
#11381=CARTESIAN_POINT('',(-35.8413048219361,65.8836160867046,5.));
#11382=CARTESIAN_POINT('',(-17.818269392357,33.2733890264018,5.));
#11383=CARTESIAN_POINT('',(-36.7165282438448,65.3998971995994,5.));
#11384=CARTESIAN_POINT('Origin',(-36.2789165328905,65.641756643152,5.));
#11385=CARTESIAN_POINT('',(-36.9551841105513,65.8317124747221,5.));
#11386=CARTESIAN_POINT('',(-18.9349544583765,33.226562086359,5.));
#11387=CARTESIAN_POINT('',(-37.6404302309196,66.0242229187931,5.));
#11388=CARTESIAN_POINT('Origin',(-37.3927958215057,65.5898530311694,5.));
#11389=CARTESIAN_POINT('',(-39.5785592903896,64.88094978109,5.));
#11390=CARTESIAN_POINT('Origin',(0.,0.,5.));
#11391=CARTESIAN_POINT('',(-39.7415361315143,64.1880853890094,5.));
#11392=CARTESIAN_POINT('Origin',(-39.3181740319002,64.454101427267,5.));
#11393=CARTESIAN_POINT('',(-39.4790436390333,63.7703309803746,5.));
#11394=CARTESIAN_POINT('',(-19.651722137013,32.215329575951,5.));
#11395=CARTESIAN_POINT('',(-40.3257678382616,63.2382989038593,5.));
#11396=CARTESIAN_POINT('Origin',(-39.9024057386475,63.5043149421169,5.));
#11397=CARTESIAN_POINT('',(-40.5882603307426,63.656053312494,5.));
#11398=CARTESIAN_POINT('',(-20.7640248433858,32.1059632722723,5.));
#11399=CARTESIAN_POINT('',(-41.2832225789021,63.809838845589,5.));
#11400=CARTESIAN_POINT('Origin',(-41.0116224303567,63.3900372742364,5.));
#11401=CARTESIAN_POINT('',(-43.154198766697,62.5596925248488,5.));
#11402=CARTESIAN_POINT('Origin',(0.,0.,5.));
#11403=CARTESIAN_POINT('',(-43.2780699987641,61.8587799522533,5.));
#11404=CARTESIAN_POINT('Origin',(-42.8702895642845,62.1481156003431,5.));
#11405=CARTESIAN_POINT('',(-42.9925667790028,61.4564008200302,5.));
#11406=CARTESIAN_POINT('',(-21.4221751899308,31.0557788705551,5.));
#11407=CARTESIAN_POINT('',(-43.808127647962,60.8777295238504,5.));
#11408=CARTESIAN_POINT('Origin',(-43.4003472134824,61.1670651719403,5.));
#11409=CARTESIAN_POINT('',(-44.0936308677234,61.2801086560735,5.));
#11410=CARTESIAN_POINT('',(-22.5265958208303,30.8842173100933,5.));
#11411=CARTESIAN_POINT('',(-44.7961226353302,61.39468541201,5.));
#11412=CARTESIAN_POINT('Origin',(-44.501411302203,60.9907730079836,5.));
#11413=CARTESIAN_POINT('',(-46.2752648205792,60.2876427287091,5.));
#11414=CARTESIAN_POINT('Origin',(0.,0.,5.));
#11415=CARTESIAN_POINT('',(-46.3617380300989,59.5792685993014,5.));
#11416=CARTESIAN_POINT('Origin',(-45.9708222888649,59.8910135002307,5.));
#11417=CARTESIAN_POINT('',(-45.5592949636936,58.5730368207966,5.));
#11418=CARTESIAN_POINT('',(-22.5618738985977,29.7351829366377,5.));
#11419=CARTESIAN_POINT('',(-46.966591632136,57.4507551774509,5.));
#11420=CARTESIAN_POINT('Origin',(-46.2629432979148,58.0118959991238,5.));
#11421=CARTESIAN_POINT('',(-47.7690346985413,58.4569869559556,5.));
#11422=CARTESIAN_POINT('',(-24.5286500582972,29.314466385064,5.));
#11423=CARTESIAN_POINT('',(-48.478890508913,58.5303098832053,5.));
#11424=CARTESIAN_POINT('Origin',(-48.1599504397754,58.1452420550263,5.));
#11425=CARTESIAN_POINT('',(-49.8873174213554,57.334593052538,5.));
#11426=CARTESIAN_POINT('Origin',(0.,0.,5.));
#11427=CARTESIAN_POINT('',(-49.9319324681302,56.6242184934795,5.));
#11428=CARTESIAN_POINT('Origin',(-49.5591113856886,56.9573917824555,5.));
#11429=CARTESIAN_POINT('',(-49.6031722639553,56.2563356552096,5.));
#11430=CARTESIAN_POINT('',(-24.7518089769406,28.447647301801,5.));
#11431=CARTESIAN_POINT('',(-50.3488144288384,55.5899890772576,5.));
#11432=CARTESIAN_POINT('Origin',(-49.9759933463968,55.9231623662336,5.));
#11433=CARTESIAN_POINT('',(-50.6775746330133,55.9578719155275,5.));
#11434=CARTESIAN_POINT('',(-25.830076442487,28.1535086070855,5.));
#11435=CARTESIAN_POINT('',(-51.3884778062858,55.9930741141446,5.));
#11436=CARTESIAN_POINT('Origin',(-51.0503957154549,55.6246986265515,5.));
#11437=CARTESIAN_POINT('',(-53.0236117174049,54.447190932509,5.));
#11438=CARTESIAN_POINT('Origin',(0.,0.,5.));
#11439=CARTESIAN_POINT('',(-53.0283255572258,53.7354323384124,5.));
#11440=CARTESIAN_POINT('Origin',(-52.6747721666325,54.0889857290056,5.));
#11441=CARTESIAN_POINT('',(-52.6794551983941,53.3865619795807,5.));
#11442=CARTESIAN_POINT('',(-26.3004488482987,27.0075556294854,5.));
#11443=CARTESIAN_POINT('',(-53.3865619795807,52.6794551983941,5.));
#11444=CARTESIAN_POINT('Origin',(-53.0330085889874,53.0330085889874,5.));
#11445=CARTESIAN_POINT('',(-53.7354323384123,53.0283255572258,5.));
#11446=CARTESIAN_POINT('',(-27.360527511499,26.6534207303126,5.));
#11447=CARTESIAN_POINT('',(-54.447190932509,53.023611717405,5.));
#11448=CARTESIAN_POINT('Origin',(-54.0889857290056,52.6747721666325,5.));
#11449=CARTESIAN_POINT('',(-55.9930741141445,51.3884778062858,5.));
#11450=CARTESIAN_POINT('Origin',(0.,0.,5.));
#11451=CARTESIAN_POINT('',(-55.9578719155275,50.6775746330134,5.));
#11452=CARTESIAN_POINT('Origin',(-55.6246986265514,51.050395715455,5.));
#11453=CARTESIAN_POINT('',(-55.5899890772575,50.3488144288384,5.));
#11454=CARTESIAN_POINT('',(-27.7650412803246,25.4829208147286,5.));
#11455=CARTESIAN_POINT('',(-56.2563356552095,49.6031722639553,5.));
#11456=CARTESIAN_POINT('Origin',(-55.9231623662335,49.9759933463969,5.));
#11457=CARTESIAN_POINT('',(-56.6242184934795,49.9319324681302,5.));
#11458=CARTESIAN_POINT('',(-28.8035957415131,25.0699039505086,5.));
#11459=CARTESIAN_POINT('',(-57.334593052538,49.8873174213555,5.));
#11460=CARTESIAN_POINT('Origin',(-56.9573917824555,49.5591113856886,5.));
#11461=CARTESIAN_POINT('',(-58.5303098832053,48.478890508913,5.));
#11462=CARTESIAN_POINT('Origin',(0.,0.,5.));
#11463=CARTESIAN_POINT('',(-58.4569869559556,47.7690346985414,5.));
#11464=CARTESIAN_POINT('Origin',(-58.1452420550263,48.1599504397754,5.));
#11465=CARTESIAN_POINT('',(-57.4507551774509,46.966591632136,5.));
#11466=CARTESIAN_POINT('',(-28.5788577617505,23.9420217565724,5.));
#11467=CARTESIAN_POINT('',(-58.5730368207966,45.5592949636936,5.));
#11468=CARTESIAN_POINT('Origin',(-58.0118959991237,46.2629432979148,5.));
#11469=CARTESIAN_POINT('',(-59.5792685993013,46.3617380300989,5.));
#11470=CARTESIAN_POINT('',(-30.4027044968683,23.094204579387,5.));
#11471=CARTESIAN_POINT('',(-60.2876427287091,46.2752648205793,5.));
#11472=CARTESIAN_POINT('Origin',(-59.8910135002307,45.9708222888649,5.));
#11473=CARTESIAN_POINT('',(-61.3946854120099,44.7961226353302,5.));
#11474=CARTESIAN_POINT('Origin',(0.,0.,5.));
#11475=CARTESIAN_POINT('',(-61.2801086560734,44.0936308677234,5.));
#11476=CARTESIAN_POINT('Origin',(-60.9907730079835,44.501411302203,5.));
#11477=CARTESIAN_POINT('',(-60.8777295238504,43.8081276479621,5.));
#11478=CARTESIAN_POINT('',(-30.4239789555494,22.2000392935226,5.));
#11479=CARTESIAN_POINT('',(-61.4564008200302,42.9925667790028,5.));
#11480=CARTESIAN_POINT('Origin',(-61.1670651719403,43.4003472134824,5.));
#11481=CARTESIAN_POINT('',(-61.8587799522532,43.2780699987641,5.));
#11482=CARTESIAN_POINT('',(-31.4097599874473,21.6733381865036,5.));
#11483=CARTESIAN_POINT('',(-62.5596925248487,43.154198766697,5.));
#11484=CARTESIAN_POINT('Origin',(-62.1481156003431,42.8702895642845,5.));
#11485=CARTESIAN_POINT('',(-63.8098388455889,41.2832225789022,5.));
#11486=CARTESIAN_POINT('Origin',(0.,0.,5.));
#11487=CARTESIAN_POINT('',(-63.656053312494,40.5882603307426,5.));
#11488=CARTESIAN_POINT('Origin',(-63.3900372742363,41.0116224303568,5.));
#11489=CARTESIAN_POINT('',(-63.2382989038592,40.3257678382616,5.));
#11490=CARTESIAN_POINT('',(-31.6100228001042,20.4524047910998,5.));
#11491=CARTESIAN_POINT('',(-63.7703309803746,39.4790436390334,5.));
#11492=CARTESIAN_POINT('Origin',(-63.5043149421169,39.9024057386475,5.));
#11493=CARTESIAN_POINT('',(-64.1880853890094,39.7415361315143,5.));
#11494=CARTESIAN_POINT('',(-32.5647206494561,19.871259099016,5.));
#11495=CARTESIAN_POINT('',(-64.88094978109,39.5785592903896,5.));
#11496=CARTESIAN_POINT('Origin',(-64.454101427267,39.3181740319002,5.));
#11497=CARTESIAN_POINT('',(-66.0242229187931,37.6404302309196,5.));
#11498=CARTESIAN_POINT('Origin',(0.,0.,5.));
#11499=CARTESIAN_POINT('',(-65.8317124747221,36.9551841105513,5.));
#11500=CARTESIAN_POINT('Origin',(-65.5898530311694,37.3927958215057,5.));
#11501=CARTESIAN_POINT('',(-65.3998971995994,36.7165282438449,5.));
#11502=CARTESIAN_POINT('',(-32.6954417148895,18.6414146049232,5.));
#11503=CARTESIAN_POINT('',(-65.8836160867046,35.8413048219361,5.));
#11504=CARTESIAN_POINT('Origin',(-65.641756643152,36.2789165328905,5.));
#11505=CARTESIAN_POINT('',(-66.3154313618273,36.0799606886425,5.));
#11506=CARTESIAN_POINT('',(-33.6160525490572,18.0076528271251,5.));
#11507=CARTESIAN_POINT('',(-66.9980675656805,35.878391023898,5.));
#11508=CARTESIAN_POINT('Origin',(-66.5572908053799,35.6423489776882,5.));
#11509=CARTESIAN_POINT('',(-67.8504008069977,34.2392042887824,5.));
#11510=CARTESIAN_POINT('Origin',(0.,0.,5.));
#11511=CARTESIAN_POINT('',(-67.6209584607209,33.5634619318787,5.));
#11512=CARTESIAN_POINT('Origin',(-67.4040165911622,34.0139463658299,5.));
#11513=CARTESIAN_POINT('',(-66.461394633149,33.0050454236328,5.));
#11514=CARTESIAN_POINT('',(-33.1429498556768,16.959728080662,5.));
#11515=CARTESIAN_POINT('',(-67.2423853635606,31.3833014614084,5.));
#11516=CARTESIAN_POINT('Origin',(-66.8518899983548,32.1941734425206,5.));
#11517=CARTESIAN_POINT('',(-68.4019491911325,31.9417179696543,5.));
#11518=CARTESIAN_POINT('',(-34.7324118751933,15.7273233713051,5.));
#11519=CARTESIAN_POINT('',(-69.0733208028151,31.6997847511714,5.));
#11520=CARTESIAN_POINT('Origin',(-68.6188910606913,31.4912335357031,5.));
#11521=CARTESIAN_POINT('',(-69.823467514226,30.0113875768689,5.));
#11522=CARTESIAN_POINT('Origin',(0.,0.,5.));
#11523=CARTESIAN_POINT('',(-69.5554443125518,29.3520044712917,5.));
#11524=CARTESIAN_POINT('Origin',(-69.3641025963692,29.8139442375474,5.));
#11525=CARTESIAN_POINT('',(-69.0996232221592,29.1631971936354,5.));
#11526=CARTESIAN_POINT('',(-34.5513664818715,14.8528406954607,5.));
#11527=CARTESIAN_POINT('',(-69.4823066545243,28.2393176611241,5.));
#11528=CARTESIAN_POINT('Origin',(-69.2909649383417,28.7012574273798,5.));
#11529=CARTESIAN_POINT('',(-69.9381277449169,28.4281249387804,5.));
#11530=CARTESIAN_POINT('',(-35.3952299029185,14.1199881689565,5.));
#11531=CARTESIAN_POINT('',(-70.5939030336895,28.1513916968462,5.));
#11532=CARTESIAN_POINT('Origin',(-70.1294694610994,27.9661851725248,5.));
#11533=CARTESIAN_POINT('',(-71.3963742073724,26.0491410614643,5.));
#11534=CARTESIAN_POINT('Origin',(0.,0.,5.));
#11535=CARTESIAN_POINT('',(-71.0918007501435,25.4058234682741,5.));
#11536=CARTESIAN_POINT('Origin',(-70.926661219166,25.8777651334283,5.));
#11537=CARTESIAN_POINT('',(-70.6261102421451,25.24287131179,5.));
#11538=CARTESIAN_POINT('',(-35.3162139216926,12.8874042111652,5.));
#11539=CARTESIAN_POINT('',(-70.9563893041002,24.2989879814817,5.));
#11540=CARTESIAN_POINT('Origin',(-70.7912497731227,24.7709296466358,5.));
#11541=CARTESIAN_POINT('',(-71.4220798120987,24.4619401379658,5.));
#11542=CARTESIAN_POINT('',(-36.1176584205586,12.1083887978247,5.));
#11543=CARTESIAN_POINT('',(-72.0613068883947,24.1488726348832,5.));
#11544=CARTESIAN_POINT('Origin',(-71.5872193430763,23.9899984728116,5.));
#11545=CARTESIAN_POINT('',(-72.744641493148,22.0049343110263,5.));
#11546=CARTESIAN_POINT('Origin',(0.,0.,5.));
#11547=CARTESIAN_POINT('',(-72.4044760811423,21.379706345376,5.));
#11548=CARTESIAN_POINT('Origin',(-72.2660583254299,21.8601650063485,5.));
#11549=CARTESIAN_POINT('',(-71.9303813901651,21.2431220178348,5.));
#11550=CARTESIAN_POINT('',(-35.9691351341011,10.8828654469359,5.));
#11551=CARTESIAN_POINT('',(-72.2072169015899,20.2822046958897,5.));
#11552=CARTESIAN_POINT('Origin',(-72.0687991458775,20.7626633568623,5.));
#11553=CARTESIAN_POINT('',(-72.6813115925671,20.4187890234309,5.));
#11554=CARTESIAN_POINT('',(-36.7256390698868,10.0601382174573,5.));
#11555=CARTESIAN_POINT('',(-73.3019792115132,20.0703722853885,5.));
#11556=CARTESIAN_POINT('Origin',(-72.8197293482796,19.9383303624583,5.));
#11557=CARTESIAN_POINT('',(-73.7681893157271,18.2826213951462,5.));
#11558=CARTESIAN_POINT('Origin',(0.,0.,5.));
#11559=CARTESIAN_POINT('',(-73.3941327477333,17.6748770351399,5.));
#11560=CARTESIAN_POINT('Origin',(-73.2828722807552,18.1623409912308,5.));
#11561=CARTESIAN_POINT('',(-72.1393822433256,17.388488420521,5.));
#11562=CARTESIAN_POINT('',(-36.0292148236189,9.14657834783726,5.));
#11563=CARTESIAN_POINT('',(-72.5399199244469,15.6336181785938,5.));
#11564=CARTESIAN_POINT('Origin',(-72.3396510838863,16.5110532995574,5.));
#11565=CARTESIAN_POINT('',(-73.7946704288547,15.9200067932126,5.));
#11566=CARTESIAN_POINT('',(-37.3045898648602,7.59138402451005,5.));
#11567=CARTESIAN_POINT('',(-74.3953741467987,15.5347451075662,5.));
#11568=CARTESIAN_POINT('Origin',(-73.9059308958329,15.4325428371217,5.));
#11569=CARTESIAN_POINT('',(-74.7510093978695,13.7217562286623,5.));
#11570=CARTESIAN_POINT('Origin',(0.,0.,5.));
#11571=CARTESIAN_POINT('',(-74.3429795529569,13.1385460073725,5.));
#11572=CARTESIAN_POINT('Origin',(-74.2592264413046,13.6314815166317,5.));
#11573=CARTESIAN_POINT('',(-73.8565732772102,13.0559022571135,5.));
#11574=CARTESIAN_POINT('',(-36.9318227748755,6.78213480991546,5.));
#11575=CARTESIAN_POINT('',(-74.0240795005149,12.0700312385953,5.));
#11576=CARTESIAN_POINT('Origin',(-73.9403263888626,12.5629667478544,5.));
#11577=CARTESIAN_POINT('',(-74.5104857762617,12.1526749888543,5.));
#11578=CARTESIAN_POINT('',(-37.5914537494735,5.87987914973062,5.));
#11579=CARTESIAN_POINT('',(-75.0882404699532,11.7369562973409,5.));
#11580=CARTESIAN_POINT('Origin',(-74.594238887914,11.6597394795952,5.));
#11581=CARTESIAN_POINT('',(-75.4027972411026,9.50884683946415,5.));
#11582=CARTESIAN_POINT('Origin',(0.,0.,5.));
#11583=CARTESIAN_POINT('',(-74.9627084446732,8.94943253162632,5.));
#11584=CARTESIAN_POINT('Origin',(-74.9067262066216,9.44628863657293,5.));
#11585=CARTESIAN_POINT('',(-74.4724335039364,8.89419181269415,5.));
#11586=CARTESIAN_POINT('',(-37.2388218039469,4.69897131935723,5.));
#11587=CARTESIAN_POINT('',(-74.5843979800397,7.90047960280091,5.));
#11588=CARTESIAN_POINT('Origin',(-74.528415741988,8.39733570774753,5.));
#11589=CARTESIAN_POINT('',(-75.0746729207765,7.95572032173308,5.));
#11590=CARTESIAN_POINT('',(-37.846825178613,3.76114927046987,5.));
#11591=CARTESIAN_POINT('',(-75.6282091665026,7.50826066855327,5.));
#11592=CARTESIAN_POINT('Origin',(-75.1306551588282,7.45886421678647,5.));
#11593=CARTESIAN_POINT('',(-75.8173399878669,5.26601910017451,5.));
#11594=CARTESIAN_POINT('Origin',(0.,0.,5.));
#11595=CARTESIAN_POINT('',(-75.3465769220917,4.73216083016446,5.));
#11596=CARTESIAN_POINT('Origin',(-75.3185416984731,5.23137423767336,5.));
#11597=CARTESIAN_POINT('',(-74.8539759027125,4.70449695029802,5.));
#11598=CARTESIAN_POINT('',(-37.4283652248568,2.60271973711802,5.));
#11599=CARTESIAN_POINT('',(-74.9100463499497,3.70607013528021,5.));
#11600=CARTESIAN_POINT('Origin',(-74.8820111263311,4.20528354278911,5.));
#11601=CARTESIAN_POINT('',(-75.4026473693288,3.73373401514665,5.));
#11602=CARTESIAN_POINT('',(-37.9828279960347,1.63228203465468,5.));
#11603=CARTESIAN_POINT('',(-75.9302235372716,3.2559412739135,5.));
#11604=CARTESIAN_POINT('Origin',(-75.4306825929474,3.23452060763775,5.));
#11605=CARTESIAN_POINT('Origin',(0.,0.,5.));
#11606=CARTESIAN_POINT('',(53.367401902471,-14.2997522419143,5.));
#11607=CARTESIAN_POINT('',(44.4325880092971,-11.905676074716,5.));
#11608=CARTESIAN_POINT('Origin',(48.8999949558841,-13.1027141583151,5.));
#11609=CARTESIAN_POINT('',(-39.8371685740842,-23.,5.));
#11610=CARTESIAN_POINT('Origin',(0.,0.,5.));
#11611=CARTESIAN_POINT('',(-47.8479035590903,-27.625,5.));
#11612=CARTESIAN_POINT('Origin',(-43.8425360665872,-25.3125,5.));
#11613=CARTESIAN_POINT('Origin',(0.,0.,5.));
#11614=CARTESIAN_POINT('',(-55.4157673333779,-60.,5.));
#11615=CARTESIAN_POINT('Origin',(-51.4157673333779,-60.,5.));
#11616=CARTESIAN_POINT('',(-25.7907673333779,-60.,5.));
#11617=CARTESIAN_POINT('Origin',(-21.7907673333779,-60.,5.));
#11618=CARTESIAN_POINT('',(3.8342326666221,-60.,5.));
#11619=CARTESIAN_POINT('Origin',(7.83423266662211,-60.,5.));
#11620=CARTESIAN_POINT('',(-10.5,-2.22044604925031E-15,5.));
#11621=CARTESIAN_POINT('Origin',(0.,0.,5.));
#11622=CARTESIAN_POINT('Origin',(-73.2828722807552,18.1623409912308,0.));
#11623=CARTESIAN_POINT('',(-73.7681893157271,18.2826213951462,0.));
#11624=CARTESIAN_POINT('',(-73.3941327477333,17.6748770351399,0.));
#11625=CARTESIAN_POINT('Origin',(-72.1393822433256,17.388488420521,0.));
#11626=CARTESIAN_POINT('',(-72.1393822433256,17.388488420521,0.));
#11627=CARTESIAN_POINT('Origin',(-73.9059308958329,15.4325428371217,0.));
#11628=CARTESIAN_POINT('',(-74.3953741467987,15.5347451075662,0.));
#11629=CARTESIAN_POINT('',(-73.7946704288547,15.9200067932126,0.));
#11630=CARTESIAN_POINT('Origin',(-74.2895946446867,16.0329700157939,0.));
#11631=CARTESIAN_POINT('',(-72.5399199244469,15.6336181785938,0.));
#11632=CARTESIAN_POINT('Origin',(-72.3396510838863,16.5110532995574,0.));
#11633=CARTESIAN_POINT('Origin',(-67.4040165911622,34.0139463658299,0.));
#11634=CARTESIAN_POINT('',(-67.8504008069977,34.2392042887824,0.));
#11635=CARTESIAN_POINT('',(-67.6209584607209,33.5634619318787,0.));
#11636=CARTESIAN_POINT('Origin',(-66.461394633149,33.0050454236328,0.));
#11637=CARTESIAN_POINT('',(-66.461394633149,33.0050454236328,0.));
#11638=CARTESIAN_POINT('Origin',(-68.6188910606913,31.4912335357031,0.));
#11639=CARTESIAN_POINT('',(-69.0733208028151,31.6997847511714,0.));
#11640=CARTESIAN_POINT('',(-68.4019491911325,31.9417179696543,0.));
#11641=CARTESIAN_POINT('Origin',(-68.8593279417704,32.1619799671434,0.));
#11642=CARTESIAN_POINT('',(-67.2423853635606,31.3833014614084,0.));
#11643=CARTESIAN_POINT('Origin',(-66.8518899983548,32.1941734425206,0.));
#11644=CARTESIAN_POINT('Origin',(-58.1452420550263,48.1599504397754,0.));
#11645=CARTESIAN_POINT('',(-58.5303098832053,48.478890508913,0.));
#11646=CARTESIAN_POINT('',(-58.4569869559556,47.7690346985414,0.));
#11647=CARTESIAN_POINT('Origin',(-57.4507551774509,46.966591632136,0.));
#11648=CARTESIAN_POINT('',(-57.4507551774509,46.966591632136,0.));
#11649=CARTESIAN_POINT('Origin',(-59.8910135002307,45.9708222888649,0.));
#11650=CARTESIAN_POINT('',(-60.2876427287091,46.2752648205793,0.));
#11651=CARTESIAN_POINT('',(-59.5792685993013,46.3617380300989,0.));
#11652=CARTESIAN_POINT('Origin',(-59.9761670043407,46.6782539462076,0.));
#11653=CARTESIAN_POINT('',(-58.5730368207966,45.5592949636936,0.));
#11654=CARTESIAN_POINT('Origin',(-58.0118959991237,46.2629432979148,0.));
#11655=CARTESIAN_POINT('Origin',(-45.9708222888649,59.8910135002307,0.));
#11656=CARTESIAN_POINT('',(-46.2752648205792,60.2876427287091,0.));
#11657=CARTESIAN_POINT('',(-46.3617380300989,59.5792685993014,0.));
#11658=CARTESIAN_POINT('Origin',(-45.5592949636936,58.5730368207966,0.));
#11659=CARTESIAN_POINT('',(-45.5592949636936,58.5730368207966,0.));
#11660=CARTESIAN_POINT('Origin',(-48.1599504397754,58.1452420550263,0.));
#11661=CARTESIAN_POINT('',(-48.478890508913,58.5303098832053,0.));
#11662=CARTESIAN_POINT('',(-47.7690346985413,58.4569869559556,0.));
#11663=CARTESIAN_POINT('Origin',(-48.0855506146501,58.853885360995,0.));
#11664=CARTESIAN_POINT('',(-46.966591632136,57.4507551774509,0.));
#11665=CARTESIAN_POINT('Origin',(-46.2629432979148,58.0118959991238,0.));
#11666=CARTESIAN_POINT('Origin',(-31.4912335357031,68.6188910606913,0.));
#11667=CARTESIAN_POINT('',(-31.6997847511714,69.0733208028151,0.));
#11668=CARTESIAN_POINT('',(-31.9417179696543,68.4019491911326,0.));
#11669=CARTESIAN_POINT('Origin',(-31.3833014614084,67.2423853635606,0.));
#11670=CARTESIAN_POINT('',(-31.3833014614084,67.2423853635606,0.));
#11671=CARTESIAN_POINT('Origin',(-34.0139463658299,67.4040165911622,0.));
#11672=CARTESIAN_POINT('',(-34.2392042887824,67.8504008069977,0.));
#11673=CARTESIAN_POINT('',(-33.5634619318787,67.6209584607209,0.));
#11674=CARTESIAN_POINT('Origin',(-33.7837239293677,68.0783372113588,0.));
#11675=CARTESIAN_POINT('',(-33.0050454236327,66.461394633149,0.));
#11676=CARTESIAN_POINT('Origin',(-32.1941734425205,66.8518899983548,0.));
#11677=CARTESIAN_POINT('Origin',(-15.4325428371216,73.9059308958329,0.));
#11678=CARTESIAN_POINT('',(-15.5347451075662,74.3953741467987,0.));
#11679=CARTESIAN_POINT('',(-15.9200067932125,73.7946704288547,0.));
#11680=CARTESIAN_POINT('Origin',(-15.6336181785937,72.5399199244469,0.));
#11681=CARTESIAN_POINT('',(-15.6336181785937,72.5399199244469,0.));
#11682=CARTESIAN_POINT('Origin',(-18.1623409912307,73.2828722807552,0.));
#11683=CARTESIAN_POINT('',(-18.2826213951462,73.7681893157271,0.));
#11684=CARTESIAN_POINT('',(-17.6748770351398,73.3941327477333,0.));
#11685=CARTESIAN_POINT('Origin',(-17.7878402577211,73.8890569635654,0.));
#11686=CARTESIAN_POINT('',(-17.388488420521,72.1393822433256,0.));
#11687=CARTESIAN_POINT('Origin',(-16.5110532995574,72.3396510838863,0.));
#11688=CARTESIAN_POINT('Origin',(1.40000000000001,75.4870187515656,0.));
#11689=CARTESIAN_POINT('',(1.40927152317882,75.986932783033,0.));
#11690=CARTESIAN_POINT('',(0.900000000000015,75.4870187515656,0.));
#11691=CARTESIAN_POINT('Origin',(0.900000000000017,74.1999999999948,0.));
#11692=CARTESIAN_POINT('',(0.900000000000017,74.1999999999948,0.));
#11693=CARTESIAN_POINT('Origin',(-1.39999999999999,75.4870187515656,0.));
#11694=CARTESIAN_POINT('',(-1.40927152317879,75.986932783033,0.));
#11695=CARTESIAN_POINT('',(-0.899999999999985,75.4870187515656,0.));
#11696=CARTESIAN_POINT('Origin',(-0.899999999999986,75.9946708657864,0.));
#11697=CARTESIAN_POINT('',(-0.899999999999983,74.1999999999948,0.));
#11698=CARTESIAN_POINT('Origin',(1.70426752770496E-14,74.1999999999948,
0.));
#11699=CARTESIAN_POINT('Origin',(18.1623409912308,73.2828722807552,0.));
#11700=CARTESIAN_POINT('',(18.2826213951462,73.7681893157271,0.));
#11701=CARTESIAN_POINT('',(17.6748770351399,73.3941327477333,0.));
#11702=CARTESIAN_POINT('Origin',(17.388488420521,72.1393822433256,0.));
#11703=CARTESIAN_POINT('',(17.388488420521,72.1393822433256,0.));
#11704=CARTESIAN_POINT('Origin',(15.4325428371217,73.9059308958329,0.));
#11705=CARTESIAN_POINT('',(15.5347451075662,74.3953741467987,0.));
#11706=CARTESIAN_POINT('',(15.9200067932126,73.7946704288547,0.));
#11707=CARTESIAN_POINT('Origin',(16.0329700157939,74.2895946446867,0.));
#11708=CARTESIAN_POINT('',(15.6336181785937,72.5399199244469,0.));
#11709=CARTESIAN_POINT('Origin',(16.5110532995574,72.3396510838863,0.));
#11710=CARTESIAN_POINT('Origin',(34.0139463658299,67.4040165911622,0.));
#11711=CARTESIAN_POINT('',(34.2392042887824,67.8504008069977,0.));
#11712=CARTESIAN_POINT('',(33.5634619318787,67.6209584607209,0.));
#11713=CARTESIAN_POINT('Origin',(33.0050454236328,66.461394633149,0.));
#11714=CARTESIAN_POINT('',(33.0050454236328,66.461394633149,0.));
#11715=CARTESIAN_POINT('Origin',(31.4912335357031,68.6188910606913,0.));
#11716=CARTESIAN_POINT('',(31.6997847511714,69.0733208028151,0.));
#11717=CARTESIAN_POINT('',(31.9417179696543,68.4019491911325,0.));
#11718=CARTESIAN_POINT('Origin',(32.1619799671434,68.8593279417704,0.));
#11719=CARTESIAN_POINT('',(31.3833014614084,67.2423853635606,0.));
#11720=CARTESIAN_POINT('Origin',(32.1941734425206,66.8518899983548,0.));
#11721=CARTESIAN_POINT('Origin',(48.1599504397754,58.1452420550263,0.));
#11722=CARTESIAN_POINT('',(48.478890508913,58.5303098832053,0.));
#11723=CARTESIAN_POINT('',(47.7690346985414,58.4569869559556,0.));
#11724=CARTESIAN_POINT('Origin',(46.966591632136,57.4507551774509,0.));
#11725=CARTESIAN_POINT('',(46.966591632136,57.4507551774509,0.));
#11726=CARTESIAN_POINT('Origin',(45.9708222888649,59.8910135002307,0.));
#11727=CARTESIAN_POINT('',(46.2752648205793,60.2876427287091,0.));
#11728=CARTESIAN_POINT('',(46.3617380300989,59.5792685993013,0.));
#11729=CARTESIAN_POINT('Origin',(46.6782539462076,59.9761670043407,0.));
#11730=CARTESIAN_POINT('',(45.5592949636936,58.5730368207966,0.));
#11731=CARTESIAN_POINT('Origin',(46.2629432979148,58.0118959991238,0.));
#11732=CARTESIAN_POINT('Origin',(59.8910135002307,45.9708222888649,0.));
#11733=CARTESIAN_POINT('',(60.2876427287091,46.2752648205793,0.));
#11734=CARTESIAN_POINT('',(59.5792685993014,46.3617380300989,0.));
#11735=CARTESIAN_POINT('Origin',(58.5730368207966,45.5592949636936,0.));
#11736=CARTESIAN_POINT('',(58.5730368207966,45.5592949636936,0.));
#11737=CARTESIAN_POINT('Origin',(58.1452420550263,48.1599504397754,0.));
#11738=CARTESIAN_POINT('',(58.5303098832053,48.478890508913,0.));
#11739=CARTESIAN_POINT('',(58.4569869559556,47.7690346985414,0.));
#11740=CARTESIAN_POINT('Origin',(58.853885360995,48.0855506146501,0.));
#11741=CARTESIAN_POINT('',(57.4507551774509,46.966591632136,0.));
#11742=CARTESIAN_POINT('Origin',(58.0118959991238,46.2629432979148,0.));
#11743=CARTESIAN_POINT('Origin',(68.6188910606913,31.4912335357031,0.));
#11744=CARTESIAN_POINT('',(69.0733208028151,31.6997847511714,0.));
#11745=CARTESIAN_POINT('',(68.4019491911326,31.9417179696543,0.));
#11746=CARTESIAN_POINT('Origin',(67.2423853635606,31.3833014614084,0.));
#11747=CARTESIAN_POINT('',(67.2423853635606,31.3833014614084,0.));
#11748=CARTESIAN_POINT('Origin',(67.4040165911622,34.0139463658299,0.));
#11749=CARTESIAN_POINT('',(67.8504008069977,34.2392042887824,0.));
#11750=CARTESIAN_POINT('',(67.6209584607209,33.5634619318787,0.));
#11751=CARTESIAN_POINT('Origin',(68.0783372113588,33.7837239293677,0.));
#11752=CARTESIAN_POINT('',(66.461394633149,33.0050454236327,0.));
#11753=CARTESIAN_POINT('Origin',(66.8518899983548,32.1941734425206,0.));
#11754=CARTESIAN_POINT('Origin',(73.9059308958329,15.4325428371216,0.));
#11755=CARTESIAN_POINT('',(74.3953741467987,15.5347451075662,0.));
#11756=CARTESIAN_POINT('',(73.7946704288547,15.9200067932125,0.));
#11757=CARTESIAN_POINT('Origin',(72.5399199244469,15.6336181785937,0.));
#11758=CARTESIAN_POINT('',(72.5399199244469,15.6336181785937,0.));
#11759=CARTESIAN_POINT('Origin',(73.2828722807552,18.1623409912307,0.));
#11760=CARTESIAN_POINT('',(73.7681893157271,18.2826213951462,0.));
#11761=CARTESIAN_POINT('',(73.3941327477333,17.6748770351398,0.));
#11762=CARTESIAN_POINT('Origin',(73.8890569635654,17.7878402577211,0.));
#11763=CARTESIAN_POINT('',(72.1393822433256,17.388488420521,0.));
#11764=CARTESIAN_POINT('Origin',(72.3396510838863,16.5110532995574,0.));
#11765=CARTESIAN_POINT('Origin',(75.4999999999948,-1.40000000000001,0.));
#11766=CARTESIAN_POINT('',(75.4999999999948,-0.90000000000001,0.));
#11767=CARTESIAN_POINT('',(75.9999999999948,-1.40000000000001,0.));
#11768=CARTESIAN_POINT('Origin',(75.9999999999949,-39.9000164448082,0.));
#11769=CARTESIAN_POINT('',(75.9999999999949,-37.9000164448081,0.));
#11770=CARTESIAN_POINT('Origin',(75.4870187515656,1.39999999999999,0.));
#11771=CARTESIAN_POINT('',(75.986932783033,1.4092715231788,0.));
#11772=CARTESIAN_POINT('',(75.4870187515656,0.89999999999999,0.));
#11773=CARTESIAN_POINT('Origin',(0.,0.,0.));
#11774=CARTESIAN_POINT('',(75.9302235372716,3.25594127391346,0.));
#11775=CARTESIAN_POINT('Origin',(74.1999999999948,-0.900000000000013,0.));
#11776=CARTESIAN_POINT('',(74.1999999999948,-0.900000000000013,0.));
#11777=CARTESIAN_POINT('Origin',(75.9946708657864,0.899999999999991,0.));
#11778=CARTESIAN_POINT('',(74.1999999999948,0.899999999999988,0.));
#11779=CARTESIAN_POINT('Origin',(74.1999999999948,-1.24992356522132E-14,
0.));
#11780=CARTESIAN_POINT('Origin',(0.,0.,0.));
#11781=CARTESIAN_POINT('',(-75.9302235372716,3.2559412739135,0.));
#11782=CARTESIAN_POINT('Origin',(-75.3185416984731,5.23137423767336,0.));
#11783=CARTESIAN_POINT('',(-75.3465769220916,4.73216083016446,0.));
#11784=CARTESIAN_POINT('',(-75.8173399878669,5.26601910017451,0.));
#11785=CARTESIAN_POINT('Origin',(-74.8539759027125,4.70449695029802,0.));
#11786=CARTESIAN_POINT('',(-74.8539759027125,4.70449695029802,0.));
#11787=CARTESIAN_POINT('Origin',(-75.4306825929474,3.23452060763775,0.));
#11788=CARTESIAN_POINT('',(-75.4026473693288,3.73373401514665,0.));
#11789=CARTESIAN_POINT('Origin',(-75.9068309978312,3.76204836038916,0.));
#11790=CARTESIAN_POINT('',(-74.9100463499497,3.70607013528021,0.));
#11791=CARTESIAN_POINT('Origin',(-74.8820111263311,4.20528354278911,0.));
#11792=CARTESIAN_POINT('Origin',(0.,0.,0.));
#11793=CARTESIAN_POINT('',(-75.6282091665026,7.50826066855327,0.));
#11794=CARTESIAN_POINT('Origin',(-74.9067262066216,9.44628863657293,0.));
#11795=CARTESIAN_POINT('',(-74.9627084446732,8.94943253162632,0.));
#11796=CARTESIAN_POINT('',(-75.4027972411026,9.50884683946415,0.));
#11797=CARTESIAN_POINT('Origin',(-74.4724335039364,8.89419181269415,0.));
#11798=CARTESIAN_POINT('',(-74.4724335039364,8.89419181269415,0.));
#11799=CARTESIAN_POINT('Origin',(-75.1306551588282,7.45886421678647,0.));
#11800=CARTESIAN_POINT('',(-75.0746729207765,7.95572032173308,0.));
#11801=CARTESIAN_POINT('Origin',(-75.5764757771653,8.01225992481267,0.));
#11802=CARTESIAN_POINT('',(-74.5843979800397,7.90047960280091,0.));
#11803=CARTESIAN_POINT('Origin',(-74.528415741988,8.39733570774753,0.));
#11804=CARTESIAN_POINT('Origin',(0.,0.,0.));
#11805=CARTESIAN_POINT('',(-75.0882404699532,11.7369562973409,0.));
#11806=CARTESIAN_POINT('Origin',(-74.2592264413046,13.6314815166317,0.));
#11807=CARTESIAN_POINT('',(-74.3429795529569,13.1385460073725,0.));
#11808=CARTESIAN_POINT('',(-74.7510093978695,13.7217562286623,0.));
#11809=CARTESIAN_POINT('Origin',(-73.8565732772102,13.0559022571135,0.));
#11810=CARTESIAN_POINT('',(-73.8565732772102,13.0559022571135,0.));
#11811=CARTESIAN_POINT('Origin',(-74.594238887914,11.6597394795952,0.));
#11812=CARTESIAN_POINT('',(-74.5104857762617,12.1526749888543,0.));
#11813=CARTESIAN_POINT('Origin',(-75.0083290031014,12.2372619552621,0.));
#11814=CARTESIAN_POINT('',(-74.0240795005149,12.0700312385953,0.));
#11815=CARTESIAN_POINT('Origin',(-73.9403263888626,12.5629667478544,0.));
#11816=CARTESIAN_POINT('Origin',(0.,0.,0.));
#11817=CARTESIAN_POINT('Origin',(0.,0.,0.));
#11818=CARTESIAN_POINT('',(-73.3019792115132,20.0703722853885,0.));
#11819=CARTESIAN_POINT('Origin',(-72.2660583254299,21.8601650063485,0.));
#11820=CARTESIAN_POINT('',(-72.4044760811423,21.379706345376,0.));
#11821=CARTESIAN_POINT('',(-72.744641493148,22.0049343110263,0.));
#11822=CARTESIAN_POINT('Origin',(-71.9303813901651,21.2431220178348,0.));
#11823=CARTESIAN_POINT('',(-71.9303813901651,21.2431220178348,0.));
#11824=CARTESIAN_POINT('Origin',(-72.8197293482796,19.9383303624583,0.));
#11825=CARTESIAN_POINT('',(-72.6813115925671,20.4187890234309,0.));
#11826=CARTESIAN_POINT('Origin',(-73.1665537503115,20.5585848808228,0.));
#11827=CARTESIAN_POINT('',(-72.2072169015899,20.2822046958897,0.));
#11828=CARTESIAN_POINT('Origin',(-72.0687991458775,20.7626633568623,0.));
#11829=CARTESIAN_POINT('Origin',(0.,0.,0.));
#11830=CARTESIAN_POINT('',(-72.0613068883947,24.1488726348832,0.));
#11831=CARTESIAN_POINT('Origin',(-70.926661219166,25.8777651334283,0.));
#11832=CARTESIAN_POINT('',(-71.0918007501435,25.4058234682741,0.));
#11833=CARTESIAN_POINT('',(-71.3963742073724,26.0491410614643,0.));
#11834=CARTESIAN_POINT('Origin',(-70.6261102421451,25.24287131179,0.));
#11835=CARTESIAN_POINT('',(-70.6261102421451,25.24287131179,0.));
#11836=CARTESIAN_POINT('Origin',(-71.5872193430763,23.9899984728116,0.));
#11837=CARTESIAN_POINT('',(-71.4220798120987,24.4619401379658,0.));
#11838=CARTESIAN_POINT('Origin',(-71.8987201779219,24.6287238154173,0.));
#11839=CARTESIAN_POINT('',(-70.9563893041002,24.2989879814817,0.));
#11840=CARTESIAN_POINT('Origin',(-70.7912497731227,24.7709296466358,0.));
#11841=CARTESIAN_POINT('Origin',(0.,0.,0.));
#11842=CARTESIAN_POINT('',(-70.5939030336895,28.1513916968462,0.));
#11843=CARTESIAN_POINT('Origin',(-69.3641025963692,29.8139442375474,0.));
#11844=CARTESIAN_POINT('',(-69.5554443125518,29.3520044712917,0.));
#11845=CARTESIAN_POINT('',(-69.823467514226,30.0113875768689,0.));
#11846=CARTESIAN_POINT('Origin',(-69.0996232221592,29.1631971936354,0.));
#11847=CARTESIAN_POINT('',(-69.0996232221592,29.1631971936354,0.));
#11848=CARTESIAN_POINT('Origin',(-70.1294694610994,27.9661851725248,0.));
#11849=CARTESIAN_POINT('',(-69.9381277449169,28.4281249387804,0.));
#11850=CARTESIAN_POINT('Origin',(-70.404666631888,28.6213716731383,0.));
#11851=CARTESIAN_POINT('',(-69.4823066545243,28.2393176611241,0.));
#11852=CARTESIAN_POINT('Origin',(-69.2909649383417,28.7012574273798,0.));
#11853=CARTESIAN_POINT('Origin',(0.,0.,0.));
#11854=CARTESIAN_POINT('Origin',(0.,0.,0.));
#11855=CARTESIAN_POINT('',(-66.9980675656805,35.878391023898,0.));
#11856=CARTESIAN_POINT('Origin',(-65.5898530311694,37.3927958215057,0.));
#11857=CARTESIAN_POINT('',(-65.8317124747221,36.9551841105513,0.));
#11858=CARTESIAN_POINT('',(-66.0242229187931,37.6404302309196,0.));
#11859=CARTESIAN_POINT('Origin',(-65.3998971995994,36.7165282438449,0.));
#11860=CARTESIAN_POINT('',(-65.3998971995994,36.7165282438449,0.));
#11861=CARTESIAN_POINT('Origin',(-66.5572908053799,35.6423489776882,0.));
#11862=CARTESIAN_POINT('',(-66.3154313618273,36.0799606886425,0.));
#11863=CARTESIAN_POINT('Origin',(-66.7573999808295,36.3242281101575,0.));
#11864=CARTESIAN_POINT('',(-65.8836160867046,35.8413048219361,0.));
#11865=CARTESIAN_POINT('Origin',(-65.641756643152,36.2789165328905,0.));
#11866=CARTESIAN_POINT('Origin',(0.,0.,0.));
#11867=CARTESIAN_POINT('',(-64.88094978109,39.5785592903896,0.));
#11868=CARTESIAN_POINT('Origin',(-63.3900372742363,41.0116224303568,0.));
#11869=CARTESIAN_POINT('',(-63.656053312494,40.5882603307426,0.));
#11870=CARTESIAN_POINT('',(-63.8098388455889,41.2832225789022,0.));
#11871=CARTESIAN_POINT('Origin',(-63.2382989038592,40.3257678382616,0.));
#11872=CARTESIAN_POINT('',(-63.2382989038592,40.3257678382616,0.));
#11873=CARTESIAN_POINT('Origin',(-64.454101427267,39.3181740319002,0.));
#11874=CARTESIAN_POINT('',(-64.1880853890094,39.7415361315143,0.));
#11875=CARTESIAN_POINT('Origin',(-64.6156625260477,40.0102006533224,0.));
#11876=CARTESIAN_POINT('',(-63.7703309803746,39.4790436390334,0.));
#11877=CARTESIAN_POINT('Origin',(-63.5043149421169,39.9024057386475,0.));
#11878=CARTESIAN_POINT('Origin',(0.,0.,0.));
#11879=CARTESIAN_POINT('',(-62.5596925248487,43.154198766697,0.));
#11880=CARTESIAN_POINT('Origin',(-60.9907730079835,44.501411302203,0.));
#11881=CARTESIAN_POINT('',(-61.2801086560734,44.0936308677234,0.));
#11882=CARTESIAN_POINT('',(-61.3946854120099,44.7961226353302,0.));
#11883=CARTESIAN_POINT('Origin',(-60.8777295238504,43.8081276479621,0.));
#11884=CARTESIAN_POINT('',(-60.8777295238504,43.8081276479621,0.));
#11885=CARTESIAN_POINT('Origin',(-62.1481156003431,42.8702895642845,0.));
#11886=CARTESIAN_POINT('',(-61.8587799522532,43.2780699987641,0.));
#11887=CARTESIAN_POINT('Origin',(-62.2706202914664,43.5702863028834,0.));
#11888=CARTESIAN_POINT('',(-61.4564008200302,42.9925667790028,0.));
#11889=CARTESIAN_POINT('Origin',(-61.1670651719403,43.4003472134824,0.));
#11890=CARTESIAN_POINT('Origin',(0.,0.,0.));
#11891=CARTESIAN_POINT('Origin',(0.,0.,0.));
#11892=CARTESIAN_POINT('',(-57.334593052538,49.8873174213555,0.));
#11893=CARTESIAN_POINT('Origin',(-55.6246986265514,51.050395715455,0.));
#11894=CARTESIAN_POINT('',(-55.9578719155275,50.6775746330134,0.));
#11895=CARTESIAN_POINT('',(-55.9930741141445,51.3884778062858,0.));
#11896=CARTESIAN_POINT('Origin',(-55.5899890772575,50.3488144288384,0.));
#11897=CARTESIAN_POINT('',(-55.5899890772575,50.3488144288384,0.));
#11898=CARTESIAN_POINT('Origin',(-56.9573917824555,49.5591113856886,0.));
#11899=CARTESIAN_POINT('',(-56.6242184934795,49.9319324681302,0.));
#11900=CARTESIAN_POINT('Origin',(-57.0007514216825,50.2684228652816,0.));
#11901=CARTESIAN_POINT('',(-56.2563356552095,49.6031722639553,0.));
#11902=CARTESIAN_POINT('Origin',(-55.9231623662335,49.9759933463969,0.));
#11903=CARTESIAN_POINT('Origin',(0.,0.,0.));
#11904=CARTESIAN_POINT('',(-54.447190932509,53.023611717405,0.));
#11905=CARTESIAN_POINT('Origin',(-52.6747721666325,54.0889857290056,0.));
#11906=CARTESIAN_POINT('',(-53.0283255572258,53.7354323384124,0.));
#11907=CARTESIAN_POINT('',(-53.0236117174049,54.447190932509,0.));
#11908=CARTESIAN_POINT('Origin',(-52.6794551983941,53.3865619795807,0.));
#11909=CARTESIAN_POINT('',(-52.6794551983941,53.3865619795807,0.));
#11910=CARTESIAN_POINT('Origin',(-54.0889857290056,52.6747721666325,0.));
#11911=CARTESIAN_POINT('',(-53.7354323384123,53.0283255572258,0.));
#11912=CARTESIAN_POINT('Origin',(-54.0925057436082,53.3853989624216,0.));
#11913=CARTESIAN_POINT('',(-53.3865619795807,52.6794551983941,0.));
#11914=CARTESIAN_POINT('Origin',(-53.0330085889874,53.0330085889874,0.));
#11915=CARTESIAN_POINT('Origin',(0.,0.,0.));
#11916=CARTESIAN_POINT('',(-51.3884778062858,55.9930741141446,0.));
#11917=CARTESIAN_POINT('Origin',(-49.5591113856886,56.9573917824555,0.));
#11918=CARTESIAN_POINT('',(-49.9319324681302,56.6242184934795,0.));
#11919=CARTESIAN_POINT('',(-49.8873174213554,57.334593052538,0.));
#11920=CARTESIAN_POINT('Origin',(-49.6031722639553,56.2563356552096,0.));
#11921=CARTESIAN_POINT('',(-49.6031722639553,56.2563356552096,0.));
#11922=CARTESIAN_POINT('Origin',(-51.0503957154549,55.6246986265515,0.));
#11923=CARTESIAN_POINT('',(-50.6775746330133,55.9578719155275,0.));
#11924=CARTESIAN_POINT('Origin',(-51.0140650301648,56.3344048437306,0.));
#11925=CARTESIAN_POINT('',(-50.3488144288384,55.5899890772576,0.));
#11926=CARTESIAN_POINT('Origin',(-49.9759933463968,55.9231623662336,0.));
#11927=CARTESIAN_POINT('Origin',(0.,0.,0.));
#11928=CARTESIAN_POINT('Origin',(0.,0.,0.));
#11929=CARTESIAN_POINT('',(-44.7961226353302,61.39468541201,0.));
#11930=CARTESIAN_POINT('Origin',(-42.8702895642845,62.1481156003431,0.));
#11931=CARTESIAN_POINT('',(-43.2780699987641,61.8587799522533,0.));
#11932=CARTESIAN_POINT('',(-43.154198766697,62.5596925248488,0.));
#11933=CARTESIAN_POINT('Origin',(-42.9925667790028,61.4564008200302,0.));
#11934=CARTESIAN_POINT('',(-42.9925667790028,61.4564008200302,0.));
#11935=CARTESIAN_POINT('Origin',(-44.501411302203,60.9907730079836,0.));
#11936=CARTESIAN_POINT('',(-44.0936308677234,61.2801086560735,0.));
#11937=CARTESIAN_POINT('Origin',(-44.3858471718427,61.6919489952866,0.));
#11938=CARTESIAN_POINT('',(-43.808127647962,60.8777295238504,0.));
#11939=CARTESIAN_POINT('Origin',(-43.4003472134824,61.1670651719403,0.));
#11940=CARTESIAN_POINT('Origin',(0.,0.,0.));
#11941=CARTESIAN_POINT('',(-41.2832225789022,63.809838845589,0.));
#11942=CARTESIAN_POINT('Origin',(-39.3181740319002,64.454101427267,0.));
#11943=CARTESIAN_POINT('',(-39.7415361315143,64.1880853890094,0.));
#11944=CARTESIAN_POINT('',(-39.5785592903896,64.88094978109,0.));
#11945=CARTESIAN_POINT('Origin',(-39.4790436390333,63.7703309803746,0.));
#11946=CARTESIAN_POINT('',(-39.4790436390333,63.7703309803746,0.));
#11947=CARTESIAN_POINT('Origin',(-41.0116224303567,63.3900372742364,0.));
#11948=CARTESIAN_POINT('',(-40.5882603307426,63.656053312494,0.));
#11949=CARTESIAN_POINT('Origin',(-40.8569248525507,64.0836304495324,0.));
#11950=CARTESIAN_POINT('',(-40.3257678382616,63.2382989038593,0.));
#11951=CARTESIAN_POINT('Origin',(-39.9024057386475,63.5043149421169,0.));
#11952=CARTESIAN_POINT('Origin',(0.,0.,0.));
#11953=CARTESIAN_POINT('',(-37.6404302309196,66.0242229187931,0.));
#11954=CARTESIAN_POINT('Origin',(-35.6423489776881,66.5572908053799,0.));
#11955=CARTESIAN_POINT('',(-36.0799606886425,66.3154313618273,0.));
#11956=CARTESIAN_POINT('',(-35.878391023898,66.9980675656805,0.));
#11957=CARTESIAN_POINT('Origin',(-35.8413048219361,65.8836160867046,0.));
#11958=CARTESIAN_POINT('',(-35.8413048219361,65.8836160867046,0.));
#11959=CARTESIAN_POINT('Origin',(-37.3927958215057,65.5898530311694,0.));
#11960=CARTESIAN_POINT('',(-36.9551841105513,65.8317124747221,0.));
#11961=CARTESIAN_POINT('Origin',(-37.1994515320663,66.2736810937243,0.));
#11962=CARTESIAN_POINT('',(-36.7165282438448,65.3998971995994,0.));
#11963=CARTESIAN_POINT('Origin',(-36.2789165328905,65.641756643152,0.));
#11964=CARTESIAN_POINT('Origin',(0.,0.,0.));
#11965=CARTESIAN_POINT('Origin',(0.,0.,0.));
#11966=CARTESIAN_POINT('',(-30.0113875768688,69.823467514226,0.));
#11967=CARTESIAN_POINT('Origin',(-27.9661851725248,70.1294694610994,0.));
#11968=CARTESIAN_POINT('',(-28.4281249387804,69.9381277449169,0.));
#11969=CARTESIAN_POINT('',(-28.1513916968461,70.5939030336895,0.));
#11970=CARTESIAN_POINT('Origin',(-28.2393176611241,69.4823066545243,0.));
#11971=CARTESIAN_POINT('',(-28.2393176611241,69.4823066545243,0.));
#11972=CARTESIAN_POINT('Origin',(-29.8139442375473,69.3641025963692,0.));
#11973=CARTESIAN_POINT('',(-29.3520044712917,69.5554443125518,0.));
#11974=CARTESIAN_POINT('Origin',(-29.5452512056496,70.0219831995229,0.));
#11975=CARTESIAN_POINT('',(-29.1631971936354,69.0996232221592,0.));
#11976=CARTESIAN_POINT('Origin',(-28.7012574273797,69.2909649383417,0.));
#11977=CARTESIAN_POINT('Origin',(0.,0.,0.));
#11978=CARTESIAN_POINT('',(-26.0491410614642,71.3963742073724,0.));
#11979=CARTESIAN_POINT('Origin',(-23.9899984728115,71.5872193430763,0.));
#11980=CARTESIAN_POINT('',(-24.4619401379657,71.4220798120987,0.));
#11981=CARTESIAN_POINT('',(-24.1488726348831,72.0613068883947,0.));
#11982=CARTESIAN_POINT('Origin',(-24.2989879814816,70.9563893041003,0.));
#11983=CARTESIAN_POINT('',(-24.2989879814816,70.9563893041003,0.));
#11984=CARTESIAN_POINT('Origin',(-25.8777651334283,70.926661219166,0.));
#11985=CARTESIAN_POINT('',(-25.4058234682741,71.0918007501435,0.));
#11986=CARTESIAN_POINT('Origin',(-25.5726071457256,71.5684411159667,0.));
#11987=CARTESIAN_POINT('',(-25.24287131179,70.6261102421451,0.));
#11988=CARTESIAN_POINT('Origin',(-24.7709296466358,70.7912497731227,0.));
#11989=CARTESIAN_POINT('Origin',(0.,0.,0.));
#11990=CARTESIAN_POINT('',(-22.0049343110263,72.744641493148,0.));
#11991=CARTESIAN_POINT('Origin',(-19.9383303624583,72.8197293482796,0.));
#11992=CARTESIAN_POINT('',(-20.4187890234308,72.6813115925671,0.));
#11993=CARTESIAN_POINT('',(-20.0703722853885,73.3019792115133,0.));
#11994=CARTESIAN_POINT('Origin',(-20.2822046958897,72.2072169015899,0.));
#11995=CARTESIAN_POINT('',(-20.2822046958897,72.2072169015899,0.));
#11996=CARTESIAN_POINT('Origin',(-21.8601650063485,72.2660583254299,0.));
#11997=CARTESIAN_POINT('',(-21.3797063453759,72.4044760811423,0.));
#11998=CARTESIAN_POINT('Origin',(-21.5195022027678,72.8897182388866,0.));
#11999=CARTESIAN_POINT('',(-21.2431220178348,71.9303813901651,0.));
#12000=CARTESIAN_POINT('Origin',(-20.7626633568623,72.0687991458775,0.));
#12001=CARTESIAN_POINT('Origin',(0.,0.,0.));
#12002=CARTESIAN_POINT('Origin',(0.,0.,0.));
#12003=CARTESIAN_POINT('',(-13.7217562286623,74.7510093978695,0.));
#12004=CARTESIAN_POINT('Origin',(-11.6597394795952,74.594238887914,0.));
#12005=CARTESIAN_POINT('',(-12.1526749888543,74.5104857762617,0.));
#12006=CARTESIAN_POINT('',(-11.7369562973408,75.0882404699532,0.));
#12007=CARTESIAN_POINT('Origin',(-12.0700312385952,74.0240795005149,0.));
#12008=CARTESIAN_POINT('',(-12.0700312385952,74.0240795005149,0.));
#12009=CARTESIAN_POINT('Origin',(-13.6314815166316,74.2592264413046,0.));
#12010=CARTESIAN_POINT('',(-13.1385460073725,74.3429795529569,0.));
#12011=CARTESIAN_POINT('Origin',(-13.2231329737803,74.8408227797967,0.));
#12012=CARTESIAN_POINT('',(-13.0559022571135,73.8565732772102,0.));
#12013=CARTESIAN_POINT('Origin',(-12.5629667478543,73.9403263888626,0.));
#12014=CARTESIAN_POINT('Origin',(0.,0.,0.));
#12015=CARTESIAN_POINT('',(-9.50884683946413,75.4027972411026,0.));
#12016=CARTESIAN_POINT('Origin',(-7.45886421678642,75.1306551588282,0.));
#12017=CARTESIAN_POINT('',(-7.95572032173305,75.0746729207765,0.));
#12018=CARTESIAN_POINT('',(-7.50826066855322,75.6282091665026,0.));
#12019=CARTESIAN_POINT('Origin',(-7.90047960280087,74.5843979800397,0.));
#12020=CARTESIAN_POINT('',(-7.90047960280087,74.5843979800397,0.));
#12021=CARTESIAN_POINT('Origin',(-9.44628863657292,74.9067262066216,0.));
#12022=CARTESIAN_POINT('',(-8.94943253162629,74.9627084446732,0.));
#12023=CARTESIAN_POINT('Origin',(-9.00597213470588,75.464511301062,0.));
#12024=CARTESIAN_POINT('',(-8.89419181269411,74.4724335039364,0.));
#12025=CARTESIAN_POINT('Origin',(-8.39733570774749,74.528415741988,0.));
#12026=CARTESIAN_POINT('Origin',(0.,0.,0.));
#12027=CARTESIAN_POINT('',(-5.2660191001745,75.8173399878669,0.));
#12028=CARTESIAN_POINT('Origin',(-3.2345206076377,75.4306825929474,0.));
#12029=CARTESIAN_POINT('',(-3.73373401514661,75.4026473693288,0.));
#12030=CARTESIAN_POINT('',(-3.25594127391345,75.9302235372716,0.));
#12031=CARTESIAN_POINT('Origin',(-3.70607013528017,74.9100463499497,0.));
#12032=CARTESIAN_POINT('',(-3.70607013528017,74.9100463499497,0.));
#12033=CARTESIAN_POINT('Origin',(-5.23137423767334,75.3185416984731,0.));
#12034=CARTESIAN_POINT('',(-4.73216083016443,75.3465769220916,0.));
#12035=CARTESIAN_POINT('Origin',(-4.76047517540694,75.850760550594,0.));
#12036=CARTESIAN_POINT('',(-4.70449695029799,74.8539759027125,0.));
#12037=CARTESIAN_POINT('Origin',(-4.20528354278908,74.8820111263311,0.));
#12038=CARTESIAN_POINT('Origin',(0.,0.,0.));
#12039=CARTESIAN_POINT('Origin',(0.,0.,0.));
#12040=CARTESIAN_POINT('',(3.25594127391347,75.9302235372716,0.));
#12041=CARTESIAN_POINT('Origin',(5.23137423767337,75.3185416984731,0.));
#12042=CARTESIAN_POINT('',(4.73216083016446,75.3465769220916,0.));
#12043=CARTESIAN_POINT('',(5.26601910017452,75.8173399878669,0.));
#12044=CARTESIAN_POINT('Origin',(4.70449695029802,74.8539759027125,0.));
#12045=CARTESIAN_POINT('',(4.70449695029802,74.8539759027125,0.));
#12046=CARTESIAN_POINT('Origin',(3.23452060763773,75.4306825929474,0.));
#12047=CARTESIAN_POINT('',(3.73373401514664,75.4026473693288,0.));
#12048=CARTESIAN_POINT('Origin',(3.76204836038915,75.9068309978312,0.));
#12049=CARTESIAN_POINT('',(3.7060701352802,74.9100463499497,0.));
#12050=CARTESIAN_POINT('Origin',(4.20528354278911,74.8820111263311,0.));
#12051=CARTESIAN_POINT('Origin',(0.,0.,0.));
#12052=CARTESIAN_POINT('',(7.50826066855325,75.6282091665026,0.));
#12053=CARTESIAN_POINT('Origin',(9.44628863657295,74.9067262066216,0.));
#12054=CARTESIAN_POINT('',(8.94943253162632,74.9627084446732,0.));
#12055=CARTESIAN_POINT('',(9.50884683946416,75.4027972411026,0.));
#12056=CARTESIAN_POINT('Origin',(8.89419181269415,74.4724335039364,0.));
#12057=CARTESIAN_POINT('',(8.89419181269415,74.4724335039364,0.));
#12058=CARTESIAN_POINT('Origin',(7.45886421678645,75.1306551588282,0.));
#12059=CARTESIAN_POINT('',(7.95572032173308,75.0746729207765,0.));
#12060=CARTESIAN_POINT('Origin',(8.01225992481267,75.5764757771653,0.));
#12061=CARTESIAN_POINT('',(7.9004796028009,74.5843979800397,0.));
#12062=CARTESIAN_POINT('Origin',(8.39733570774752,74.528415741988,0.));
#12063=CARTESIAN_POINT('Origin',(0.,0.,0.));
#12064=CARTESIAN_POINT('',(11.7369562973409,75.0882404699532,0.));
#12065=CARTESIAN_POINT('Origin',(13.6314815166317,74.2592264413045,0.));
#12066=CARTESIAN_POINT('',(13.1385460073725,74.3429795529569,0.));
#12067=CARTESIAN_POINT('',(13.7217562286623,74.7510093978695,0.));
#12068=CARTESIAN_POINT('Origin',(13.0559022571135,73.8565732772102,0.));
#12069=CARTESIAN_POINT('',(13.0559022571135,73.8565732772102,0.));
#12070=CARTESIAN_POINT('Origin',(11.6597394795952,74.594238887914,0.));
#12071=CARTESIAN_POINT('',(12.1526749888543,74.5104857762617,0.));
#12072=CARTESIAN_POINT('Origin',(12.2372619552621,75.0083290031014,0.));
#12073=CARTESIAN_POINT('',(12.0700312385953,74.0240795005149,0.));
#12074=CARTESIAN_POINT('Origin',(12.5629667478544,73.9403263888626,0.));
#12075=CARTESIAN_POINT('Origin',(0.,0.,0.));
#12076=CARTESIAN_POINT('Origin',(0.,0.,0.));
#12077=CARTESIAN_POINT('',(20.0703722853885,73.3019792115132,0.));
#12078=CARTESIAN_POINT('Origin',(21.8601650063485,72.2660583254299,0.));
#12079=CARTESIAN_POINT('',(21.379706345376,72.4044760811423,0.));
#12080=CARTESIAN_POINT('',(22.0049343110263,72.744641493148,0.));
#12081=CARTESIAN_POINT('Origin',(21.2431220178348,71.9303813901651,0.));
#12082=CARTESIAN_POINT('',(21.2431220178348,71.9303813901651,0.));
#12083=CARTESIAN_POINT('Origin',(19.9383303624583,72.8197293482796,0.));
#12084=CARTESIAN_POINT('',(20.4187890234309,72.6813115925671,0.));
#12085=CARTESIAN_POINT('Origin',(20.5585848808228,73.1665537503115,0.));
#12086=CARTESIAN_POINT('',(20.2822046958897,72.2072169015899,0.));
#12087=CARTESIAN_POINT('Origin',(20.7626633568623,72.0687991458775,0.));
#12088=CARTESIAN_POINT('Origin',(0.,0.,0.));
#12089=CARTESIAN_POINT('',(24.1488726348832,72.0613068883947,0.));
#12090=CARTESIAN_POINT('Origin',(25.8777651334283,70.926661219166,0.));
#12091=CARTESIAN_POINT('',(25.4058234682741,71.0918007501435,0.));
#12092=CARTESIAN_POINT('',(26.0491410614643,71.3963742073724,0.));
#12093=CARTESIAN_POINT('Origin',(25.24287131179,70.6261102421451,0.));
#12094=CARTESIAN_POINT('',(25.24287131179,70.6261102421451,0.));
#12095=CARTESIAN_POINT('Origin',(23.9899984728116,71.5872193430763,0.));
#12096=CARTESIAN_POINT('',(24.4619401379658,71.4220798120987,0.));
#12097=CARTESIAN_POINT('Origin',(24.6287238154173,71.8987201779219,0.));
#12098=CARTESIAN_POINT('',(24.2989879814817,70.9563893041002,0.));
#12099=CARTESIAN_POINT('Origin',(24.7709296466358,70.7912497731227,0.));
#12100=CARTESIAN_POINT('Origin',(0.,0.,0.));
#12101=CARTESIAN_POINT('',(28.1513916968461,70.5939030336895,0.));
#12102=CARTESIAN_POINT('Origin',(29.8139442375474,69.3641025963692,0.));
#12103=CARTESIAN_POINT('',(29.3520044712917,69.5554443125518,0.));
#12104=CARTESIAN_POINT('',(30.0113875768689,69.823467514226,0.));
#12105=CARTESIAN_POINT('Origin',(29.1631971936354,69.0996232221592,0.));
#12106=CARTESIAN_POINT('',(29.1631971936354,69.0996232221592,0.));
#12107=CARTESIAN_POINT('Origin',(27.9661851725248,70.1294694610994,0.));
#12108=CARTESIAN_POINT('',(28.4281249387804,69.9381277449169,0.));
#12109=CARTESIAN_POINT('Origin',(28.6213716731383,70.404666631888,0.));
#12110=CARTESIAN_POINT('',(28.2393176611241,69.4823066545243,0.));
#12111=CARTESIAN_POINT('Origin',(28.7012574273798,69.2909649383417,0.));
#12112=CARTESIAN_POINT('Origin',(0.,0.,0.));
#12113=CARTESIAN_POINT('Origin',(0.,0.,0.));
#12114=CARTESIAN_POINT('',(35.878391023898,66.9980675656805,0.));
#12115=CARTESIAN_POINT('Origin',(37.3927958215057,65.5898530311694,0.));
#12116=CARTESIAN_POINT('',(36.9551841105513,65.8317124747221,0.));
#12117=CARTESIAN_POINT('',(37.6404302309196,66.0242229187931,0.));
#12118=CARTESIAN_POINT('Origin',(36.7165282438449,65.3998971995994,0.));
#12119=CARTESIAN_POINT('',(36.7165282438449,65.3998971995994,0.));
#12120=CARTESIAN_POINT('Origin',(35.6423489776881,66.5572908053799,0.));
#12121=CARTESIAN_POINT('',(36.0799606886425,66.3154313618273,0.));
#12122=CARTESIAN_POINT('Origin',(36.3242281101575,66.7573999808295,0.));
#12123=CARTESIAN_POINT('',(35.8413048219361,65.8836160867046,0.));
#12124=CARTESIAN_POINT('Origin',(36.2789165328905,65.641756643152,0.));
#12125=CARTESIAN_POINT('Origin',(0.,0.,0.));
#12126=CARTESIAN_POINT('',(39.5785592903896,64.88094978109,0.));
#12127=CARTESIAN_POINT('Origin',(41.0116224303568,63.3900372742363,0.));
#12128=CARTESIAN_POINT('',(40.5882603307426,63.656053312494,0.));
#12129=CARTESIAN_POINT('',(41.2832225789022,63.8098388455889,0.));
#12130=CARTESIAN_POINT('Origin',(40.3257678382616,63.2382989038592,0.));
#12131=CARTESIAN_POINT('',(40.3257678382616,63.2382989038592,0.));
#12132=CARTESIAN_POINT('Origin',(39.3181740319002,64.454101427267,0.));
#12133=CARTESIAN_POINT('',(39.7415361315143,64.1880853890094,0.));
#12134=CARTESIAN_POINT('Origin',(40.0102006533224,64.6156625260477,0.));
#12135=CARTESIAN_POINT('',(39.4790436390333,63.7703309803746,0.));
#12136=CARTESIAN_POINT('Origin',(39.9024057386475,63.5043149421169,0.));
#12137=CARTESIAN_POINT('Origin',(0.,0.,0.));
#12138=CARTESIAN_POINT('',(43.154198766697,62.5596925248487,0.));
#12139=CARTESIAN_POINT('Origin',(44.501411302203,60.9907730079835,0.));
#12140=CARTESIAN_POINT('',(44.0936308677234,61.2801086560734,0.));
#12141=CARTESIAN_POINT('',(44.7961226353302,61.3946854120099,0.));
#12142=CARTESIAN_POINT('Origin',(43.8081276479621,60.8777295238504,0.));
#12143=CARTESIAN_POINT('',(43.8081276479621,60.8777295238504,0.));
#12144=CARTESIAN_POINT('Origin',(42.8702895642845,62.1481156003431,0.));
#12145=CARTESIAN_POINT('',(43.2780699987641,61.8587799522532,0.));
#12146=CARTESIAN_POINT('Origin',(43.5702863028834,62.2706202914664,0.));
#12147=CARTESIAN_POINT('',(42.9925667790028,61.4564008200302,0.));
#12148=CARTESIAN_POINT('Origin',(43.4003472134824,61.1670651719403,0.));
#12149=CARTESIAN_POINT('Origin',(0.,0.,0.));
#12150=CARTESIAN_POINT('Origin',(0.,0.,0.));
#12151=CARTESIAN_POINT('',(49.8873174213555,57.334593052538,0.));
#12152=CARTESIAN_POINT('Origin',(51.050395715455,55.6246986265514,0.));
#12153=CARTESIAN_POINT('',(50.6775746330134,55.9578719155275,0.));
#12154=CARTESIAN_POINT('',(51.3884778062858,55.9930741141445,0.));
#12155=CARTESIAN_POINT('Origin',(50.3488144288384,55.5899890772575,0.));
#12156=CARTESIAN_POINT('',(50.3488144288384,55.5899890772575,0.));
#12157=CARTESIAN_POINT('Origin',(49.5591113856886,56.9573917824555,0.));
#12158=CARTESIAN_POINT('',(49.9319324681302,56.6242184934795,0.));
#12159=CARTESIAN_POINT('Origin',(50.2684228652816,57.0007514216825,0.));
#12160=CARTESIAN_POINT('',(49.6031722639553,56.2563356552095,0.));
#12161=CARTESIAN_POINT('Origin',(49.9759933463968,55.9231623662335,0.));
#12162=CARTESIAN_POINT('Origin',(0.,0.,0.));
#12163=CARTESIAN_POINT('',(53.023611717405,54.447190932509,0.));
#12164=CARTESIAN_POINT('Origin',(54.0889857290056,52.6747721666325,0.));
#12165=CARTESIAN_POINT('',(53.7354323384124,53.0283255572258,0.));
#12166=CARTESIAN_POINT('',(54.447190932509,53.0236117174049,0.));
#12167=CARTESIAN_POINT('Origin',(53.3865619795807,52.6794551983941,0.));
#12168=CARTESIAN_POINT('',(53.3865619795807,52.6794551983941,0.));
#12169=CARTESIAN_POINT('Origin',(52.6747721666325,54.0889857290056,0.));
#12170=CARTESIAN_POINT('',(53.0283255572258,53.7354323384123,0.));
#12171=CARTESIAN_POINT('Origin',(53.3853989624216,54.0925057436082,0.));
#12172=CARTESIAN_POINT('',(52.6794551983941,53.3865619795807,0.));
#12173=CARTESIAN_POINT('Origin',(53.0330085889874,53.0330085889874,0.));
#12174=CARTESIAN_POINT('Origin',(0.,0.,0.));
#12175=CARTESIAN_POINT('',(55.9930741141446,51.3884778062858,0.));
#12176=CARTESIAN_POINT('Origin',(56.9573917824555,49.5591113856886,0.));
#12177=CARTESIAN_POINT('',(56.6242184934795,49.9319324681302,0.));
#12178=CARTESIAN_POINT('',(57.334593052538,49.8873174213555,0.));
#12179=CARTESIAN_POINT('Origin',(56.2563356552096,49.6031722639553,0.));
#12180=CARTESIAN_POINT('',(56.2563356552096,49.6031722639553,0.));
#12181=CARTESIAN_POINT('Origin',(55.6246986265515,51.0503957154549,0.));
#12182=CARTESIAN_POINT('',(55.9578719155275,50.6775746330134,0.));
#12183=CARTESIAN_POINT('Origin',(56.3344048437306,51.0140650301648,0.));
#12184=CARTESIAN_POINT('',(55.5899890772576,50.3488144288384,0.));
#12185=CARTESIAN_POINT('Origin',(55.9231623662336,49.9759933463968,0.));
#12186=CARTESIAN_POINT('Origin',(0.,0.,0.));
#12187=CARTESIAN_POINT('Origin',(0.,0.,0.));
#12188=CARTESIAN_POINT('',(61.39468541201,44.7961226353302,0.));
#12189=CARTESIAN_POINT('Origin',(62.1481156003431,42.8702895642845,0.));
#12190=CARTESIAN_POINT('',(61.8587799522533,43.2780699987641,0.));
#12191=CARTESIAN_POINT('',(62.5596925248488,43.154198766697,0.));
#12192=CARTESIAN_POINT('Origin',(61.4564008200302,42.9925667790028,0.));
#12193=CARTESIAN_POINT('',(61.4564008200302,42.9925667790028,0.));
#12194=CARTESIAN_POINT('Origin',(60.9907730079835,44.501411302203,0.));
#12195=CARTESIAN_POINT('',(61.2801086560735,44.0936308677234,0.));
#12196=CARTESIAN_POINT('Origin',(61.6919489952866,44.3858471718427,0.));
#12197=CARTESIAN_POINT('',(60.8777295238504,43.808127647962,0.));
#12198=CARTESIAN_POINT('Origin',(61.1670651719403,43.4003472134824,0.));
#12199=CARTESIAN_POINT('Origin',(0.,0.,0.));
#12200=CARTESIAN_POINT('',(63.809838845589,41.2832225789022,0.));
#12201=CARTESIAN_POINT('Origin',(64.454101427267,39.3181740319002,0.));
#12202=CARTESIAN_POINT('',(64.1880853890094,39.7415361315143,0.));
#12203=CARTESIAN_POINT('',(64.88094978109,39.5785592903896,0.));
#12204=CARTESIAN_POINT('Origin',(63.7703309803746,39.4790436390333,0.));
#12205=CARTESIAN_POINT('',(63.7703309803746,39.4790436390333,0.));
#12206=CARTESIAN_POINT('Origin',(63.3900372742364,41.0116224303567,0.));
#12207=CARTESIAN_POINT('',(63.656053312494,40.5882603307426,0.));
#12208=CARTESIAN_POINT('Origin',(64.0836304495324,40.8569248525507,0.));
#12209=CARTESIAN_POINT('',(63.2382989038593,40.3257678382616,0.));
#12210=CARTESIAN_POINT('Origin',(63.5043149421169,39.9024057386475,0.));
#12211=CARTESIAN_POINT('Origin',(0.,0.,0.));
#12212=CARTESIAN_POINT('',(66.0242229187931,37.6404302309196,0.));
#12213=CARTESIAN_POINT('Origin',(66.5572908053799,35.6423489776881,0.));
#12214=CARTESIAN_POINT('',(66.3154313618273,36.0799606886425,0.));
#12215=CARTESIAN_POINT('',(66.9980675656805,35.878391023898,0.));
#12216=CARTESIAN_POINT('Origin',(65.8836160867046,35.8413048219361,0.));
#12217=CARTESIAN_POINT('',(65.8836160867046,35.8413048219361,0.));
#12218=CARTESIAN_POINT('Origin',(65.5898530311694,37.3927958215056,0.));
#12219=CARTESIAN_POINT('',(65.8317124747221,36.9551841105513,0.));
#12220=CARTESIAN_POINT('Origin',(66.2736810937243,37.1994515320663,0.));
#12221=CARTESIAN_POINT('',(65.3998971995994,36.7165282438448,0.));
#12222=CARTESIAN_POINT('Origin',(65.641756643152,36.2789165328905,0.));
#12223=CARTESIAN_POINT('Origin',(0.,0.,0.));
#12224=CARTESIAN_POINT('Origin',(0.,0.,0.));
#12225=CARTESIAN_POINT('',(69.823467514226,30.0113875768688,0.));
#12226=CARTESIAN_POINT('Origin',(70.1294694610994,27.9661851725248,0.));
#12227=CARTESIAN_POINT('',(69.9381277449169,28.4281249387804,0.));
#12228=CARTESIAN_POINT('',(70.5939030336895,28.1513916968461,0.));
#12229=CARTESIAN_POINT('Origin',(69.4823066545243,28.2393176611241,0.));
#12230=CARTESIAN_POINT('',(69.4823066545243,28.2393176611241,0.));
#12231=CARTESIAN_POINT('Origin',(69.3641025963692,29.8139442375473,0.));
#12232=CARTESIAN_POINT('',(69.5554443125518,29.3520044712917,0.));
#12233=CARTESIAN_POINT('Origin',(70.0219831995229,29.5452512056496,0.));
#12234=CARTESIAN_POINT('',(69.0996232221592,29.1631971936354,0.));
#12235=CARTESIAN_POINT('Origin',(69.2909649383417,28.7012574273797,0.));
#12236=CARTESIAN_POINT('Origin',(0.,0.,0.));
#12237=CARTESIAN_POINT('',(71.3963742073724,26.0491410614643,0.));
#12238=CARTESIAN_POINT('Origin',(71.5872193430763,23.9899984728115,0.));
#12239=CARTESIAN_POINT('',(71.4220798120987,24.4619401379657,0.));
#12240=CARTESIAN_POINT('',(72.0613068883947,24.1488726348832,0.));
#12241=CARTESIAN_POINT('Origin',(70.9563893041003,24.2989879814816,0.));
#12242=CARTESIAN_POINT('',(70.9563893041003,24.2989879814816,0.));
#12243=CARTESIAN_POINT('Origin',(70.926661219166,25.8777651334283,0.));
#12244=CARTESIAN_POINT('',(71.0918007501435,25.4058234682741,0.));
#12245=CARTESIAN_POINT('Origin',(71.5684411159667,25.5726071457257,0.));
#12246=CARTESIAN_POINT('',(70.6261102421451,25.24287131179,0.));
#12247=CARTESIAN_POINT('Origin',(70.7912497731227,24.7709296466358,0.));
#12248=CARTESIAN_POINT('Origin',(0.,0.,0.));
#12249=CARTESIAN_POINT('',(72.744641493148,22.0049343110263,0.));
#12250=CARTESIAN_POINT('Origin',(72.8197293482796,19.9383303624583,0.));
#12251=CARTESIAN_POINT('',(72.6813115925671,20.4187890234308,0.));
#12252=CARTESIAN_POINT('',(73.3019792115133,20.0703722853885,0.));
#12253=CARTESIAN_POINT('Origin',(72.2072169015899,20.2822046958897,0.));
#12254=CARTESIAN_POINT('',(72.2072169015899,20.2822046958897,0.));
#12255=CARTESIAN_POINT('Origin',(72.2660583254299,21.8601650063485,0.));
#12256=CARTESIAN_POINT('',(72.4044760811423,21.3797063453759,0.));
#12257=CARTESIAN_POINT('Origin',(72.8897182388866,21.5195022027678,0.));
#12258=CARTESIAN_POINT('',(71.9303813901651,21.2431220178348,0.));
#12259=CARTESIAN_POINT('Origin',(72.0687991458775,20.7626633568623,0.));
#12260=CARTESIAN_POINT('Origin',(0.,0.,0.));
#12261=CARTESIAN_POINT('Origin',(0.,0.,0.));
#12262=CARTESIAN_POINT('',(74.7510093978695,13.7217562286623,0.));
#12263=CARTESIAN_POINT('Origin',(74.594238887914,11.6597394795952,0.));
#12264=CARTESIAN_POINT('',(74.5104857762617,12.1526749888543,0.));
#12265=CARTESIAN_POINT('',(75.0882404699532,11.7369562973408,0.));
#12266=CARTESIAN_POINT('Origin',(74.0240795005149,12.0700312385952,0.));
#12267=CARTESIAN_POINT('',(74.0240795005149,12.0700312385952,0.));
#12268=CARTESIAN_POINT('Origin',(74.2592264413046,13.6314815166316,0.));
#12269=CARTESIAN_POINT('',(74.3429795529569,13.1385460073725,0.));
#12270=CARTESIAN_POINT('Origin',(74.8408227797967,13.2231329737803,0.));
#12271=CARTESIAN_POINT('',(73.8565732772102,13.0559022571135,0.));
#12272=CARTESIAN_POINT('Origin',(73.9403263888626,12.5629667478544,0.));
#12273=CARTESIAN_POINT('Origin',(0.,0.,0.));
#12274=CARTESIAN_POINT('',(75.4027972411026,9.50884683946413,0.));
#12275=CARTESIAN_POINT('Origin',(75.1306551588282,7.45886421678643,0.));
#12276=CARTESIAN_POINT('',(75.0746729207765,7.95572032173305,0.));
#12277=CARTESIAN_POINT('',(75.6282091665026,7.50826066855323,0.));
#12278=CARTESIAN_POINT('Origin',(74.5843979800397,7.90047960280088,0.));
#12279=CARTESIAN_POINT('',(74.5843979800397,7.90047960280088,0.));
#12280=CARTESIAN_POINT('Origin',(74.9067262066216,9.44628863657292,0.));
#12281=CARTESIAN_POINT('',(74.9627084446732,8.94943253162629,0.));
#12282=CARTESIAN_POINT('Origin',(75.464511301062,9.00597213470589,0.));
#12283=CARTESIAN_POINT('',(74.4724335039364,8.89419181269412,0.));
#12284=CARTESIAN_POINT('Origin',(74.528415741988,8.3973357077475,0.));
#12285=CARTESIAN_POINT('Origin',(0.,0.,0.));
#12286=CARTESIAN_POINT('',(75.8173399878669,5.26601910017449,0.));
#12287=CARTESIAN_POINT('Origin',(75.4306825929474,3.23452060763771,0.));
#12288=CARTESIAN_POINT('',(75.4026473693288,3.73373401514662,0.));
#12289=CARTESIAN_POINT('Origin',(74.9100463499497,3.70607013528017,0.));
#12290=CARTESIAN_POINT('',(74.9100463499497,3.70607013528017,0.));
#12291=CARTESIAN_POINT('Origin',(75.3185416984731,5.23137423767334,0.));
#12292=CARTESIAN_POINT('',(75.3465769220916,4.73216083016443,0.));
#12293=CARTESIAN_POINT('Origin',(75.850760550594,4.76047517540695,0.));
#12294=CARTESIAN_POINT('',(74.8539759027125,4.70449695029799,0.));
#12295=CARTESIAN_POINT('Origin',(74.8820111263311,4.20528354278908,0.));
#12296=CARTESIAN_POINT('Origin',(18.9999999999949,-72.9000164448079,0.));
#12297=CARTESIAN_POINT('',(18.9999999999947,-74.9000164448079,0.));
#12298=CARTESIAN_POINT('',(20.9999999999949,-72.9000164448079,0.));
#12299=CARTESIAN_POINT('Origin',(20.9999999999949,-74.9000164448081,0.));
#12300=CARTESIAN_POINT('',(20.9999999999949,-39.9000164448081,0.));
#12301=CARTESIAN_POINT('Origin',(73.9999999999949,-37.9000164448082,0.));
#12302=CARTESIAN_POINT('',(73.9999999999949,-39.9000164448082,0.));
#12303=CARTESIAN_POINT('Origin',(20.9999999999949,-39.9000164448081,0.));
#12304=CARTESIAN_POINT('Origin',(0.,0.,0.));
#12305=CARTESIAN_POINT('',(-10.5,-1.28587913910472E-15,0.));
#12306=CARTESIAN_POINT('Origin',(7.83423266662211,-60.,0.));
#12307=CARTESIAN_POINT('',(3.83423266662211,-60.,0.));
#12308=CARTESIAN_POINT('Origin',(-21.7907673333779,-60.,0.));
#12309=CARTESIAN_POINT('',(-25.7907673333779,-60.,0.));
#12310=CARTESIAN_POINT('Origin',(-51.4157673333779,-60.,0.));
#12311=CARTESIAN_POINT('',(-55.4157673333779,-60.,0.));
#12312=CARTESIAN_POINT('Origin',(0.,0.,0.));
#12313=CARTESIAN_POINT('',(53.367401902471,-14.2997522419143,0.));
#12314=CARTESIAN_POINT('',(-47.8479035590903,-27.625,0.));
#12315=CARTESIAN_POINT('Origin',(-43.8425360665872,-25.3125,0.));
#12316=CARTESIAN_POINT('',(-39.8371685740842,-23.,0.));
#12317=CARTESIAN_POINT('Origin',(0.,0.,0.));
#12318=CARTESIAN_POINT('',(44.4325880092971,-11.905676074716,0.));
#12319=CARTESIAN_POINT('Origin',(48.8999949558841,-13.1027141583151,0.));
#12320=CARTESIAN_POINT('Origin',(-50.9999999999967,-74.9000164448027,0.));
#12321=CARTESIAN_POINT('',(-50.9999999999967,-74.9000164448027,0.));
#12322=CARTESIAN_POINT('Origin',(-50.9999999999948,-49.9000164448028,0.));
#12323=CARTESIAN_POINT('',(-75.9999999999948,-49.9000164448028,0.));
#12324=CARTESIAN_POINT('Origin',(-75.9999999999948,0.,0.));
#12325=UNCERTAINTY_MEASURE_WITH_UNIT(LENGTH_MEASURE(0.01),#12329,
'DISTANCE_ACCURACY_VALUE',
'Maximum model space distance between geometric entities at asserted c
onnectivities');
#12326=UNCERTAINTY_MEASURE_WITH_UNIT(LENGTH_MEASURE(0.01),#12329,
'DISTANCE_ACCURACY_VALUE',
'Maximum model space distance between geometric entities at asserted c
onnectivities');
#12327=(
GEOMETRIC_REPRESENTATION_CONTEXT(3)
GLOBAL_UNCERTAINTY_ASSIGNED_CONTEXT((#12325))
GLOBAL_UNIT_ASSIGNED_CONTEXT((#12329,#12331,#12332))
REPRESENTATION_CONTEXT('','3D')
);
#12328=(
GEOMETRIC_REPRESENTATION_CONTEXT(3)
GLOBAL_UNCERTAINTY_ASSIGNED_CONTEXT((#12326))
GLOBAL_UNIT_ASSIGNED_CONTEXT((#12329,#12331,#12332))
REPRESENTATION_CONTEXT('','3D')
);
#12329=(
LENGTH_UNIT()
NAMED_UNIT(*)
SI_UNIT(.MILLI.,.METRE.)
);
#12330=(
LENGTH_UNIT()
NAMED_UNIT(*)
SI_UNIT($,.METRE.)
);
#12331=(
NAMED_UNIT(*)
PLANE_ANGLE_UNIT()
SI_UNIT($,.RADIAN.)
);
#12332=(
NAMED_UNIT(*)
SI_UNIT($,.STERADIAN.)
SOLID_ANGLE_UNIT()
);
#12333=SHAPE_DEFINITION_REPRESENTATION(#12334,#12335);
#12334=PRODUCT_DEFINITION_SHAPE('',$,#12337);
#12335=SHAPE_REPRESENTATION('',(#7077),#12327);
#12336=PRODUCT_DEFINITION_CONTEXT('part definition',#12341,'design');
#12337=PRODUCT_DEFINITION('Shicks Hinge Plate 210deg',
'SideHingeLasered v15',#12338,#12336);
#12338=PRODUCT_DEFINITION_FORMATION('',$,#12343);
#12339=PRODUCT_RELATED_PRODUCT_CATEGORY('SideHingeLasered v15',
'SideHingeLasered v15',(#12343));
#12340=APPLICATION_PROTOCOL_DEFINITION('international standard',
'automotive_design',2009,#12341);
#12341=APPLICATION_CONTEXT(
'Core Data for Automotive Mechanical Design Process');
#12342=PRODUCT_CONTEXT('part definition',#12341,'mechanical');
#12343=PRODUCT('Shicks Hinge Plate 210deg','SideHingeLasered v15',$,(#12342));
#12344=PRESENTATION_STYLE_ASSIGNMENT((#12346));
#12345=PRESENTATION_STYLE_ASSIGNMENT((#12347));
#12346=SURFACE_STYLE_USAGE(.BOTH.,#12348);
#12347=SURFACE_STYLE_USAGE(.BOTH.,#12349);
#12348=SURFACE_SIDE_STYLE('',(#12350));
#12349=SURFACE_SIDE_STYLE('',(#12351));
#12350=SURFACE_STYLE_FILL_AREA(#12352);
#12351=SURFACE_STYLE_FILL_AREA(#12353);
#12352=FILL_AREA_STYLE('Steel - Satin',(#12354));
#12353=FILL_AREA_STYLE('Opaque(246,246,243)',(#12355));
#12354=FILL_AREA_STYLE_COLOUR('Steel - Satin',#12356);
#12355=FILL_AREA_STYLE_COLOUR('Opaque(246,246,243)',#12357);
#12356=COLOUR_RGB('Steel - Satin',0.627450980392157,0.627450980392157,0.627450980392157);
#12357=COLOUR_RGB('Opaque(246,246,243)',0.964705882352941,0.964705882352941,
0.952941176470588);
ENDSEC;
END-ISO-10303-21;
