ISO-10303-21;
HEADER;
/* Generated by software containing ST-Developer
 * from STEP Tools, Inc. (www.steptools.com) 
 */

FILE_DESCRIPTION(
/* description */ (''),
/* implementation_level */ '2;1');

FILE_NAME(
/* name */ 'RailEnd.step',
/* time_stamp */ '2026-08-21T10:02:33+02:00',
/* author */ (''),
/* organization */ (''),
/* preprocessor_version */ 'ST-DEVELOPER v20.1',
/* originating_system */ 'Autodesk Translation Framework v15.8.0.0',
/* authorisation */ '');

FILE_SCHEMA (('AUTOMOTIVE_DESIGN { 1 0 10303 214 3 1 1 }'));
ENDSEC;

DATA;
#10=MECHANICAL_DESIGN_GEOMETRIC_PRESENTATION_REPRESENTATION('',(#13,#14),
#3325);
#11=SHAPE_REPRESENTATION_RELATIONSHIP('SRR','None',#3331,#12);
#12=ADVANCED_BREP_SHAPE_REPRESENTATION('',(#15,#16),#3324);
#13=STYLED_ITEM('',(#3340),#15);
#14=STYLED_ITEM('',(#3340),#16);
#15=MANIFOLD_SOLID_BREP('RailEnd',#1993);
#16=MANIFOLD_SOLID_BREP('PulleyCover_RailEnd',#1994);
#17=(
BOUNDED_CURVE()
B_SPLINE_CURVE(2,(#2979,#2980,#2981),.UNSPECIFIED.,.F.,.F.)
B_SPLINE_CURVE_WITH_KNOTS((3,3),(3.26237789360311,3.30348483958531),
 .UNSPECIFIED.)
CURVE()
GEOMETRIC_REPRESENTATION_ITEM()
RATIONAL_B_SPLINE_CURVE((1.03360147783218,1.0247363831347,1.01564254787405))
REPRESENTATION_ITEM('')
);
#18=(
BOUNDED_CURVE()
B_SPLINE_CURVE(2,(#3000,#3001,#3002),.UNSPECIFIED.,.F.,.F.)
B_SPLINE_CURVE_WITH_KNOTS((3,3),(0.0348384253317434,0.0781122549465356),
 .UNSPECIFIED.)
CURVE()
GEOMETRIC_REPRESENTATION_ITEM()
RATIONAL_B_SPLINE_CURVE((1.01454352439026,1.02347799615367,1.03216901733433))
REPRESENTATION_ITEM('')
);
#19=(
BOUNDED_CURVE()
B_SPLINE_CURVE(2,(#3109,#3110,#3111),.UNSPECIFIED.,.F.,.F.)
B_SPLINE_CURVE_WITH_KNOTS((3,3),(0.,0.142400297060037),.UNSPECIFIED.)
CURVE()
GEOMETRIC_REPRESENTATION_ITEM()
RATIONAL_B_SPLINE_CURVE((1.,1.,1.))
REPRESENTATION_ITEM('')
);
#20=(
BOUNDED_CURVE()
B_SPLINE_CURVE(2,(#3135,#3136,#3137),.UNSPECIFIED.,.F.,.F.)
B_SPLINE_CURVE_WITH_KNOTS((3,3),(0.89442719099993,1.53537243890402),
 .UNSPECIFIED.)
CURVE()
GEOMETRIC_REPRESENTATION_ITEM()
RATIONAL_B_SPLINE_CURVE((1.05555555555556,1.05555555555556,1.02702702702703))
REPRESENTATION_ITEM('')
);
#21=(
BOUNDED_CURVE()
B_SPLINE_CURVE(2,(#3139,#3140,#3141),.UNSPECIFIED.,.F.,.F.)
B_SPLINE_CURVE_WITH_KNOTS((3,3),(0.45713813801476,1.1224972160322),
 .UNSPECIFIED.)
CURVE()
GEOMETRIC_REPRESENTATION_ITEM()
RATIONAL_B_SPLINE_CURVE((1.05405405405422,1.08333333333333,1.08333333333333))
REPRESENTATION_ITEM('')
);
#22=(
BOUNDED_CURVE()
B_SPLINE_CURVE(2,(#3159,#3160,#3161),.UNSPECIFIED.,.F.,.F.)
B_SPLINE_CURVE_WITH_KNOTS((3,3),(0.296891218724868,0.438965445349423),
 .UNSPECIFIED.)
CURVE()
GEOMETRIC_REPRESENTATION_ITEM()
RATIONAL_B_SPLINE_CURVE((1.,1.,1.))
REPRESENTATION_ITEM('')
);
#23=(
BOUNDED_CURVE()
B_SPLINE_CURVE(2,(#3271,#3272,#3273),.UNSPECIFIED.,.F.,.F.)
B_SPLINE_CURVE_WITH_KNOTS((3,3),(0.275427424624144,0.410587505869067),
 .UNSPECIFIED.)
CURVE()
GEOMETRIC_REPRESENTATION_ITEM()
RATIONAL_B_SPLINE_CURVE((1.00210173802076,1.00156656036179,1.))
REPRESENTATION_ITEM('')
);
#24=(
BOUNDED_CURVE()
B_SPLINE_CURVE(2,(#3277,#3278,#3279),.UNSPECIFIED.,.F.,.F.)
B_SPLINE_CURVE_WITH_KNOTS((3,3),(0.,0.13736817713206),.UNSPECIFIED.)
CURVE()
GEOMETRIC_REPRESENTATION_ITEM()
RATIONAL_B_SPLINE_CURVE((1.,1.00153456139989,1.0020251900696))
REPRESENTATION_ITEM('')
);
#25=B_SPLINE_CURVE_WITH_KNOTS('',3,(#2962,#2963,#2964,#2965,#2966,#2967,
#2968,#2969,#2970,#2971),.UNSPECIFIED.,.F.,.F.,(4,2,2,2,4),(0.543386266262853,
0.564833053451307,0.586279840639762,0.62917341501667,0.651211036818174),
 .UNSPECIFIED.);
#26=B_SPLINE_CURVE_WITH_KNOTS('',3,(#2989,#2990,#2991,#2992,#2993,#2994,
#2995,#2996,#2997,#2998),.UNSPECIFIED.,.F.,.F.,(4,2,2,2,4),(0.81959386534482,
0.837943168271261,0.88083674264817,0.902283529836624,0.923730317025079),
 .UNSPECIFIED.);
#27=B_SPLINE_CURVE_WITH_KNOTS('',3,(#3004,#3005,#3006,#3007,#3008,#3009,
#3010,#3011,#3012,#3013,#3014,#3015,#3016,#3017,#3018),.UNSPECIFIED.,.F.,
 .F.,(4,2,2,2,3,2,4),(0.55715678679157,0.592821974779434,0.628487162767298,
0.681024175858684,0.733561188950071,0.785809811156233,0.822418324341915),
 .UNSPECIFIED.);
#28=B_SPLINE_CURVE_WITH_KNOTS('',3,(#3021,#3022,#3023,#3024,#3025,#3026,
#3027,#3028,#3029,#3030,#3031,#3032,#3033,#3034),.UNSPECIFIED.,.F.,.F.,
(4,2,2,2,2,2,4),(0.295742859592051,0.328503762426907,0.380752384633069,
0.433289397724456,0.485826410815842,0.521491598803706,0.55715678679157),
 .UNSPECIFIED.);
#29=B_SPLINE_CURVE_WITH_KNOTS('',3,(#3232,#3233,#3234,#3235,#3236,#3237,
#3238,#3239,#3240,#3241,#3242,#3243,#3244,#3245),.UNSPECIFIED.,.F.,.F.,
(4,2,2,2,2,2,4),(0.1764044021585,0.212069590146364,0.247734778134228,0.300271791225615,
0.352808804317001,0.405057426523163,0.437818329358018),.UNSPECIFIED.);
#30=B_SPLINE_CURVE_WITH_KNOTS('',3,(#3255,#3256,#3257,#3258,#3259,#3260,
#3261,#3262,#3263,#3264,#3265,#3266,#3267,#3268,#3269),.UNSPECIFIED.,.F.,
 .F.,(4,2,3,2,2,2,4),(0.644704053558224,0.681312566743907,0.733561188950069,
0.786098202041455,0.838635215132841,0.874300403120705,0.90996559110857),
 .UNSPECIFIED.);
#31=CONICAL_SURFACE('',#2033,14.5,0.785398163397449);
#32=CONICAL_SURFACE('',#2062,16.75,0.785398163397447);
#33=CONICAL_SURFACE('',#2074,16.75,0.785398163397448);
#34=CONICAL_SURFACE('',#2106,17.5,0.785398163397447);
#35=CONICAL_SURFACE('',#2119,16.75,0.78539816339745);
#36=CONICAL_SURFACE('',#2127,4.575,0.785398163397448);
#37=CONICAL_SURFACE('',#2139,16.75,0.785398163397448);
#38=CYLINDRICAL_SURFACE('',#2004,2.7);
#39=CYLINDRICAL_SURFACE('',#2009,4.3);
#40=CYLINDRICAL_SURFACE('',#2011,2.7);
#41=CYLINDRICAL_SURFACE('',#2039,18.);
#42=CYLINDRICAL_SURFACE('',#2059,1.);
#43=CYLINDRICAL_SURFACE('',#2065,1.);
#44=CYLINDRICAL_SURFACE('',#2067,15.5);
#45=CYLINDRICAL_SURFACE('',#2069,1.);
#46=CYLINDRICAL_SURFACE('',#2072,1.);
#47=CYLINDRICAL_SURFACE('',#2076,15.5);
#48=CYLINDRICAL_SURFACE('',#2080,4.15);
#49=CYLINDRICAL_SURFACE('',#2085,18.);
#50=CYLINDRICAL_SURFACE('',#2088,3.15);
#51=CYLINDRICAL_SURFACE('',#2112,18.);
#52=CYLINDRICAL_SURFACE('',#2117,1.);
#53=CYLINDRICAL_SURFACE('',#2123,15.5);
#54=CYLINDRICAL_SURFACE('',#2125,1.);
#55=CYLINDRICAL_SURFACE('',#2130,4.15);
#56=CYLINDRICAL_SURFACE('',#2142,15.5);
#57=CYLINDRICAL_SURFACE('',#2144,3.15);
#58=FACE_BOUND('',#229,.T.);
#59=FACE_BOUND('',#232,.T.);
#60=FACE_BOUND('',#239,.T.);
#61=FACE_BOUND('',#246,.T.);
#62=FACE_BOUND('',#254,.T.);
#63=FACE_BOUND('',#274,.T.);
#64=FACE_BOUND('',#293,.T.);
#65=FACE_BOUND('',#296,.T.);
#66=FACE_BOUND('',#299,.T.);
#67=FACE_BOUND('',#300,.T.);
#68=FACE_BOUND('',#304,.T.);
#69=FACE_BOUND('',#307,.T.);
#70=FACE_BOUND('',#328,.T.);
#71=FACE_BOUND('',#336,.T.);
#72=FACE_BOUND('',#340,.T.);
#73=CIRCLE('',#2003,2.7);
#74=CIRCLE('',#2005,2.7);
#75=CIRCLE('',#2007,4.3);
#76=CIRCLE('',#2008,2.7);
#77=CIRCLE('',#2010,4.3);
#78=CIRCLE('',#2012,2.7);
#79=CIRCLE('',#2023,11.);
#80=CIRCLE('',#2031,3.15);
#81=CIRCLE('',#2034,18.);
#82=CIRCLE('',#2040,18.);
#83=CIRCLE('',#2060,1.);
#84=CIRCLE('',#2063,18.);
#85=CIRCLE('',#2064,15.5);
#86=CIRCLE('',#2066,1.);
#87=CIRCLE('',#2068,15.5);
#88=CIRCLE('',#2070,1.);
#89=CIRCLE('',#2073,1.);
#90=CIRCLE('',#2075,15.5);
#91=CIRCLE('',#2077,15.5);
#92=CIRCLE('',#2081,4.15);
#93=CIRCLE('',#2082,4.15);
#94=CIRCLE('',#2084,3.15);
#95=CIRCLE('',#2086,18.);
#96=CIRCLE('',#2107,17.);
#97=CIRCLE('',#2108,18.);
#98=CIRCLE('',#2113,18.);
#99=CIRCLE('',#2116,6.);
#100=CIRCLE('',#2118,1.);
#101=CIRCLE('',#2120,15.5);
#102=CIRCLE('',#2121,18.);
#103=CIRCLE('',#2122,18.);
#104=CIRCLE('',#2124,15.5);
#105=CIRCLE('',#2126,1.);
#106=CIRCLE('',#2128,3.15);
#107=CIRCLE('',#2129,3.15);
#108=CIRCLE('',#2131,4.15);
#109=CIRCLE('',#2132,4.15);
#110=CIRCLE('',#2134,3.15);
#111=CIRCLE('',#2138,15.5);
#112=CIRCLE('',#2140,15.5);
#113=FACE_OUTER_BOUND('',#222,.T.);
#114=FACE_OUTER_BOUND('',#223,.T.);
#115=FACE_OUTER_BOUND('',#224,.T.);
#116=FACE_OUTER_BOUND('',#225,.T.);
#117=FACE_OUTER_BOUND('',#226,.T.);
#118=FACE_OUTER_BOUND('',#227,.T.);
#119=FACE_OUTER_BOUND('',#228,.T.);
#120=FACE_OUTER_BOUND('',#230,.T.);
#121=FACE_OUTER_BOUND('',#231,.T.);
#122=FACE_OUTER_BOUND('',#233,.T.);
#123=FACE_OUTER_BOUND('',#234,.T.);
#124=FACE_OUTER_BOUND('',#235,.T.);
#125=FACE_OUTER_BOUND('',#236,.T.);
#126=FACE_OUTER_BOUND('',#237,.T.);
#127=FACE_OUTER_BOUND('',#238,.T.);
#128=FACE_OUTER_BOUND('',#240,.T.);
#129=FACE_OUTER_BOUND('',#241,.T.);
#130=FACE_OUTER_BOUND('',#242,.T.);
#131=FACE_OUTER_BOUND('',#243,.T.);
#132=FACE_OUTER_BOUND('',#244,.T.);
#133=FACE_OUTER_BOUND('',#245,.T.);
#134=FACE_OUTER_BOUND('',#247,.T.);
#135=FACE_OUTER_BOUND('',#248,.T.);
#136=FACE_OUTER_BOUND('',#249,.T.);
#137=FACE_OUTER_BOUND('',#250,.T.);
#138=FACE_OUTER_BOUND('',#251,.T.);
#139=FACE_OUTER_BOUND('',#252,.T.);
#140=FACE_OUTER_BOUND('',#253,.T.);
#141=FACE_OUTER_BOUND('',#255,.T.);
#142=FACE_OUTER_BOUND('',#256,.T.);
#143=FACE_OUTER_BOUND('',#257,.T.);
#144=FACE_OUTER_BOUND('',#258,.T.);
#145=FACE_OUTER_BOUND('',#259,.T.);
#146=FACE_OUTER_BOUND('',#260,.T.);
#147=FACE_OUTER_BOUND('',#261,.T.);
#148=FACE_OUTER_BOUND('',#262,.T.);
#149=FACE_OUTER_BOUND('',#263,.T.);
#150=FACE_OUTER_BOUND('',#264,.T.);
#151=FACE_OUTER_BOUND('',#265,.T.);
#152=FACE_OUTER_BOUND('',#266,.T.);
#153=FACE_OUTER_BOUND('',#267,.T.);
#154=FACE_OUTER_BOUND('',#268,.T.);
#155=FACE_OUTER_BOUND('',#269,.T.);
#156=FACE_OUTER_BOUND('',#270,.T.);
#157=FACE_OUTER_BOUND('',#271,.T.);
#158=FACE_OUTER_BOUND('',#272,.T.);
#159=FACE_OUTER_BOUND('',#273,.T.);
#160=FACE_OUTER_BOUND('',#275,.T.);
#161=FACE_OUTER_BOUND('',#276,.T.);
#162=FACE_OUTER_BOUND('',#277,.T.);
#163=FACE_OUTER_BOUND('',#278,.T.);
#164=FACE_OUTER_BOUND('',#279,.T.);
#165=FACE_OUTER_BOUND('',#280,.T.);
#166=FACE_OUTER_BOUND('',#281,.T.);
#167=FACE_OUTER_BOUND('',#282,.T.);
#168=FACE_OUTER_BOUND('',#283,.T.);
#169=FACE_OUTER_BOUND('',#284,.T.);
#170=FACE_OUTER_BOUND('',#285,.T.);
#171=FACE_OUTER_BOUND('',#286,.T.);
#172=FACE_OUTER_BOUND('',#287,.T.);
#173=FACE_OUTER_BOUND('',#288,.T.);
#174=FACE_OUTER_BOUND('',#289,.T.);
#175=FACE_OUTER_BOUND('',#290,.T.);
#176=FACE_OUTER_BOUND('',#291,.T.);
#177=FACE_OUTER_BOUND('',#292,.T.);
#178=FACE_OUTER_BOUND('',#294,.T.);
#179=FACE_OUTER_BOUND('',#295,.T.);
#180=FACE_OUTER_BOUND('',#297,.T.);
#181=FACE_OUTER_BOUND('',#298,.T.);
#182=FACE_OUTER_BOUND('',#301,.T.);
#183=FACE_OUTER_BOUND('',#302,.T.);
#184=FACE_OUTER_BOUND('',#303,.T.);
#185=FACE_OUTER_BOUND('',#305,.T.);
#186=FACE_OUTER_BOUND('',#306,.T.);
#187=FACE_OUTER_BOUND('',#308,.T.);
#188=FACE_OUTER_BOUND('',#309,.T.);
#189=FACE_OUTER_BOUND('',#310,.T.);
#190=FACE_OUTER_BOUND('',#311,.T.);
#191=FACE_OUTER_BOUND('',#312,.T.);
#192=FACE_OUTER_BOUND('',#313,.T.);
#193=FACE_OUTER_BOUND('',#314,.T.);
#194=FACE_OUTER_BOUND('',#315,.T.);
#195=FACE_OUTER_BOUND('',#316,.T.);
#196=FACE_OUTER_BOUND('',#317,.T.);
#197=FACE_OUTER_BOUND('',#318,.T.);
#198=FACE_OUTER_BOUND('',#319,.T.);
#199=FACE_OUTER_BOUND('',#320,.T.);
#200=FACE_OUTER_BOUND('',#321,.T.);
#201=FACE_OUTER_BOUND('',#322,.T.);
#202=FACE_OUTER_BOUND('',#323,.T.);
#203=FACE_OUTER_BOUND('',#324,.T.);
#204=FACE_OUTER_BOUND('',#325,.T.);
#205=FACE_OUTER_BOUND('',#326,.T.);
#206=FACE_OUTER_BOUND('',#327,.T.);
#207=FACE_OUTER_BOUND('',#329,.T.);
#208=FACE_OUTER_BOUND('',#330,.T.);
#209=FACE_OUTER_BOUND('',#331,.T.);
#210=FACE_OUTER_BOUND('',#332,.T.);
#211=FACE_OUTER_BOUND('',#333,.T.);
#212=FACE_OUTER_BOUND('',#334,.T.);
#213=FACE_OUTER_BOUND('',#335,.T.);
#214=FACE_OUTER_BOUND('',#337,.T.);
#215=FACE_OUTER_BOUND('',#338,.T.);
#216=FACE_OUTER_BOUND('',#339,.T.);
#217=FACE_OUTER_BOUND('',#341,.T.);
#218=FACE_OUTER_BOUND('',#342,.T.);
#219=FACE_OUTER_BOUND('',#343,.T.);
#220=FACE_OUTER_BOUND('',#344,.T.);
#221=FACE_OUTER_BOUND('',#345,.T.);
#222=EDGE_LOOP('',(#1248,#1249,#1250,#1251));
#223=EDGE_LOOP('',(#1252,#1253,#1254,#1255));
#224=EDGE_LOOP('',(#1256,#1257,#1258,#1259));
#225=EDGE_LOOP('',(#1260,#1261,#1262,#1263));
#226=EDGE_LOOP('',(#1264,#1265,#1266,#1267));
#227=EDGE_LOOP('',(#1268,#1269,#1270,#1271));
#228=EDGE_LOOP('',(#1272,#1273,#1274,#1275,#1276,#1277));
#229=EDGE_LOOP('',(#1278));
#230=EDGE_LOOP('',(#1279,#1280,#1281,#1282));
#231=EDGE_LOOP('',(#1283));
#232=EDGE_LOOP('',(#1284));
#233=EDGE_LOOP('',(#1285,#1286,#1287,#1288));
#234=EDGE_LOOP('',(#1289,#1290,#1291,#1292));
#235=EDGE_LOOP('',(#1293,#1294,#1295,#1296,#1297,#1298,#1299));
#236=EDGE_LOOP('',(#1300,#1301,#1302,#1303,#1304));
#237=EDGE_LOOP('',(#1305,#1306,#1307,#1308,#1309,#1310,#1311));
#238=EDGE_LOOP('',(#1312,#1313,#1314,#1315,#1316,#1317,#1318));
#239=EDGE_LOOP('',(#1319));
#240=EDGE_LOOP('',(#1320,#1321,#1322,#1323));
#241=EDGE_LOOP('',(#1324,#1325,#1326,#1327));
#242=EDGE_LOOP('',(#1328,#1329,#1330));
#243=EDGE_LOOP('',(#1331,#1332,#1333,#1334,#1335));
#244=EDGE_LOOP('',(#1336,#1337,#1338,#1339));
#245=EDGE_LOOP('',(#1340,#1341,#1342,#1343));
#246=EDGE_LOOP('',(#1344,#1345,#1346,#1347,#1348,#1349));
#247=EDGE_LOOP('',(#1350,#1351,#1352,#1353));
#248=EDGE_LOOP('',(#1354,#1355,#1356,#1357));
#249=EDGE_LOOP('',(#1358,#1359,#1360,#1361));
#250=EDGE_LOOP('',(#1362,#1363,#1364,#1365));
#251=EDGE_LOOP('',(#1366,#1367,#1368,#1369));
#252=EDGE_LOOP('',(#1370,#1371,#1372,#1373));
#253=EDGE_LOOP('',(#1374,#1375,#1376,#1377,#1378,#1379));
#254=EDGE_LOOP('',(#1380));
#255=EDGE_LOOP('',(#1381,#1382,#1383,#1384,#1385,#1386,#1387,#1388));
#256=EDGE_LOOP('',(#1389,#1390,#1391,#1392));
#257=EDGE_LOOP('',(#1393,#1394,#1395,#1396,#1397,#1398,#1399));
#258=EDGE_LOOP('',(#1400,#1401,#1402,#1403,#1404,#1405));
#259=EDGE_LOOP('',(#1406,#1407,#1408,#1409));
#260=EDGE_LOOP('',(#1410,#1411,#1412,#1413));
#261=EDGE_LOOP('',(#1414,#1415,#1416,#1417));
#262=EDGE_LOOP('',(#1418,#1419,#1420,#1421));
#263=EDGE_LOOP('',(#1422,#1423,#1424,#1425));
#264=EDGE_LOOP('',(#1426,#1427,#1428,#1429,#1430,#1431,#1432));
#265=EDGE_LOOP('',(#1433,#1434,#1435,#1436));
#266=EDGE_LOOP('',(#1437,#1438,#1439,#1440));
#267=EDGE_LOOP('',(#1441,#1442,#1443,#1444));
#268=EDGE_LOOP('',(#1445,#1446,#1447));
#269=EDGE_LOOP('',(#1448,#1449,#1450,#1451));
#270=EDGE_LOOP('',(#1452,#1453,#1454,#1455));
#271=EDGE_LOOP('',(#1456,#1457,#1458,#1459));
#272=EDGE_LOOP('',(#1460,#1461,#1462,#1463));
#273=EDGE_LOOP('',(#1464,#1465,#1466,#1467,#1468,#1469,#1470,#1471));
#274=EDGE_LOOP('',(#1472,#1473,#1474,#1475,#1476,#1477));
#275=EDGE_LOOP('',(#1478,#1479,#1480,#1481));
#276=EDGE_LOOP('',(#1482,#1483,#1484,#1485,#1486,#1487));
#277=EDGE_LOOP('',(#1488,#1489,#1490,#1491,#1492,#1493,#1494));
#278=EDGE_LOOP('',(#1495,#1496,#1497,#1498));
#279=EDGE_LOOP('',(#1499,#1500,#1501,#1502,#1503));
#280=EDGE_LOOP('',(#1504,#1505,#1506,#1507,#1508,#1509));
#281=EDGE_LOOP('',(#1510,#1511,#1512,#1513));
#282=EDGE_LOOP('',(#1514,#1515,#1516,#1517));
#283=EDGE_LOOP('',(#1518,#1519,#1520,#1521,#1522,#1523,#1524,#1525));
#284=EDGE_LOOP('',(#1526,#1527,#1528,#1529));
#285=EDGE_LOOP('',(#1530,#1531,#1532,#1533));
#286=EDGE_LOOP('',(#1534,#1535,#1536,#1537));
#287=EDGE_LOOP('',(#1538,#1539,#1540,#1541));
#288=EDGE_LOOP('',(#1542,#1543,#1544,#1545));
#289=EDGE_LOOP('',(#1546,#1547,#1548,#1549));
#290=EDGE_LOOP('',(#1550,#1551,#1552,#1553));
#291=EDGE_LOOP('',(#1554,#1555,#1556,#1557));
#292=EDGE_LOOP('',(#1558,#1559,#1560,#1561,#1562,#1563,#1564));
#293=EDGE_LOOP('',(#1565,#1566,#1567,#1568));
#294=EDGE_LOOP('',(#1569,#1570,#1571,#1572));
#295=EDGE_LOOP('',(#1573));
#296=EDGE_LOOP('',(#1574));
#297=EDGE_LOOP('',(#1575,#1576,#1577,#1578));
#298=EDGE_LOOP('',(#1579,#1580,#1581,#1582,#1583,#1584,#1585,#1586,#1587,
#1588,#1589,#1590));
#299=EDGE_LOOP('',(#1591));
#300=EDGE_LOOP('',(#1592,#1593,#1594,#1595,#1596,#1597,#1598,#1599));
#301=EDGE_LOOP('',(#1600,#1601,#1602,#1603));
#302=EDGE_LOOP('',(#1604,#1605,#1606,#1607));
#303=EDGE_LOOP('',(#1608,#1609,#1610,#1611));
#304=EDGE_LOOP('',(#1612));
#305=EDGE_LOOP('',(#1613,#1614,#1615,#1616));
#306=EDGE_LOOP('',(#1617,#1618,#1619,#1620));
#307=EDGE_LOOP('',(#1621));
#308=EDGE_LOOP('',(#1622,#1623,#1624,#1625));
#309=EDGE_LOOP('',(#1626,#1627,#1628,#1629,#1630));
#310=EDGE_LOOP('',(#1631,#1632,#1633,#1634));
#311=EDGE_LOOP('',(#1635,#1636,#1637,#1638,#1639,#1640));
#312=EDGE_LOOP('',(#1641,#1642,#1643,#1644,#1645,#1646,#1647,#1648,#1649,
#1650,#1651,#1652,#1653));
#313=EDGE_LOOP('',(#1654,#1655,#1656,#1657,#1658));
#314=EDGE_LOOP('',(#1659,#1660,#1661,#1662));
#315=EDGE_LOOP('',(#1663,#1664,#1665,#1666,#1667,#1668));
#316=EDGE_LOOP('',(#1669,#1670,#1671,#1672,#1673,#1674));
#317=EDGE_LOOP('',(#1675,#1676,#1677,#1678));
#318=EDGE_LOOP('',(#1679,#1680,#1681,#1682,#1683,#1684));
#319=EDGE_LOOP('',(#1685,#1686,#1687,#1688));
#320=EDGE_LOOP('',(#1689,#1690,#1691,#1692));
#321=EDGE_LOOP('',(#1693,#1694,#1695,#1696));
#322=EDGE_LOOP('',(#1697,#1698,#1699,#1700));
#323=EDGE_LOOP('',(#1701,#1702,#1703,#1704));
#324=EDGE_LOOP('',(#1705,#1706,#1707,#1708,#1709));
#325=EDGE_LOOP('',(#1710,#1711,#1712,#1713));
#326=EDGE_LOOP('',(#1714,#1715,#1716,#1717,#1718));
#327=EDGE_LOOP('',(#1719,#1720,#1721,#1722,#1723,#1724));
#328=EDGE_LOOP('',(#1725));
#329=EDGE_LOOP('',(#1726,#1727,#1728,#1729));
#330=EDGE_LOOP('',(#1730,#1731,#1732,#1733,#1734,#1735,#1736,#1737,#1738,
#1739,#1740));
#331=EDGE_LOOP('',(#1741,#1742,#1743,#1744));
#332=EDGE_LOOP('',(#1745,#1746,#1747,#1748));
#333=EDGE_LOOP('',(#1749,#1750,#1751,#1752,#1753));
#334=EDGE_LOOP('',(#1754,#1755,#1756,#1757));
#335=EDGE_LOOP('',(#1758));
#336=EDGE_LOOP('',(#1759));
#337=EDGE_LOOP('',(#1760,#1761,#1762));
#338=EDGE_LOOP('',(#1763,#1764,#1765));
#339=EDGE_LOOP('',(#1766,#1767,#1768,#1769,#1770,#1771,#1772,#1773,#1774,
#1775,#1776,#1777));
#340=EDGE_LOOP('',(#1778));
#341=EDGE_LOOP('',(#1779,#1780,#1781,#1782));
#342=EDGE_LOOP('',(#1783,#1784,#1785,#1786,#1787));
#343=EDGE_LOOP('',(#1788,#1789,#1790,#1791));
#344=EDGE_LOOP('',(#1792,#1793,#1794,#1795,#1796));
#345=EDGE_LOOP('',(#1797,#1798,#1799,#1800,#1801));
#346=LINE('',#2672,#569);
#347=LINE('',#2674,#570);
#348=LINE('',#2676,#571);
#349=LINE('',#2677,#572);
#350=LINE('',#2680,#573);
#351=LINE('',#2682,#574);
#352=LINE('',#2683,#575);
#353=LINE('',#2686,#576);
#354=LINE('',#2688,#577);
#355=LINE('',#2689,#578);
#356=LINE('',#2692,#579);
#357=LINE('',#2694,#580);
#358=LINE('',#2695,#581);
#359=LINE('',#2698,#582);
#360=LINE('',#2700,#583);
#361=LINE('',#2701,#584);
#362=LINE('',#2703,#585);
#363=LINE('',#2704,#586);
#364=LINE('',#2711,#587);
#365=LINE('',#2720,#588);
#366=LINE('',#2723,#589);
#367=LINE('',#2728,#590);
#368=LINE('',#2730,#591);
#369=LINE('',#2732,#592);
#370=LINE('',#2734,#593);
#371=LINE('',#2736,#594);
#372=LINE('',#2738,#595);
#373=LINE('',#2739,#596);
#374=LINE('',#2742,#597);
#375=LINE('',#2744,#598);
#376=LINE('',#2746,#599);
#377=LINE('',#2747,#600);
#378=LINE('',#2750,#601);
#379=LINE('',#2752,#602);
#380=LINE('',#2754,#603);
#381=LINE('',#2756,#604);
#382=LINE('',#2757,#605);
#383=LINE('',#2760,#606);
#384=LINE('',#2762,#607);
#385=LINE('',#2764,#608);
#386=LINE('',#2766,#609);
#387=LINE('',#2767,#610);
#388=LINE('',#2770,#611);
#389=LINE('',#2772,#612);
#390=LINE('',#2773,#613);
#391=LINE('',#2776,#614);
#392=LINE('',#2777,#615);
#393=LINE('',#2781,#616);
#394=LINE('',#2783,#617);
#395=LINE('',#2784,#618);
#396=LINE('',#2787,#619);
#397=LINE('',#2789,#620);
#398=LINE('',#2791,#621);
#399=LINE('',#2792,#622);
#400=LINE('',#2795,#623);
#401=LINE('',#2797,#624);
#402=LINE('',#2798,#625);
#403=LINE('',#2801,#626);
#404=LINE('',#2804,#627);
#405=LINE('',#2807,#628);
#406=LINE('',#2809,#629);
#407=LINE('',#2811,#630);
#408=LINE('',#2813,#631);
#409=LINE('',#2815,#632);
#410=LINE('',#2816,#633);
#411=LINE('',#2819,#634);
#412=LINE('',#2821,#635);
#413=LINE('',#2822,#636);
#414=LINE('',#2825,#637);
#415=LINE('',#2826,#638);
#416=LINE('',#2829,#639);
#417=LINE('',#2830,#640);
#418=LINE('',#2833,#641);
#419=LINE('',#2834,#642);
#420=LINE('',#2837,#643);
#421=LINE('',#2838,#644);
#422=LINE('',#2840,#645);
#423=LINE('',#2847,#646);
#424=LINE('',#2849,#647);
#425=LINE('',#2850,#648);
#426=LINE('',#2851,#649);
#427=LINE('',#2854,#650);
#428=LINE('',#2858,#651);
#429=LINE('',#2860,#652);
#430=LINE('',#2861,#653);
#431=LINE('',#2864,#654);
#432=LINE('',#2866,#655);
#433=LINE('',#2868,#656);
#434=LINE('',#2870,#657);
#435=LINE('',#2871,#658);
#436=LINE('',#2874,#659);
#437=LINE('',#2875,#660);
#438=LINE('',#2878,#661);
#439=LINE('',#2879,#662);
#440=LINE('',#2882,#663);
#441=LINE('',#2886,#664);
#442=LINE('',#2887,#665);
#443=LINE('',#2890,#666);
#444=LINE('',#2891,#667);
#445=LINE('',#2894,#668);
#446=LINE('',#2896,#669);
#447=LINE('',#2897,#670);
#448=LINE('',#2900,#671);
#449=LINE('',#2901,#672);
#450=LINE('',#2904,#673);
#451=LINE('',#2905,#674);
#452=LINE('',#2908,#675);
#453=LINE('',#2910,#676);
#454=LINE('',#2911,#677);
#455=LINE('',#2914,#678);
#456=LINE('',#2915,#679);
#457=LINE('',#2917,#680);
#458=LINE('',#2918,#681);
#459=LINE('',#2920,#682);
#460=LINE('',#2923,#683);
#461=LINE('',#2924,#684);
#462=LINE('',#2927,#685);
#463=LINE('',#2928,#686);
#464=LINE('',#2930,#687);
#465=LINE('',#2933,#688);
#466=LINE('',#2935,#689);
#467=LINE('',#2936,#690);
#468=LINE('',#2939,#691);
#469=LINE('',#2940,#692);
#470=LINE('',#2943,#693);
#471=LINE('',#2945,#694);
#472=LINE('',#2946,#695);
#473=LINE('',#2949,#696);
#474=LINE('',#2950,#697);
#475=LINE('',#2953,#698);
#476=LINE('',#2955,#699);
#477=LINE('',#2956,#700);
#478=LINE('',#2958,#701);
#479=LINE('',#2973,#702);
#480=LINE('',#2976,#703);
#481=LINE('',#2983,#704);
#482=LINE('',#2984,#705);
#483=LINE('',#3037,#706);
#484=LINE('',#3041,#707);
#485=LINE('',#3045,#708);
#486=LINE('',#3048,#709);
#487=LINE('',#3051,#710);
#488=LINE('',#3052,#711);
#489=LINE('',#3059,#712);
#490=LINE('',#3062,#713);
#491=LINE('',#3064,#714);
#492=LINE('',#3067,#715);
#493=LINE('',#3069,#716);
#494=LINE('',#3071,#717);
#495=LINE('',#3072,#718);
#496=LINE('',#3077,#719);
#497=LINE('',#3086,#720);
#498=LINE('',#3090,#721);
#499=LINE('',#3092,#722);
#500=LINE('',#3094,#723);
#501=LINE('',#3095,#724);
#502=LINE('',#3097,#725);
#503=LINE('',#3098,#726);
#504=LINE('',#3100,#727);
#505=LINE('',#3102,#728);
#506=LINE('',#3107,#729);
#507=LINE('',#3113,#730);
#508=LINE('',#3115,#731);
#509=LINE('',#3116,#732);
#510=LINE('',#3119,#733);
#511=LINE('',#3121,#734);
#512=LINE('',#3122,#735);
#513=LINE('',#3125,#736);
#514=LINE('',#3127,#737);
#515=LINE('',#3129,#738);
#516=LINE('',#3131,#739);
#517=LINE('',#3132,#740);
#518=LINE('',#3143,#741);
#519=LINE('',#3145,#742);
#520=LINE('',#3147,#743);
#521=LINE('',#3149,#744);
#522=LINE('',#3151,#745);
#523=LINE('',#3153,#746);
#524=LINE('',#3155,#747);
#525=LINE('',#3156,#748);
#526=LINE('',#3163,#749);
#527=LINE('',#3165,#750);
#528=LINE('',#3166,#751);
#529=LINE('',#3169,#752);
#530=LINE('',#3170,#753);
#531=LINE('',#3173,#754);
#532=LINE('',#3175,#755);
#533=LINE('',#3177,#756);
#534=LINE('',#3178,#757);
#535=LINE('',#3182,#758);
#536=LINE('',#3184,#759);
#537=LINE('',#3185,#760);
#538=LINE('',#3187,#761);
#539=LINE('',#3188,#762);
#540=LINE('',#3190,#763);
#541=LINE('',#3193,#764);
#542=LINE('',#3195,#765);
#543=LINE('',#3197,#766);
#544=LINE('',#3199,#767);
#545=LINE('',#3200,#768);
#546=LINE('',#3202,#769);
#547=LINE('',#3206,#770);
#548=LINE('',#3207,#771);
#549=LINE('',#3208,#772);
#550=LINE('',#3212,#773);
#551=LINE('',#3216,#774);
#552=LINE('',#3217,#775);
#553=LINE('',#3219,#776);
#554=LINE('',#3221,#777);
#555=LINE('',#3223,#778);
#556=LINE('',#3247,#779);
#557=LINE('',#3250,#780);
#558=LINE('',#3283,#781);
#559=LINE('',#3287,#782);
#560=LINE('',#3290,#783);
#561=LINE('',#3298,#784);
#562=LINE('',#3304,#785);
#563=LINE('',#3306,#786);
#564=LINE('',#3309,#787);
#565=LINE('',#3312,#788);
#566=LINE('',#3316,#789);
#567=LINE('',#3318,#790);
#568=LINE('',#3321,#791);
#569=VECTOR('',#2149,10.);
#570=VECTOR('',#2150,10.);
#571=VECTOR('',#2151,10.);
#572=VECTOR('',#2152,10.);
#573=VECTOR('',#2155,10.);
#574=VECTOR('',#2156,10.);
#575=VECTOR('',#2157,10.);
#576=VECTOR('',#2160,10.);
#577=VECTOR('',#2161,10.);
#578=VECTOR('',#2162,10.);
#579=VECTOR('',#2165,10.);
#580=VECTOR('',#2166,10.);
#581=VECTOR('',#2167,10.);
#582=VECTOR('',#2170,10.);
#583=VECTOR('',#2171,10.);
#584=VECTOR('',#2172,10.);
#585=VECTOR('',#2175,10.);
#586=VECTOR('',#2176,10.);
#587=VECTOR('',#2185,2.7);
#588=VECTOR('',#2196,4.3);
#589=VECTOR('',#2199,2.7);
#590=VECTOR('',#2204,10.);
#591=VECTOR('',#2205,10.);
#592=VECTOR('',#2206,10.);
#593=VECTOR('',#2207,10.);
#594=VECTOR('',#2208,10.);
#595=VECTOR('',#2209,10.);
#596=VECTOR('',#2210,10.);
#597=VECTOR('',#2213,10.);
#598=VECTOR('',#2214,10.);
#599=VECTOR('',#2215,10.);
#600=VECTOR('',#2216,10.);
#601=VECTOR('',#2219,10.);
#602=VECTOR('',#2220,10.);
#603=VECTOR('',#2221,10.);
#604=VECTOR('',#2222,10.);
#605=VECTOR('',#2223,10.);
#606=VECTOR('',#2226,10.);
#607=VECTOR('',#2227,10.);
#608=VECTOR('',#2228,10.);
#609=VECTOR('',#2229,10.);
#610=VECTOR('',#2230,10.);
#611=VECTOR('',#2233,10.);
#612=VECTOR('',#2234,10.);
#613=VECTOR('',#2235,10.);
#614=VECTOR('',#2238,10.);
#615=VECTOR('',#2239,10.);
#616=VECTOR('',#2242,10.);
#617=VECTOR('',#2243,10.);
#618=VECTOR('',#2244,10.);
#619=VECTOR('',#2247,10.);
#620=VECTOR('',#2248,10.);
#621=VECTOR('',#2249,10.);
#622=VECTOR('',#2250,10.);
#623=VECTOR('',#2253,10.);
#624=VECTOR('',#2254,10.);
#625=VECTOR('',#2255,10.);
#626=VECTOR('',#2258,10.);
#627=VECTOR('',#2261,10.);
#628=VECTOR('',#2262,10.);
#629=VECTOR('',#2263,10.);
#630=VECTOR('',#2264,10.);
#631=VECTOR('',#2265,10.);
#632=VECTOR('',#2266,10.);
#633=VECTOR('',#2267,10.);
#634=VECTOR('',#2270,10.);
#635=VECTOR('',#2271,10.);
#636=VECTOR('',#2272,10.);
#637=VECTOR('',#2275,10.);
#638=VECTOR('',#2276,10.);
#639=VECTOR('',#2279,10.);
#640=VECTOR('',#2280,10.);
#641=VECTOR('',#2283,10.);
#642=VECTOR('',#2284,10.);
#643=VECTOR('',#2287,10.);
#644=VECTOR('',#2288,10.);
#645=VECTOR('',#2291,10.);
#646=VECTOR('',#2298,10.);
#647=VECTOR('',#2299,10.);
#648=VECTOR('',#2300,10.);
#649=VECTOR('',#2301,10.);
#650=VECTOR('',#2304,10.);
#651=VECTOR('',#2309,10.);
#652=VECTOR('',#2310,10.);
#653=VECTOR('',#2311,10.);
#654=VECTOR('',#2314,10.);
#655=VECTOR('',#2315,10.);
#656=VECTOR('',#2316,10.);
#657=VECTOR('',#2317,10.);
#658=VECTOR('',#2318,10.);
#659=VECTOR('',#2321,10.);
#660=VECTOR('',#2322,10.);
#661=VECTOR('',#2325,10.);
#662=VECTOR('',#2326,10.);
#663=VECTOR('',#2329,10.);
#664=VECTOR('',#2334,10.);
#665=VECTOR('',#2335,10.);
#666=VECTOR('',#2338,10.);
#667=VECTOR('',#2339,10.);
#668=VECTOR('',#2342,10.);
#669=VECTOR('',#2343,10.);
#670=VECTOR('',#2344,10.);
#671=VECTOR('',#2347,10.);
#672=VECTOR('',#2348,10.);
#673=VECTOR('',#2351,10.);
#674=VECTOR('',#2352,10.);
#675=VECTOR('',#2355,10.);
#676=VECTOR('',#2356,10.);
#677=VECTOR('',#2357,10.);
#678=VECTOR('',#2360,10.);
#679=VECTOR('',#2361,10.);
#680=VECTOR('',#2364,10.);
#681=VECTOR('',#2365,10.);
#682=VECTOR('',#2368,10.);
#683=VECTOR('',#2371,10.);
#684=VECTOR('',#2372,10.);
#685=VECTOR('',#2375,10.);
#686=VECTOR('',#2376,10.);
#687=VECTOR('',#2379,10.);
#688=VECTOR('',#2382,10.);
#689=VECTOR('',#2383,10.);
#690=VECTOR('',#2384,10.);
#691=VECTOR('',#2387,10.);
#692=VECTOR('',#2388,10.);
#693=VECTOR('',#2391,10.);
#694=VECTOR('',#2392,10.);
#695=VECTOR('',#2393,10.);
#696=VECTOR('',#2396,10.);
#697=VECTOR('',#2397,10.);
#698=VECTOR('',#2400,10.);
#699=VECTOR('',#2401,10.);
#700=VECTOR('',#2402,10.);
#701=VECTOR('',#2405,10.);
#702=VECTOR('',#2408,10.);
#703=VECTOR('',#2411,10.);
#704=VECTOR('',#2414,10.);
#705=VECTOR('',#2415,10.);
#706=VECTOR('',#2424,10.);
#707=VECTOR('',#2429,10.);
#708=VECTOR('',#2434,10.);
#709=VECTOR('',#2437,10.);
#710=VECTOR('',#2440,10.);
#711=VECTOR('',#2441,10.);
#712=VECTOR('',#2452,10.);
#713=VECTOR('',#2457,10.);
#714=VECTOR('',#2460,10.);
#715=VECTOR('',#2461,10.);
#716=VECTOR('',#2462,10.);
#717=VECTOR('',#2463,10.);
#718=VECTOR('',#2464,10.);
#719=VECTOR('',#2469,4.15);
#720=VECTOR('',#2484,3.15);
#721=VECTOR('',#2487,10.);
#722=VECTOR('',#2488,10.);
#723=VECTOR('',#2489,10.);
#724=VECTOR('',#2490,10.);
#725=VECTOR('',#2493,10.);
#726=VECTOR('',#2494,10.);
#727=VECTOR('',#2497,10.);
#728=VECTOR('',#2500,10.);
#729=VECTOR('',#2505,10.);
#730=VECTOR('',#2506,10.);
#731=VECTOR('',#2507,10.);
#732=VECTOR('',#2508,10.);
#733=VECTOR('',#2511,10.);
#734=VECTOR('',#2512,10.);
#735=VECTOR('',#2513,10.);
#736=VECTOR('',#2516,10.);
#737=VECTOR('',#2517,10.);
#738=VECTOR('',#2518,10.);
#739=VECTOR('',#2519,10.);
#740=VECTOR('',#2520,10.);
#741=VECTOR('',#2523,10.);
#742=VECTOR('',#2524,10.);
#743=VECTOR('',#2525,10.);
#744=VECTOR('',#2526,10.);
#745=VECTOR('',#2527,10.);
#746=VECTOR('',#2528,10.);
#747=VECTOR('',#2529,10.);
#748=VECTOR('',#2530,10.);
#749=VECTOR('',#2533,10.);
#750=VECTOR('',#2534,10.);
#751=VECTOR('',#2535,10.);
#752=VECTOR('',#2538,10.);
#753=VECTOR('',#2539,10.);
#754=VECTOR('',#2542,10.);
#755=VECTOR('',#2543,10.);
#756=VECTOR('',#2544,10.);
#757=VECTOR('',#2545,10.);
#758=VECTOR('',#2548,10.);
#759=VECTOR('',#2549,10.);
#760=VECTOR('',#2550,10.);
#761=VECTOR('',#2551,10.);
#762=VECTOR('',#2552,10.);
#763=VECTOR('',#2555,10.);
#764=VECTOR('',#2558,10.);
#765=VECTOR('',#2559,10.);
#766=VECTOR('',#2560,10.);
#767=VECTOR('',#2561,10.);
#768=VECTOR('',#2562,10.);
#769=VECTOR('',#2565,10.);
#770=VECTOR('',#2568,10.);
#771=VECTOR('',#2569,10.);
#772=VECTOR('',#2570,10.);
#773=VECTOR('',#2573,10.);
#774=VECTOR('',#2580,10.);
#775=VECTOR('',#2581,10.);
#776=VECTOR('',#2584,10.);
#777=VECTOR('',#2587,10.);
#778=VECTOR('',#2590,10.);
#779=VECTOR('',#2601,10.);
#780=VECTOR('',#2604,10.);
#781=VECTOR('',#2617,10.);
#782=VECTOR('',#2622,10.);
#783=VECTOR('',#2625,4.575);
#784=VECTOR('',#2634,4.15);
#785=VECTOR('',#2643,10.);
#786=VECTOR('',#2646,10.);
#787=VECTOR('',#2649,10.);
#788=VECTOR('',#2652,10.);
#789=VECTOR('',#2659,10.);
#790=VECTOR('',#2662,10.);
#791=VECTOR('',#2667,3.15);
#792=VERTEX_POINT('',#2670);
#793=VERTEX_POINT('',#2671);
#794=VERTEX_POINT('',#2673);
#795=VERTEX_POINT('',#2675);
#796=VERTEX_POINT('',#2679);
#797=VERTEX_POINT('',#2681);
#798=VERTEX_POINT('',#2685);
#799=VERTEX_POINT('',#2687);
#800=VERTEX_POINT('',#2691);
#801=VERTEX_POINT('',#2693);
#802=VERTEX_POINT('',#2697);
#803=VERTEX_POINT('',#2699);
#804=VERTEX_POINT('',#2706);
#805=VERTEX_POINT('',#2709);
#806=VERTEX_POINT('',#2713);
#807=VERTEX_POINT('',#2715);
#808=VERTEX_POINT('',#2718);
#809=VERTEX_POINT('',#2722);
#810=VERTEX_POINT('',#2726);
#811=VERTEX_POINT('',#2727);
#812=VERTEX_POINT('',#2729);
#813=VERTEX_POINT('',#2731);
#814=VERTEX_POINT('',#2733);
#815=VERTEX_POINT('',#2735);
#816=VERTEX_POINT('',#2737);
#817=VERTEX_POINT('',#2741);
#818=VERTEX_POINT('',#2743);
#819=VERTEX_POINT('',#2745);
#820=VERTEX_POINT('',#2749);
#821=VERTEX_POINT('',#2751);
#822=VERTEX_POINT('',#2753);
#823=VERTEX_POINT('',#2755);
#824=VERTEX_POINT('',#2759);
#825=VERTEX_POINT('',#2761);
#826=VERTEX_POINT('',#2763);
#827=VERTEX_POINT('',#2765);
#828=VERTEX_POINT('',#2769);
#829=VERTEX_POINT('',#2771);
#830=VERTEX_POINT('',#2775);
#831=VERTEX_POINT('',#2779);
#832=VERTEX_POINT('',#2780);
#833=VERTEX_POINT('',#2782);
#834=VERTEX_POINT('',#2786);
#835=VERTEX_POINT('',#2788);
#836=VERTEX_POINT('',#2790);
#837=VERTEX_POINT('',#2794);
#838=VERTEX_POINT('',#2796);
#839=VERTEX_POINT('',#2800);
#840=VERTEX_POINT('',#2802);
#841=VERTEX_POINT('',#2805);
#842=VERTEX_POINT('',#2806);
#843=VERTEX_POINT('',#2808);
#844=VERTEX_POINT('',#2810);
#845=VERTEX_POINT('',#2812);
#846=VERTEX_POINT('',#2814);
#847=VERTEX_POINT('',#2818);
#848=VERTEX_POINT('',#2820);
#849=VERTEX_POINT('',#2824);
#850=VERTEX_POINT('',#2828);
#851=VERTEX_POINT('',#2832);
#852=VERTEX_POINT('',#2836);
#853=VERTEX_POINT('',#2842);
#854=VERTEX_POINT('',#2845);
#855=VERTEX_POINT('',#2846);
#856=VERTEX_POINT('',#2848);
#857=VERTEX_POINT('',#2853);
#858=VERTEX_POINT('',#2857);
#859=VERTEX_POINT('',#2859);
#860=VERTEX_POINT('',#2863);
#861=VERTEX_POINT('',#2865);
#862=VERTEX_POINT('',#2867);
#863=VERTEX_POINT('',#2869);
#864=VERTEX_POINT('',#2873);
#865=VERTEX_POINT('',#2877);
#866=VERTEX_POINT('',#2881);
#867=VERTEX_POINT('',#2885);
#868=VERTEX_POINT('',#2889);
#869=VERTEX_POINT('',#2893);
#870=VERTEX_POINT('',#2895);
#871=VERTEX_POINT('',#2899);
#872=VERTEX_POINT('',#2903);
#873=VERTEX_POINT('',#2907);
#874=VERTEX_POINT('',#2909);
#875=VERTEX_POINT('',#2913);
#876=VERTEX_POINT('',#2922);
#877=VERTEX_POINT('',#2926);
#878=VERTEX_POINT('',#2932);
#879=VERTEX_POINT('',#2934);
#880=VERTEX_POINT('',#2938);
#881=VERTEX_POINT('',#2942);
#882=VERTEX_POINT('',#2944);
#883=VERTEX_POINT('',#2948);
#884=VERTEX_POINT('',#2952);
#885=VERTEX_POINT('',#2954);
#886=VERTEX_POINT('',#2960);
#887=VERTEX_POINT('',#2961);
#888=VERTEX_POINT('',#2972);
#889=VERTEX_POINT('',#2974);
#890=VERTEX_POINT('',#2978);
#891=VERTEX_POINT('',#2982);
#892=VERTEX_POINT('',#2986);
#893=VERTEX_POINT('',#2988);
#894=VERTEX_POINT('',#2999);
#895=VERTEX_POINT('',#3003);
#896=VERTEX_POINT('',#3019);
#897=VERTEX_POINT('',#3036);
#898=VERTEX_POINT('',#3040);
#899=VERTEX_POINT('',#3044);
#900=VERTEX_POINT('',#3046);
#901=VERTEX_POINT('',#3050);
#902=VERTEX_POINT('',#3058);
#903=VERTEX_POINT('',#3065);
#904=VERTEX_POINT('',#3066);
#905=VERTEX_POINT('',#3068);
#906=VERTEX_POINT('',#3070);
#907=VERTEX_POINT('',#3074);
#908=VERTEX_POINT('',#3076);
#909=VERTEX_POINT('',#3080);
#910=VERTEX_POINT('',#3088);
#911=VERTEX_POINT('',#3089);
#912=VERTEX_POINT('',#3091);
#913=VERTEX_POINT('',#3093);
#914=VERTEX_POINT('',#3105);
#915=VERTEX_POINT('',#3106);
#916=VERTEX_POINT('',#3108);
#917=VERTEX_POINT('',#3112);
#918=VERTEX_POINT('',#3114);
#919=VERTEX_POINT('',#3118);
#920=VERTEX_POINT('',#3120);
#921=VERTEX_POINT('',#3124);
#922=VERTEX_POINT('',#3126);
#923=VERTEX_POINT('',#3128);
#924=VERTEX_POINT('',#3130);
#925=VERTEX_POINT('',#3134);
#926=VERTEX_POINT('',#3138);
#927=VERTEX_POINT('',#3142);
#928=VERTEX_POINT('',#3144);
#929=VERTEX_POINT('',#3146);
#930=VERTEX_POINT('',#3148);
#931=VERTEX_POINT('',#3150);
#932=VERTEX_POINT('',#3152);
#933=VERTEX_POINT('',#3154);
#934=VERTEX_POINT('',#3158);
#935=VERTEX_POINT('',#3162);
#936=VERTEX_POINT('',#3164);
#937=VERTEX_POINT('',#3168);
#938=VERTEX_POINT('',#3172);
#939=VERTEX_POINT('',#3174);
#940=VERTEX_POINT('',#3176);
#941=VERTEX_POINT('',#3180);
#942=VERTEX_POINT('',#3181);
#943=VERTEX_POINT('',#3183);
#944=VERTEX_POINT('',#3186);
#945=VERTEX_POINT('',#3192);
#946=VERTEX_POINT('',#3194);
#947=VERTEX_POINT('',#3196);
#948=VERTEX_POINT('',#3198);
#949=VERTEX_POINT('',#3204);
#950=VERTEX_POINT('',#3205);
#951=VERTEX_POINT('',#3210);
#952=VERTEX_POINT('',#3211);
#953=VERTEX_POINT('',#3227);
#954=VERTEX_POINT('',#3230);
#955=VERTEX_POINT('',#3231);
#956=VERTEX_POINT('',#3246);
#957=VERTEX_POINT('',#3248);
#958=VERTEX_POINT('',#3252);
#959=VERTEX_POINT('',#3254);
#960=VERTEX_POINT('',#3270);
#961=VERTEX_POINT('',#3275);
#962=VERTEX_POINT('',#3281);
#963=VERTEX_POINT('',#3285);
#964=VERTEX_POINT('',#3289);
#965=VERTEX_POINT('',#3291);
#966=VERTEX_POINT('',#3295);
#967=VERTEX_POINT('',#3297);
#968=VERTEX_POINT('',#3301);
#969=VERTEX_POINT('',#3308);
#970=VERTEX_POINT('',#3310);
#971=EDGE_CURVE('',#792,#793,#346,.T.);
#972=EDGE_CURVE('',#792,#794,#347,.T.);
#973=EDGE_CURVE('',#794,#795,#348,.T.);
#974=EDGE_CURVE('',#793,#795,#349,.T.);
#975=EDGE_CURVE('',#796,#792,#350,.T.);
#976=EDGE_CURVE('',#796,#797,#351,.T.);
#977=EDGE_CURVE('',#797,#794,#352,.T.);
#978=EDGE_CURVE('',#798,#796,#353,.T.);
#979=EDGE_CURVE('',#798,#799,#354,.T.);
#980=EDGE_CURVE('',#799,#797,#355,.T.);
#981=EDGE_CURVE('',#800,#798,#356,.T.);
#982=EDGE_CURVE('',#800,#801,#357,.T.);
#983=EDGE_CURVE('',#801,#799,#358,.T.);
#984=EDGE_CURVE('',#802,#800,#359,.T.);
#985=EDGE_CURVE('',#802,#803,#360,.T.);
#986=EDGE_CURVE('',#803,#801,#361,.T.);
#987=EDGE_CURVE('',#793,#802,#362,.T.);
#988=EDGE_CURVE('',#795,#803,#363,.T.);
#989=EDGE_CURVE('',#804,#804,#73,.T.);
#990=EDGE_CURVE('',#805,#805,#74,.T.);
#991=EDGE_CURVE('',#805,#804,#364,.T.);
#992=EDGE_CURVE('',#806,#806,#75,.T.);
#993=EDGE_CURVE('',#807,#807,#76,.T.);
#994=EDGE_CURVE('',#808,#808,#77,.T.);
#995=EDGE_CURVE('',#808,#806,#365,.T.);
#996=EDGE_CURVE('',#807,#809,#366,.T.);
#997=EDGE_CURVE('',#809,#809,#78,.T.);
#998=EDGE_CURVE('',#810,#811,#367,.T.);
#999=EDGE_CURVE('',#812,#810,#368,.T.);
#1000=EDGE_CURVE('',#813,#812,#369,.T.);
#1001=EDGE_CURVE('',#814,#813,#370,.T.);
#1002=EDGE_CURVE('',#815,#814,#371,.T.);
#1003=EDGE_CURVE('',#816,#815,#372,.T.);
#1004=EDGE_CURVE('',#811,#816,#373,.T.);
#1005=EDGE_CURVE('',#813,#817,#374,.T.);
#1006=EDGE_CURVE('',#817,#818,#375,.T.);
#1007=EDGE_CURVE('',#818,#819,#376,.T.);
#1008=EDGE_CURVE('',#819,#814,#377,.T.);
#1009=EDGE_CURVE('',#812,#820,#378,.T.);
#1010=EDGE_CURVE('',#820,#821,#379,.T.);
#1011=EDGE_CURVE('',#822,#821,#380,.T.);
#1012=EDGE_CURVE('',#822,#823,#381,.T.);
#1013=EDGE_CURVE('',#817,#823,#382,.T.);
#1014=EDGE_CURVE('',#824,#810,#383,.T.);
#1015=EDGE_CURVE('',#825,#824,#384,.T.);
#1016=EDGE_CURVE('',#826,#825,#385,.T.);
#1017=EDGE_CURVE('',#826,#827,#386,.T.);
#1018=EDGE_CURVE('',#820,#827,#387,.F.);
#1019=EDGE_CURVE('',#825,#828,#388,.T.);
#1020=EDGE_CURVE('',#828,#829,#389,.T.);
#1021=EDGE_CURVE('',#829,#826,#390,.T.);
#1022=EDGE_CURVE('',#830,#824,#391,.T.);
#1023=EDGE_CURVE('',#830,#828,#392,.T.);
#1024=EDGE_CURVE('',#831,#832,#393,.F.);
#1025=EDGE_CURVE('',#831,#833,#394,.T.);
#1026=EDGE_CURVE('',#833,#832,#395,.T.);
#1027=EDGE_CURVE('',#834,#833,#396,.F.);
#1028=EDGE_CURVE('',#834,#835,#397,.T.);
#1029=EDGE_CURVE('',#836,#835,#398,.T.);
#1030=EDGE_CURVE('',#836,#832,#399,.T.);
#1031=EDGE_CURVE('',#821,#837,#400,.T.);
#1032=EDGE_CURVE('',#837,#838,#401,.T.);
#1033=EDGE_CURVE('',#838,#822,#402,.T.);
#1034=EDGE_CURVE('',#839,#837,#403,.T.);
#1035=EDGE_CURVE('',#840,#839,#79,.T.);
#1036=EDGE_CURVE('',#838,#840,#404,.T.);
#1037=EDGE_CURVE('',#841,#842,#405,.T.);
#1038=EDGE_CURVE('',#842,#843,#406,.T.);
#1039=EDGE_CURVE('',#843,#844,#407,.T.);
#1040=EDGE_CURVE('',#844,#845,#408,.T.);
#1041=EDGE_CURVE('',#845,#846,#409,.T.);
#1042=EDGE_CURVE('',#846,#841,#410,.T.);
#1043=EDGE_CURVE('',#841,#847,#411,.T.);
#1044=EDGE_CURVE('',#847,#848,#412,.T.);
#1045=EDGE_CURVE('',#842,#848,#413,.T.);
#1046=EDGE_CURVE('',#846,#849,#414,.T.);
#1047=EDGE_CURVE('',#849,#847,#415,.T.);
#1048=EDGE_CURVE('',#845,#850,#416,.T.);
#1049=EDGE_CURVE('',#850,#849,#417,.T.);
#1050=EDGE_CURVE('',#844,#851,#418,.T.);
#1051=EDGE_CURVE('',#851,#850,#419,.T.);
#1052=EDGE_CURVE('',#843,#852,#420,.T.);
#1053=EDGE_CURVE('',#852,#851,#421,.T.);
#1054=EDGE_CURVE('',#848,#852,#422,.T.);
#1055=EDGE_CURVE('',#853,#853,#80,.T.);
#1056=EDGE_CURVE('',#854,#855,#423,.T.);
#1057=EDGE_CURVE('',#855,#856,#424,.T.);
#1058=EDGE_CURVE('',#856,#839,#425,.T.);
#1059=EDGE_CURVE('',#827,#854,#426,.T.);
#1060=EDGE_CURVE('',#857,#840,#427,.T.);
#1061=EDGE_CURVE('',#856,#857,#81,.T.);
#1062=EDGE_CURVE('',#858,#823,#428,.T.);
#1063=EDGE_CURVE('',#857,#859,#429,.T.);
#1064=EDGE_CURVE('',#859,#858,#430,.T.);
#1065=EDGE_CURVE('',#823,#860,#431,.T.);
#1066=EDGE_CURVE('',#861,#858,#432,.T.);
#1067=EDGE_CURVE('',#862,#861,#433,.T.);
#1068=EDGE_CURVE('',#863,#862,#434,.T.);
#1069=EDGE_CURVE('',#860,#863,#435,.T.);
#1070=EDGE_CURVE('',#859,#864,#436,.T.);
#1071=EDGE_CURVE('',#864,#861,#437,.T.);
#1072=EDGE_CURVE('',#865,#857,#438,.T.);
#1073=EDGE_CURVE('',#864,#865,#439,.T.);
#1074=EDGE_CURVE('',#866,#856,#440,.T.);
#1075=EDGE_CURVE('',#865,#866,#82,.T.);
#1076=EDGE_CURVE('',#867,#855,#441,.T.);
#1077=EDGE_CURVE('',#866,#867,#442,.T.);
#1078=EDGE_CURVE('',#854,#868,#443,.T.);
#1079=EDGE_CURVE('',#868,#867,#444,.T.);
#1080=EDGE_CURVE('',#829,#869,#445,.T.);
#1081=EDGE_CURVE('',#870,#869,#446,.T.);
#1082=EDGE_CURVE('',#868,#870,#447,.T.);
#1083=EDGE_CURVE('',#871,#819,#448,.T.);
#1084=EDGE_CURVE('',#815,#871,#449,.T.);
#1085=EDGE_CURVE('',#818,#872,#450,.T.);
#1086=EDGE_CURVE('',#872,#871,#451,.T.);
#1087=EDGE_CURVE('',#835,#873,#452,.T.);
#1088=EDGE_CURVE('',#873,#874,#453,.T.);
#1089=EDGE_CURVE('',#874,#836,#454,.T.);
#1090=EDGE_CURVE('',#875,#872,#455,.T.);
#1091=EDGE_CURVE('',#871,#875,#456,.T.);
#1092=EDGE_CURVE('',#874,#875,#457,.T.);
#1093=EDGE_CURVE('',#872,#836,#458,.T.);
#1094=EDGE_CURVE('',#875,#816,#459,.T.);
#1095=EDGE_CURVE('',#811,#876,#460,.T.);
#1096=EDGE_CURVE('',#876,#824,#461,.T.);
#1097=EDGE_CURVE('',#876,#877,#462,.T.);
#1098=EDGE_CURVE('',#877,#830,#463,.T.);
#1099=EDGE_CURVE('',#860,#831,#464,.F.);
#1100=EDGE_CURVE('',#878,#870,#465,.T.);
#1101=EDGE_CURVE('',#869,#879,#466,.F.);
#1102=EDGE_CURVE('',#879,#878,#467,.T.);
#1103=EDGE_CURVE('',#878,#880,#468,.T.);
#1104=EDGE_CURVE('',#880,#866,#469,.T.);
#1105=EDGE_CURVE('',#881,#834,#470,.T.);
#1106=EDGE_CURVE('',#863,#882,#471,.T.);
#1107=EDGE_CURVE('',#882,#881,#472,.T.);
#1108=EDGE_CURVE('',#862,#883,#473,.T.);
#1109=EDGE_CURVE('',#883,#882,#474,.T.);
#1110=EDGE_CURVE('',#884,#883,#475,.T.);
#1111=EDGE_CURVE('',#884,#885,#476,.T.);
#1112=EDGE_CURVE('',#885,#881,#477,.T.);
#1113=EDGE_CURVE('',#884,#865,#478,.T.);
#1114=EDGE_CURVE('',#886,#887,#25,.T.);
#1115=EDGE_CURVE('',#887,#888,#479,.T.);
#1116=EDGE_CURVE('',#888,#889,#83,.F.);
#1117=EDGE_CURVE('',#889,#886,#480,.T.);
#1118=EDGE_CURVE('',#890,#887,#17,.T.);
#1119=EDGE_CURVE('',#891,#890,#481,.T.);
#1120=EDGE_CURVE('',#891,#888,#482,.T.);
#1121=EDGE_CURVE('',#886,#892,#84,.F.);
#1122=EDGE_CURVE('',#893,#892,#26,.T.);
#1123=EDGE_CURVE('',#893,#894,#18,.T.);
#1124=EDGE_CURVE('',#895,#894,#27,.T.);
#1125=EDGE_CURVE('',#895,#896,#85,.T.);
#1126=EDGE_CURVE('',#890,#896,#28,.T.);
#1127=EDGE_CURVE('',#896,#897,#483,.T.);
#1128=EDGE_CURVE('',#897,#891,#86,.F.);
#1129=EDGE_CURVE('',#898,#895,#484,.T.);
#1130=EDGE_CURVE('',#898,#897,#87,.T.);
#1131=EDGE_CURVE('',#892,#899,#485,.T.);
#1132=EDGE_CURVE('',#899,#900,#88,.F.);
#1133=EDGE_CURVE('',#900,#893,#486,.T.);
#1134=EDGE_CURVE('',#900,#901,#487,.T.);
#1135=EDGE_CURVE('',#894,#901,#488,.T.);
#1136=EDGE_CURVE('',#901,#898,#89,.F.);
#1137=EDGE_CURVE('',#880,#884,#90,.T.);
#1138=EDGE_CURVE('',#902,#880,#489,.T.);
#1139=EDGE_CURVE('',#902,#885,#91,.T.);
#1140=EDGE_CURVE('',#879,#902,#490,.T.);
#1141=EDGE_CURVE('',#873,#877,#491,.T.);
#1142=EDGE_CURVE('',#903,#904,#492,.T.);
#1143=EDGE_CURVE('',#905,#903,#493,.T.);
#1144=EDGE_CURVE('',#906,#905,#494,.T.);
#1145=EDGE_CURVE('',#904,#906,#495,.T.);
#1146=EDGE_CURVE('',#907,#907,#92,.T.);
#1147=EDGE_CURVE('',#907,#908,#496,.T.);
#1148=EDGE_CURVE('',#908,#908,#93,.T.);
#1149=EDGE_CURVE('',#909,#909,#94,.T.);
#1150=EDGE_CURVE('',#889,#899,#95,.T.);
#1151=EDGE_CURVE('',#909,#853,#497,.T.);
#1152=EDGE_CURVE('',#910,#911,#498,.T.);
#1153=EDGE_CURVE('',#911,#912,#499,.T.);
#1154=EDGE_CURVE('',#912,#913,#500,.T.);
#1155=EDGE_CURVE('',#913,#910,#501,.T.);
#1156=EDGE_CURVE('',#903,#911,#502,.T.);
#1157=EDGE_CURVE('',#905,#910,#503,.T.);
#1158=EDGE_CURVE('',#906,#913,#504,.T.);
#1159=EDGE_CURVE('',#904,#912,#505,.T.);
#1160=EDGE_CURVE('',#914,#915,#506,.T.);
#1161=EDGE_CURVE('',#915,#916,#19,.F.);
#1162=EDGE_CURVE('',#916,#917,#507,.T.);
#1163=EDGE_CURVE('',#917,#918,#508,.T.);
#1164=EDGE_CURVE('',#918,#914,#509,.T.);
#1165=EDGE_CURVE('',#917,#919,#510,.T.);
#1166=EDGE_CURVE('',#919,#920,#511,.T.);
#1167=EDGE_CURVE('',#920,#918,#512,.T.);
#1168=EDGE_CURVE('',#919,#921,#513,.T.);
#1169=EDGE_CURVE('',#922,#921,#514,.T.);
#1170=EDGE_CURVE('',#922,#923,#515,.T.);
#1171=EDGE_CURVE('',#923,#924,#516,.T.);
#1172=EDGE_CURVE('',#924,#920,#517,.T.);
#1173=EDGE_CURVE('',#925,#916,#20,.T.);
#1174=EDGE_CURVE('',#926,#925,#21,.T.);
#1175=EDGE_CURVE('',#927,#926,#518,.T.);
#1176=EDGE_CURVE('',#928,#927,#519,.T.);
#1177=EDGE_CURVE('',#929,#928,#520,.T.);
#1178=EDGE_CURVE('',#930,#929,#521,.T.);
#1179=EDGE_CURVE('',#930,#931,#522,.T.);
#1180=EDGE_CURVE('',#932,#931,#523,.T.);
#1181=EDGE_CURVE('',#932,#933,#524,.T.);
#1182=EDGE_CURVE('',#921,#933,#525,.T.);
#1183=EDGE_CURVE('',#926,#934,#22,.F.);
#1184=EDGE_CURVE('',#934,#935,#526,.T.);
#1185=EDGE_CURVE('',#935,#936,#527,.T.);
#1186=EDGE_CURVE('',#936,#927,#528,.T.);
#1187=EDGE_CURVE('',#936,#937,#529,.T.);
#1188=EDGE_CURVE('',#937,#928,#530,.T.);
#1189=EDGE_CURVE('',#937,#938,#531,.T.);
#1190=EDGE_CURVE('',#939,#938,#532,.T.);
#1191=EDGE_CURVE('',#939,#940,#533,.T.);
#1192=EDGE_CURVE('',#929,#940,#534,.T.);
#1193=EDGE_CURVE('',#941,#942,#535,.F.);
#1194=EDGE_CURVE('',#943,#941,#536,.T.);
#1195=EDGE_CURVE('',#933,#943,#537,.F.);
#1196=EDGE_CURVE('',#944,#932,#538,.F.);
#1197=EDGE_CURVE('',#942,#944,#539,.T.);
#1198=EDGE_CURVE('',#943,#922,#540,.T.);
#1199=EDGE_CURVE('',#931,#945,#541,.F.);
#1200=EDGE_CURVE('',#946,#930,#542,.F.);
#1201=EDGE_CURVE('',#947,#946,#543,.T.);
#1202=EDGE_CURVE('',#948,#947,#544,.F.);
#1203=EDGE_CURVE('',#945,#948,#545,.T.);
#1204=EDGE_CURVE('',#940,#946,#546,.T.);
#1205=EDGE_CURVE('',#949,#950,#547,.T.);
#1206=EDGE_CURVE('',#950,#948,#548,.T.);
#1207=EDGE_CURVE('',#947,#949,#549,.T.);
#1208=EDGE_CURVE('',#951,#952,#550,.T.);
#1209=EDGE_CURVE('',#952,#950,#96,.T.);
#1210=EDGE_CURVE('',#949,#951,#97,.T.);
#1211=EDGE_CURVE('',#951,#941,#551,.T.);
#1212=EDGE_CURVE('',#942,#952,#552,.T.);
#1213=EDGE_CURVE('',#945,#944,#553,.T.);
#1214=EDGE_CURVE('',#923,#951,#554,.T.);
#1215=EDGE_CURVE('',#939,#949,#555,.T.);
#1216=EDGE_CURVE('',#923,#939,#98,.T.);
#1217=EDGE_CURVE('',#953,#953,#99,.T.);
#1218=EDGE_CURVE('',#954,#955,#29,.T.);
#1219=EDGE_CURVE('',#955,#956,#556,.T.);
#1220=EDGE_CURVE('',#956,#957,#100,.F.);
#1221=EDGE_CURVE('',#957,#954,#557,.T.);
#1222=EDGE_CURVE('',#954,#958,#101,.T.);
#1223=EDGE_CURVE('',#959,#958,#30,.T.);
#1224=EDGE_CURVE('',#959,#960,#23,.T.);
#1225=EDGE_CURVE('',#934,#960,#102,.T.);
#1226=EDGE_CURVE('',#961,#915,#103,.T.);
#1227=EDGE_CURVE('',#961,#955,#24,.T.);
#1228=EDGE_CURVE('',#962,#957,#104,.T.);
#1229=EDGE_CURVE('',#958,#962,#558,.T.);
#1230=EDGE_CURVE('',#962,#963,#105,.F.);
#1231=EDGE_CURVE('',#963,#959,#559,.T.);
#1232=EDGE_CURVE('',#953,#964,#560,.T.);
#1233=EDGE_CURVE('',#965,#964,#106,.T.);
#1234=EDGE_CURVE('',#964,#965,#107,.T.);
#1235=EDGE_CURVE('',#966,#966,#108,.T.);
#1236=EDGE_CURVE('',#966,#967,#561,.T.);
#1237=EDGE_CURVE('',#967,#967,#109,.T.);
#1238=EDGE_CURVE('',#968,#968,#110,.T.);
#1239=EDGE_CURVE('',#960,#963,#562,.T.);
#1240=EDGE_CURVE('',#956,#961,#563,.T.);
#1241=EDGE_CURVE('',#914,#969,#564,.T.);
#1242=EDGE_CURVE('',#969,#970,#111,.T.);
#1243=EDGE_CURVE('',#970,#935,#565,.T.);
#1244=EDGE_CURVE('',#938,#924,#112,.T.);
#1245=EDGE_CURVE('',#969,#924,#566,.T.);
#1246=EDGE_CURVE('',#970,#938,#567,.T.);
#1247=EDGE_CURVE('',#965,#968,#568,.T.);
#1248=ORIENTED_EDGE('',*,*,#971,.F.);
#1249=ORIENTED_EDGE('',*,*,#972,.T.);
#1250=ORIENTED_EDGE('',*,*,#973,.T.);
#1251=ORIENTED_EDGE('',*,*,#974,.F.);
#1252=ORIENTED_EDGE('',*,*,#975,.F.);
#1253=ORIENTED_EDGE('',*,*,#976,.T.);
#1254=ORIENTED_EDGE('',*,*,#977,.T.);
#1255=ORIENTED_EDGE('',*,*,#972,.F.);
#1256=ORIENTED_EDGE('',*,*,#978,.F.);
#1257=ORIENTED_EDGE('',*,*,#979,.T.);
#1258=ORIENTED_EDGE('',*,*,#980,.T.);
#1259=ORIENTED_EDGE('',*,*,#976,.F.);
#1260=ORIENTED_EDGE('',*,*,#981,.F.);
#1261=ORIENTED_EDGE('',*,*,#982,.T.);
#1262=ORIENTED_EDGE('',*,*,#983,.T.);
#1263=ORIENTED_EDGE('',*,*,#979,.F.);
#1264=ORIENTED_EDGE('',*,*,#984,.F.);
#1265=ORIENTED_EDGE('',*,*,#985,.T.);
#1266=ORIENTED_EDGE('',*,*,#986,.T.);
#1267=ORIENTED_EDGE('',*,*,#982,.F.);
#1268=ORIENTED_EDGE('',*,*,#987,.F.);
#1269=ORIENTED_EDGE('',*,*,#974,.T.);
#1270=ORIENTED_EDGE('',*,*,#988,.T.);
#1271=ORIENTED_EDGE('',*,*,#985,.F.);
#1272=ORIENTED_EDGE('',*,*,#988,.F.);
#1273=ORIENTED_EDGE('',*,*,#973,.F.);
#1274=ORIENTED_EDGE('',*,*,#977,.F.);
#1275=ORIENTED_EDGE('',*,*,#980,.F.);
#1276=ORIENTED_EDGE('',*,*,#983,.F.);
#1277=ORIENTED_EDGE('',*,*,#986,.F.);
#1278=ORIENTED_EDGE('',*,*,#989,.F.);
#1279=ORIENTED_EDGE('',*,*,#990,.F.);
#1280=ORIENTED_EDGE('',*,*,#991,.T.);
#1281=ORIENTED_EDGE('',*,*,#989,.T.);
#1282=ORIENTED_EDGE('',*,*,#991,.F.);
#1283=ORIENTED_EDGE('',*,*,#992,.F.);
#1284=ORIENTED_EDGE('',*,*,#993,.T.);
#1285=ORIENTED_EDGE('',*,*,#994,.F.);
#1286=ORIENTED_EDGE('',*,*,#995,.T.);
#1287=ORIENTED_EDGE('',*,*,#992,.T.);
#1288=ORIENTED_EDGE('',*,*,#995,.F.);
#1289=ORIENTED_EDGE('',*,*,#993,.F.);
#1290=ORIENTED_EDGE('',*,*,#996,.T.);
#1291=ORIENTED_EDGE('',*,*,#997,.F.);
#1292=ORIENTED_EDGE('',*,*,#996,.F.);
#1293=ORIENTED_EDGE('',*,*,#998,.F.);
#1294=ORIENTED_EDGE('',*,*,#999,.F.);
#1295=ORIENTED_EDGE('',*,*,#1000,.F.);
#1296=ORIENTED_EDGE('',*,*,#1001,.F.);
#1297=ORIENTED_EDGE('',*,*,#1002,.F.);
#1298=ORIENTED_EDGE('',*,*,#1003,.F.);
#1299=ORIENTED_EDGE('',*,*,#1004,.F.);
#1300=ORIENTED_EDGE('',*,*,#1001,.T.);
#1301=ORIENTED_EDGE('',*,*,#1005,.T.);
#1302=ORIENTED_EDGE('',*,*,#1006,.T.);
#1303=ORIENTED_EDGE('',*,*,#1007,.T.);
#1304=ORIENTED_EDGE('',*,*,#1008,.T.);
#1305=ORIENTED_EDGE('',*,*,#1000,.T.);
#1306=ORIENTED_EDGE('',*,*,#1009,.T.);
#1307=ORIENTED_EDGE('',*,*,#1010,.T.);
#1308=ORIENTED_EDGE('',*,*,#1011,.F.);
#1309=ORIENTED_EDGE('',*,*,#1012,.T.);
#1310=ORIENTED_EDGE('',*,*,#1013,.F.);
#1311=ORIENTED_EDGE('',*,*,#1005,.F.);
#1312=ORIENTED_EDGE('',*,*,#999,.T.);
#1313=ORIENTED_EDGE('',*,*,#1014,.F.);
#1314=ORIENTED_EDGE('',*,*,#1015,.F.);
#1315=ORIENTED_EDGE('',*,*,#1016,.F.);
#1316=ORIENTED_EDGE('',*,*,#1017,.T.);
#1317=ORIENTED_EDGE('',*,*,#1018,.F.);
#1318=ORIENTED_EDGE('',*,*,#1009,.F.);
#1319=ORIENTED_EDGE('',*,*,#994,.T.);
#1320=ORIENTED_EDGE('',*,*,#1016,.T.);
#1321=ORIENTED_EDGE('',*,*,#1019,.T.);
#1322=ORIENTED_EDGE('',*,*,#1020,.T.);
#1323=ORIENTED_EDGE('',*,*,#1021,.T.);
#1324=ORIENTED_EDGE('',*,*,#1019,.F.);
#1325=ORIENTED_EDGE('',*,*,#1015,.T.);
#1326=ORIENTED_EDGE('',*,*,#1022,.F.);
#1327=ORIENTED_EDGE('',*,*,#1023,.T.);
#1328=ORIENTED_EDGE('',*,*,#1024,.F.);
#1329=ORIENTED_EDGE('',*,*,#1025,.T.);
#1330=ORIENTED_EDGE('',*,*,#1026,.T.);
#1331=ORIENTED_EDGE('',*,*,#1026,.F.);
#1332=ORIENTED_EDGE('',*,*,#1027,.F.);
#1333=ORIENTED_EDGE('',*,*,#1028,.T.);
#1334=ORIENTED_EDGE('',*,*,#1029,.F.);
#1335=ORIENTED_EDGE('',*,*,#1030,.T.);
#1336=ORIENTED_EDGE('',*,*,#1031,.T.);
#1337=ORIENTED_EDGE('',*,*,#1032,.T.);
#1338=ORIENTED_EDGE('',*,*,#1033,.T.);
#1339=ORIENTED_EDGE('',*,*,#1011,.T.);
#1340=ORIENTED_EDGE('',*,*,#1032,.F.);
#1341=ORIENTED_EDGE('',*,*,#1034,.F.);
#1342=ORIENTED_EDGE('',*,*,#1035,.F.);
#1343=ORIENTED_EDGE('',*,*,#1036,.F.);
#1344=ORIENTED_EDGE('',*,*,#1037,.T.);
#1345=ORIENTED_EDGE('',*,*,#1038,.T.);
#1346=ORIENTED_EDGE('',*,*,#1039,.T.);
#1347=ORIENTED_EDGE('',*,*,#1040,.T.);
#1348=ORIENTED_EDGE('',*,*,#1041,.T.);
#1349=ORIENTED_EDGE('',*,*,#1042,.T.);
#1350=ORIENTED_EDGE('',*,*,#1037,.F.);
#1351=ORIENTED_EDGE('',*,*,#1043,.T.);
#1352=ORIENTED_EDGE('',*,*,#1044,.T.);
#1353=ORIENTED_EDGE('',*,*,#1045,.F.);
#1354=ORIENTED_EDGE('',*,*,#1042,.F.);
#1355=ORIENTED_EDGE('',*,*,#1046,.T.);
#1356=ORIENTED_EDGE('',*,*,#1047,.T.);
#1357=ORIENTED_EDGE('',*,*,#1043,.F.);
#1358=ORIENTED_EDGE('',*,*,#1041,.F.);
#1359=ORIENTED_EDGE('',*,*,#1048,.T.);
#1360=ORIENTED_EDGE('',*,*,#1049,.T.);
#1361=ORIENTED_EDGE('',*,*,#1046,.F.);
#1362=ORIENTED_EDGE('',*,*,#1040,.F.);
#1363=ORIENTED_EDGE('',*,*,#1050,.T.);
#1364=ORIENTED_EDGE('',*,*,#1051,.T.);
#1365=ORIENTED_EDGE('',*,*,#1048,.F.);
#1366=ORIENTED_EDGE('',*,*,#1039,.F.);
#1367=ORIENTED_EDGE('',*,*,#1052,.T.);
#1368=ORIENTED_EDGE('',*,*,#1053,.T.);
#1369=ORIENTED_EDGE('',*,*,#1050,.F.);
#1370=ORIENTED_EDGE('',*,*,#1038,.F.);
#1371=ORIENTED_EDGE('',*,*,#1045,.T.);
#1372=ORIENTED_EDGE('',*,*,#1054,.T.);
#1373=ORIENTED_EDGE('',*,*,#1052,.F.);
#1374=ORIENTED_EDGE('',*,*,#1054,.F.);
#1375=ORIENTED_EDGE('',*,*,#1044,.F.);
#1376=ORIENTED_EDGE('',*,*,#1047,.F.);
#1377=ORIENTED_EDGE('',*,*,#1049,.F.);
#1378=ORIENTED_EDGE('',*,*,#1051,.F.);
#1379=ORIENTED_EDGE('',*,*,#1053,.F.);
#1380=ORIENTED_EDGE('',*,*,#1055,.F.);
#1381=ORIENTED_EDGE('',*,*,#1056,.T.);
#1382=ORIENTED_EDGE('',*,*,#1057,.T.);
#1383=ORIENTED_EDGE('',*,*,#1058,.T.);
#1384=ORIENTED_EDGE('',*,*,#1034,.T.);
#1385=ORIENTED_EDGE('',*,*,#1031,.F.);
#1386=ORIENTED_EDGE('',*,*,#1010,.F.);
#1387=ORIENTED_EDGE('',*,*,#1018,.T.);
#1388=ORIENTED_EDGE('',*,*,#1059,.T.);
#1389=ORIENTED_EDGE('',*,*,#1060,.T.);
#1390=ORIENTED_EDGE('',*,*,#1035,.T.);
#1391=ORIENTED_EDGE('',*,*,#1058,.F.);
#1392=ORIENTED_EDGE('',*,*,#1061,.T.);
#1393=ORIENTED_EDGE('',*,*,#1062,.T.);
#1394=ORIENTED_EDGE('',*,*,#1012,.F.);
#1395=ORIENTED_EDGE('',*,*,#1033,.F.);
#1396=ORIENTED_EDGE('',*,*,#1036,.T.);
#1397=ORIENTED_EDGE('',*,*,#1060,.F.);
#1398=ORIENTED_EDGE('',*,*,#1063,.T.);
#1399=ORIENTED_EDGE('',*,*,#1064,.T.);
#1400=ORIENTED_EDGE('',*,*,#1065,.F.);
#1401=ORIENTED_EDGE('',*,*,#1062,.F.);
#1402=ORIENTED_EDGE('',*,*,#1066,.F.);
#1403=ORIENTED_EDGE('',*,*,#1067,.F.);
#1404=ORIENTED_EDGE('',*,*,#1068,.F.);
#1405=ORIENTED_EDGE('',*,*,#1069,.F.);
#1406=ORIENTED_EDGE('',*,*,#1064,.F.);
#1407=ORIENTED_EDGE('',*,*,#1070,.T.);
#1408=ORIENTED_EDGE('',*,*,#1071,.T.);
#1409=ORIENTED_EDGE('',*,*,#1066,.T.);
#1410=ORIENTED_EDGE('',*,*,#1063,.F.);
#1411=ORIENTED_EDGE('',*,*,#1072,.F.);
#1412=ORIENTED_EDGE('',*,*,#1073,.F.);
#1413=ORIENTED_EDGE('',*,*,#1070,.F.);
#1414=ORIENTED_EDGE('',*,*,#1061,.F.);
#1415=ORIENTED_EDGE('',*,*,#1074,.F.);
#1416=ORIENTED_EDGE('',*,*,#1075,.F.);
#1417=ORIENTED_EDGE('',*,*,#1072,.T.);
#1418=ORIENTED_EDGE('',*,*,#1057,.F.);
#1419=ORIENTED_EDGE('',*,*,#1076,.F.);
#1420=ORIENTED_EDGE('',*,*,#1077,.F.);
#1421=ORIENTED_EDGE('',*,*,#1074,.T.);
#1422=ORIENTED_EDGE('',*,*,#1056,.F.);
#1423=ORIENTED_EDGE('',*,*,#1078,.T.);
#1424=ORIENTED_EDGE('',*,*,#1079,.T.);
#1425=ORIENTED_EDGE('',*,*,#1076,.T.);
#1426=ORIENTED_EDGE('',*,*,#1021,.F.);
#1427=ORIENTED_EDGE('',*,*,#1080,.T.);
#1428=ORIENTED_EDGE('',*,*,#1081,.F.);
#1429=ORIENTED_EDGE('',*,*,#1082,.F.);
#1430=ORIENTED_EDGE('',*,*,#1078,.F.);
#1431=ORIENTED_EDGE('',*,*,#1059,.F.);
#1432=ORIENTED_EDGE('',*,*,#1017,.F.);
#1433=ORIENTED_EDGE('',*,*,#1002,.T.);
#1434=ORIENTED_EDGE('',*,*,#1008,.F.);
#1435=ORIENTED_EDGE('',*,*,#1083,.F.);
#1436=ORIENTED_EDGE('',*,*,#1084,.F.);
#1437=ORIENTED_EDGE('',*,*,#1007,.F.);
#1438=ORIENTED_EDGE('',*,*,#1085,.T.);
#1439=ORIENTED_EDGE('',*,*,#1086,.T.);
#1440=ORIENTED_EDGE('',*,*,#1083,.T.);
#1441=ORIENTED_EDGE('',*,*,#1029,.T.);
#1442=ORIENTED_EDGE('',*,*,#1087,.T.);
#1443=ORIENTED_EDGE('',*,*,#1088,.T.);
#1444=ORIENTED_EDGE('',*,*,#1089,.T.);
#1445=ORIENTED_EDGE('',*,*,#1086,.F.);
#1446=ORIENTED_EDGE('',*,*,#1090,.F.);
#1447=ORIENTED_EDGE('',*,*,#1091,.F.);
#1448=ORIENTED_EDGE('',*,*,#1092,.T.);
#1449=ORIENTED_EDGE('',*,*,#1090,.T.);
#1450=ORIENTED_EDGE('',*,*,#1093,.T.);
#1451=ORIENTED_EDGE('',*,*,#1089,.F.);
#1452=ORIENTED_EDGE('',*,*,#1003,.T.);
#1453=ORIENTED_EDGE('',*,*,#1084,.T.);
#1454=ORIENTED_EDGE('',*,*,#1091,.T.);
#1455=ORIENTED_EDGE('',*,*,#1094,.T.);
#1456=ORIENTED_EDGE('',*,*,#998,.T.);
#1457=ORIENTED_EDGE('',*,*,#1095,.T.);
#1458=ORIENTED_EDGE('',*,*,#1096,.T.);
#1459=ORIENTED_EDGE('',*,*,#1014,.T.);
#1460=ORIENTED_EDGE('',*,*,#1097,.T.);
#1461=ORIENTED_EDGE('',*,*,#1098,.T.);
#1462=ORIENTED_EDGE('',*,*,#1022,.T.);
#1463=ORIENTED_EDGE('',*,*,#1096,.F.);
#1464=ORIENTED_EDGE('',*,*,#1006,.F.);
#1465=ORIENTED_EDGE('',*,*,#1013,.T.);
#1466=ORIENTED_EDGE('',*,*,#1065,.T.);
#1467=ORIENTED_EDGE('',*,*,#1099,.T.);
#1468=ORIENTED_EDGE('',*,*,#1024,.T.);
#1469=ORIENTED_EDGE('',*,*,#1030,.F.);
#1470=ORIENTED_EDGE('',*,*,#1093,.F.);
#1471=ORIENTED_EDGE('',*,*,#1085,.F.);
#1472=ORIENTED_EDGE('',*,*,#971,.T.);
#1473=ORIENTED_EDGE('',*,*,#987,.T.);
#1474=ORIENTED_EDGE('',*,*,#984,.T.);
#1475=ORIENTED_EDGE('',*,*,#981,.T.);
#1476=ORIENTED_EDGE('',*,*,#978,.T.);
#1477=ORIENTED_EDGE('',*,*,#975,.T.);
#1478=ORIENTED_EDGE('',*,*,#1100,.T.);
#1479=ORIENTED_EDGE('',*,*,#1081,.T.);
#1480=ORIENTED_EDGE('',*,*,#1101,.T.);
#1481=ORIENTED_EDGE('',*,*,#1102,.T.);
#1482=ORIENTED_EDGE('',*,*,#1100,.F.);
#1483=ORIENTED_EDGE('',*,*,#1103,.T.);
#1484=ORIENTED_EDGE('',*,*,#1104,.T.);
#1485=ORIENTED_EDGE('',*,*,#1077,.T.);
#1486=ORIENTED_EDGE('',*,*,#1079,.F.);
#1487=ORIENTED_EDGE('',*,*,#1082,.T.);
#1488=ORIENTED_EDGE('',*,*,#1105,.T.);
#1489=ORIENTED_EDGE('',*,*,#1027,.T.);
#1490=ORIENTED_EDGE('',*,*,#1025,.F.);
#1491=ORIENTED_EDGE('',*,*,#1099,.F.);
#1492=ORIENTED_EDGE('',*,*,#1069,.T.);
#1493=ORIENTED_EDGE('',*,*,#1106,.T.);
#1494=ORIENTED_EDGE('',*,*,#1107,.T.);
#1495=ORIENTED_EDGE('',*,*,#1068,.T.);
#1496=ORIENTED_EDGE('',*,*,#1108,.T.);
#1497=ORIENTED_EDGE('',*,*,#1109,.T.);
#1498=ORIENTED_EDGE('',*,*,#1106,.F.);
#1499=ORIENTED_EDGE('',*,*,#1109,.F.);
#1500=ORIENTED_EDGE('',*,*,#1110,.F.);
#1501=ORIENTED_EDGE('',*,*,#1111,.T.);
#1502=ORIENTED_EDGE('',*,*,#1112,.T.);
#1503=ORIENTED_EDGE('',*,*,#1107,.F.);
#1504=ORIENTED_EDGE('',*,*,#1108,.F.);
#1505=ORIENTED_EDGE('',*,*,#1067,.T.);
#1506=ORIENTED_EDGE('',*,*,#1071,.F.);
#1507=ORIENTED_EDGE('',*,*,#1073,.T.);
#1508=ORIENTED_EDGE('',*,*,#1113,.F.);
#1509=ORIENTED_EDGE('',*,*,#1110,.T.);
#1510=ORIENTED_EDGE('',*,*,#1114,.T.);
#1511=ORIENTED_EDGE('',*,*,#1115,.T.);
#1512=ORIENTED_EDGE('',*,*,#1116,.T.);
#1513=ORIENTED_EDGE('',*,*,#1117,.T.);
#1514=ORIENTED_EDGE('',*,*,#1115,.F.);
#1515=ORIENTED_EDGE('',*,*,#1118,.F.);
#1516=ORIENTED_EDGE('',*,*,#1119,.F.);
#1517=ORIENTED_EDGE('',*,*,#1120,.T.);
#1518=ORIENTED_EDGE('',*,*,#1114,.F.);
#1519=ORIENTED_EDGE('',*,*,#1121,.T.);
#1520=ORIENTED_EDGE('',*,*,#1122,.F.);
#1521=ORIENTED_EDGE('',*,*,#1123,.T.);
#1522=ORIENTED_EDGE('',*,*,#1124,.F.);
#1523=ORIENTED_EDGE('',*,*,#1125,.T.);
#1524=ORIENTED_EDGE('',*,*,#1126,.F.);
#1525=ORIENTED_EDGE('',*,*,#1118,.T.);
#1526=ORIENTED_EDGE('',*,*,#1126,.T.);
#1527=ORIENTED_EDGE('',*,*,#1127,.T.);
#1528=ORIENTED_EDGE('',*,*,#1128,.T.);
#1529=ORIENTED_EDGE('',*,*,#1119,.T.);
#1530=ORIENTED_EDGE('',*,*,#1127,.F.);
#1531=ORIENTED_EDGE('',*,*,#1125,.F.);
#1532=ORIENTED_EDGE('',*,*,#1129,.F.);
#1533=ORIENTED_EDGE('',*,*,#1130,.T.);
#1534=ORIENTED_EDGE('',*,*,#1122,.T.);
#1535=ORIENTED_EDGE('',*,*,#1131,.T.);
#1536=ORIENTED_EDGE('',*,*,#1132,.T.);
#1537=ORIENTED_EDGE('',*,*,#1133,.T.);
#1538=ORIENTED_EDGE('',*,*,#1133,.F.);
#1539=ORIENTED_EDGE('',*,*,#1134,.T.);
#1540=ORIENTED_EDGE('',*,*,#1135,.F.);
#1541=ORIENTED_EDGE('',*,*,#1123,.F.);
#1542=ORIENTED_EDGE('',*,*,#1124,.T.);
#1543=ORIENTED_EDGE('',*,*,#1135,.T.);
#1544=ORIENTED_EDGE('',*,*,#1136,.T.);
#1545=ORIENTED_EDGE('',*,*,#1129,.T.);
#1546=ORIENTED_EDGE('',*,*,#1113,.T.);
#1547=ORIENTED_EDGE('',*,*,#1075,.T.);
#1548=ORIENTED_EDGE('',*,*,#1104,.F.);
#1549=ORIENTED_EDGE('',*,*,#1137,.T.);
#1550=ORIENTED_EDGE('',*,*,#1137,.F.);
#1551=ORIENTED_EDGE('',*,*,#1138,.F.);
#1552=ORIENTED_EDGE('',*,*,#1139,.T.);
#1553=ORIENTED_EDGE('',*,*,#1111,.F.);
#1554=ORIENTED_EDGE('',*,*,#1102,.F.);
#1555=ORIENTED_EDGE('',*,*,#1140,.T.);
#1556=ORIENTED_EDGE('',*,*,#1138,.T.);
#1557=ORIENTED_EDGE('',*,*,#1103,.F.);
#1558=ORIENTED_EDGE('',*,*,#1004,.T.);
#1559=ORIENTED_EDGE('',*,*,#1094,.F.);
#1560=ORIENTED_EDGE('',*,*,#1092,.F.);
#1561=ORIENTED_EDGE('',*,*,#1088,.F.);
#1562=ORIENTED_EDGE('',*,*,#1141,.T.);
#1563=ORIENTED_EDGE('',*,*,#1097,.F.);
#1564=ORIENTED_EDGE('',*,*,#1095,.F.);
#1565=ORIENTED_EDGE('',*,*,#1142,.F.);
#1566=ORIENTED_EDGE('',*,*,#1143,.F.);
#1567=ORIENTED_EDGE('',*,*,#1144,.F.);
#1568=ORIENTED_EDGE('',*,*,#1145,.F.);
#1569=ORIENTED_EDGE('',*,*,#1146,.F.);
#1570=ORIENTED_EDGE('',*,*,#1147,.T.);
#1571=ORIENTED_EDGE('',*,*,#1148,.F.);
#1572=ORIENTED_EDGE('',*,*,#1147,.F.);
#1573=ORIENTED_EDGE('',*,*,#1146,.T.);
#1574=ORIENTED_EDGE('',*,*,#1149,.T.);
#1575=ORIENTED_EDGE('',*,*,#1117,.F.);
#1576=ORIENTED_EDGE('',*,*,#1150,.T.);
#1577=ORIENTED_EDGE('',*,*,#1131,.F.);
#1578=ORIENTED_EDGE('',*,*,#1121,.F.);
#1579=ORIENTED_EDGE('',*,*,#1087,.F.);
#1580=ORIENTED_EDGE('',*,*,#1028,.F.);
#1581=ORIENTED_EDGE('',*,*,#1105,.F.);
#1582=ORIENTED_EDGE('',*,*,#1112,.F.);
#1583=ORIENTED_EDGE('',*,*,#1139,.F.);
#1584=ORIENTED_EDGE('',*,*,#1140,.F.);
#1585=ORIENTED_EDGE('',*,*,#1101,.F.);
#1586=ORIENTED_EDGE('',*,*,#1080,.F.);
#1587=ORIENTED_EDGE('',*,*,#1020,.F.);
#1588=ORIENTED_EDGE('',*,*,#1023,.F.);
#1589=ORIENTED_EDGE('',*,*,#1098,.F.);
#1590=ORIENTED_EDGE('',*,*,#1141,.F.);
#1591=ORIENTED_EDGE('',*,*,#1148,.T.);
#1592=ORIENTED_EDGE('',*,*,#1130,.F.);
#1593=ORIENTED_EDGE('',*,*,#1136,.F.);
#1594=ORIENTED_EDGE('',*,*,#1134,.F.);
#1595=ORIENTED_EDGE('',*,*,#1132,.F.);
#1596=ORIENTED_EDGE('',*,*,#1150,.F.);
#1597=ORIENTED_EDGE('',*,*,#1116,.F.);
#1598=ORIENTED_EDGE('',*,*,#1120,.F.);
#1599=ORIENTED_EDGE('',*,*,#1128,.F.);
#1600=ORIENTED_EDGE('',*,*,#1149,.F.);
#1601=ORIENTED_EDGE('',*,*,#1151,.T.);
#1602=ORIENTED_EDGE('',*,*,#1055,.T.);
#1603=ORIENTED_EDGE('',*,*,#1151,.F.);
#1604=ORIENTED_EDGE('',*,*,#1152,.T.);
#1605=ORIENTED_EDGE('',*,*,#1153,.T.);
#1606=ORIENTED_EDGE('',*,*,#1154,.T.);
#1607=ORIENTED_EDGE('',*,*,#1155,.T.);
#1608=ORIENTED_EDGE('',*,*,#1143,.T.);
#1609=ORIENTED_EDGE('',*,*,#1156,.T.);
#1610=ORIENTED_EDGE('',*,*,#1152,.F.);
#1611=ORIENTED_EDGE('',*,*,#1157,.F.);
#1612=ORIENTED_EDGE('',*,*,#997,.T.);
#1613=ORIENTED_EDGE('',*,*,#1144,.T.);
#1614=ORIENTED_EDGE('',*,*,#1157,.T.);
#1615=ORIENTED_EDGE('',*,*,#1155,.F.);
#1616=ORIENTED_EDGE('',*,*,#1158,.F.);
#1617=ORIENTED_EDGE('',*,*,#1145,.T.);
#1618=ORIENTED_EDGE('',*,*,#1158,.T.);
#1619=ORIENTED_EDGE('',*,*,#1154,.F.);
#1620=ORIENTED_EDGE('',*,*,#1159,.F.);
#1621=ORIENTED_EDGE('',*,*,#990,.T.);
#1622=ORIENTED_EDGE('',*,*,#1142,.T.);
#1623=ORIENTED_EDGE('',*,*,#1159,.T.);
#1624=ORIENTED_EDGE('',*,*,#1153,.F.);
#1625=ORIENTED_EDGE('',*,*,#1156,.F.);
#1626=ORIENTED_EDGE('',*,*,#1160,.T.);
#1627=ORIENTED_EDGE('',*,*,#1161,.T.);
#1628=ORIENTED_EDGE('',*,*,#1162,.T.);
#1629=ORIENTED_EDGE('',*,*,#1163,.T.);
#1630=ORIENTED_EDGE('',*,*,#1164,.T.);
#1631=ORIENTED_EDGE('',*,*,#1165,.T.);
#1632=ORIENTED_EDGE('',*,*,#1166,.T.);
#1633=ORIENTED_EDGE('',*,*,#1167,.T.);
#1634=ORIENTED_EDGE('',*,*,#1163,.F.);
#1635=ORIENTED_EDGE('',*,*,#1166,.F.);
#1636=ORIENTED_EDGE('',*,*,#1168,.T.);
#1637=ORIENTED_EDGE('',*,*,#1169,.F.);
#1638=ORIENTED_EDGE('',*,*,#1170,.T.);
#1639=ORIENTED_EDGE('',*,*,#1171,.T.);
#1640=ORIENTED_EDGE('',*,*,#1172,.T.);
#1641=ORIENTED_EDGE('',*,*,#1165,.F.);
#1642=ORIENTED_EDGE('',*,*,#1162,.F.);
#1643=ORIENTED_EDGE('',*,*,#1173,.F.);
#1644=ORIENTED_EDGE('',*,*,#1174,.F.);
#1645=ORIENTED_EDGE('',*,*,#1175,.F.);
#1646=ORIENTED_EDGE('',*,*,#1176,.F.);
#1647=ORIENTED_EDGE('',*,*,#1177,.F.);
#1648=ORIENTED_EDGE('',*,*,#1178,.F.);
#1649=ORIENTED_EDGE('',*,*,#1179,.T.);
#1650=ORIENTED_EDGE('',*,*,#1180,.F.);
#1651=ORIENTED_EDGE('',*,*,#1181,.T.);
#1652=ORIENTED_EDGE('',*,*,#1182,.F.);
#1653=ORIENTED_EDGE('',*,*,#1168,.F.);
#1654=ORIENTED_EDGE('',*,*,#1175,.T.);
#1655=ORIENTED_EDGE('',*,*,#1183,.T.);
#1656=ORIENTED_EDGE('',*,*,#1184,.T.);
#1657=ORIENTED_EDGE('',*,*,#1185,.T.);
#1658=ORIENTED_EDGE('',*,*,#1186,.T.);
#1659=ORIENTED_EDGE('',*,*,#1187,.T.);
#1660=ORIENTED_EDGE('',*,*,#1188,.T.);
#1661=ORIENTED_EDGE('',*,*,#1176,.T.);
#1662=ORIENTED_EDGE('',*,*,#1186,.F.);
#1663=ORIENTED_EDGE('',*,*,#1188,.F.);
#1664=ORIENTED_EDGE('',*,*,#1189,.T.);
#1665=ORIENTED_EDGE('',*,*,#1190,.F.);
#1666=ORIENTED_EDGE('',*,*,#1191,.T.);
#1667=ORIENTED_EDGE('',*,*,#1192,.F.);
#1668=ORIENTED_EDGE('',*,*,#1177,.T.);
#1669=ORIENTED_EDGE('',*,*,#1193,.F.);
#1670=ORIENTED_EDGE('',*,*,#1194,.F.);
#1671=ORIENTED_EDGE('',*,*,#1195,.F.);
#1672=ORIENTED_EDGE('',*,*,#1181,.F.);
#1673=ORIENTED_EDGE('',*,*,#1196,.F.);
#1674=ORIENTED_EDGE('',*,*,#1197,.F.);
#1675=ORIENTED_EDGE('',*,*,#1169,.T.);
#1676=ORIENTED_EDGE('',*,*,#1182,.T.);
#1677=ORIENTED_EDGE('',*,*,#1195,.T.);
#1678=ORIENTED_EDGE('',*,*,#1198,.T.);
#1679=ORIENTED_EDGE('',*,*,#1199,.F.);
#1680=ORIENTED_EDGE('',*,*,#1179,.F.);
#1681=ORIENTED_EDGE('',*,*,#1200,.F.);
#1682=ORIENTED_EDGE('',*,*,#1201,.F.);
#1683=ORIENTED_EDGE('',*,*,#1202,.F.);
#1684=ORIENTED_EDGE('',*,*,#1203,.F.);
#1685=ORIENTED_EDGE('',*,*,#1192,.T.);
#1686=ORIENTED_EDGE('',*,*,#1204,.T.);
#1687=ORIENTED_EDGE('',*,*,#1200,.T.);
#1688=ORIENTED_EDGE('',*,*,#1178,.T.);
#1689=ORIENTED_EDGE('',*,*,#1205,.T.);
#1690=ORIENTED_EDGE('',*,*,#1206,.T.);
#1691=ORIENTED_EDGE('',*,*,#1202,.T.);
#1692=ORIENTED_EDGE('',*,*,#1207,.T.);
#1693=ORIENTED_EDGE('',*,*,#1208,.T.);
#1694=ORIENTED_EDGE('',*,*,#1209,.T.);
#1695=ORIENTED_EDGE('',*,*,#1205,.F.);
#1696=ORIENTED_EDGE('',*,*,#1210,.T.);
#1697=ORIENTED_EDGE('',*,*,#1208,.F.);
#1698=ORIENTED_EDGE('',*,*,#1211,.T.);
#1699=ORIENTED_EDGE('',*,*,#1193,.T.);
#1700=ORIENTED_EDGE('',*,*,#1212,.T.);
#1701=ORIENTED_EDGE('',*,*,#1199,.T.);
#1702=ORIENTED_EDGE('',*,*,#1213,.T.);
#1703=ORIENTED_EDGE('',*,*,#1196,.T.);
#1704=ORIENTED_EDGE('',*,*,#1180,.T.);
#1705=ORIENTED_EDGE('',*,*,#1198,.F.);
#1706=ORIENTED_EDGE('',*,*,#1194,.T.);
#1707=ORIENTED_EDGE('',*,*,#1211,.F.);
#1708=ORIENTED_EDGE('',*,*,#1214,.F.);
#1709=ORIENTED_EDGE('',*,*,#1170,.F.);
#1710=ORIENTED_EDGE('',*,*,#1210,.F.);
#1711=ORIENTED_EDGE('',*,*,#1215,.F.);
#1712=ORIENTED_EDGE('',*,*,#1216,.F.);
#1713=ORIENTED_EDGE('',*,*,#1214,.T.);
#1714=ORIENTED_EDGE('',*,*,#1207,.F.);
#1715=ORIENTED_EDGE('',*,*,#1201,.T.);
#1716=ORIENTED_EDGE('',*,*,#1204,.F.);
#1717=ORIENTED_EDGE('',*,*,#1191,.F.);
#1718=ORIENTED_EDGE('',*,*,#1215,.T.);
#1719=ORIENTED_EDGE('',*,*,#1206,.F.);
#1720=ORIENTED_EDGE('',*,*,#1209,.F.);
#1721=ORIENTED_EDGE('',*,*,#1212,.F.);
#1722=ORIENTED_EDGE('',*,*,#1197,.T.);
#1723=ORIENTED_EDGE('',*,*,#1213,.F.);
#1724=ORIENTED_EDGE('',*,*,#1203,.T.);
#1725=ORIENTED_EDGE('',*,*,#1217,.T.);
#1726=ORIENTED_EDGE('',*,*,#1218,.T.);
#1727=ORIENTED_EDGE('',*,*,#1219,.T.);
#1728=ORIENTED_EDGE('',*,*,#1220,.T.);
#1729=ORIENTED_EDGE('',*,*,#1221,.T.);
#1730=ORIENTED_EDGE('',*,*,#1218,.F.);
#1731=ORIENTED_EDGE('',*,*,#1222,.T.);
#1732=ORIENTED_EDGE('',*,*,#1223,.F.);
#1733=ORIENTED_EDGE('',*,*,#1224,.T.);
#1734=ORIENTED_EDGE('',*,*,#1225,.F.);
#1735=ORIENTED_EDGE('',*,*,#1183,.F.);
#1736=ORIENTED_EDGE('',*,*,#1174,.T.);
#1737=ORIENTED_EDGE('',*,*,#1173,.T.);
#1738=ORIENTED_EDGE('',*,*,#1161,.F.);
#1739=ORIENTED_EDGE('',*,*,#1226,.F.);
#1740=ORIENTED_EDGE('',*,*,#1227,.T.);
#1741=ORIENTED_EDGE('',*,*,#1221,.F.);
#1742=ORIENTED_EDGE('',*,*,#1228,.F.);
#1743=ORIENTED_EDGE('',*,*,#1229,.F.);
#1744=ORIENTED_EDGE('',*,*,#1222,.F.);
#1745=ORIENTED_EDGE('',*,*,#1223,.T.);
#1746=ORIENTED_EDGE('',*,*,#1229,.T.);
#1747=ORIENTED_EDGE('',*,*,#1230,.T.);
#1748=ORIENTED_EDGE('',*,*,#1231,.T.);
#1749=ORIENTED_EDGE('',*,*,#1217,.F.);
#1750=ORIENTED_EDGE('',*,*,#1232,.T.);
#1751=ORIENTED_EDGE('',*,*,#1233,.F.);
#1752=ORIENTED_EDGE('',*,*,#1234,.F.);
#1753=ORIENTED_EDGE('',*,*,#1232,.F.);
#1754=ORIENTED_EDGE('',*,*,#1235,.F.);
#1755=ORIENTED_EDGE('',*,*,#1236,.T.);
#1756=ORIENTED_EDGE('',*,*,#1237,.F.);
#1757=ORIENTED_EDGE('',*,*,#1236,.F.);
#1758=ORIENTED_EDGE('',*,*,#1235,.T.);
#1759=ORIENTED_EDGE('',*,*,#1238,.T.);
#1760=ORIENTED_EDGE('',*,*,#1231,.F.);
#1761=ORIENTED_EDGE('',*,*,#1239,.F.);
#1762=ORIENTED_EDGE('',*,*,#1224,.F.);
#1763=ORIENTED_EDGE('',*,*,#1219,.F.);
#1764=ORIENTED_EDGE('',*,*,#1227,.F.);
#1765=ORIENTED_EDGE('',*,*,#1240,.F.);
#1766=ORIENTED_EDGE('',*,*,#1160,.F.);
#1767=ORIENTED_EDGE('',*,*,#1241,.T.);
#1768=ORIENTED_EDGE('',*,*,#1242,.T.);
#1769=ORIENTED_EDGE('',*,*,#1243,.T.);
#1770=ORIENTED_EDGE('',*,*,#1184,.F.);
#1771=ORIENTED_EDGE('',*,*,#1225,.T.);
#1772=ORIENTED_EDGE('',*,*,#1239,.T.);
#1773=ORIENTED_EDGE('',*,*,#1230,.F.);
#1774=ORIENTED_EDGE('',*,*,#1228,.T.);
#1775=ORIENTED_EDGE('',*,*,#1220,.F.);
#1776=ORIENTED_EDGE('',*,*,#1240,.T.);
#1777=ORIENTED_EDGE('',*,*,#1226,.T.);
#1778=ORIENTED_EDGE('',*,*,#1237,.T.);
#1779=ORIENTED_EDGE('',*,*,#1190,.T.);
#1780=ORIENTED_EDGE('',*,*,#1244,.T.);
#1781=ORIENTED_EDGE('',*,*,#1171,.F.);
#1782=ORIENTED_EDGE('',*,*,#1216,.T.);
#1783=ORIENTED_EDGE('',*,*,#1167,.F.);
#1784=ORIENTED_EDGE('',*,*,#1172,.F.);
#1785=ORIENTED_EDGE('',*,*,#1245,.F.);
#1786=ORIENTED_EDGE('',*,*,#1241,.F.);
#1787=ORIENTED_EDGE('',*,*,#1164,.F.);
#1788=ORIENTED_EDGE('',*,*,#1242,.F.);
#1789=ORIENTED_EDGE('',*,*,#1245,.T.);
#1790=ORIENTED_EDGE('',*,*,#1244,.F.);
#1791=ORIENTED_EDGE('',*,*,#1246,.F.);
#1792=ORIENTED_EDGE('',*,*,#1187,.F.);
#1793=ORIENTED_EDGE('',*,*,#1185,.F.);
#1794=ORIENTED_EDGE('',*,*,#1243,.F.);
#1795=ORIENTED_EDGE('',*,*,#1246,.T.);
#1796=ORIENTED_EDGE('',*,*,#1189,.F.);
#1797=ORIENTED_EDGE('',*,*,#1233,.T.);
#1798=ORIENTED_EDGE('',*,*,#1234,.T.);
#1799=ORIENTED_EDGE('',*,*,#1247,.T.);
#1800=ORIENTED_EDGE('',*,*,#1238,.F.);
#1801=ORIENTED_EDGE('',*,*,#1247,.F.);
#1802=PLANE('',#1996);
#1803=PLANE('',#1997);
#1804=PLANE('',#1998);
#1805=PLANE('',#1999);
#1806=PLANE('',#2000);
#1807=PLANE('',#2001);
#1808=PLANE('',#2002);
#1809=PLANE('',#2006);
#1810=PLANE('',#2013);
#1811=PLANE('',#2014);
#1812=PLANE('',#2015);
#1813=PLANE('',#2016);
#1814=PLANE('',#2017);
#1815=PLANE('',#2018);
#1816=PLANE('',#2019);
#1817=PLANE('',#2020);
#1818=PLANE('',#2021);
#1819=PLANE('',#2022);
#1820=PLANE('',#2024);
#1821=PLANE('',#2025);
#1822=PLANE('',#2026);
#1823=PLANE('',#2027);
#1824=PLANE('',#2028);
#1825=PLANE('',#2029);
#1826=PLANE('',#2030);
#1827=PLANE('',#2032);
#1828=PLANE('',#2035);
#1829=PLANE('',#2036);
#1830=PLANE('',#2037);
#1831=PLANE('',#2038);
#1832=PLANE('',#2041);
#1833=PLANE('',#2042);
#1834=PLANE('',#2043);
#1835=PLANE('',#2044);
#1836=PLANE('',#2045);
#1837=PLANE('',#2046);
#1838=PLANE('',#2047);
#1839=PLANE('',#2048);
#1840=PLANE('',#2049);
#1841=PLANE('',#2050);
#1842=PLANE('',#2051);
#1843=PLANE('',#2052);
#1844=PLANE('',#2053);
#1845=PLANE('',#2054);
#1846=PLANE('',#2055);
#1847=PLANE('',#2056);
#1848=PLANE('',#2057);
#1849=PLANE('',#2058);
#1850=PLANE('',#2061);
#1851=PLANE('',#2071);
#1852=PLANE('',#2078);
#1853=PLANE('',#2079);
#1854=PLANE('',#2083);
#1855=PLANE('',#2087);
#1856=PLANE('',#2089);
#1857=PLANE('',#2090);
#1858=PLANE('',#2091);
#1859=PLANE('',#2092);
#1860=PLANE('',#2093);
#1861=PLANE('',#2094);
#1862=PLANE('',#2095);
#1863=PLANE('',#2096);
#1864=PLANE('',#2097);
#1865=PLANE('',#2098);
#1866=PLANE('',#2099);
#1867=PLANE('',#2100);
#1868=PLANE('',#2101);
#1869=PLANE('',#2102);
#1870=PLANE('',#2103);
#1871=PLANE('',#2104);
#1872=PLANE('',#2105);
#1873=PLANE('',#2109);
#1874=PLANE('',#2110);
#1875=PLANE('',#2111);
#1876=PLANE('',#2114);
#1877=PLANE('',#2115);
#1878=PLANE('',#2133);
#1879=PLANE('',#2135);
#1880=PLANE('',#2136);
#1881=PLANE('',#2137);
#1882=PLANE('',#2141);
#1883=PLANE('',#2143);
#1884=ADVANCED_FACE('',(#113),#1802,.F.);
#1885=ADVANCED_FACE('',(#114),#1803,.F.);
#1886=ADVANCED_FACE('',(#115),#1804,.F.);
#1887=ADVANCED_FACE('',(#116),#1805,.F.);
#1888=ADVANCED_FACE('',(#117),#1806,.F.);
#1889=ADVANCED_FACE('',(#118),#1807,.F.);
#1890=ADVANCED_FACE('',(#119,#58),#1808,.T.);
#1891=ADVANCED_FACE('',(#120),#38,.F.);
#1892=ADVANCED_FACE('',(#121,#59),#1809,.F.);
#1893=ADVANCED_FACE('',(#122),#39,.F.);
#1894=ADVANCED_FACE('',(#123),#40,.F.);
#1895=ADVANCED_FACE('',(#124),#1810,.F.);
#1896=ADVANCED_FACE('',(#125),#1811,.T.);
#1897=ADVANCED_FACE('',(#126),#1812,.T.);
#1898=ADVANCED_FACE('',(#127,#60),#1813,.T.);
#1899=ADVANCED_FACE('',(#128),#1814,.T.);
#1900=ADVANCED_FACE('',(#129),#1815,.T.);
#1901=ADVANCED_FACE('',(#130),#1816,.T.);
#1902=ADVANCED_FACE('',(#131),#1817,.T.);
#1903=ADVANCED_FACE('',(#132),#1818,.T.);
#1904=ADVANCED_FACE('',(#133,#61),#1819,.T.);
#1905=ADVANCED_FACE('',(#134),#1820,.F.);
#1906=ADVANCED_FACE('',(#135),#1821,.F.);
#1907=ADVANCED_FACE('',(#136),#1822,.F.);
#1908=ADVANCED_FACE('',(#137),#1823,.F.);
#1909=ADVANCED_FACE('',(#138),#1824,.F.);
#1910=ADVANCED_FACE('',(#139),#1825,.F.);
#1911=ADVANCED_FACE('',(#140,#62),#1826,.T.);
#1912=ADVANCED_FACE('',(#141),#1827,.T.);
#1913=ADVANCED_FACE('',(#142),#31,.T.);
#1914=ADVANCED_FACE('',(#143),#1828,.T.);
#1915=ADVANCED_FACE('',(#144),#1829,.T.);
#1916=ADVANCED_FACE('',(#145),#1830,.T.);
#1917=ADVANCED_FACE('',(#146),#1831,.T.);
#1918=ADVANCED_FACE('',(#147),#41,.T.);
#1919=ADVANCED_FACE('',(#148),#1832,.T.);
#1920=ADVANCED_FACE('',(#149),#1833,.T.);
#1921=ADVANCED_FACE('',(#150),#1834,.T.);
#1922=ADVANCED_FACE('',(#151),#1835,.T.);
#1923=ADVANCED_FACE('',(#152),#1836,.T.);
#1924=ADVANCED_FACE('',(#153),#1837,.T.);
#1925=ADVANCED_FACE('',(#154),#1838,.T.);
#1926=ADVANCED_FACE('',(#155),#1839,.T.);
#1927=ADVANCED_FACE('',(#156),#1840,.T.);
#1928=ADVANCED_FACE('',(#157),#1841,.T.);
#1929=ADVANCED_FACE('',(#158),#1842,.T.);
#1930=ADVANCED_FACE('',(#159,#63),#1843,.T.);
#1931=ADVANCED_FACE('',(#160),#1844,.T.);
#1932=ADVANCED_FACE('',(#161),#1845,.T.);
#1933=ADVANCED_FACE('',(#162),#1846,.T.);
#1934=ADVANCED_FACE('',(#163),#1847,.T.);
#1935=ADVANCED_FACE('',(#164),#1848,.F.);
#1936=ADVANCED_FACE('',(#165),#1849,.T.);
#1937=ADVANCED_FACE('',(#166),#42,.T.);
#1938=ADVANCED_FACE('',(#167),#1850,.F.);
#1939=ADVANCED_FACE('',(#168),#32,.F.);
#1940=ADVANCED_FACE('',(#169),#43,.T.);
#1941=ADVANCED_FACE('',(#170),#44,.F.);
#1942=ADVANCED_FACE('',(#171),#45,.T.);
#1943=ADVANCED_FACE('',(#172),#1851,.F.);
#1944=ADVANCED_FACE('',(#173),#46,.T.);
#1945=ADVANCED_FACE('',(#174),#33,.F.);
#1946=ADVANCED_FACE('',(#175),#47,.F.);
#1947=ADVANCED_FACE('',(#176),#1852,.T.);
#1948=ADVANCED_FACE('',(#177,#64),#1853,.F.);
#1949=ADVANCED_FACE('',(#178),#48,.T.);
#1950=ADVANCED_FACE('',(#179,#65),#1854,.T.);
#1951=ADVANCED_FACE('',(#180),#49,.T.);
#1952=ADVANCED_FACE('',(#181,#66,#67),#1855,.F.);
#1953=ADVANCED_FACE('',(#182),#50,.F.);
#1954=ADVANCED_FACE('',(#183),#1856,.F.);
#1955=ADVANCED_FACE('',(#184,#68),#1857,.T.);
#1956=ADVANCED_FACE('',(#185),#1858,.T.);
#1957=ADVANCED_FACE('',(#186,#69),#1859,.T.);
#1958=ADVANCED_FACE('',(#187),#1860,.T.);
#1959=ADVANCED_FACE('',(#188),#1861,.T.);
#1960=ADVANCED_FACE('',(#189),#1862,.T.);
#1961=ADVANCED_FACE('',(#190),#1863,.T.);
#1962=ADVANCED_FACE('',(#191),#1864,.T.);
#1963=ADVANCED_FACE('',(#192),#1865,.T.);
#1964=ADVANCED_FACE('',(#193),#1866,.T.);
#1965=ADVANCED_FACE('',(#194),#1867,.T.);
#1966=ADVANCED_FACE('',(#195),#1868,.T.);
#1967=ADVANCED_FACE('',(#196),#1869,.T.);
#1968=ADVANCED_FACE('',(#197),#1870,.T.);
#1969=ADVANCED_FACE('',(#198),#1871,.T.);
#1970=ADVANCED_FACE('',(#199),#1872,.T.);
#1971=ADVANCED_FACE('',(#200),#34,.T.);
#1972=ADVANCED_FACE('',(#201),#1873,.T.);
#1973=ADVANCED_FACE('',(#202),#1874,.T.);
#1974=ADVANCED_FACE('',(#203),#1875,.T.);
#1975=ADVANCED_FACE('',(#204),#51,.T.);
#1976=ADVANCED_FACE('',(#205),#1876,.T.);
#1977=ADVANCED_FACE('',(#206,#70),#1877,.T.);
#1978=ADVANCED_FACE('',(#207),#52,.T.);
#1979=ADVANCED_FACE('',(#208),#35,.T.);
#1980=ADVANCED_FACE('',(#209),#53,.F.);
#1981=ADVANCED_FACE('',(#210),#54,.T.);
#1982=ADVANCED_FACE('',(#211),#36,.F.);
#1983=ADVANCED_FACE('',(#212),#55,.T.);
#1984=ADVANCED_FACE('',(#213,#71),#1878,.T.);
#1985=ADVANCED_FACE('',(#214),#1879,.T.);
#1986=ADVANCED_FACE('',(#215),#1880,.T.);
#1987=ADVANCED_FACE('',(#216,#72),#1881,.F.);
#1988=ADVANCED_FACE('',(#217),#37,.T.);
#1989=ADVANCED_FACE('',(#218),#1882,.T.);
#1990=ADVANCED_FACE('',(#219),#56,.F.);
#1991=ADVANCED_FACE('',(#220),#1883,.T.);
#1992=ADVANCED_FACE('',(#221),#57,.F.);
#1993=CLOSED_SHELL('',(#1884,#1885,#1886,#1887,#1888,#1889,#1890,#1891,
#1892,#1893,#1894,#1895,#1896,#1897,#1898,#1899,#1900,#1901,#1902,#1903,
#1904,#1905,#1906,#1907,#1908,#1909,#1910,#1911,#1912,#1913,#1914,#1915,
#1916,#1917,#1918,#1919,#1920,#1921,#1922,#1923,#1924,#1925,#1926,#1927,
#1928,#1929,#1930,#1931,#1932,#1933,#1934,#1935,#1936,#1937,#1938,#1939,
#1940,#1941,#1942,#1943,#1944,#1945,#1946,#1947,#1948,#1949,#1950,#1951,
#1952,#1953,#1954,#1955,#1956,#1957,#1958));
#1994=CLOSED_SHELL('',(#1959,#1960,#1961,#1962,#1963,#1964,#1965,#1966,
#1967,#1968,#1969,#1970,#1971,#1972,#1973,#1974,#1975,#1976,#1977,#1978,
#1979,#1980,#1981,#1982,#1983,#1984,#1985,#1986,#1987,#1988,#1989,#1990,
#1991,#1992));
#1995=AXIS2_PLACEMENT_3D('',#2668,#2145,#2146);
#1996=AXIS2_PLACEMENT_3D('',#2669,#2147,#2148);
#1997=AXIS2_PLACEMENT_3D('',#2678,#2153,#2154);
#1998=AXIS2_PLACEMENT_3D('',#2684,#2158,#2159);
#1999=AXIS2_PLACEMENT_3D('',#2690,#2163,#2164);
#2000=AXIS2_PLACEMENT_3D('',#2696,#2168,#2169);
#2001=AXIS2_PLACEMENT_3D('',#2702,#2173,#2174);
#2002=AXIS2_PLACEMENT_3D('',#2705,#2177,#2178);
#2003=AXIS2_PLACEMENT_3D('',#2707,#2179,#2180);
#2004=AXIS2_PLACEMENT_3D('',#2708,#2181,#2182);
#2005=AXIS2_PLACEMENT_3D('',#2710,#2183,#2184);
#2006=AXIS2_PLACEMENT_3D('',#2712,#2186,#2187);
#2007=AXIS2_PLACEMENT_3D('',#2714,#2188,#2189);
#2008=AXIS2_PLACEMENT_3D('',#2716,#2190,#2191);
#2009=AXIS2_PLACEMENT_3D('',#2717,#2192,#2193);
#2010=AXIS2_PLACEMENT_3D('',#2719,#2194,#2195);
#2011=AXIS2_PLACEMENT_3D('',#2721,#2197,#2198);
#2012=AXIS2_PLACEMENT_3D('',#2724,#2200,#2201);
#2013=AXIS2_PLACEMENT_3D('',#2725,#2202,#2203);
#2014=AXIS2_PLACEMENT_3D('',#2740,#2211,#2212);
#2015=AXIS2_PLACEMENT_3D('',#2748,#2217,#2218);
#2016=AXIS2_PLACEMENT_3D('',#2758,#2224,#2225);
#2017=AXIS2_PLACEMENT_3D('',#2768,#2231,#2232);
#2018=AXIS2_PLACEMENT_3D('',#2774,#2236,#2237);
#2019=AXIS2_PLACEMENT_3D('',#2778,#2240,#2241);
#2020=AXIS2_PLACEMENT_3D('',#2785,#2245,#2246);
#2021=AXIS2_PLACEMENT_3D('',#2793,#2251,#2252);
#2022=AXIS2_PLACEMENT_3D('',#2799,#2256,#2257);
#2023=AXIS2_PLACEMENT_3D('',#2803,#2259,#2260);
#2024=AXIS2_PLACEMENT_3D('',#2817,#2268,#2269);
#2025=AXIS2_PLACEMENT_3D('',#2823,#2273,#2274);
#2026=AXIS2_PLACEMENT_3D('',#2827,#2277,#2278);
#2027=AXIS2_PLACEMENT_3D('',#2831,#2281,#2282);
#2028=AXIS2_PLACEMENT_3D('',#2835,#2285,#2286);
#2029=AXIS2_PLACEMENT_3D('',#2839,#2289,#2290);
#2030=AXIS2_PLACEMENT_3D('',#2841,#2292,#2293);
#2031=AXIS2_PLACEMENT_3D('',#2843,#2294,#2295);
#2032=AXIS2_PLACEMENT_3D('',#2844,#2296,#2297);
#2033=AXIS2_PLACEMENT_3D('',#2852,#2302,#2303);
#2034=AXIS2_PLACEMENT_3D('',#2855,#2305,#2306);
#2035=AXIS2_PLACEMENT_3D('',#2856,#2307,#2308);
#2036=AXIS2_PLACEMENT_3D('',#2862,#2312,#2313);
#2037=AXIS2_PLACEMENT_3D('',#2872,#2319,#2320);
#2038=AXIS2_PLACEMENT_3D('',#2876,#2323,#2324);
#2039=AXIS2_PLACEMENT_3D('',#2880,#2327,#2328);
#2040=AXIS2_PLACEMENT_3D('',#2883,#2330,#2331);
#2041=AXIS2_PLACEMENT_3D('',#2884,#2332,#2333);
#2042=AXIS2_PLACEMENT_3D('',#2888,#2336,#2337);
#2043=AXIS2_PLACEMENT_3D('',#2892,#2340,#2341);
#2044=AXIS2_PLACEMENT_3D('',#2898,#2345,#2346);
#2045=AXIS2_PLACEMENT_3D('',#2902,#2349,#2350);
#2046=AXIS2_PLACEMENT_3D('',#2906,#2353,#2354);
#2047=AXIS2_PLACEMENT_3D('',#2912,#2358,#2359);
#2048=AXIS2_PLACEMENT_3D('',#2916,#2362,#2363);
#2049=AXIS2_PLACEMENT_3D('',#2919,#2366,#2367);
#2050=AXIS2_PLACEMENT_3D('',#2921,#2369,#2370);
#2051=AXIS2_PLACEMENT_3D('',#2925,#2373,#2374);
#2052=AXIS2_PLACEMENT_3D('',#2929,#2377,#2378);
#2053=AXIS2_PLACEMENT_3D('',#2931,#2380,#2381);
#2054=AXIS2_PLACEMENT_3D('',#2937,#2385,#2386);
#2055=AXIS2_PLACEMENT_3D('',#2941,#2389,#2390);
#2056=AXIS2_PLACEMENT_3D('',#2947,#2394,#2395);
#2057=AXIS2_PLACEMENT_3D('',#2951,#2398,#2399);
#2058=AXIS2_PLACEMENT_3D('',#2957,#2403,#2404);
#2059=AXIS2_PLACEMENT_3D('',#2959,#2406,#2407);
#2060=AXIS2_PLACEMENT_3D('',#2975,#2409,#2410);
#2061=AXIS2_PLACEMENT_3D('',#2977,#2412,#2413);
#2062=AXIS2_PLACEMENT_3D('',#2985,#2416,#2417);
#2063=AXIS2_PLACEMENT_3D('',#2987,#2418,#2419);
#2064=AXIS2_PLACEMENT_3D('',#3020,#2420,#2421);
#2065=AXIS2_PLACEMENT_3D('',#3035,#2422,#2423);
#2066=AXIS2_PLACEMENT_3D('',#3038,#2425,#2426);
#2067=AXIS2_PLACEMENT_3D('',#3039,#2427,#2428);
#2068=AXIS2_PLACEMENT_3D('',#3042,#2430,#2431);
#2069=AXIS2_PLACEMENT_3D('',#3043,#2432,#2433);
#2070=AXIS2_PLACEMENT_3D('',#3047,#2435,#2436);
#2071=AXIS2_PLACEMENT_3D('',#3049,#2438,#2439);
#2072=AXIS2_PLACEMENT_3D('',#3053,#2442,#2443);
#2073=AXIS2_PLACEMENT_3D('',#3054,#2444,#2445);
#2074=AXIS2_PLACEMENT_3D('',#3055,#2446,#2447);
#2075=AXIS2_PLACEMENT_3D('',#3056,#2448,#2449);
#2076=AXIS2_PLACEMENT_3D('',#3057,#2450,#2451);
#2077=AXIS2_PLACEMENT_3D('',#3060,#2453,#2454);
#2078=AXIS2_PLACEMENT_3D('',#3061,#2455,#2456);
#2079=AXIS2_PLACEMENT_3D('',#3063,#2458,#2459);
#2080=AXIS2_PLACEMENT_3D('',#3073,#2465,#2466);
#2081=AXIS2_PLACEMENT_3D('',#3075,#2467,#2468);
#2082=AXIS2_PLACEMENT_3D('',#3078,#2470,#2471);
#2083=AXIS2_PLACEMENT_3D('',#3079,#2472,#2473);
#2084=AXIS2_PLACEMENT_3D('',#3081,#2474,#2475);
#2085=AXIS2_PLACEMENT_3D('',#3082,#2476,#2477);
#2086=AXIS2_PLACEMENT_3D('',#3083,#2478,#2479);
#2087=AXIS2_PLACEMENT_3D('',#3084,#2480,#2481);
#2088=AXIS2_PLACEMENT_3D('',#3085,#2482,#2483);
#2089=AXIS2_PLACEMENT_3D('',#3087,#2485,#2486);
#2090=AXIS2_PLACEMENT_3D('',#3096,#2491,#2492);
#2091=AXIS2_PLACEMENT_3D('',#3099,#2495,#2496);
#2092=AXIS2_PLACEMENT_3D('',#3101,#2498,#2499);
#2093=AXIS2_PLACEMENT_3D('',#3103,#2501,#2502);
#2094=AXIS2_PLACEMENT_3D('',#3104,#2503,#2504);
#2095=AXIS2_PLACEMENT_3D('',#3117,#2509,#2510);
#2096=AXIS2_PLACEMENT_3D('',#3123,#2514,#2515);
#2097=AXIS2_PLACEMENT_3D('',#3133,#2521,#2522);
#2098=AXIS2_PLACEMENT_3D('',#3157,#2531,#2532);
#2099=AXIS2_PLACEMENT_3D('',#3167,#2536,#2537);
#2100=AXIS2_PLACEMENT_3D('',#3171,#2540,#2541);
#2101=AXIS2_PLACEMENT_3D('',#3179,#2546,#2547);
#2102=AXIS2_PLACEMENT_3D('',#3189,#2553,#2554);
#2103=AXIS2_PLACEMENT_3D('',#3191,#2556,#2557);
#2104=AXIS2_PLACEMENT_3D('',#3201,#2563,#2564);
#2105=AXIS2_PLACEMENT_3D('',#3203,#2566,#2567);
#2106=AXIS2_PLACEMENT_3D('',#3209,#2571,#2572);
#2107=AXIS2_PLACEMENT_3D('',#3213,#2574,#2575);
#2108=AXIS2_PLACEMENT_3D('',#3214,#2576,#2577);
#2109=AXIS2_PLACEMENT_3D('',#3215,#2578,#2579);
#2110=AXIS2_PLACEMENT_3D('',#3218,#2582,#2583);
#2111=AXIS2_PLACEMENT_3D('',#3220,#2585,#2586);
#2112=AXIS2_PLACEMENT_3D('',#3222,#2588,#2589);
#2113=AXIS2_PLACEMENT_3D('',#3224,#2591,#2592);
#2114=AXIS2_PLACEMENT_3D('',#3225,#2593,#2594);
#2115=AXIS2_PLACEMENT_3D('',#3226,#2595,#2596);
#2116=AXIS2_PLACEMENT_3D('',#3228,#2597,#2598);
#2117=AXIS2_PLACEMENT_3D('',#3229,#2599,#2600);
#2118=AXIS2_PLACEMENT_3D('',#3249,#2602,#2603);
#2119=AXIS2_PLACEMENT_3D('',#3251,#2605,#2606);
#2120=AXIS2_PLACEMENT_3D('',#3253,#2607,#2608);
#2121=AXIS2_PLACEMENT_3D('',#3274,#2609,#2610);
#2122=AXIS2_PLACEMENT_3D('',#3276,#2611,#2612);
#2123=AXIS2_PLACEMENT_3D('',#3280,#2613,#2614);
#2124=AXIS2_PLACEMENT_3D('',#3282,#2615,#2616);
#2125=AXIS2_PLACEMENT_3D('',#3284,#2618,#2619);
#2126=AXIS2_PLACEMENT_3D('',#3286,#2620,#2621);
#2127=AXIS2_PLACEMENT_3D('',#3288,#2623,#2624);
#2128=AXIS2_PLACEMENT_3D('',#3292,#2626,#2627);
#2129=AXIS2_PLACEMENT_3D('',#3293,#2628,#2629);
#2130=AXIS2_PLACEMENT_3D('',#3294,#2630,#2631);
#2131=AXIS2_PLACEMENT_3D('',#3296,#2632,#2633);
#2132=AXIS2_PLACEMENT_3D('',#3299,#2635,#2636);
#2133=AXIS2_PLACEMENT_3D('',#3300,#2637,#2638);
#2134=AXIS2_PLACEMENT_3D('',#3302,#2639,#2640);
#2135=AXIS2_PLACEMENT_3D('',#3303,#2641,#2642);
#2136=AXIS2_PLACEMENT_3D('',#3305,#2644,#2645);
#2137=AXIS2_PLACEMENT_3D('',#3307,#2647,#2648);
#2138=AXIS2_PLACEMENT_3D('',#3311,#2650,#2651);
#2139=AXIS2_PLACEMENT_3D('',#3313,#2653,#2654);
#2140=AXIS2_PLACEMENT_3D('',#3314,#2655,#2656);
#2141=AXIS2_PLACEMENT_3D('',#3315,#2657,#2658);
#2142=AXIS2_PLACEMENT_3D('',#3317,#2660,#2661);
#2143=AXIS2_PLACEMENT_3D('',#3319,#2663,#2664);
#2144=AXIS2_PLACEMENT_3D('',#3320,#2665,#2666);
#2145=DIRECTION('axis',(0.,0.,1.));
#2146=DIRECTION('refdir',(1.,0.,0.));
#2147=DIRECTION('center_axis',(1.,0.,1.92296268638356E-15));
#2148=DIRECTION('ref_axis',(-1.92296268638356E-15,-1.12364076311477E-31,
1.));
#2149=DIRECTION('',(-1.92296268638356E-15,-1.12364076311477E-31,1.));
#2150=DIRECTION('',(0.,-1.,0.));
#2151=DIRECTION('',(-1.92296268638356E-15,-1.12364076311477E-31,1.));
#2152=DIRECTION('',(0.,-1.,0.));
#2153=DIRECTION('center_axis',(0.500000000000001,0.,-0.866025403784438));
#2154=DIRECTION('ref_axis',(0.866025403784438,5.06042812206201E-17,0.500000000000001));
#2155=DIRECTION('',(0.866025403784438,5.06042812206201E-17,0.500000000000001));
#2156=DIRECTION('',(0.,-1.,0.));
#2157=DIRECTION('',(0.866025403784438,5.06042812206201E-17,0.500000000000001));
#2158=DIRECTION('center_axis',(-0.499999999999998,0.,-0.86602540378444));
#2159=DIRECTION('ref_axis',(0.86602540378444,5.06042812206202E-17,-0.499999999999998));
#2160=DIRECTION('',(0.86602540378444,5.06042812206202E-17,-0.499999999999998));
#2161=DIRECTION('',(0.,-1.,0.));
#2162=DIRECTION('',(0.86602540378444,5.06042812206202E-17,-0.499999999999998));
#2163=DIRECTION('center_axis',(-1.,0.,-1.92296268638356E-15));
#2164=DIRECTION('ref_axis',(1.92296268638356E-15,1.12364076311477E-31,-1.));
#2165=DIRECTION('',(1.92296268638356E-15,1.12364076311477E-31,-1.));
#2166=DIRECTION('',(0.,-1.,0.));
#2167=DIRECTION('',(1.92296268638356E-15,1.12364076311477E-31,-1.));
#2168=DIRECTION('center_axis',(-0.500000000000001,0.,0.866025403784438));
#2169=DIRECTION('ref_axis',(-0.866025403784438,-5.06042812206201E-17,-0.500000000000001));
#2170=DIRECTION('',(-0.866025403784438,-5.06042812206201E-17,-0.500000000000001));
#2171=DIRECTION('',(0.,-1.,0.));
#2172=DIRECTION('',(-0.866025403784438,-5.06042812206201E-17,-0.500000000000001));
#2173=DIRECTION('center_axis',(0.499999999999998,0.,0.86602540378444));
#2174=DIRECTION('ref_axis',(-0.86602540378444,-5.06042812206202E-17,0.499999999999998));
#2175=DIRECTION('',(-0.86602540378444,-5.06042812206202E-17,0.499999999999998));
#2176=DIRECTION('',(-0.86602540378444,-5.06042812206202E-17,0.499999999999998));
#2177=DIRECTION('center_axis',(-5.84327907697451E-17,1.,0.));
#2178=DIRECTION('ref_axis',(0.,0.,1.));
#2179=DIRECTION('center_axis',(-5.84327907697451E-17,1.,0.));
#2180=DIRECTION('ref_axis',(0.,0.,-1.));
#2181=DIRECTION('center_axis',(0.,1.,0.));
#2182=DIRECTION('ref_axis',(0.,0.,-1.));
#2183=DIRECTION('center_axis',(0.,1.,0.));
#2184=DIRECTION('ref_axis',(0.,0.,-1.));
#2185=DIRECTION('',(0.,1.,0.));
#2186=DIRECTION('center_axis',(0.,1.,0.));
#2187=DIRECTION('ref_axis',(0.,0.,-1.));
#2188=DIRECTION('center_axis',(0.,1.,0.));
#2189=DIRECTION('ref_axis',(0.,0.,-1.));
#2190=DIRECTION('center_axis',(0.,1.,0.));
#2191=DIRECTION('ref_axis',(0.,0.,-1.));
#2192=DIRECTION('center_axis',(0.,1.,0.));
#2193=DIRECTION('ref_axis',(0.,0.,-1.));
#2194=DIRECTION('center_axis',(0.,1.,0.));
#2195=DIRECTION('ref_axis',(0.,0.,-1.));
#2196=DIRECTION('',(0.,1.,0.));
#2197=DIRECTION('center_axis',(0.,1.,0.));
#2198=DIRECTION('ref_axis',(0.,0.,-1.));
#2199=DIRECTION('',(0.,1.,0.));
#2200=DIRECTION('center_axis',(1.08845394571094E-16,-1.,0.));
#2201=DIRECTION('ref_axis',(0.,0.,-1.));
#2202=DIRECTION('center_axis',(0.707106781186547,0.707106781186548,0.));
#2203=DIRECTION('ref_axis',(0.,0.,-1.));
#2204=DIRECTION('',(-0.577350269189626,0.577350269189626,-0.577350269189626));
#2205=DIRECTION('',(0.,0.,-1.));
#2206=DIRECTION('',(0.707106781186548,-0.707106781186547,0.));
#2207=DIRECTION('',(0.577350269189626,-0.577350269189626,0.577350269189625));
#2208=DIRECTION('',(0.,0.,1.));
#2209=DIRECTION('',(-0.577350269189626,0.577350269189625,0.577350269189626));
#2210=DIRECTION('',(-0.707106781186548,0.707106781186547,0.));
#2211=DIRECTION('center_axis',(-0.707106781186547,-2.18068397039413E-16,
0.707106781186548));
#2212=DIRECTION('ref_axis',(0.707106781186548,0.,0.707106781186547));
#2213=DIRECTION('',(-3.08395284618099E-16,1.,0.));
#2214=DIRECTION('',(-0.707106781186548,-4.13182225969415E-17,-0.707106781186547));
#2215=DIRECTION('',(-0.577350269189626,-0.577350269189626,-0.577350269189625));
#2216=DIRECTION('',(3.08395284618099E-16,-1.,0.));
#2217=DIRECTION('center_axis',(0.,0.,1.));
#2218=DIRECTION('ref_axis',(1.,0.,0.));
#2219=DIRECTION('',(1.,0.,0.));
#2220=DIRECTION('',(-0.707106781186548,0.707106781186547,0.));
#2221=DIRECTION('',(0.,-1.,0.));
#2222=DIRECTION('',(0.654653670707963,0.755928946018467,0.));
#2223=DIRECTION('',(1.,5.84327907697451E-17,0.));
#2224=DIRECTION('center_axis',(0.,-1.,0.));
#2225=DIRECTION('ref_axis',(1.,0.,0.));
#2226=DIRECTION('',(-1.,0.,0.));
#2227=DIRECTION('',(0.,0.,-1.));
#2228=DIRECTION('',(-0.81347039605155,0.,-0.581606322823036));
#2229=DIRECTION('',(-1.,0.,0.));
#2230=DIRECTION('',(0.,0.,1.));
#2231=DIRECTION('center_axis',(0.52839174671171,-0.417875872174474,-0.739041214995058));
#2232=DIRECTION('ref_axis',(-0.81347039605155,0.,-0.581606322823036));
#2233=DIRECTION('',(0.703186532141156,0.703186532141156,0.105154182183067));
#2234=DIRECTION('',(2.68453053156882E-16,-0.870483650517941,0.492197332561808));
#2235=DIRECTION('',(-0.703186532141156,-0.703186532141156,-0.105154182183067));
#2236=DIRECTION('center_axis',(0.707106781186548,-0.707106781186547,0.));
#2237=DIRECTION('ref_axis',(0.,0.,-1.));
#2238=DIRECTION('',(-0.707106781186547,-0.707106781186548,0.));
#2239=DIRECTION('',(0.,0.,1.));
#2240=DIRECTION('center_axis',(0.475742433489219,0.575246431079514,-0.665402645402044));
#2241=DIRECTION('ref_axis',(-0.813470396051551,0.,-0.581606322823036));
#2242=DIRECTION('',(0.813470396051551,4.75333454498619E-17,0.581606322823036));
#2243=DIRECTION('',(-0.656103609945649,-0.271767013561438,-0.704038879150991));
#2244=DIRECTION('',(-0.703186532141156,0.703186532141156,0.105154182183067));
#2245=DIRECTION('center_axis',(0.707106781186547,0.707106781186548,0.));
#2246=DIRECTION('ref_axis',(0.,0.,-1.));
#2247=DIRECTION('',(0.603866544372001,-0.603866544372,0.520279149280881));
#2248=DIRECTION('',(0.,0.,-1.));
#2249=DIRECTION('',(0.707106781186548,-0.707106781186547,0.));
#2250=DIRECTION('',(0.,0.,1.));
#2251=DIRECTION('center_axis',(-0.707106781186547,0.,0.707106781186548));
#2252=DIRECTION('ref_axis',(0.707106781186548,0.,0.707106781186547));
#2253=DIRECTION('',(0.577350269189626,-0.577350269189626,0.577350269189626));
#2254=DIRECTION('',(0.,1.,0.));
#2255=DIRECTION('',(-0.654653670707984,-0.377964473009204,-0.654653670707984));
#2256=DIRECTION('center_axis',(-1.,0.,0.));
#2257=DIRECTION('ref_axis',(0.,-1.,0.));
#2258=DIRECTION('',(0.,0.,-1.));
#2259=DIRECTION('center_axis',(1.,0.,0.));
#2260=DIRECTION('ref_axis',(0.,-1.,0.));
#2261=DIRECTION('',(0.,-0.500000000000055,0.866025403784407));
#2262=DIRECTION('',(0.,-0.866025403784439,-0.5));
#2263=DIRECTION('',(0.,-3.84592537276713E-16,-1.));
#2264=DIRECTION('',(0.,0.866025403784439,-0.5));
#2265=DIRECTION('',(0.,0.866025403784439,0.5));
#2266=DIRECTION('',(0.,0.,1.));
#2267=DIRECTION('',(0.,-0.866025403784439,0.5));
#2268=DIRECTION('center_axis',(0.,-0.5,0.866025403784439));
#2269=DIRECTION('ref_axis',(0.,-0.866025403784439,-0.5));
#2270=DIRECTION('',(1.,0.,0.));
#2271=DIRECTION('',(0.,-0.866025403784439,-0.5));
#2272=DIRECTION('',(1.,0.,0.));
#2273=DIRECTION('center_axis',(0.,0.5,0.866025403784439));
#2274=DIRECTION('ref_axis',(0.,-0.866025403784439,0.5));
#2275=DIRECTION('',(1.,0.,0.));
#2276=DIRECTION('',(0.,-0.866025403784439,0.5));
#2277=DIRECTION('center_axis',(0.,1.,0.));
#2278=DIRECTION('ref_axis',(0.,0.,1.));
#2279=DIRECTION('',(1.,0.,0.));
#2280=DIRECTION('',(0.,0.,1.));
#2281=DIRECTION('center_axis',(0.,0.5,-0.866025403784439));
#2282=DIRECTION('ref_axis',(0.,0.866025403784439,0.5));
#2283=DIRECTION('',(1.,0.,0.));
#2284=DIRECTION('',(0.,0.866025403784439,0.5));
#2285=DIRECTION('center_axis',(0.,-0.5,-0.866025403784439));
#2286=DIRECTION('ref_axis',(0.,0.866025403784439,-0.5));
#2287=DIRECTION('',(1.,0.,0.));
#2288=DIRECTION('',(0.,0.866025403784439,-0.5));
#2289=DIRECTION('center_axis',(0.,-1.,3.84592537276713E-16));
#2290=DIRECTION('ref_axis',(0.,-3.84592537276713E-16,-1.));
#2291=DIRECTION('',(0.,-3.84592537276713E-16,-1.));
#2292=DIRECTION('center_axis',(-1.,0.,0.));
#2293=DIRECTION('ref_axis',(0.,-1.,0.));
#2294=DIRECTION('center_axis',(-1.,0.,0.));
#2295=DIRECTION('ref_axis',(3.08215985034019E-16,-1.,0.));
#2296=DIRECTION('center_axis',(-0.707106781186547,-0.707106781186548,0.));
#2297=DIRECTION('ref_axis',(0.,0.,1.));
#2298=DIRECTION('',(0.603866544372001,-0.603866544372001,0.520279149280879));
#2299=DIRECTION('',(0.,0.,1.));
#2300=DIRECTION('',(-0.707106781186548,0.707106781186547,0.));
#2301=DIRECTION('',(0.703186532141156,-0.703186532141156,-0.105154182183067));
#2302=DIRECTION('center_axis',(1.,0.,0.));
#2303=DIRECTION('ref_axis',(1.72275986579766E-16,-1.,0.));
#2304=DIRECTION('',(-0.707106781186547,-0.612372435695794,-0.353553390593274));
#2305=DIRECTION('center_axis',(-1.,0.,0.));
#2306=DIRECTION('ref_axis',(2.77555756156289E-16,-1.,0.));
#2307=DIRECTION('center_axis',(-0.707106781186548,0.612372435695772,0.353553390593312));
#2308=DIRECTION('ref_axis',(0.447213595499997,0.,0.894427190999896));
#2309=DIRECTION('',(-0.681189005097156,-0.724056658012981,-0.108275090957339));
#2310=DIRECTION('',(0.,0.500000000000055,-0.866025403784407));
#2311=DIRECTION('',(-0.637100605899393,-0.334831942018803,-0.694255276225211));
#2312=DIRECTION('center_axis',(-4.10491227047941E-17,0.147895050973757,
-0.98900306061077));
#2313=DIRECTION('ref_axis',(3.05003880365229E-16,-0.98900306061077,-0.147895050973757));
#2314=DIRECTION('',(1.,5.84327907697451E-17,8.73801195730721E-18));
#2315=DIRECTION('',(-1.,-2.77555756156289E-16,-5.95032308610617E-33));
#2316=DIRECTION('',(0.681189005097164,0.724056658012974,0.108275090957338));
#2317=DIRECTION('',(1.,3.0417002619261E-16,3.97988538197265E-18));
#2318=DIRECTION('',(-3.05003880365229E-16,0.98900306061077,0.147895050973757));
#2319=DIRECTION('center_axis',(-2.49999201373399E-16,0.900717048118527,
-0.434406260577178));
#2320=DIRECTION('ref_axis',(0.,0.434406260577178,0.900717048118527));
#2321=DIRECTION('',(1.,2.77555756156289E-16,-2.96196450711453E-32));
#2322=DIRECTION('',(-0.637100605899376,-0.334831942018809,-0.694255276225223));
#2323=DIRECTION('center_axis',(-2.40370335797937E-16,0.866025403784407,
0.500000000000055));
#2324=DIRECTION('ref_axis',(-1.54197642309066E-16,0.500000000000055,-0.866025403784407));
#2325=DIRECTION('',(-1.,-2.77555756156289E-16,0.));
#2326=DIRECTION('',(1.54197642309066E-16,-0.500000000000055,0.866025403784407));
#2327=DIRECTION('center_axis',(-1.,-2.77555756156289E-16,0.));
#2328=DIRECTION('ref_axis',(2.77555756156289E-16,-1.,0.));
#2329=DIRECTION('',(-1.,-2.77555756156289E-16,0.));
#2330=DIRECTION('center_axis',(1.,3.08395284618099E-16,0.));
#2331=DIRECTION('ref_axis',(3.08395284618099E-16,-1.,0.));
#2332=DIRECTION('center_axis',(2.77555756156289E-16,-1.,0.));
#2333=DIRECTION('ref_axis',(0.,0.,1.));
#2334=DIRECTION('',(-1.,-2.77555756156289E-16,0.));
#2335=DIRECTION('',(0.,0.,-1.));
#2336=DIRECTION('center_axis',(1.81168122863279E-16,-0.652726952494779,
-0.757593245407375));
#2337=DIRECTION('ref_axis',(-1.,0.,-2.39136401969715E-16));
#2338=DIRECTION('',(1.,2.77555756156289E-16,0.));
#2339=DIRECTION('',(0.603866544372002,-0.603866544372001,0.520279149280879));
#2340=DIRECTION('center_axis',(-4.10491227047941E-17,0.147895050973757,
-0.98900306061077));
#2341=DIRECTION('ref_axis',(3.05003880365229E-16,-0.98900306061077,-0.147895050973757));
#2342=DIRECTION('',(3.05003880365229E-16,-0.98900306061077,-0.147895050973757));
#2343=DIRECTION('',(-1.,-2.77555756156289E-16,0.));
#2344=DIRECTION('',(-0.703186532141157,0.703186532141155,0.105154182183067));
#2345=DIRECTION('center_axis',(-1.,-3.08395284618099E-16,0.));
#2346=DIRECTION('ref_axis',(3.08395284618099E-16,-1.,0.));
#2347=DIRECTION('',(0.,0.,1.));
#2348=DIRECTION('',(-3.08395284618099E-16,1.,0.));
#2349=DIRECTION('center_axis',(-0.707106781186548,0.707106781186548,0.));
#2350=DIRECTION('ref_axis',(0.,0.,1.));
#2351=DIRECTION('',(0.,0.,-1.));
#2352=DIRECTION('',(-0.707106781186547,-0.707106781186547,0.));
#2353=DIRECTION('center_axis',(0.499999999999999,0.499999999999999,-0.707106781186548));
#2354=DIRECTION('ref_axis',(-0.816496580927727,0.,-0.577350269189625));
#2355=DIRECTION('',(2.51803695464911E-16,-0.816496580927727,-0.577350269189625));
#2356=DIRECTION('',(-0.707106781186548,0.707106781186547,0.));
#2357=DIRECTION('',(0.281084637714821,0.678598344545848,0.678598344545846));
#2358=DIRECTION('center_axis',(-0.577350269189626,0.577350269189625,-0.577350269189627));
#2359=DIRECTION('ref_axis',(-0.707106781186548,0.,0.707106781186547));
#2360=DIRECTION('',(-1.57009245868377E-15,0.707106781186548,0.707106781186547));
#2361=DIRECTION('',(0.707106781186547,-7.85046229341888E-16,-0.707106781186548));
#2362=DIRECTION('center_axis',(-4.13182225969414E-17,0.707106781186547,
-0.707106781186548));
#2363=DIRECTION('ref_axis',(-1.,0.,5.8432790769745E-17));
#2364=DIRECTION('',(-1.,-5.84327907697451E-17,0.));
#2365=DIRECTION('',(1.,5.84327907697451E-17,0.));
#2366=DIRECTION('center_axis',(-0.707106781186548,-2.18068397039413E-16,
-0.707106781186547));
#2367=DIRECTION('ref_axis',(-0.707106781186547,0.,0.707106781186548));
#2368=DIRECTION('',(3.08395284618099E-16,-1.,0.));
#2369=DIRECTION('center_axis',(0.,-0.707106781186548,-0.707106781186547));
#2370=DIRECTION('ref_axis',(-1.,0.,0.));
#2371=DIRECTION('',(1.,0.,0.));
#2372=DIRECTION('',(0.281084637714819,-0.678598344545848,0.678598344545847));
#2373=DIRECTION('center_axis',(0.5,-0.5,-0.707106781186547));
#2374=DIRECTION('ref_axis',(-0.816496580927726,0.,-0.577350269189626));
#2375=DIRECTION('',(0.707106781186547,0.707106781186548,0.));
#2376=DIRECTION('',(2.51803695464911E-16,-0.816496580927726,0.577350269189626));
#2377=DIRECTION('center_axis',(-5.84327907697451E-17,1.,0.));
#2378=DIRECTION('ref_axis',(-1.,-5.84327907697451E-17,0.));
#2379=DIRECTION('',(0.703186532141155,4.10891515047067E-17,0.711005415601946));
#2380=DIRECTION('center_axis',(-2.10274366087941E-16,0.757593245407376,
-0.652726952494777));
#2381=DIRECTION('ref_axis',(-1.,0.,3.22147515564135E-16));
#2382=DIRECTION('',(0.546592656635338,-0.546592656635336,-0.634407546790428));
#2383=DIRECTION('',(2.01297914292531E-16,-0.652726952494777,-0.757593245407376));
#2384=DIRECTION('',(1.,2.77555756156289E-16,0.));
#2385=DIRECTION('center_axis',(0.707106781186547,0.707106781186548,0.));
#2386=DIRECTION('ref_axis',(0.,0.,-1.));
#2387=DIRECTION('',(0.,0.,1.));
#2388=DIRECTION('',(0.707106781186548,-0.707106781186547,0.));
#2389=DIRECTION('center_axis',(0.707106781186549,0.104577593447474,-0.699330770772124));
#2390=DIRECTION('ref_axis',(-0.703186532141155,0.,-0.711005415601946));
#2391=DIRECTION('',(3.05003880365229E-16,-0.98900306061077,-0.147895050973757));
#2392=DIRECTION('',(0.490486773364898,-0.7849286429882,0.37856274324185));
#2393=DIRECTION('',(0.681189005097164,-0.36605380046338,0.634023780706254));
#2394=DIRECTION('center_axis',(1.35718114271103E-16,-0.434406260577207,
-0.900717048118513));
#2395=DIRECTION('ref_axis',(-1.,0.,-1.50677856663868E-16));
#2396=DIRECTION('',(-0.4904867733649,-0.784928642988199,0.378562743241849));
#2397=DIRECTION('',(-1.,-3.0417002619261E-16,-3.9798853819727E-18));
#2398=DIRECTION('center_axis',(-2.65408912443565E-16,0.866025403784439,
0.5));
#2399=DIRECTION('ref_axis',(-1.5419764230905E-16,0.5,-0.866025403784439));
#2400=DIRECTION('',(-1.5419764230905E-16,0.5,-0.866025403784439));
#2401=DIRECTION('',(-1.,-3.06467814089236E-16,0.));
#2402=DIRECTION('',(-1.5419764230905E-16,0.5,-0.866025403784439));
#2403=DIRECTION('center_axis',(0.707106781186549,-0.612372435695793,-0.353553390593273));
#2404=DIRECTION('ref_axis',(-0.447213595499957,0.,-0.894427190999916));
#2405=DIRECTION('',(0.707106781186546,0.612372435695797,0.353553390593273));
#2406=DIRECTION('center_axis',(1.,3.06467814089236E-16,1.94623799187486E-17));
#2407=DIRECTION('ref_axis',(0.,-0.878839046755368,-0.477118360470561));
#2408=DIRECTION('',(-1.,-3.06467814089236E-16,-1.94623799187486E-17));
#2409=DIRECTION('center_axis',(-1.,-3.08395284618099E-16,0.));
#2410=DIRECTION('ref_axis',(0.,-0.878839046755368,-0.477118360470561));
#2411=DIRECTION('',(1.,3.36431219583381E-16,0.));
#2412=DIRECTION('center_axis',(-3.06467814089236E-16,1.,0.));
#2413=DIRECTION('ref_axis',(0.,0.,-1.));
#2414=DIRECTION('',(1.,3.06467814089236E-16,0.));
#2415=DIRECTION('',(0.,0.,-1.));
#2416=DIRECTION('center_axis',(1.,0.,0.));
#2417=DIRECTION('ref_axis',(-1.41798540847258E-16,1.,0.));
#2418=DIRECTION('center_axis',(-1.,0.,0.));
#2419=DIRECTION('ref_axis',(3.36431219583381E-16,-1.,0.));
#2420=DIRECTION('center_axis',(-1.,0.,0.));
#2421=DIRECTION('ref_axis',(-3.06467814089236E-16,1.,0.));
#2422=DIRECTION('center_axis',(-1.,-3.06467814089236E-16,0.));
#2423=DIRECTION('ref_axis',(0.,-0.468389426702334,0.883522124767376));
#2424=DIRECTION('',(-1.,-3.06467814089236E-16,0.));
#2425=DIRECTION('center_axis',(-1.,-3.08395284618099E-16,0.));
#2426=DIRECTION('ref_axis',(0.,-0.468389426702334,0.883522124767376));
#2427=DIRECTION('center_axis',(-1.,-3.06467814089236E-16,0.));
#2428=DIRECTION('ref_axis',(3.06467814089236E-16,-1.,0.));
#2429=DIRECTION('',(1.,3.06467814089236E-16,0.));
#2430=DIRECTION('center_axis',(-1.,-3.08395284618099E-16,0.));
#2431=DIRECTION('ref_axis',(3.08395284618099E-16,-1.,0.));
#2432=DIRECTION('center_axis',(-1.,-3.06467814089236E-16,2.07654001664302E-17));
#2433=DIRECTION('ref_axis',(0.,0.885891828700656,-0.463891870850749));
#2434=DIRECTION('',(-1.,-3.36431219583381E-16,0.));
#2435=DIRECTION('center_axis',(-1.,-3.08395284618099E-16,0.));
#2436=DIRECTION('ref_axis',(0.,0.885891828700656,-0.463891870850749));
#2437=DIRECTION('',(1.,3.06467814089236E-16,-2.07654001664302E-17));
#2438=DIRECTION('center_axis',(3.06467814089236E-16,-1.,0.));
#2439=DIRECTION('ref_axis',(0.,0.,1.));
#2440=DIRECTION('',(0.,0.,1.));
#2441=DIRECTION('',(-1.,-3.06467814089236E-16,0.));
#2442=DIRECTION('center_axis',(-1.,-3.06467814089236E-16,0.));
#2443=DIRECTION('ref_axis',(0.,0.454494481301553,0.890749553166563));
#2444=DIRECTION('center_axis',(-1.,-3.08395284618099E-16,0.));
#2445=DIRECTION('ref_axis',(0.,0.454494481301553,0.890749553166563));
#2446=DIRECTION('center_axis',(1.,2.22044604925031E-16,0.));
#2447=DIRECTION('ref_axis',(3.07503469895789E-16,-1.,0.));
#2448=DIRECTION('center_axis',(-1.,-3.08395284618099E-16,0.));
#2449=DIRECTION('ref_axis',(3.06467814089236E-16,-1.,0.));
#2450=DIRECTION('center_axis',(-1.,-3.06467814089236E-16,0.));
#2451=DIRECTION('ref_axis',(3.06467814089236E-16,-1.,0.));
#2452=DIRECTION('',(1.,5.55111512312578E-16,0.));
#2453=DIRECTION('center_axis',(-1.,-3.08395284618099E-16,0.));
#2454=DIRECTION('ref_axis',(3.08395284618099E-16,-1.,0.));
#2455=DIRECTION('center_axis',(-2.77555756156289E-16,1.,0.));
#2456=DIRECTION('ref_axis',(0.,0.,-1.));
#2457=DIRECTION('',(0.,0.,1.));
#2458=DIRECTION('center_axis',(0.,0.,1.));
#2459=DIRECTION('ref_axis',(1.,0.,0.));
#2460=DIRECTION('',(3.08395284618099E-16,-1.,0.));
#2461=DIRECTION('',(2.49488320140485E-16,1.,0.));
#2462=DIRECTION('',(-1.,-1.08845394571094E-16,0.));
#2463=DIRECTION('',(3.74232480210727E-16,-1.,0.));
#2464=DIRECTION('',(1.,0.,0.));
#2465=DIRECTION('center_axis',(1.,2.77555756156289E-16,0.));
#2466=DIRECTION('ref_axis',(2.77555756156289E-16,-1.,0.));
#2467=DIRECTION('center_axis',(1.,3.08395284618099E-16,0.));
#2468=DIRECTION('ref_axis',(3.10147530553429E-16,-1.,0.));
#2469=DIRECTION('',(-1.,-2.77555756156289E-16,0.));
#2470=DIRECTION('center_axis',(-1.,-3.08395284618099E-16,0.));
#2471=DIRECTION('ref_axis',(2.77555756156289E-16,-1.,0.));
#2472=DIRECTION('center_axis',(1.,3.08395284618099E-16,0.));
#2473=DIRECTION('ref_axis',(0.,0.,-1.));
#2474=DIRECTION('center_axis',(-1.,-3.08395284618099E-16,0.));
#2475=DIRECTION('ref_axis',(3.10147530553429E-16,-1.,0.));
#2476=DIRECTION('center_axis',(-1.,-3.36431219583381E-16,0.));
#2477=DIRECTION('ref_axis',(3.36431219583381E-16,-1.,0.));
#2478=DIRECTION('center_axis',(1.,3.08395284618099E-16,0.));
#2479=DIRECTION('ref_axis',(3.36431219583381E-16,-1.,0.));
#2480=DIRECTION('center_axis',(-1.,-3.08395284618099E-16,0.));
#2481=DIRECTION('ref_axis',(3.08395284618099E-16,-1.,0.));
#2482=DIRECTION('center_axis',(-1.,-3.08215985034019E-16,0.));
#2483=DIRECTION('ref_axis',(3.08215985034019E-16,-1.,0.));
#2484=DIRECTION('',(-1.,-3.08215985034019E-16,0.));
#2485=DIRECTION('center_axis',(0.,0.,1.));
#2486=DIRECTION('ref_axis',(1.,0.,0.));
#2487=DIRECTION('',(-1.,-1.08845394571094E-16,0.));
#2488=DIRECTION('',(2.49488320140485E-16,1.,0.));
#2489=DIRECTION('',(1.,0.,0.));
#2490=DIRECTION('',(3.74232480210727E-16,-1.,0.));
#2491=DIRECTION('center_axis',(-1.08845394571094E-16,1.,0.));
#2492=DIRECTION('ref_axis',(-1.,-1.08845394571094E-16,0.));
#2493=DIRECTION('',(0.,0.,1.));
#2494=DIRECTION('',(0.,0.,1.));
#2495=DIRECTION('center_axis',(-1.,-3.74232480210727E-16,0.));
#2496=DIRECTION('ref_axis',(3.74232480210727E-16,-1.,0.));
#2497=DIRECTION('',(0.,0.,1.));
#2498=DIRECTION('center_axis',(0.,-1.,0.));
#2499=DIRECTION('ref_axis',(1.,0.,0.));
#2500=DIRECTION('',(0.,0.,1.));
#2501=DIRECTION('center_axis',(1.,-2.49488320140485E-16,0.));
#2502=DIRECTION('ref_axis',(2.49488320140485E-16,1.,0.));
#2503=DIRECTION('center_axis',(-0.707106781186549,0.104577593447473,-0.699330770772124));
#2504=DIRECTION('ref_axis',(-0.703186532141155,0.,0.711005415601946));
#2505=DIRECTION('',(-3.05003880365229E-16,0.98900306061077,0.147895050973757));
#2506=DIRECTION('',(3.05003880365229E-16,-0.98900306061077,-0.147895050973757));
#2507=DIRECTION('',(-0.546592656635336,0.546592656635337,0.634407546790429));
#2508=DIRECTION('',(-0.703186532141155,0.,0.711005415601946));
#2509=DIRECTION('center_axis',(-3.04782700498215E-17,0.757593245407376,
-0.652726952494777));
#2510=DIRECTION('ref_axis',(-1.,0.,4.66937513968605E-17));
#2511=DIRECTION('',(-1.,0.,4.66937513968605E-17));
#2512=DIRECTION('',(-0.546592656635337,0.546592656635336,0.634407546790428));
#2513=DIRECTION('',(1.,0.,-4.66937513968605E-17));
#2514=DIRECTION('center_axis',(-0.707106781186547,-0.707106781186548,0.));
#2515=DIRECTION('ref_axis',(0.,0.,1.));
#2516=DIRECTION('',(0.703186532141157,-0.703186532141155,-0.105154182183067));
#2517=DIRECTION('',(-0.603866544372003,0.603866544372001,-0.520279149280878));
#2518=DIRECTION('',(0.,0.,1.));
#2519=DIRECTION('',(-0.707106781186547,0.707106781186547,0.));
#2520=DIRECTION('',(0.,0.,-1.));
#2521=DIRECTION('center_axis',(-4.61802630428934E-17,0.147895050973757,
-0.98900306061077));
#2522=DIRECTION('ref_axis',(-3.05003880365229E-16,0.98900306061077,0.147895050973757));
#2523=DIRECTION('',(3.05003880365229E-16,-0.98900306061077,-0.147895050973757));
#2524=DIRECTION('',(1.,2.48161092835584E-17,-4.29827621253049E-17));
#2525=DIRECTION('',(-0.681189005097157,-0.72405665801298,-0.108275090957339));
#2526=DIRECTION('',(-1.,-3.12250225675825E-16,-1.44878864360731E-34));
#2527=DIRECTION('',(0.656341464763412,-0.746167175191038,-0.111581487262206));
#2528=DIRECTION('',(-3.05003880365229E-16,0.98900306061077,0.147895050973757));
#2529=DIRECTION('',(-0.69928848863632,-0.706978521761442,-0.105721234521447));
#2530=DIRECTION('',(1.,3.12250225675825E-16,0.));
#2531=DIRECTION('center_axis',(-0.707106781186547,0.104577593447474,-0.699330770772126));
#2532=DIRECTION('ref_axis',(-0.703186532141157,0.,0.711005415601945));
#2533=DIRECTION('',(-3.05003880365229E-16,0.98900306061077,0.147895050973757));
#2534=DIRECTION('',(0.681189005097165,0.366053800463379,-0.634023780706253));
#2535=DIRECTION('',(0.490486773364906,0.784928642988192,-0.378562743241856));
#2536=DIRECTION('center_axis',(-2.79350333855385E-17,-0.434406260577217,
-0.900717048118508));
#2537=DIRECTION('ref_axis',(-1.,0.,3.10142163334106E-17));
#2538=DIRECTION('',(-1.,-2.48161092835584E-17,4.29827621253049E-17));
#2539=DIRECTION('',(0.490486773364862,0.784928642988214,-0.378562743241867));
#2540=DIRECTION('center_axis',(-0.707106781186546,0.612372435695773,0.353553390593313));
#2541=DIRECTION('ref_axis',(0.447213595499999,0.,0.894427190999896));
#2542=DIRECTION('',(1.5419764230905E-16,-0.5,0.866025403784439));
#2543=DIRECTION('',(-0.707106781186546,-0.612372435695797,-0.353553390593273));
#2544=DIRECTION('',(-1.54197642309066E-16,0.500000000000055,-0.866025403784407));
#2545=DIRECTION('',(0.637100605899395,0.334831942018801,0.69425527622521));
#2546=DIRECTION('center_axis',(0.612295476504352,-0.516064871680952,-0.598975206222454));
#2547=DIRECTION('ref_axis',(-0.699288488636321,0.,-0.7148395691767));
#2548=DIRECTION('',(-0.702587651711194,-0.702587651711194,-0.11287685026567));
#2549=DIRECTION('',(0.699288488636321,2.18352988389198E-16,0.7148395691767));
#2550=DIRECTION('',(0.,0.757593245407376,-0.652726952494777));
#2551=DIRECTION('',(0.702587651711195,0.00772631382148979,0.711555265413503));
#2552=DIRECTION('',(-2.33638184542157E-16,0.757593245407376,-0.652726952494777));
#2553=DIRECTION('center_axis',(2.03814138221188E-16,-0.652726952494777,
-0.757593245407376));
#2554=DIRECTION('ref_axis',(-1.,0.,-2.69028452215928E-16));
#2555=DIRECTION('',(-1.,-3.12250225675825E-16,0.));
#2556=DIRECTION('center_axis',(0.688801367220463,0.652974932136474,-0.314922870742327));
#2557=DIRECTION('ref_axis',(-0.415805896829683,0.,-0.909453383171267));
#2558=DIRECTION('',(-0.67122431368234,0.410321008185415,-0.617328592374738));
#2559=DIRECTION('',(0.,0.434406260577176,0.900717048118528));
#2560=DIRECTION('',(-0.65634146476341,0.377231984868842,-0.653384964032793));
#2561=DIRECTION('',(0.671224313682342,-0.738551751932402,-0.0632394689987904));
#2562=DIRECTION('',(-1.33968842370582E-16,0.434406260577177,0.900717048118528));
#2563=DIRECTION('center_axis',(-2.81249101545074E-16,0.900717048118528,
-0.434406260577176));
#2564=DIRECTION('ref_axis',(0.,0.434406260577176,0.900717048118528));
#2565=DIRECTION('',(1.,3.12250225675825E-16,4.96774178298603E-33));
#2566=DIRECTION('center_axis',(0.707106781186545,0.612372435695774,0.353553390593314));
#2567=DIRECTION('ref_axis',(0.447213595499999,0.,-0.894427190999895));
#2568=DIRECTION('',(0.707106781186549,-0.612372435695771,-0.353553390593311));
#2569=DIRECTION('',(-1.54197642309066E-16,0.500000000000055,-0.866025403784407));
#2570=DIRECTION('',(1.54197642309066E-16,-0.500000000000055,0.866025403784407));
#2571=DIRECTION('center_axis',(-1.,-5.55111512312575E-16,0.));
#2572=DIRECTION('ref_axis',(3.10377825733501E-16,-1.,0.));
#2573=DIRECTION('',(0.707106781186548,0.707106781186548,0.));
#2574=DIRECTION('center_axis',(-1.,-3.08395284618099E-16,0.));
#2575=DIRECTION('ref_axis',(3.08395284618099E-16,-1.,0.));
#2576=DIRECTION('center_axis',(1.,3.08395284618099E-16,0.));
#2577=DIRECTION('ref_axis',(3.12250225675826E-16,-1.,0.));
#2578=DIRECTION('center_axis',(0.707106781186548,-0.707106781186548,0.));
#2579=DIRECTION('ref_axis',(0.,0.,-1.));
#2580=DIRECTION('',(0.,0.,-1.));
#2581=DIRECTION('',(0.,0.,1.));
#2582=DIRECTION('center_axis',(0.707106781186547,0.104577593447474,-0.699330770772126));
#2583=DIRECTION('ref_axis',(-0.703186532141157,0.,-0.711005415601945));
#2584=DIRECTION('',(3.05003880365229E-16,-0.98900306061077,-0.147895050973757));
#2585=DIRECTION('center_axis',(3.12250225675825E-16,-1.,0.));
#2586=DIRECTION('ref_axis',(0.,0.,-1.));
#2587=DIRECTION('',(1.,3.12250225675825E-16,0.));
#2588=DIRECTION('center_axis',(1.,3.12250225675825E-16,0.));
#2589=DIRECTION('ref_axis',(3.12250225675825E-16,-1.,0.));
#2590=DIRECTION('',(1.,3.12250225675825E-16,0.));
#2591=DIRECTION('center_axis',(-1.,-3.08395284618099E-16,0.));
#2592=DIRECTION('ref_axis',(3.12250225675826E-16,-1.,0.));
#2593=DIRECTION('center_axis',(-2.70416627772679E-16,0.866025403784407,
0.500000000000055));
#2594=DIRECTION('ref_axis',(1.54197642309066E-16,-0.500000000000055,0.866025403784407));
#2595=DIRECTION('center_axis',(1.,3.08395284618099E-16,0.));
#2596=DIRECTION('ref_axis',(0.,0.,-1.));
#2597=DIRECTION('center_axis',(-1.,-3.08395284618099E-16,0.));
#2598=DIRECTION('ref_axis',(-3.08395284618099E-16,1.,0.));
#2599=DIRECTION('center_axis',(-1.,0.,0.));
#2600=DIRECTION('ref_axis',(0.,-0.468389426702337,0.883522124767374));
#2601=DIRECTION('',(1.,0.,0.));
#2602=DIRECTION('center_axis',(1.,3.08395284618099E-16,0.));
#2603=DIRECTION('ref_axis',(0.,-0.468389426702337,0.883522124767374));
#2604=DIRECTION('',(-1.,0.,0.));
#2605=DIRECTION('center_axis',(1.,0.,0.));
#2606=DIRECTION('ref_axis',(0.,1.,0.));
#2607=DIRECTION('center_axis',(1.,0.,0.));
#2608=DIRECTION('ref_axis',(3.06467814089236E-16,-1.,0.));
#2609=DIRECTION('center_axis',(1.,3.08395284618099E-16,0.));
#2610=DIRECTION('ref_axis',(0.,-1.,0.));
#2611=DIRECTION('center_axis',(1.,3.08395284618099E-16,0.));
#2612=DIRECTION('ref_axis',(0.,-1.,0.));
#2613=DIRECTION('center_axis',(-1.,0.,0.));
#2614=DIRECTION('ref_axis',(0.,-1.,0.));
#2615=DIRECTION('center_axis',(-1.,-3.08395284618099E-16,0.));
#2616=DIRECTION('ref_axis',(0.,-1.,0.));
#2617=DIRECTION('',(1.,0.,0.));
#2618=DIRECTION('center_axis',(-1.,0.,0.));
#2619=DIRECTION('ref_axis',(0.,0.454494481301555,0.890749553166562));
#2620=DIRECTION('center_axis',(1.,3.08395284618099E-16,0.));
#2621=DIRECTION('ref_axis',(0.,0.454494481301555,0.890749553166562));
#2622=DIRECTION('',(-1.,0.,0.));
#2623=DIRECTION('center_axis',(1.,3.08395284618099E-16,0.));
#2624=DIRECTION('ref_axis',(-3.08395284618099E-16,1.,0.));
#2625=DIRECTION('',(-0.707106781186548,0.707106781186547,-8.65956056235493E-17));
#2626=DIRECTION('center_axis',(1.,3.12250225675825E-16,0.));
#2627=DIRECTION('ref_axis',(3.12250225675825E-16,-1.,0.));
#2628=DIRECTION('center_axis',(1.,3.12250225675825E-16,0.));
#2629=DIRECTION('ref_axis',(3.12250225675825E-16,-1.,0.));
#2630=DIRECTION('center_axis',(-1.,-2.7755575615629E-16,0.));
#2631=DIRECTION('ref_axis',(2.7755575615629E-16,-1.,0.));
#2632=DIRECTION('center_axis',(-1.,-3.08395284618099E-16,0.));
#2633=DIRECTION('ref_axis',(3.08764178499221E-16,-1.,0.));
#2634=DIRECTION('',(1.,2.7755575615629E-16,0.));
#2635=DIRECTION('center_axis',(1.,3.08395284618099E-16,0.));
#2636=DIRECTION('ref_axis',(2.7755575615629E-16,-1.,0.));
#2637=DIRECTION('center_axis',(-1.,-3.08395284618099E-16,0.));
#2638=DIRECTION('ref_axis',(0.,0.,1.));
#2639=DIRECTION('center_axis',(1.,3.08395284618099E-16,0.));
#2640=DIRECTION('ref_axis',(3.08764178499221E-16,-1.,0.));
#2641=DIRECTION('center_axis',(0.,1.,0.));
#2642=DIRECTION('ref_axis',(0.,0.,-1.));
#2643=DIRECTION('',(0.,0.,1.));
#2644=DIRECTION('center_axis',(0.,-1.,0.));
#2645=DIRECTION('ref_axis',(0.,0.,1.));
#2646=DIRECTION('',(0.,0.,-1.));
#2647=DIRECTION('center_axis',(1.,3.08395284618099E-16,0.));
#2648=DIRECTION('ref_axis',(0.,0.,-1.));
#2649=DIRECTION('',(0.,0.,1.));
#2650=DIRECTION('center_axis',(-1.,-3.08395284618099E-16,0.));
#2651=DIRECTION('ref_axis',(0.,-1.,0.));
#2652=DIRECTION('',(-1.5419764230905E-16,0.5,-0.866025403784439));
#2653=DIRECTION('center_axis',(1.,2.22044604925031E-16,0.));
#2654=DIRECTION('ref_axis',(3.10466596231206E-16,-1.,0.));
#2655=DIRECTION('center_axis',(1.,3.08395284618099E-16,0.));
#2656=DIRECTION('ref_axis',(5.04646829375071E-16,-1.,0.));
#2657=DIRECTION('center_axis',(0.,1.,0.));
#2658=DIRECTION('ref_axis',(0.,0.,-1.));
#2659=DIRECTION('',(-1.,0.,0.));
#2660=DIRECTION('center_axis',(-1.,0.,0.));
#2661=DIRECTION('ref_axis',(0.,-1.,0.));
#2662=DIRECTION('',(-1.,0.,0.));
#2663=DIRECTION('center_axis',(0.,-0.866025403784439,-0.5));
#2664=DIRECTION('ref_axis',(1.5419764230905E-16,-0.5,0.866025403784439));
#2665=DIRECTION('center_axis',(1.,3.12250225675825E-16,0.));
#2666=DIRECTION('ref_axis',(3.12250225675825E-16,-1.,0.));
#2667=DIRECTION('',(-1.,-3.12250225675825E-16,0.));
#2668=CARTESIAN_POINT('',(0.,0.,0.));
#2669=CARTESIAN_POINT('Origin',(4.00000000000001,18.,12.6905989232415));
#2670=CARTESIAN_POINT('',(4.00000000000001,18.,12.6905989232415));
#2671=CARTESIAN_POINT('',(4.,18.,17.3094010767585));
#2672=CARTESIAN_POINT('',(4.00000000000003,18.,6.34529946162074));
#2673=CARTESIAN_POINT('',(4.00000000000001,13.,12.6905989232415));
#2674=CARTESIAN_POINT('',(4.00000000000001,18.,12.6905989232415));
#2675=CARTESIAN_POINT('',(4.,13.,17.3094010767585));
#2676=CARTESIAN_POINT('',(4.00000000000001,13.,16.1547005383793));
#2677=CARTESIAN_POINT('',(4.,18.,17.3094010767585));
#2678=CARTESIAN_POINT('Origin',(1.0547118733939E-14,18.,10.381197846483));
#2679=CARTESIAN_POINT('',(1.08608843689529E-14,18.,10.381197846483));
#2680=CARTESIAN_POINT('',(4.87740473580835,18.,13.1971687836487));
#2681=CARTESIAN_POINT('',(1.08246744900953E-14,13.,10.381197846483));
#2682=CARTESIAN_POINT('',(1.08608843689529E-14,18.,10.381197846483));
#2683=CARTESIAN_POINT('',(3.00000000000001,13.,12.1132486540519));
#2684=CARTESIAN_POINT('Origin',(-4.,18.,12.6905989232415));
#2685=CARTESIAN_POINT('',(-4.,18.,12.6905989232415));
#2686=CARTESIAN_POINT('',(7.37259526419166,18.,6.1246279860758));
#2687=CARTESIAN_POINT('',(-4.,13.,12.6905989232415));
#2688=CARTESIAN_POINT('',(-4.,18.,12.6905989232415));
#2689=CARTESIAN_POINT('',(-0.999999999999992,13.,10.9585481156726));
#2690=CARTESIAN_POINT('Origin',(-4.00000000000001,18.,17.3094010767585));
#2691=CARTESIAN_POINT('',(-4.00000000000001,18.,17.3094010767585));
#2692=CARTESIAN_POINT('',(-3.99999999999999,18.,8.65470053837923));
#2693=CARTESIAN_POINT('',(-4.00000000000001,13.,17.3094010767585));
#2694=CARTESIAN_POINT('',(-4.00000000000001,18.,17.3094010767585));
#2695=CARTESIAN_POINT('',(-4.,13.,13.8452994616207));
#2696=CARTESIAN_POINT('Origin',(-5.55111512312578E-15,18.,19.618802153517));
#2697=CARTESIAN_POINT('',(-5.68989300120393E-15,18.,19.618802153517));
#2698=CARTESIAN_POINT('',(2.87740473580834,18.,21.2800725523035));
#2699=CARTESIAN_POINT('',(-5.82867087928207E-15,13.,19.618802153517));
#2700=CARTESIAN_POINT('',(-5.68989300120393E-15,18.,19.618802153517));
#2701=CARTESIAN_POINT('',(-3.00000000000001,13.,17.8867513459481));
#2702=CARTESIAN_POINT('Origin',(4.,18.,17.3094010767585));
#2703=CARTESIAN_POINT('',(13.3725952641917,18.,11.8981306779721));
#2704=CARTESIAN_POINT('',(0.999999999999996,13.,19.0414518843274));
#2705=CARTESIAN_POINT('Origin',(3.33066907387547E-15,13.,15.));
#2706=CARTESIAN_POINT('',(4.78745412048092E-15,13.,17.7));
#2707=CARTESIAN_POINT('Origin',(4.45679948471114E-15,13.,15.));
#2708=CARTESIAN_POINT('Origin',(4.45679948471114E-15,14.5,15.));
#2709=CARTESIAN_POINT('',(4.78745412048092E-15,8.9,17.7));
#2710=CARTESIAN_POINT('Origin',(4.45679948471114E-15,8.9,15.));
#2711=CARTESIAN_POINT('',(4.78745412048092E-15,14.5,17.7));
#2712=CARTESIAN_POINT('Origin',(4.45679948471114E-15,-13.,15.));
#2713=CARTESIAN_POINT('',(4.9833976083445E-15,-13.,19.3));
#2714=CARTESIAN_POINT('Origin',(4.45679948471114E-15,-13.,15.));
#2715=CARTESIAN_POINT('',(4.78745412048092E-15,-13.,17.7));
#2716=CARTESIAN_POINT('Origin',(4.45679948471114E-15,-13.,15.));
#2717=CARTESIAN_POINT('Origin',(4.45679948471114E-15,-15.5,15.));
#2718=CARTESIAN_POINT('',(4.9833976083445E-15,-18.,19.3));
#2719=CARTESIAN_POINT('Origin',(4.45679948471114E-15,-18.,15.));
#2720=CARTESIAN_POINT('',(4.9833976083445E-15,-15.5,19.3));
#2721=CARTESIAN_POINT('Origin',(4.45679948471114E-15,14.5,15.));
#2722=CARTESIAN_POINT('',(4.12614484894135E-15,-8.9,17.7));
#2723=CARTESIAN_POINT('',(4.78745412048092E-15,14.5,17.7));
#2724=CARTESIAN_POINT('Origin',(4.45679948471114E-15,-8.9,15.));
#2725=CARTESIAN_POINT('Origin',(-11.8431457505076,-11.8431457505076,27.0000004023314));
#2726=CARTESIAN_POINT('',(-5.6862915010152,-18.,2.));
#2727=CARTESIAN_POINT('',(-7.6862915010152,-16.,0.));
#2728=CARTESIAN_POINT('',(-4.54086093362157,-19.1454305673936,3.14543056739362));
#2729=CARTESIAN_POINT('',(-5.6862915010152,-18.,35.));
#2730=CARTESIAN_POINT('',(-5.6862915010152,-18.,13.5000002011657));
#2731=CARTESIAN_POINT('',(-15.,-8.68629150101523,35.));
#2732=CARTESIAN_POINT('',(-11.8431457840352,-11.84314571698,35.));
#2733=CARTESIAN_POINT('',(-19.,-4.68629150101523,31.));
#2734=CARTESIAN_POINT('',(-18.895430444459,-4.79086105655617,31.1045695555409));
#2735=CARTESIAN_POINT('',(-19.,-4.68629150101522,2.));
#2736=CARTESIAN_POINT('',(-19.,-4.68629150101523,13.5000002011657));
#2737=CARTESIAN_POINT('',(-17.,-6.68629150101523,0.));
#2738=CARTESIAN_POINT('',(-22.728763900727,-0.95752760028826,5.72876390072697));
#2739=CARTESIAN_POINT('',(-11.8431457505076,-11.8431457505076,0.));
#2740=CARTESIAN_POINT('Origin',(-17.,9.00000006705522,33.));
#2741=CARTESIAN_POINT('',(-15.,18.,35.));
#2742=CARTESIAN_POINT('',(-15.,9.00000006705522,35.));
#2743=CARTESIAN_POINT('',(-17.,18.,33.));
#2744=CARTESIAN_POINT('',(-16.25,18.,33.75));
#2745=CARTESIAN_POINT('',(-19.,16.,31.));
#2746=CARTESIAN_POINT('',(-24.3333333221575,10.6666666778425,25.6666666778425));
#2747=CARTESIAN_POINT('',(-19.,9.00000006705522,31.));
#2748=CARTESIAN_POINT('Origin',(9.99200722162641E-15,1.34110444971469E-7,
35.));
#2749=CARTESIAN_POINT('',(2.60000000000002,-18.,35.));
#2750=CARTESIAN_POINT('',(-9.49999999999999,-18.,35.));
#2751=CARTESIAN_POINT('',(-8.99999999999999,-6.40000000000001,35.));
#2752=CARTESIAN_POINT('',(-2.6000000335276,-12.7999999664724,35.));
#2753=CARTESIAN_POINT('',(-8.99999999999999,8.72435565298353,35.));
#2754=CARTESIAN_POINT('',(-8.99999999999999,9.00000006705522,35.));
#2755=CARTESIAN_POINT('',(-0.967056359014496,18.,35.));
#2756=CARTESIAN_POINT('',(-5.19325587310541,13.1200051457809,35.));
#2757=CARTESIAN_POINT('',(9.50000000000001,18.,35.));
#2758=CARTESIAN_POINT('Origin',(-19.,-18.,0.));
#2759=CARTESIAN_POINT('',(5.60000000000001,-18.,2.));
#2760=CARTESIAN_POINT('',(-9.49999999999999,-18.,2.));
#2761=CARTESIAN_POINT('',(5.60000000000001,-18.,24.3875871057461));
#2762=CARTESIAN_POINT('',(5.60000000000001,-18.,23.7791442470948));
#2763=CARTESIAN_POINT('',(12.9135870499631,-18.,29.6165769883794));
#2764=CARTESIAN_POINT('',(-5.35043954708435,-18.,16.5583595036244));
#2765=CARTESIAN_POINT('',(2.60000000000002,-18.,29.6165769883794));
#2766=CARTESIAN_POINT('',(-2.99999999999999,-18.,29.6165769883794));
#2767=CARTESIAN_POINT('',(2.60000000000002,-18.,16.0270356482094));
#2768=CARTESIAN_POINT('Origin',(12.3411326279678,-14.9156608970138,27.4633126610255));
#2769=CARTESIAN_POINT('',(13.,-10.6,25.4941796136904));
#2770=CARTESIAN_POINT('',(10.6858421591613,-12.9141578408387,25.1481215422211));
#2771=CARTESIAN_POINT('',(13.,-17.9135870499631,29.6294991401497));
#2772=CARTESIAN_POINT('',(13.,-13.3675648501049,27.0590430503591));
#2773=CARTESIAN_POINT('',(13.9964230967742,-16.9171639531889,29.7785037798298));
#2774=CARTESIAN_POINT('Origin',(9.30000000000001,-14.3,23.7791442470948));
#2775=CARTESIAN_POINT('',(13.,-10.6,2.));
#2776=CARTESIAN_POINT('',(10.55,-13.05,2.));
#2777=CARTESIAN_POINT('',(13.,-10.6,23.7791442470948));
#2778=CARTESIAN_POINT('Origin',(11.3323379425696,16.7894278969749,31.5860480665462));
#2779=CARTESIAN_POINT('',(5.6179499677806,18.,28.5469865702153));
#2780=CARTESIAN_POINT('',(5.6,18.,28.5341528951285));
#2781=CARTESIAN_POINT('',(5.90218322864877,18.,28.7502046129123));
#2782=CARTESIAN_POINT('',(5.60525742384085,17.9947425761591,28.5333667024483));
#2783=CARTESIAN_POINT('',(10.0038769056938,19.8167104212612,33.2533515994557));
#2784=CARTESIAN_POINT('',(8.80740344994626,14.7925965500537,28.0545192967954));
#2785=CARTESIAN_POINT('Origin',(9.3,14.3,23.7791442470948));
#2786=CARTESIAN_POINT('',(13.,10.6,34.9045267087976));
#2787=CARTESIAN_POINT('',(9.23311647675594,14.366883523244,31.6590563756932));
#2788=CARTESIAN_POINT('',(13.,10.6,2.));
#2789=CARTESIAN_POINT('',(13.,10.6,23.7791442470948));
#2790=CARTESIAN_POINT('',(5.6,18.,2.));
#2791=CARTESIAN_POINT('',(10.55,13.05,2.));
#2792=CARTESIAN_POINT('',(5.6,18.,23.7791442470948));
#2793=CARTESIAN_POINT('Origin',(-4.99999999999999,9.00000006705522,39.));
#2794=CARTESIAN_POINT('',(-0.999999999999994,-14.4,43.));
#2795=CARTESIAN_POINT('',(-6.89098812843941,-8.50901187156059,37.1090118715606));
#2796=CARTESIAN_POINT('',(-0.999999999999994,13.3431578065002,43.));
#2797=CARTESIAN_POINT('',(-0.999999999999994,9.00000006705522,43.));
#2798=CARTESIAN_POINT('',(-1.43136012074982,13.0941119246676,42.5686398792502));
#2799=CARTESIAN_POINT('Origin',(-0.999999999999994,18.,35.));
#2800=CARTESIAN_POINT('',(-0.999999999999994,-14.4,50.));
#2801=CARTESIAN_POINT('',(-0.999999999999994,-14.4,32.0540712964187));
#2802=CARTESIAN_POINT('',(-0.999999999999994,6.12627944162883,55.5));
#2803=CARTESIAN_POINT('Origin',(-0.999999999999994,-3.39999999999999,50.));
#2804=CARTESIAN_POINT('',(-0.999999999999994,12.0488747058212,45.2417640897534));
#2805=CARTESIAN_POINT('',(-0.999999999999994,-3.39999999999999,55.7735026918963));
#2806=CARTESIAN_POINT('',(-0.999999999999994,-8.4,52.8867513459481));
#2807=CARTESIAN_POINT('',(-0.999999999999994,0.127404735808353,57.810050765656));
#2808=CARTESIAN_POINT('',(-0.999999999999994,-8.4,47.1132486540519));
#2809=CARTESIAN_POINT('',(-0.999999999999994,-8.4,43.9433756729741));
#2810=CARTESIAN_POINT('',(-0.999999999999994,-3.39999999999999,44.2264973081037));
#2811=CARTESIAN_POINT('',(-0.999999999999994,4.12259526419164,39.8833249073181));
#2812=CARTESIAN_POINT('',(-0.999999999999994,1.60000000000001,47.1132486540519));
#2813=CARTESIAN_POINT('',(-0.999999999999994,2.62740473580836,47.7064210548375));
#2814=CARTESIAN_POINT('',(-0.999999999999994,1.60000000000001,52.8867513459481));
#2815=CARTESIAN_POINT('',(-0.999999999999994,1.60000000000001,41.0566243270259));
#2816=CARTESIAN_POINT('',(-0.999999999999994,11.6225952641916,47.1002032721884));
#2817=CARTESIAN_POINT('Origin',(-0.999999999999994,-3.39999999999999,55.7735026918963));
#2818=CARTESIAN_POINT('',(6.00000000000001,-3.39999999999999,55.7735026918963));
#2819=CARTESIAN_POINT('',(-0.999999999999994,-3.39999999999999,55.7735026918963));
#2820=CARTESIAN_POINT('',(6.00000000000001,-8.4,52.8867513459481));
#2821=CARTESIAN_POINT('',(6.00000000000001,-8.4,52.8867513459481));
#2822=CARTESIAN_POINT('',(-0.999999999999994,-8.4,52.8867513459481));
#2823=CARTESIAN_POINT('Origin',(-0.999999999999994,1.60000000000001,52.8867513459481));
#2824=CARTESIAN_POINT('',(6.00000000000001,1.60000000000001,52.8867513459481));
#2825=CARTESIAN_POINT('',(-0.999999999999994,1.60000000000001,52.8867513459481));
#2826=CARTESIAN_POINT('',(6.00000000000001,-3.39999999999999,55.7735026918963));
#2827=CARTESIAN_POINT('Origin',(-0.999999999999994,1.60000000000001,47.1132486540519));
#2828=CARTESIAN_POINT('',(6.00000000000001,1.60000000000001,47.1132486540519));
#2829=CARTESIAN_POINT('',(-0.999999999999994,1.60000000000001,47.1132486540519));
#2830=CARTESIAN_POINT('',(6.00000000000001,1.60000000000001,52.8867513459481));
#2831=CARTESIAN_POINT('Origin',(-0.999999999999994,-3.39999999999999,44.2264973081037));
#2832=CARTESIAN_POINT('',(6.00000000000001,-3.39999999999999,44.2264973081037));
#2833=CARTESIAN_POINT('',(-0.999999999999994,-3.39999999999999,44.2264973081037));
#2834=CARTESIAN_POINT('',(6.00000000000001,1.60000000000001,47.1132486540519));
#2835=CARTESIAN_POINT('Origin',(-0.999999999999994,-8.4,47.1132486540519));
#2836=CARTESIAN_POINT('',(6.00000000000001,-8.4,47.1132486540519));
#2837=CARTESIAN_POINT('',(-0.999999999999994,-8.4,47.1132486540519));
#2838=CARTESIAN_POINT('',(6.00000000000001,-3.39999999999999,44.2264973081037));
#2839=CARTESIAN_POINT('Origin',(-0.999999999999994,-8.4,52.8867513459481));
#2840=CARTESIAN_POINT('',(6.00000000000001,-8.4,47.1132486540519));
#2841=CARTESIAN_POINT('Origin',(6.00000000000001,-3.39999999999999,50.));
#2842=CARTESIAN_POINT('',(6.00000000000001,-0.249999999999994,50.));
#2843=CARTESIAN_POINT('Origin',(6.00000000000001,-3.39999999999999,50.));
#2844=CARTESIAN_POINT('Origin',(2.50000000000001,-17.9,32.0540712964187));
#2845=CARTESIAN_POINT('',(5.01099693938924,-20.4109969393892,29.2560376438112));
#2846=CARTESIAN_POINT('',(6.00000000000001,-21.4,30.1081425928374));
#2847=CARTESIAN_POINT('',(7.24255995865939,-22.6425599586594,31.1787070151372));
#2848=CARTESIAN_POINT('',(6.00000000000001,-21.4,50.));
#2849=CARTESIAN_POINT('',(6.00000000000001,-21.4,32.0540712964187));
#2850=CARTESIAN_POINT('',(6.00000000000001,-21.4,50.));
#2851=CARTESIAN_POINT('',(6.7425876106837,-22.1425876106837,28.9970963919624));
#2852=CARTESIAN_POINT('Origin',(2.50000000000001,-3.39999999999999,50.));
#2853=CARTESIAN_POINT('',(6.00000000000001,12.1884572681199,59.));
#2854=CARTESIAN_POINT('',(6.00000000000001,12.1884572681199,59.));
#2855=CARTESIAN_POINT('Origin',(6.00000000000001,-3.39999999999999,50.));
#2856=CARTESIAN_POINT('Origin',(2.5,15.0799636190667,46.9917640897536));
#2857=CARTESIAN_POINT('',(5.06955069960366,24.4164945410081,35.9595195657223));
#2858=CARTESIAN_POINT('',(6.05910263175709,25.468319599199,36.1168089885685));
#2859=CARTESIAN_POINT('',(6.,24.9054976016188,36.9734400204804));
#2860=CARTESIAN_POINT('',(6.,18.1110525323121,48.7417640897538));
#2861=CARTESIAN_POINT('',(8.95742124844235,26.4597876004263,40.1961732697341));
#2862=CARTESIAN_POINT('Origin',(19.,25.4054976016189,36.107414616696));
#2863=CARTESIAN_POINT('',(12.,18.,35.));
#2864=CARTESIAN_POINT('',(16.,18.,35.));
#2865=CARTESIAN_POINT('',(22.0695506996053,24.4164945410081,35.9595195657223));
#2866=CARTESIAN_POINT('',(19.,24.4164945410081,35.9595195657223));
#2867=CARTESIAN_POINT('',(21.4304493003964,23.7371740884171,35.8579343058127));
#2868=CARTESIAN_POINT('',(19.2573348371228,21.4273041639413,35.5125174473329));
#2869=CARTESIAN_POINT('',(12.,23.7371740884171,35.8579343058127));
#2870=CARTESIAN_POINT('',(19.,23.7371740884171,35.8579343058127));
#2871=CARTESIAN_POINT('',(12.,13.818047318534,34.3746327694746));
#2872=CARTESIAN_POINT('Origin',(19.,24.6609960713135,36.4664797931013));
#2873=CARTESIAN_POINT('',(23.,24.9054976016188,36.9734400204804));
#2874=CARTESIAN_POINT('',(19.,24.9054976016188,36.9734400204804));
#2875=CARTESIAN_POINT('',(24.7843333937119,25.8432644313672,38.917847013124));
#2876=CARTESIAN_POINT('Origin',(19.,12.1884572681199,59.));
#2877=CARTESIAN_POINT('',(23.,12.1884572681199,59.));
#2878=CARTESIAN_POINT('',(19.,12.1884572681199,59.));
#2879=CARTESIAN_POINT('',(23.,12.1884572681199,59.));
#2880=CARTESIAN_POINT('Origin',(19.,-3.39999999999999,50.));
#2881=CARTESIAN_POINT('',(23.,-21.4,50.));
#2882=CARTESIAN_POINT('',(19.,-21.4,50.));
#2883=CARTESIAN_POINT('Origin',(23.,-3.39999999999999,50.));
#2884=CARTESIAN_POINT('Origin',(19.,-21.4,29.1081425928374));
#2885=CARTESIAN_POINT('',(23.,-21.4,30.1081425928374));
#2886=CARTESIAN_POINT('',(19.,-21.4,30.1081425928374));
#2887=CARTESIAN_POINT('',(23.,-21.4,50.));
#2888=CARTESIAN_POINT('Origin',(19.,-20.9054984696946,29.6820901183243));
#2889=CARTESIAN_POINT('',(22.0109969393892,-20.4109969393892,29.2560376438112));
#2890=CARTESIAN_POINT('',(19.,-20.4109969393892,29.2560376438112));
#2891=CARTESIAN_POINT('',(24.6690157769226,-23.0690157769225,31.5461326862556));
#2892=CARTESIAN_POINT('Origin',(19.,-18.9,29.4819914130888));
#2893=CARTESIAN_POINT('',(13.,-19.8890030606108,29.3340963621151));
#2894=CARTESIAN_POINT('',(13.,-7.32508891959794,31.2128981538583));
#2895=CARTESIAN_POINT('',(21.4890030606108,-19.8890030606108,29.3340963621151));
#2896=CARTESIAN_POINT('',(19.,-19.8890030606108,29.3340963621151));
#2897=CARTESIAN_POINT('',(20.0153831249417,-18.4153831249417,29.5544607918946));
#2898=CARTESIAN_POINT('Origin',(-19.,18.,0.));
#2899=CARTESIAN_POINT('',(-19.,16.,2.));
#2900=CARTESIAN_POINT('',(-19.,16.,0.));
#2901=CARTESIAN_POINT('',(-19.,8.99999999999999,2.));
#2902=CARTESIAN_POINT('Origin',(-18.,17.,0.));
#2903=CARTESIAN_POINT('',(-17.,18.,2.));
#2904=CARTESIAN_POINT('',(-17.,18.,0.));
#2905=CARTESIAN_POINT('',(-17.,18.,2.));
#2906=CARTESIAN_POINT('Origin',(9.84289321881345,12.3428932188134,0.999999999999999));
#2907=CARTESIAN_POINT('',(13.,7.7715728752538,0.));
#2908=CARTESIAN_POINT('',(13.,18.1501203903738,7.33874132680813));
#2909=CARTESIAN_POINT('',(4.77157287525381,16.,0.));
#2910=CARTESIAN_POINT('',(9.1357864376269,11.6357864376269,0.));
#2911=CARTESIAN_POINT('',(4.77157287525381,16.,0.));
#2912=CARTESIAN_POINT('Origin',(-17.,16.,0.));
#2913=CARTESIAN_POINT('',(-17.,16.,0.));
#2914=CARTESIAN_POINT('',(-17.,16.,0.));
#2915=CARTESIAN_POINT('',(-19.,16.,2.));
#2916=CARTESIAN_POINT('Origin',(9.50000000000001,17.,1.));
#2917=CARTESIAN_POINT('',(9.50000000000001,16.,0.));
#2918=CARTESIAN_POINT('',(9.50000000000001,18.,2.));
#2919=CARTESIAN_POINT('Origin',(-18.,8.99999999999999,1.));
#2920=CARTESIAN_POINT('',(-17.,8.99999999999999,0.));
#2921=CARTESIAN_POINT('Origin',(-9.49999999999999,-17.,1.));
#2922=CARTESIAN_POINT('',(4.77157287525383,-16.,0.));
#2923=CARTESIAN_POINT('',(-9.49999999999999,-16.,0.));
#2924=CARTESIAN_POINT('',(4.77157287525383,-16.,0.));
#2925=CARTESIAN_POINT('Origin',(9.84289321881347,-12.3428932188135,0.999999999999999));
#2926=CARTESIAN_POINT('',(13.,-7.77157287525382,0.));
#2927=CARTESIAN_POINT('',(9.13578643762692,-11.6357864376269,0.));
#2928=CARTESIAN_POINT('',(13.,-18.1501203903738,7.33874132680816));
#2929=CARTESIAN_POINT('Origin',(19.,18.,0.));
#2930=CARTESIAN_POINT('',(5.0720878769668,18.,27.9950549205027));
#2931=CARTESIAN_POINT('Origin',(19.,-19.3945015303054,29.908043887602));
#2932=CARTESIAN_POINT('',(20.5,-18.9,30.4819914130888));
#2933=CARTESIAN_POINT('',(17.564054696001,-15.964054696001,33.8896220045542));
#2934=CARTESIAN_POINT('',(13.,-18.9,30.4819914130888));
#2935=CARTESIAN_POINT('',(13.,-10.8989273617268,39.7685063388196));
#2936=CARTESIAN_POINT('',(19.,-18.9,30.4819914130888));
#2937=CARTESIAN_POINT('Origin',(21.75,-20.15,49.2770356482093));
#2938=CARTESIAN_POINT('',(20.5,-18.9,50.));
#2939=CARTESIAN_POINT('',(20.5,-18.9,49.2770356482093));
#2940=CARTESIAN_POINT('',(20.5,-18.9,50.));
#2941=CARTESIAN_POINT('Origin',(12.5,13.7440997930471,34.86913429978));
#2942=CARTESIAN_POINT('',(13.,22.2107962350186,36.6407996986541));
#2943=CARTESIAN_POINT('',(13.,13.6701522675602,35.3636358300854));
#2944=CARTESIAN_POINT('',(12.9304493003964,22.2481710278063,36.5760646586234));
#2945=CARTESIAN_POINT('',(12.,23.7371740884171,35.8579343058127));
#2946=CARTESIAN_POINT('',(21.0269636365403,17.8973083141179,44.1119799354887));
#2947=CARTESIAN_POINT('Origin',(19.,22.9926725581117,36.2169994822181));
#2948=CARTESIAN_POINT('',(20.5,22.2481710278063,36.5760646586234));
#2949=CARTESIAN_POINT('',(16.82710194199,16.3704123499734,39.4108452072388));
#2950=CARTESIAN_POINT('',(19.,22.2481710278063,36.5760646586234));
#2951=CARTESIAN_POINT('Origin',(19.,10.0233937586588,57.75));
#2952=CARTESIAN_POINT('',(20.5,10.0233937586588,57.75));
#2953=CARTESIAN_POINT('',(20.5,11.0117901061006,56.0380473082153));
#2954=CARTESIAN_POINT('',(13.,10.0233937586588,57.75));
#2955=CARTESIAN_POINT('',(19.,10.0233937586588,57.75));
#2956=CARTESIAN_POINT('',(13.,12.3466073117639,53.7260760891894));
#2957=CARTESIAN_POINT('Origin',(21.75,12.0943218608312,56.6630473082153));
#2958=CARTESIAN_POINT('',(20.5,10.0233937586588,57.75));
#2959=CARTESIAN_POINT('Origin',(19.,-12.660174383464,35.7434516664153));
#2960=CARTESIAN_POINT('',(23.,-13.2048905236678,34.9048311762045));
#2961=CARTESIAN_POINT('',(22.5647473300053,-13.660174383464,35.7434516664153));
#2962=CARTESIAN_POINT('Ctrl Pts',(23.,-13.2048905236678,34.9048311762045));
#2963=CARTESIAN_POINT('Ctrl Pts',(23.,-13.2648429076192,34.9437725466613));
#2964=CARTESIAN_POINT('Ctrl Pts',(22.9926535005903,-13.3210257568871,34.9895466822973));
#2965=CARTESIAN_POINT('Ctrl Pts',(22.963831865673,-13.4215052539744,35.0911569217014));
#2966=CARTESIAN_POINT('Ctrl Pts',(22.942351376508,-13.4657977512465,35.1469956111404));
#2967=CARTESIAN_POINT('Ctrl Pts',(22.8608502777332,-13.5775152866573,35.3219770348492));
#2968=CARTESIAN_POINT('Ctrl Pts',(22.7828529167599,-13.6230598819957,35.449194769968));
#2969=CARTESIAN_POINT('Ctrl Pts',(22.6588779301309,-13.654807857092,35.6237438533624));
#2970=CARTESIAN_POINT('Ctrl Pts',(22.6131473259257,-13.660174383464,35.683820563625));
#2971=CARTESIAN_POINT('Ctrl Pts',(22.5647473300053,-13.660174383464,35.7434516664153));
#2972=CARTESIAN_POINT('',(13.,-13.660174383464,35.7434516664153));
#2973=CARTESIAN_POINT('',(19.,-13.660174383464,35.7434516664153));
#2974=CARTESIAN_POINT('',(13.,-13.2048905236678,34.9048311762045));
#2975=CARTESIAN_POINT('Origin',(13.,-12.660174383464,35.7434516664153));
#2976=CARTESIAN_POINT('',(19.,-13.2048905236678,34.9048311762045));
#2977=CARTESIAN_POINT('Origin',(19.,-13.660174383464,38.3819613694519));
#2978=CARTESIAN_POINT('',(22.0812865079574,-13.660174383464,36.3435300905455));
#2979=CARTESIAN_POINT('Ctrl Pts',(22.0812865079574,-13.660174383464,36.3435300905455));
#2980=CARTESIAN_POINT('Ctrl Pts',(22.3178201608648,-13.660174383464,36.0476777128174));
#2981=CARTESIAN_POINT('Ctrl Pts',(22.5647473300053,-13.660174383464,35.7434516664153));
#2982=CARTESIAN_POINT('',(13.,-13.660174383464,36.3435300905455));
#2983=CARTESIAN_POINT('',(19.,-13.660174383464,36.3435300905455));
#2984=CARTESIAN_POINT('',(13.,-13.660174383464,38.3819613694519));
#2985=CARTESIAN_POINT('Origin',(21.75,-3.39999999999999,50.));
#2986=CARTESIAN_POINT('',(23.,6.85295595770933,35.2055113596558));
#2987=CARTESIAN_POINT('Origin',(23.,-3.39999999999999,50.));
#2988=CARTESIAN_POINT('',(22.588823001747,7.28334729339215,36.0274273952305));
#2989=CARTESIAN_POINT('Ctrl Pts',(22.588823001747,7.28334729339215,36.0274273952305));
#2990=CARTESIAN_POINT('Ctrl Pts',(22.6283565603185,7.28334729339215,35.9776621312371));
#2991=CARTESIAN_POINT('Ctrl Pts',(22.6659201426594,7.27961664212824,35.9276224802018));
#2992=CARTESIAN_POINT('Ctrl Pts',(22.7828529167599,7.2546203536166,35.7621647953947));
#2993=CARTESIAN_POINT('Ctrl Pts',(22.8608502777332,7.21290951971142,35.6336390445577));
#2994=CARTESIAN_POINT('Ctrl Pts',(22.942351376508,7.10648717564452,35.4553875619699));
#2995=CARTESIAN_POINT('Ctrl Pts',(22.963831865673,7.06388832121522,35.3982463145722));
#2996=CARTESIAN_POINT('Ctrl Pts',(22.9926535005904,6.96649969632381,35.293669903138));
#2997=CARTESIAN_POINT('Ctrl Pts',(23.,6.9117141520485,35.2462322790035));
#2998=CARTESIAN_POINT('Ctrl Pts',(23.,6.85295595770933,35.2055113596558));
#2999=CARTESIAN_POINT('',(22.106042633724,7.28334729339215,36.640255047511));
#3000=CARTESIAN_POINT('Ctrl Pts',(22.588823001747,7.28334729339215,36.0274273952305));
#3001=CARTESIAN_POINT('Ctrl Pts',(22.3420205222197,7.28334729339215,36.3381049813549));
#3002=CARTESIAN_POINT('Ctrl Pts',(22.106042633724,7.28334729339216,36.640255047511));
#3003=CARTESIAN_POINT('',(20.5,5.6964777604593,37.4499365597831));
#3004=CARTESIAN_POINT('Ctrl Pts',(20.5,5.6964777604593,37.4499365597831));
#3005=CARTESIAN_POINT('Ctrl Pts',(20.5,5.79273590494423,37.5197059338377));
#3006=CARTESIAN_POINT('Ctrl Pts',(20.5240486068403,5.90525120715638,37.5734070600432));
#3007=CARTESIAN_POINT('Ctrl Pts',(20.6112814484736,6.13120950174288,37.6355355680852));
#3008=CARTESIAN_POINT('Ctrl Pts',(20.6740416600862,6.24469598093184,37.6443986542396));
#3009=CARTESIAN_POINT('Ctrl Pts',(20.8368714703929,6.48905209133158,37.6296725429075));
#3010=CARTESIAN_POINT('Ctrl Pts',(20.9570100393695,6.6293015108276,37.5886267750076));
#3011=CARTESIAN_POINT('Ctrl Pts',(21.2114781767209,6.87351654820995,37.4592748569118));
#3012=CARTESIAN_POINT('Ctrl Pts',(21.3458381645999,6.97735697713464,37.3707922864335));
#3013=CARTESIAN_POINT('Ctrl Pts',(21.4696690920006,7.05597256879207,37.2751173820476));
#3014=CARTESIAN_POINT('Ctrl Pts',(21.5928202755661,7.13415661669136,37.1799676649295));
#3015=CARTESIAN_POINT('Ctrl Pts',(21.7263981731874,7.20059100246519,37.0615850896607));
#3016=CARTESIAN_POINT('Ctrl Pts',(21.9424612547826,7.26829268560222,36.8380906779483));
#3017=CARTESIAN_POINT('Ctrl Pts',(22.0283774554722,7.28334729339216,36.7396988508962));
#3018=CARTESIAN_POINT('Ctrl Pts',(22.106042633724,7.28334729339216,36.640255047511));
#3019=CARTESIAN_POINT('',(20.5,-12.0989516935571,37.1711949335427));
#3020=CARTESIAN_POINT('Origin',(20.5,-3.39999999999999,50.));
#3021=CARTESIAN_POINT('Ctrl Pts',(22.0812865079574,-13.660174383464,36.3435300905455));
#3022=CARTESIAN_POINT('Ctrl Pts',(22.0102935733821,-13.660174383464,36.4323268779702));
#3023=CARTESIAN_POINT('Ctrl Pts',(21.9331054889737,-13.6482057015006,36.520185146253));
#3024=CARTESIAN_POINT('Ctrl Pts',(21.7263981731874,-13.5901640175152,36.7359256904308));
#3025=CARTESIAN_POINT('Ctrl Pts',(21.5928202755661,-13.5274699232069,36.8563308908138));
#3026=CARTESIAN_POINT('Ctrl Pts',(21.3458381645999,-13.3767237656014,37.0519728063239));
#3027=CARTESIAN_POINT('Ctrl Pts',(21.2114781767209,-13.2757055213205,37.1436642142099));
#3028=CARTESIAN_POINT('Ctrl Pts',(20.9570100393696,-13.0356615470089,37.2806014027141));
#3029=CARTESIAN_POINT('Ctrl Pts',(20.8368714703929,-12.8967664699449,37.3260195961925));
#3030=CARTESIAN_POINT('Ctrl Pts',(20.6740416600862,-12.6529914524142,37.3483916294603));
#3031=CARTESIAN_POINT('Ctrl Pts',(20.6112814484736,-12.5392830587651,37.343087247438));
#3032=CARTESIAN_POINT('Ctrl Pts',(20.5240486068403,-12.3114897721564,37.2880661516659));
#3033=CARTESIAN_POINT('Ctrl Pts',(20.5,-12.1973477676119,37.237915309338));
#3034=CARTESIAN_POINT('Ctrl Pts',(20.5,-12.0989516935571,37.1711949335427));
#3035=CARTESIAN_POINT('Origin',(19.,-12.660174383464,36.3435300905455));
#3036=CARTESIAN_POINT('',(13.,-12.0989516935571,37.1711949335427));
#3037=CARTESIAN_POINT('',(19.,-12.0989516935571,37.1711949335427));
#3038=CARTESIAN_POINT('Origin',(13.,-12.660174383464,36.3435300905455));
#3039=CARTESIAN_POINT('Origin',(19.,-3.39999999999999,50.));
#3040=CARTESIAN_POINT('',(13.,5.69647776045929,37.4499365597831));
#3041=CARTESIAN_POINT('',(19.,5.6964777604593,37.4499365597831));
#3042=CARTESIAN_POINT('Origin',(13.,-3.39999999999999,50.));
#3043=CARTESIAN_POINT('Origin',(19.,6.28334729339215,36.0274273952305));
#3044=CARTESIAN_POINT('',(13.,6.85295595770933,35.2055113596558));
#3045=CARTESIAN_POINT('',(19.,6.85295595770934,35.2055113596558));
#3046=CARTESIAN_POINT('',(13.,7.28334729339215,36.0274273952305));
#3047=CARTESIAN_POINT('Origin',(13.,6.28334729339215,36.0274273952305));
#3048=CARTESIAN_POINT('',(19.,7.28334729339215,36.0274273952305));
#3049=CARTESIAN_POINT('Origin',(19.,7.28334729339215,33.3974368114361));
#3050=CARTESIAN_POINT('',(13.,7.28334729339215,36.640255047511));
#3051=CARTESIAN_POINT('',(13.,7.28334729339215,38.7698579435178));
#3052=CARTESIAN_POINT('',(19.,7.28334729339215,36.640255047511));
#3053=CARTESIAN_POINT('Origin',(19.,6.28334729339215,36.640255047511));
#3054=CARTESIAN_POINT('Origin',(13.,6.28334729339215,36.640255047511));
#3055=CARTESIAN_POINT('Origin',(21.75,-3.39999999999999,50.));
#3056=CARTESIAN_POINT('Origin',(20.5,-3.39999999999999,50.));
#3057=CARTESIAN_POINT('Origin',(19.,-3.39999999999999,50.));
#3058=CARTESIAN_POINT('',(13.,-18.9,50.));
#3059=CARTESIAN_POINT('',(19.,-18.9,50.));
#3060=CARTESIAN_POINT('Origin',(13.,-3.39999999999999,50.));
#3061=CARTESIAN_POINT('Origin',(19.,-18.9,50.));
#3062=CARTESIAN_POINT('',(13.,-18.9,46.1716992212395));
#3063=CARTESIAN_POINT('Origin',(4.44089209850063E-15,-8.88178419700125E-15,
0.));
#3064=CARTESIAN_POINT('',(13.,-6.69217767621275E-15,0.));
#3065=CARTESIAN_POINT('',(-10.2,-8.9,0.));
#3066=CARTESIAN_POINT('',(-10.2,8.9,0.));
#3067=CARTESIAN_POINT('',(-10.2,-8.9,0.));
#3068=CARTESIAN_POINT('',(10.2,-8.9,0.));
#3069=CARTESIAN_POINT('',(10.2,-8.9,0.));
#3070=CARTESIAN_POINT('',(10.2,8.9,0.));
#3071=CARTESIAN_POINT('',(10.2,8.9,0.));
#3072=CARTESIAN_POINT('',(-10.2,8.9,0.));
#3073=CARTESIAN_POINT('Origin',(13.,-3.39999999999999,50.));
#3074=CARTESIAN_POINT('',(13.5,0.750000000000006,50.));
#3075=CARTESIAN_POINT('Origin',(13.5,-3.39999999999999,50.));
#3076=CARTESIAN_POINT('',(13.,0.750000000000006,50.));
#3077=CARTESIAN_POINT('',(13.,0.750000000000006,50.));
#3078=CARTESIAN_POINT('Origin',(13.,-3.39999999999999,50.));
#3079=CARTESIAN_POINT('Origin',(13.5,-3.39999999999999,50.));
#3080=CARTESIAN_POINT('',(13.5,-0.249999999999991,50.));
#3081=CARTESIAN_POINT('Origin',(13.5,-3.39999999999999,50.));
#3082=CARTESIAN_POINT('Origin',(19.,-3.39999999999999,50.));
#3083=CARTESIAN_POINT('Origin',(13.,-3.39999999999999,50.));
#3084=CARTESIAN_POINT('Origin',(13.,-4.86108067379278E-15,47.5582884941897));
#3085=CARTESIAN_POINT('Origin',(19.,-3.39999999999999,50.));
#3086=CARTESIAN_POINT('',(19.,-0.24999999999999,50.));
#3087=CARTESIAN_POINT('Origin',(9.99200722162641E-15,1.34110443861246E-7,
30.));
#3088=CARTESIAN_POINT('',(10.2,-8.9,30.));
#3089=CARTESIAN_POINT('',(-10.2,-8.9,30.));
#3090=CARTESIAN_POINT('',(10.2,-8.9,30.));
#3091=CARTESIAN_POINT('',(-10.2,8.9,30.));
#3092=CARTESIAN_POINT('',(-10.2,-8.9,30.));
#3093=CARTESIAN_POINT('',(10.2,8.9,30.));
#3094=CARTESIAN_POINT('',(-10.2,8.9,30.));
#3095=CARTESIAN_POINT('',(10.2,8.9,30.));
#3096=CARTESIAN_POINT('Origin',(10.2,-8.9,0.));
#3097=CARTESIAN_POINT('',(-10.2,-8.9,0.));
#3098=CARTESIAN_POINT('',(10.2,-8.9,0.));
#3099=CARTESIAN_POINT('Origin',(10.2,8.9,0.));
#3100=CARTESIAN_POINT('',(10.2,8.9,0.));
#3101=CARTESIAN_POINT('Origin',(-10.2,8.9,0.));
#3102=CARTESIAN_POINT('',(-10.2,8.9,0.));
#3103=CARTESIAN_POINT('Origin',(-10.2,-8.9,0.));
#3104=CARTESIAN_POINT('Origin',(23.5,-8.60635170854439,31.5268583293973));
#3105=CARTESIAN_POINT('',(23.,-18.9,30.4931106298306));
#3106=CARTESIAN_POINT('',(23.,-6.7368051457493,32.3119890485306));
#3107=CARTESIAN_POINT('',(23.,-8.68029923403127,32.0213598597027));
#3108=CARTESIAN_POINT('',(24.,-6.753759841906,31.2983344345265));
#3109=CARTESIAN_POINT('Ctrl Pts',(24.,-6.75375984190601,31.2983344345265));
#3110=CARTESIAN_POINT('Ctrl Pts',(23.4930542154498,-6.74630974098829,31.8120311437069));
#3111=CARTESIAN_POINT('Ctrl Pts',(23.,-6.7368051457493,32.3119890485306));
#3112=CARTESIAN_POINT('',(24.,-19.8890030606108,29.3340963621151));
#3113=CARTESIAN_POINT('',(24.,-8.53240418305752,31.0323567990919));
#3114=CARTESIAN_POINT('',(23.0109969393893,-18.9,30.4819914130888));
#3115=CARTESIAN_POINT('',(24.,-19.8890030606108,29.3340963621151));
#3116=CARTESIAN_POINT('',(17.9887724949586,-18.9,35.5600590596431));
#3117=CARTESIAN_POINT('Origin',(23.,-19.3945015303054,29.908043887602));
#3118=CARTESIAN_POINT('',(21.4890030606108,-19.8890030606108,29.3340963621151));
#3119=CARTESIAN_POINT('',(23.,-19.8890030606108,29.3340963621151));
#3120=CARTESIAN_POINT('',(20.5,-18.9,30.4819914130888));
#3121=CARTESIAN_POINT('',(18.1615817605763,-16.5615817605763,33.1960969917748));
#3122=CARTESIAN_POINT('',(23.,-18.9,30.4819914130888));
#3123=CARTESIAN_POINT('Origin',(21.75,-20.15,49.2770356482093));
#3124=CARTESIAN_POINT('',(22.0109969393892,-20.4109969393892,29.2560376438112));
#3125=CARTESIAN_POINT('',(21.6362365991803,-20.0362365991802,29.3120791282368));
#3126=CARTESIAN_POINT('',(23.,-21.4,30.1081425928374));
#3127=CARTESIAN_POINT('',(25.3983253837461,-23.7983253837461,32.1744910302257));
#3128=CARTESIAN_POINT('',(23.,-21.4,50.));
#3129=CARTESIAN_POINT('',(23.,-21.4,49.2770356482093));
#3130=CARTESIAN_POINT('',(20.5,-18.9,50.));
#3131=CARTESIAN_POINT('',(23.,-21.4,50.));
#3132=CARTESIAN_POINT('',(20.5,-18.9,39.0180313547538));
#3133=CARTESIAN_POINT('Origin',(23.,-21.4,29.1081425928374));
#3134=CARTESIAN_POINT('',(23.,-0.737889082472365,32.1979449090062));
#3135=CARTESIAN_POINT('Ctrl Pts',(23.,-0.737889082472365,32.1979449090062));
#3136=CARTESIAN_POINT('Ctrl Pts',(23.,-3.66452891138605,31.7602965700701));
#3137=CARTESIAN_POINT('Ctrl Pts',(24.,-6.753759841906,31.2983344345265));
#3138=CARTESIAN_POINT('',(24.,5.27798167696125,33.0975553834859));
#3139=CARTESIAN_POINT('Ctrl Pts',(24.,5.27798167696125,33.0975553834859));
#3140=CARTESIAN_POINT('Ctrl Pts',(23.0000000000007,2.18875074643529,32.6355932479414));
#3141=CARTESIAN_POINT('Ctrl Pts',(23.,-0.737889082472365,32.1979449090062));
#3142=CARTESIAN_POINT('',(24.,23.7371740884171,35.8579343058127));
#3143=CARTESIAN_POINT('',(24.,-8.53240418305752,31.0323567990919));
#3144=CARTESIAN_POINT('',(21.4304493003947,23.7371740884171,35.8579343058127));
#3145=CARTESIAN_POINT('',(23.,23.7371740884171,35.8579343058127));
#3146=CARTESIAN_POINT('',(22.0695506996037,24.4164945410081,35.9595195657223));
#3147=CARTESIAN_POINT('',(9.5921728140899,11.1539074103459,33.9762385448103));
#3148=CARTESIAN_POINT('',(24.2741013247148,24.4164945410081,35.9595195657223));
#3149=CARTESIAN_POINT('',(23.,24.4164945410081,35.9595195657223));
#3150=CARTESIAN_POINT('',(25.,23.5912506807749,35.8361129882951));
#3151=CARTESIAN_POINT('',(35.4691307062406,11.6893336068671,34.0563059255708));
#3152=CARTESIAN_POINT('',(25.,-19.5854176413344,29.3794943824519));
#3153=CARTESIAN_POINT('',(25.,-8.53240418305752,31.0323567990919));
#3154=CARTESIAN_POINT('',(24.1834007939197,-20.4109969393892,29.2560376438112));
#3155=CARTESIAN_POINT('',(23.8437774595278,-20.7543550910047,29.2046920278491));
#3156=CARTESIAN_POINT('',(23.,-20.4109969393892,29.2560376438112));
#3157=CARTESIAN_POINT('Origin',(23.5,-8.60635170854439,31.5268583293973));
#3158=CARTESIAN_POINT('',(23.,4.96523687885705,34.0619068907033));
#3159=CARTESIAN_POINT('Ctrl Pts',(23.,4.96523687885704,34.0619068907033));
#3160=CARTESIAN_POINT('Ctrl Pts',(23.4930542154466,5.12058203074857,33.5866005392763));
#3161=CARTESIAN_POINT('Ctrl Pts',(24.,5.27798167696124,33.0975553834859));
#3162=CARTESIAN_POINT('',(23.,22.2107962350186,36.6407996986541));
#3163=CARTESIAN_POINT('',(23.,-8.68029923403127,32.0213598597027));
#3164=CARTESIAN_POINT('',(23.0695506996036,22.2481710278063,36.5760646586234));
#3165=CARTESIAN_POINT('',(20.6461694989941,20.9459070572831,38.8316520204361));
#3166=CARTESIAN_POINT('',(23.0695506996036,22.2481710278063,36.5760646586234));
#3167=CARTESIAN_POINT('Origin',(23.,22.9926725581117,36.2169994822181));
#3168=CARTESIAN_POINT('',(20.5,22.2481710278063,36.5760646586234));
#3169=CARTESIAN_POINT('',(23.,22.2481710278063,36.5760646586234));
#3170=CARTESIAN_POINT('',(19.6430610180675,20.8768069284315,37.2374589905545));
#3171=CARTESIAN_POINT('Origin',(21.75,18.7028420275806,45.2167546165637));
#3172=CARTESIAN_POINT('',(20.5,10.0233937586588,57.75));
#3173=CARTESIAN_POINT('',(20.5,11.0117901061006,56.0380473082153));
#3174=CARTESIAN_POINT('',(23.,12.1884572681199,59.));
#3175=CARTESIAN_POINT('',(23.,12.1884572681199,59.));
#3176=CARTESIAN_POINT('',(23.,24.9054976016188,36.9734400204804));
#3177=CARTESIAN_POINT('',(23.,19.7853737823111,45.8417546165637));
#3178=CARTESIAN_POINT('',(23.7695904386176,25.3099603485309,37.8120708702949));
#3179=CARTESIAN_POINT('Origin',(24.6938522617478,-20.1529645035487,29.5555252469224));
#3180=CARTESIAN_POINT('',(25.,-21.4,30.9429016860448));
#3181=CARTESIAN_POINT('',(26.,-20.4,31.1035604308872));
#3182=CARTESIAN_POINT('',(26.1510284069551,-20.2489715930449,31.1278244651842));
#3183=CARTESIAN_POINT('',(24.1834007939197,-21.4,30.1081425928374));
#3184=CARTESIAN_POINT('',(28.8525039901371,-21.4,34.8810793299118));
#3185=CARTESIAN_POINT('',(24.1834007939197,-20.6582477045419,29.4690638810677));
#3186=CARTESIAN_POINT('',(26.,-19.5744207019451,30.3922580763205));
#3187=CARTESIAN_POINT('',(25.6568719175348,-19.5781940606708,30.044750412053));
#3188=CARTESIAN_POINT('',(26.,-17.8320054549772,28.8910284903542));
#3189=CARTESIAN_POINT('Origin',(23.,-20.9054984696946,29.6820901183243));
#3190=CARTESIAN_POINT('',(23.,-21.4,30.1081425928374));
#3191=CARTESIAN_POINT('Origin',(24.6555993163898,24.5790101355506,37.1309014558516));
#3192=CARTESIAN_POINT('',(26.,22.9799483190735,36.7558183383413));
#3193=CARTESIAN_POINT('',(28.7083734068323,21.3243132591076,39.2467238505279));
#3194=CARTESIAN_POINT('',(24.2741013247148,24.9054976016188,36.9734400204804));
#3195=CARTESIAN_POINT('',(24.2741013247147,24.7832468364662,36.7199599067909));
#3196=CARTESIAN_POINT('',(25.,24.4882876388288,37.6960688734566));
#3197=CARTESIAN_POINT('',(23.9084298336997,25.1156671395366,36.6094157026037));
#3198=CARTESIAN_POINT('',(26.,23.3879822165167,37.6018537687447));
#3199=CARTESIAN_POINT('',(26.1300089030924,23.2449327154952,37.5896049663263));
#3200=CARTESIAN_POINT('',(26.,23.5331097394777,37.9027675583124));
#3201=CARTESIAN_POINT('Origin',(23.,24.6609960713135,36.4664797931013));
#3202=CARTESIAN_POINT('',(23.,24.9054976016188,36.9734400204804));
#3203=CARTESIAN_POINT('Origin',(25.5,19.3523610804189,45.5917546165637));
#3204=CARTESIAN_POINT('',(25.,12.1884572681199,59.));
#3205=CARTESIAN_POINT('',(26.,11.3224318643355,58.5));
#3206=CARTESIAN_POINT('',(25.,12.1884572681199,59.));
#3207=CARTESIAN_POINT('',(26.,18.9193483785267,45.3417546165637));
#3208=CARTESIAN_POINT('',(25.,19.7853737823111,45.8417546165637));
#3209=CARTESIAN_POINT('Origin',(25.5,-3.39999999999999,50.));
#3210=CARTESIAN_POINT('',(25.,-21.4,50.));
#3211=CARTESIAN_POINT('',(26.,-20.4,50.));
#3212=CARTESIAN_POINT('',(25.,-21.4,50.));
#3213=CARTESIAN_POINT('Origin',(26.,-3.39999999999999,50.));
#3214=CARTESIAN_POINT('Origin',(25.,-3.39999999999999,50.));
#3215=CARTESIAN_POINT('Origin',(25.5,-20.9,49.2770356482093));
#3216=CARTESIAN_POINT('',(25.,-21.4,49.2770356482093));
#3217=CARTESIAN_POINT('',(26.,-20.4,49.2770356482093));
#3218=CARTESIAN_POINT('Origin',(25.5,-8.60635170854439,31.5268583293973));
#3219=CARTESIAN_POINT('',(26.,-8.68029923403127,32.0213598597027));
#3220=CARTESIAN_POINT('Origin',(23.,-21.4,50.));
#3221=CARTESIAN_POINT('',(23.,-21.4,50.));
#3222=CARTESIAN_POINT('Origin',(23.,-3.39999999999999,50.));
#3223=CARTESIAN_POINT('',(23.,12.1884572681199,59.));
#3224=CARTESIAN_POINT('Origin',(23.,-3.39999999999999,50.));
#3225=CARTESIAN_POINT('Origin',(23.,25.4054976016189,36.107414616696));
#3226=CARTESIAN_POINT('Origin',(26.,2.00274880080945,48.5540712964187));
#3227=CARTESIAN_POINT('',(26.,-9.4,50.));
#3228=CARTESIAN_POINT('Origin',(26.,-3.39999999999999,50.));
#3229=CARTESIAN_POINT('Origin',(23.,-12.660174383464,36.3435300905455));
#3230=CARTESIAN_POINT('',(20.5,-12.0989516935571,37.1711949335427));
#3231=CARTESIAN_POINT('',(22.0812865079574,-13.660174383464,36.3435300905455));
#3232=CARTESIAN_POINT('Ctrl Pts',(20.5,-12.0989516935571,37.1711949335427));
#3233=CARTESIAN_POINT('Ctrl Pts',(20.5,-12.1973477676119,37.237915309338));
#3234=CARTESIAN_POINT('Ctrl Pts',(20.5240486068403,-12.3114897721564,37.2880661516659));
#3235=CARTESIAN_POINT('Ctrl Pts',(20.6112814484736,-12.5392830587651,37.343087247438));
#3236=CARTESIAN_POINT('Ctrl Pts',(20.6740416600862,-12.6529914524142,37.3483916294603));
#3237=CARTESIAN_POINT('Ctrl Pts',(20.8368714703929,-12.8967664699449,37.3260195961925));
#3238=CARTESIAN_POINT('Ctrl Pts',(20.9570100393696,-13.0356615470089,37.2806014027141));
#3239=CARTESIAN_POINT('Ctrl Pts',(21.2114781767209,-13.2757055213205,37.1436642142099));
#3240=CARTESIAN_POINT('Ctrl Pts',(21.3458381645999,-13.3767237656014,37.0519728063239));
#3241=CARTESIAN_POINT('Ctrl Pts',(21.5928202755661,-13.5274699232069,36.8563308908138));
#3242=CARTESIAN_POINT('Ctrl Pts',(21.7263981731874,-13.5901640175152,36.7359256904308));
#3243=CARTESIAN_POINT('Ctrl Pts',(21.9331054889737,-13.6482057015006,36.520185146253));
#3244=CARTESIAN_POINT('Ctrl Pts',(22.0102935733821,-13.660174383464,36.4323268779702));
#3245=CARTESIAN_POINT('Ctrl Pts',(22.0812865079574,-13.660174383464,36.3435300905455));
#3246=CARTESIAN_POINT('',(23.,-13.660174383464,36.3435300905455));
#3247=CARTESIAN_POINT('',(23.,-13.660174383464,36.3435300905455));
#3248=CARTESIAN_POINT('',(23.,-12.0989516935571,37.1711949335427));
#3249=CARTESIAN_POINT('Origin',(23.,-12.660174383464,36.3435300905455));
#3250=CARTESIAN_POINT('',(23.,-12.0989516935571,37.1711949335427));
#3251=CARTESIAN_POINT('Origin',(21.75,-3.39999999999999,50.));
#3252=CARTESIAN_POINT('',(20.5,5.6964777604593,37.4499365597831));
#3253=CARTESIAN_POINT('Origin',(20.5,-3.39999999999999,50.));
#3254=CARTESIAN_POINT('',(22.1060426337241,7.28334729339216,36.640255047511));
#3255=CARTESIAN_POINT('Ctrl Pts',(22.106042633724,7.28334729339216,36.640255047511));
#3256=CARTESIAN_POINT('Ctrl Pts',(22.0283774554722,7.28334729339216,36.7396988508963));
#3257=CARTESIAN_POINT('Ctrl Pts',(21.9424612547826,7.26829268560222,36.8380906779483));
#3258=CARTESIAN_POINT('Ctrl Pts',(21.7263981731874,7.20059100246519,37.0615850896607));
#3259=CARTESIAN_POINT('Ctrl Pts',(21.5928202755661,7.13415661669136,37.1799676649295));
#3260=CARTESIAN_POINT('Ctrl Pts',(21.4696690920006,7.05597256879207,37.2751173820476));
#3261=CARTESIAN_POINT('Ctrl Pts',(21.3458381645999,6.97735697713465,37.3707922864335));
#3262=CARTESIAN_POINT('Ctrl Pts',(21.2114781767209,6.87351654820995,37.4592748569118));
#3263=CARTESIAN_POINT('Ctrl Pts',(20.9570100393696,6.6293015108276,37.5886267750076));
#3264=CARTESIAN_POINT('Ctrl Pts',(20.8368714703929,6.48905209133158,37.6296725429075));
#3265=CARTESIAN_POINT('Ctrl Pts',(20.6740416600862,6.24469598093184,37.6443986542396));
#3266=CARTESIAN_POINT('Ctrl Pts',(20.6112814484736,6.13120950174288,37.6355355680852));
#3267=CARTESIAN_POINT('Ctrl Pts',(20.5240486068403,5.90525120715639,37.5734070600432));
#3268=CARTESIAN_POINT('Ctrl Pts',(20.5,5.79273590494423,37.5197059338377));
#3269=CARTESIAN_POINT('Ctrl Pts',(20.5,5.6964777604593,37.4499365597831));
#3270=CARTESIAN_POINT('',(23.,7.28334729339216,35.513244303545));
#3271=CARTESIAN_POINT('Ctrl Pts',(22.1060426337241,7.28334729339216,36.640255047511));
#3272=CARTESIAN_POINT('Ctrl Pts',(22.5349310805135,7.28334729339216,36.0910990507474));
#3273=CARTESIAN_POINT('Ctrl Pts',(23.,7.28334729339216,35.513244303545));
#3274=CARTESIAN_POINT('Origin',(23.,-3.39999999999999,50.));
#3275=CARTESIAN_POINT('',(23.,-13.660174383464,35.2105165194687));
#3276=CARTESIAN_POINT('Origin',(23.,-3.39999999999999,50.));
#3277=CARTESIAN_POINT('Ctrl Pts',(23.,-13.660174383464,35.2105165194687));
#3278=CARTESIAN_POINT('Ctrl Pts',(22.5223468931546,-13.660174383464,35.7918590615889));
#3279=CARTESIAN_POINT('Ctrl Pts',(22.0812865079574,-13.660174383464,36.3435300905455));
#3280=CARTESIAN_POINT('Origin',(23.,-3.39999999999999,50.));
#3281=CARTESIAN_POINT('',(23.,5.6964777604593,37.4499365597831));
#3282=CARTESIAN_POINT('Origin',(23.,-3.39999999999999,50.));
#3283=CARTESIAN_POINT('',(23.,5.6964777604593,37.4499365597831));
#3284=CARTESIAN_POINT('Origin',(23.,6.28334729339216,36.640255047511));
#3285=CARTESIAN_POINT('',(23.,7.28334729339216,36.640255047511));
#3286=CARTESIAN_POINT('Origin',(23.,6.28334729339216,36.640255047511));
#3287=CARTESIAN_POINT('',(23.,7.28334729339216,36.640255047511));
#3288=CARTESIAN_POINT('Origin',(24.575,-3.39999999999999,50.));
#3289=CARTESIAN_POINT('',(23.15,-6.54999999999999,50.));
#3290=CARTESIAN_POINT('',(24.575,-7.97499999999999,50.));
#3291=CARTESIAN_POINT('',(23.15,-0.24999999999999,50.));
#3292=CARTESIAN_POINT('Origin',(23.15,-3.39999999999999,50.));
#3293=CARTESIAN_POINT('Origin',(23.15,-3.39999999999999,50.));
#3294=CARTESIAN_POINT('Origin',(23.,-3.39999999999999,50.));
#3295=CARTESIAN_POINT('',(22.5,0.750000000000009,50.));
#3296=CARTESIAN_POINT('Origin',(22.5,-3.39999999999999,50.));
#3297=CARTESIAN_POINT('',(23.,0.750000000000009,50.));
#3298=CARTESIAN_POINT('',(23.,0.750000000000009,50.));
#3299=CARTESIAN_POINT('Origin',(23.,-3.39999999999999,50.));
#3300=CARTESIAN_POINT('Origin',(22.5,-3.39999999999999,50.));
#3301=CARTESIAN_POINT('',(22.5,-0.249999999999989,50.));
#3302=CARTESIAN_POINT('Origin',(22.5,-3.39999999999999,50.));
#3303=CARTESIAN_POINT('Origin',(23.,7.28334729339216,38.7698579435178));
#3304=CARTESIAN_POINT('',(23.,7.28334729339216,43.6619646199682));
#3305=CARTESIAN_POINT('Origin',(23.,-13.660174383464,35.2105165194687));
#3306=CARTESIAN_POINT('',(23.,-13.660174383464,41.8822939079437));
#3307=CARTESIAN_POINT('Origin',(23.,2.00274880080945,48.5540712964187));
#3308=CARTESIAN_POINT('',(23.,-18.9,50.));
#3309=CARTESIAN_POINT('',(23.,-18.9,49.2770356482093));
#3310=CARTESIAN_POINT('',(23.,10.0233937586588,57.75));
#3311=CARTESIAN_POINT('Origin',(23.,-3.39999999999999,50.));
#3312=CARTESIAN_POINT('',(23.,17.3741787406744,45.0180669356348));
#3313=CARTESIAN_POINT('Origin',(21.75,-3.39999999999999,50.));
#3314=CARTESIAN_POINT('Origin',(20.5,-3.39999999999999,50.));
#3315=CARTESIAN_POINT('Origin',(23.,-18.9,50.));
#3316=CARTESIAN_POINT('',(23.,-18.9,50.));
#3317=CARTESIAN_POINT('Origin',(23.,-3.39999999999999,50.));
#3318=CARTESIAN_POINT('',(23.,10.0233937586588,57.75));
#3319=CARTESIAN_POINT('Origin',(23.,22.7481710278063,35.710039254839));
#3320=CARTESIAN_POINT('Origin',(23.,-3.39999999999999,50.));
#3321=CARTESIAN_POINT('',(23.,-0.249999999999989,50.));
#3322=UNCERTAINTY_MEASURE_WITH_UNIT(LENGTH_MEASURE(0.01),#3326,
'DISTANCE_ACCURACY_VALUE',
'Maximum model space distance between geometric entities at asserted c
onnectivities');
#3323=UNCERTAINTY_MEASURE_WITH_UNIT(LENGTH_MEASURE(0.01),#3326,
'DISTANCE_ACCURACY_VALUE',
'Maximum model space distance between geometric entities at asserted c
onnectivities');
#3324=(
GEOMETRIC_REPRESENTATION_CONTEXT(3)
GLOBAL_UNCERTAINTY_ASSIGNED_CONTEXT((#3322))
GLOBAL_UNIT_ASSIGNED_CONTEXT((#3326,#3327,#3328))
REPRESENTATION_CONTEXT('','3D')
);
#3325=(
GEOMETRIC_REPRESENTATION_CONTEXT(3)
GLOBAL_UNCERTAINTY_ASSIGNED_CONTEXT((#3323))
GLOBAL_UNIT_ASSIGNED_CONTEXT((#3326,#3327,#3328))
REPRESENTATION_CONTEXT('','3D')
);
#3326=(
LENGTH_UNIT()
NAMED_UNIT(*)
SI_UNIT(.MILLI.,.METRE.)
);
#3327=(
NAMED_UNIT(*)
PLANE_ANGLE_UNIT()
SI_UNIT($,.RADIAN.)
);
#3328=(
NAMED_UNIT(*)
SI_UNIT($,.STERADIAN.)
SOLID_ANGLE_UNIT()
);
#3329=SHAPE_DEFINITION_REPRESENTATION(#3330,#3331);
#3330=PRODUCT_DEFINITION_SHAPE('',$,#3333);
#3331=SHAPE_REPRESENTATION('',(#1995),#3324);
#3332=PRODUCT_DEFINITION_CONTEXT('part definition',#3337,'design');
#3333=PRODUCT_DEFINITION('RailEnd_HGR','RailEnd_HGR v26',#3334,#3332);
#3334=PRODUCT_DEFINITION_FORMATION('',$,#3339);
#3335=PRODUCT_RELATED_PRODUCT_CATEGORY('RailEnd_HGR v26',
'RailEnd_HGR v26',(#3339));
#3336=APPLICATION_PROTOCOL_DEFINITION('international standard',
'automotive_design',2009,#3337);
#3337=APPLICATION_CONTEXT(
'Core Data for Automotive Mechanical Design Process');
#3338=PRODUCT_CONTEXT('part definition',#3337,'mechanical');
#3339=PRODUCT('RailEnd_HGR','RailEnd_HGR v26',$,(#3338));
#3340=PRESENTATION_STYLE_ASSIGNMENT((#3341));
#3341=SURFACE_STYLE_USAGE(.BOTH.,#3342);
#3342=SURFACE_SIDE_STYLE('',(#3343));
#3343=SURFACE_STYLE_FILL_AREA(#3344);
#3344=FILL_AREA_STYLE('Steel - Satin',(#3345));
#3345=FILL_AREA_STYLE_COLOUR('Steel - Satin',#3346);
#3346=COLOUR_RGB('Steel - Satin',0.627450980392157,0.627450980392157,0.627450980392157);
ENDSEC;
END-ISO-10303-21;
