ISO-10303-21;
HEADER;
/* Generated by software containing ST-Developer
 * from STEP Tools, Inc. (www.steptools.com) 
 */

FILE_DESCRIPTION(
/* description */ (''),
/* implementation_level */ '2;1');

FILE_NAME(
/* name */ 'Tensioner.step',
/* time_stamp */ '2026-07-29T18:18:42+02:00',
/* author */ (''),
/* organization */ (''),
/* preprocessor_version */ 'ST-DEVELOPER v20.1',
/* originating_system */ 'Autodesk Translation Framework v15.8.0.0',
/* authorisation */ '');

FILE_SCHEMA (('AUTOMOTIVE_DESIGN { 1 0 10303 214 3 1 1 }'));
ENDSEC;

DATA;
#10=MECHANICAL_DESIGN_GEOMETRIC_PRESENTATION_REPRESENTATION('',(#13,#14),
#5059);
#11=SHAPE_REPRESENTATION_RELATIONSHIP('SRR','None',#5066,#12);
#12=ADVANCED_BREP_SHAPE_REPRESENTATION('',(#15,#16),#5058);
#13=STYLED_ITEM('',(#5075),#15);
#14=STYLED_ITEM('',(#5075),#16);
#15=MANIFOLD_SOLID_BREP('Body1',#3114);
#16=MANIFOLD_SOLID_BREP('Body2',#3115);
#17=FACE_BOUND('',#306,.T.);
#18=FACE_BOUND('',#307,.T.);
#19=FACE_BOUND('',#308,.T.);
#20=FACE_BOUND('',#309,.T.);
#21=FACE_BOUND('',#321,.T.);
#22=FACE_BOUND('',#329,.T.);
#23=FACE_BOUND('',#337,.T.);
#24=FACE_BOUND('',#345,.T.);
#25=FACE_BOUND('',#384,.T.);
#26=FACE_BOUND('',#397,.T.);
#27=FACE_BOUND('',#401,.T.);
#28=FACE_BOUND('',#402,.T.);
#29=FACE_BOUND('',#403,.T.);
#30=FACE_BOUND('',#404,.T.);
#31=FACE_BOUND('',#406,.T.);
#32=CIRCLE('',#3139,2.2);
#33=CIRCLE('',#3149,2.2);
#34=CIRCLE('',#3161,2.2);
#35=CIRCLE('',#3172,2.2);
#36=CIRCLE('',#3221,2.2);
#37=CIRCLE('',#3229,2.2);
#38=CIRCLE('',#3237,2.2);
#39=CIRCLE('',#3245,2.2);
#40=CIRCLE('',#3312,2.75);
#41=CIRCLE('',#3325,2.75);
#42=ELLIPSE('',#3132,3.11126983722081,2.2);
#43=ELLIPSE('',#3133,3.11126983722081,2.2);
#44=ELLIPSE('',#3134,3.11126983722081,2.2);
#45=ELLIPSE('',#3135,3.11126983722081,2.2);
#46=ELLIPSE('',#3136,3.11126983722081,2.2);
#47=ELLIPSE('',#3137,3.11126983722081,2.2);
#48=ELLIPSE('',#3138,3.11126983722081,2.2);
#49=ELLIPSE('',#3142,3.11126983722081,2.2);
#50=ELLIPSE('',#3143,3.11126983722081,2.2);
#51=ELLIPSE('',#3144,3.11126983722081,2.2);
#52=ELLIPSE('',#3145,3.11126983722081,2.2);
#53=ELLIPSE('',#3146,3.11126983722081,2.2);
#54=ELLIPSE('',#3147,3.11126983722081,2.2);
#55=ELLIPSE('',#3148,3.11126983722081,2.2);
#56=ELLIPSE('',#3154,3.11126983722081,2.2);
#57=ELLIPSE('',#3155,3.11126983722081,2.2);
#58=ELLIPSE('',#3156,3.11126983722081,2.2);
#59=ELLIPSE('',#3157,3.11126983722081,2.2);
#60=ELLIPSE('',#3158,3.11126983722081,2.2);
#61=ELLIPSE('',#3159,3.11126983722081,2.2);
#62=ELLIPSE('',#3160,3.11126983722081,2.2);
#63=ELLIPSE('',#3165,3.11126983722081,2.2);
#64=ELLIPSE('',#3166,3.11126983722081,2.2);
#65=ELLIPSE('',#3167,3.11126983722081,2.2);
#66=ELLIPSE('',#3168,3.11126983722081,2.2);
#67=ELLIPSE('',#3169,3.11126983722081,2.2);
#68=ELLIPSE('',#3170,3.11126983722081,2.2);
#69=ELLIPSE('',#3171,3.11126983722081,2.2);
#70=ELLIPSE('',#3247,3.11126983722081,2.2);
#71=ELLIPSE('',#3248,3.11126983722081,2.2);
#72=ELLIPSE('',#3249,3.11126983722081,2.2);
#73=ELLIPSE('',#3250,3.11126983722081,2.2);
#74=ELLIPSE('',#3251,3.11126983722081,2.2);
#75=ELLIPSE('',#3252,3.11126983722081,2.2);
#76=ELLIPSE('',#3253,3.11126983722081,2.2);
#77=ELLIPSE('',#3255,3.11126983722081,2.2);
#78=ELLIPSE('',#3256,3.11126983722081,2.2);
#79=ELLIPSE('',#3257,3.11126983722081,2.2);
#80=ELLIPSE('',#3258,3.11126983722081,2.2);
#81=ELLIPSE('',#3259,3.11126983722081,2.2);
#82=ELLIPSE('',#3260,3.11126983722081,2.2);
#83=ELLIPSE('',#3261,3.11126983722081,2.2);
#84=ELLIPSE('',#3263,3.11126983722081,2.2);
#85=ELLIPSE('',#3264,3.11126983722081,2.2);
#86=ELLIPSE('',#3265,3.11126983722081,2.2);
#87=ELLIPSE('',#3266,3.11126983722081,2.2);
#88=ELLIPSE('',#3267,3.11126983722081,2.2);
#89=ELLIPSE('',#3268,3.11126983722081,2.2);
#90=ELLIPSE('',#3269,3.11126983722081,2.2);
#91=ELLIPSE('',#3271,3.11126983722081,2.2);
#92=ELLIPSE('',#3272,3.11126983722081,2.2);
#93=ELLIPSE('',#3273,3.11126983722081,2.2);
#94=ELLIPSE('',#3274,3.11126983722081,2.2);
#95=ELLIPSE('',#3275,3.11126983722081,2.2);
#96=ELLIPSE('',#3276,3.11126983722081,2.2);
#97=ELLIPSE('',#3277,3.11126983722081,2.2);
#98=CYLINDRICAL_SURFACE('',#3131,2.2);
#99=CYLINDRICAL_SURFACE('',#3141,2.2);
#100=CYLINDRICAL_SURFACE('',#3153,2.2);
#101=CYLINDRICAL_SURFACE('',#3164,2.2);
#102=CYLINDRICAL_SURFACE('',#3246,2.2);
#103=CYLINDRICAL_SURFACE('',#3254,2.2);
#104=CYLINDRICAL_SURFACE('',#3262,2.2);
#105=CYLINDRICAL_SURFACE('',#3270,2.2);
#106=CYLINDRICAL_SURFACE('',#3326,2.75);
#107=FACE_OUTER_BOUND('',#257,.T.);
#108=FACE_OUTER_BOUND('',#258,.T.);
#109=FACE_OUTER_BOUND('',#259,.T.);
#110=FACE_OUTER_BOUND('',#260,.T.);
#111=FACE_OUTER_BOUND('',#261,.T.);
#112=FACE_OUTER_BOUND('',#262,.T.);
#113=FACE_OUTER_BOUND('',#263,.T.);
#114=FACE_OUTER_BOUND('',#264,.T.);
#115=FACE_OUTER_BOUND('',#265,.T.);
#116=FACE_OUTER_BOUND('',#266,.T.);
#117=FACE_OUTER_BOUND('',#267,.T.);
#118=FACE_OUTER_BOUND('',#268,.T.);
#119=FACE_OUTER_BOUND('',#269,.T.);
#120=FACE_OUTER_BOUND('',#270,.T.);
#121=FACE_OUTER_BOUND('',#271,.T.);
#122=FACE_OUTER_BOUND('',#272,.T.);
#123=FACE_OUTER_BOUND('',#273,.T.);
#124=FACE_OUTER_BOUND('',#274,.T.);
#125=FACE_OUTER_BOUND('',#275,.T.);
#126=FACE_OUTER_BOUND('',#276,.T.);
#127=FACE_OUTER_BOUND('',#277,.T.);
#128=FACE_OUTER_BOUND('',#278,.T.);
#129=FACE_OUTER_BOUND('',#279,.T.);
#130=FACE_OUTER_BOUND('',#280,.T.);
#131=FACE_OUTER_BOUND('',#281,.T.);
#132=FACE_OUTER_BOUND('',#282,.T.);
#133=FACE_OUTER_BOUND('',#283,.T.);
#134=FACE_OUTER_BOUND('',#284,.T.);
#135=FACE_OUTER_BOUND('',#285,.T.);
#136=FACE_OUTER_BOUND('',#286,.T.);
#137=FACE_OUTER_BOUND('',#287,.T.);
#138=FACE_OUTER_BOUND('',#288,.T.);
#139=FACE_OUTER_BOUND('',#289,.T.);
#140=FACE_OUTER_BOUND('',#290,.T.);
#141=FACE_OUTER_BOUND('',#291,.T.);
#142=FACE_OUTER_BOUND('',#292,.T.);
#143=FACE_OUTER_BOUND('',#293,.T.);
#144=FACE_OUTER_BOUND('',#294,.T.);
#145=FACE_OUTER_BOUND('',#295,.T.);
#146=FACE_OUTER_BOUND('',#296,.T.);
#147=FACE_OUTER_BOUND('',#297,.T.);
#148=FACE_OUTER_BOUND('',#298,.T.);
#149=FACE_OUTER_BOUND('',#299,.T.);
#150=FACE_OUTER_BOUND('',#300,.T.);
#151=FACE_OUTER_BOUND('',#301,.T.);
#152=FACE_OUTER_BOUND('',#302,.T.);
#153=FACE_OUTER_BOUND('',#303,.T.);
#154=FACE_OUTER_BOUND('',#304,.T.);
#155=FACE_OUTER_BOUND('',#305,.T.);
#156=FACE_OUTER_BOUND('',#310,.T.);
#157=FACE_OUTER_BOUND('',#311,.T.);
#158=FACE_OUTER_BOUND('',#312,.T.);
#159=FACE_OUTER_BOUND('',#313,.T.);
#160=FACE_OUTER_BOUND('',#314,.T.);
#161=FACE_OUTER_BOUND('',#315,.T.);
#162=FACE_OUTER_BOUND('',#316,.T.);
#163=FACE_OUTER_BOUND('',#317,.T.);
#164=FACE_OUTER_BOUND('',#318,.T.);
#165=FACE_OUTER_BOUND('',#319,.T.);
#166=FACE_OUTER_BOUND('',#320,.T.);
#167=FACE_OUTER_BOUND('',#322,.T.);
#168=FACE_OUTER_BOUND('',#323,.T.);
#169=FACE_OUTER_BOUND('',#324,.T.);
#170=FACE_OUTER_BOUND('',#325,.T.);
#171=FACE_OUTER_BOUND('',#326,.T.);
#172=FACE_OUTER_BOUND('',#327,.T.);
#173=FACE_OUTER_BOUND('',#328,.T.);
#174=FACE_OUTER_BOUND('',#330,.T.);
#175=FACE_OUTER_BOUND('',#331,.T.);
#176=FACE_OUTER_BOUND('',#332,.T.);
#177=FACE_OUTER_BOUND('',#333,.T.);
#178=FACE_OUTER_BOUND('',#334,.T.);
#179=FACE_OUTER_BOUND('',#335,.T.);
#180=FACE_OUTER_BOUND('',#336,.T.);
#181=FACE_OUTER_BOUND('',#338,.T.);
#182=FACE_OUTER_BOUND('',#339,.T.);
#183=FACE_OUTER_BOUND('',#340,.T.);
#184=FACE_OUTER_BOUND('',#341,.T.);
#185=FACE_OUTER_BOUND('',#342,.T.);
#186=FACE_OUTER_BOUND('',#343,.T.);
#187=FACE_OUTER_BOUND('',#344,.T.);
#188=FACE_OUTER_BOUND('',#346,.T.);
#189=FACE_OUTER_BOUND('',#347,.T.);
#190=FACE_OUTER_BOUND('',#348,.T.);
#191=FACE_OUTER_BOUND('',#349,.T.);
#192=FACE_OUTER_BOUND('',#350,.T.);
#193=FACE_OUTER_BOUND('',#351,.T.);
#194=FACE_OUTER_BOUND('',#352,.T.);
#195=FACE_OUTER_BOUND('',#353,.T.);
#196=FACE_OUTER_BOUND('',#354,.T.);
#197=FACE_OUTER_BOUND('',#355,.T.);
#198=FACE_OUTER_BOUND('',#356,.T.);
#199=FACE_OUTER_BOUND('',#357,.T.);
#200=FACE_OUTER_BOUND('',#358,.T.);
#201=FACE_OUTER_BOUND('',#359,.T.);
#202=FACE_OUTER_BOUND('',#360,.T.);
#203=FACE_OUTER_BOUND('',#361,.T.);
#204=FACE_OUTER_BOUND('',#362,.T.);
#205=FACE_OUTER_BOUND('',#363,.T.);
#206=FACE_OUTER_BOUND('',#364,.T.);
#207=FACE_OUTER_BOUND('',#365,.T.);
#208=FACE_OUTER_BOUND('',#366,.T.);
#209=FACE_OUTER_BOUND('',#367,.T.);
#210=FACE_OUTER_BOUND('',#368,.T.);
#211=FACE_OUTER_BOUND('',#369,.T.);
#212=FACE_OUTER_BOUND('',#370,.T.);
#213=FACE_OUTER_BOUND('',#371,.T.);
#214=FACE_OUTER_BOUND('',#372,.T.);
#215=FACE_OUTER_BOUND('',#373,.T.);
#216=FACE_OUTER_BOUND('',#374,.T.);
#217=FACE_OUTER_BOUND('',#375,.T.);
#218=FACE_OUTER_BOUND('',#376,.T.);
#219=FACE_OUTER_BOUND('',#377,.T.);
#220=FACE_OUTER_BOUND('',#378,.T.);
#221=FACE_OUTER_BOUND('',#379,.T.);
#222=FACE_OUTER_BOUND('',#380,.T.);
#223=FACE_OUTER_BOUND('',#381,.T.);
#224=FACE_OUTER_BOUND('',#382,.T.);
#225=FACE_OUTER_BOUND('',#383,.T.);
#226=FACE_OUTER_BOUND('',#385,.T.);
#227=FACE_OUTER_BOUND('',#386,.T.);
#228=FACE_OUTER_BOUND('',#387,.T.);
#229=FACE_OUTER_BOUND('',#388,.T.);
#230=FACE_OUTER_BOUND('',#389,.T.);
#231=FACE_OUTER_BOUND('',#390,.T.);
#232=FACE_OUTER_BOUND('',#391,.T.);
#233=FACE_OUTER_BOUND('',#392,.T.);
#234=FACE_OUTER_BOUND('',#393,.T.);
#235=FACE_OUTER_BOUND('',#394,.T.);
#236=FACE_OUTER_BOUND('',#395,.T.);
#237=FACE_OUTER_BOUND('',#396,.T.);
#238=FACE_OUTER_BOUND('',#398,.T.);
#239=FACE_OUTER_BOUND('',#399,.T.);
#240=FACE_OUTER_BOUND('',#400,.T.);
#241=FACE_OUTER_BOUND('',#405,.T.);
#242=FACE_OUTER_BOUND('',#407,.T.);
#243=FACE_OUTER_BOUND('',#408,.T.);
#244=FACE_OUTER_BOUND('',#409,.T.);
#245=FACE_OUTER_BOUND('',#410,.T.);
#246=FACE_OUTER_BOUND('',#411,.T.);
#247=FACE_OUTER_BOUND('',#412,.T.);
#248=FACE_OUTER_BOUND('',#413,.T.);
#249=FACE_OUTER_BOUND('',#414,.T.);
#250=FACE_OUTER_BOUND('',#415,.T.);
#251=FACE_OUTER_BOUND('',#416,.T.);
#252=FACE_OUTER_BOUND('',#417,.T.);
#253=FACE_OUTER_BOUND('',#418,.T.);
#254=FACE_OUTER_BOUND('',#419,.T.);
#255=FACE_OUTER_BOUND('',#420,.T.);
#256=FACE_OUTER_BOUND('',#421,.T.);
#257=EDGE_LOOP('',(#1929,#1930,#1931,#1932,#1933));
#258=EDGE_LOOP('',(#1934,#1935,#1936,#1937,#1938));
#259=EDGE_LOOP('',(#1939,#1940,#1941,#1942,#1943,#1944,#1945,#1946,#1947,
#1948));
#260=EDGE_LOOP('',(#1949,#1950,#1951,#1952,#1953));
#261=EDGE_LOOP('',(#1954,#1955,#1956,#1957,#1958,#1959,#1960,#1961,#1962,
#1963));
#262=EDGE_LOOP('',(#1964,#1965,#1966,#1967,#1968));
#263=EDGE_LOOP('',(#1969,#1970,#1971,#1972,#1973));
#264=EDGE_LOOP('',(#1974,#1975,#1976,#1977,#1978));
#265=EDGE_LOOP('',(#1979,#1980,#1981,#1982,#1983,#1984,#1985,#1986,#1987,
#1988));
#266=EDGE_LOOP('',(#1989,#1990,#1991,#1992,#1993));
#267=EDGE_LOOP('',(#1994,#1995,#1996,#1997,#1998));
#268=EDGE_LOOP('',(#1999,#2000,#2001,#2002,#2003,#2004,#2005,#2006,#2007,
#2008));
#269=EDGE_LOOP('',(#2009,#2010,#2011,#2012,#2013,#2014,#2015,#2016,#2017,
#2018));
#270=EDGE_LOOP('',(#2019,#2020,#2021,#2022,#2023));
#271=EDGE_LOOP('',(#2024,#2025,#2026,#2027,#2028,#2029));
#272=EDGE_LOOP('',(#2030,#2031,#2032,#2033));
#273=EDGE_LOOP('',(#2034,#2035,#2036,#2037));
#274=EDGE_LOOP('',(#2038,#2039,#2040,#2041));
#275=EDGE_LOOP('',(#2042,#2043,#2044,#2045));
#276=EDGE_LOOP('',(#2046,#2047,#2048,#2049,#2050,#2051,#2052,#2053,#2054,
#2055));
#277=EDGE_LOOP('',(#2056,#2057,#2058,#2059,#2060));
#278=EDGE_LOOP('',(#2061,#2062,#2063,#2064,#2065,#2066));
#279=EDGE_LOOP('',(#2067,#2068,#2069,#2070));
#280=EDGE_LOOP('',(#2071,#2072,#2073,#2074));
#281=EDGE_LOOP('',(#2075,#2076,#2077,#2078));
#282=EDGE_LOOP('',(#2079,#2080,#2081,#2082));
#283=EDGE_LOOP('',(#2083,#2084,#2085,#2086));
#284=EDGE_LOOP('',(#2087,#2088,#2089,#2090));
#285=EDGE_LOOP('',(#2091,#2092,#2093,#2094));
#286=EDGE_LOOP('',(#2095,#2096,#2097,#2098,#2099,#2100,#2101,#2102));
#287=EDGE_LOOP('',(#2103,#2104,#2105,#2106));
#288=EDGE_LOOP('',(#2107,#2108,#2109,#2110));
#289=EDGE_LOOP('',(#2111,#2112,#2113,#2114,#2115));
#290=EDGE_LOOP('',(#2116,#2117,#2118,#2119));
#291=EDGE_LOOP('',(#2120,#2121,#2122,#2123));
#292=EDGE_LOOP('',(#2124,#2125,#2126,#2127));
#293=EDGE_LOOP('',(#2128,#2129,#2130,#2131));
#294=EDGE_LOOP('',(#2132,#2133,#2134,#2135));
#295=EDGE_LOOP('',(#2136,#2137,#2138,#2139));
#296=EDGE_LOOP('',(#2140,#2141,#2142,#2143));
#297=EDGE_LOOP('',(#2144,#2145,#2146,#2147,#2148,#2149,#2150,#2151));
#298=EDGE_LOOP('',(#2152,#2153,#2154,#2155));
#299=EDGE_LOOP('',(#2156,#2157,#2158,#2159));
#300=EDGE_LOOP('',(#2160,#2161,#2162,#2163,#2164));
#301=EDGE_LOOP('',(#2165,#2166,#2167,#2168));
#302=EDGE_LOOP('',(#2169,#2170,#2171,#2172));
#303=EDGE_LOOP('',(#2173,#2174,#2175,#2176));
#304=EDGE_LOOP('',(#2177,#2178,#2179,#2180));
#305=EDGE_LOOP('',(#2181,#2182,#2183,#2184));
#306=EDGE_LOOP('',(#2185,#2186,#2187));
#307=EDGE_LOOP('',(#2188,#2189,#2190));
#308=EDGE_LOOP('',(#2191,#2192,#2193));
#309=EDGE_LOOP('',(#2194,#2195,#2196));
#310=EDGE_LOOP('',(#2197,#2198,#2199,#2200));
#311=EDGE_LOOP('',(#2201,#2202,#2203,#2204));
#312=EDGE_LOOP('',(#2205,#2206,#2207,#2208,#2209,#2210,#2211,#2212,#2213,
#2214,#2215,#2216,#2217,#2218,#2219,#2220,#2221,#2222,#2223,#2224,#2225,
#2226,#2227,#2228,#2229,#2230,#2231));
#313=EDGE_LOOP('',(#2232,#2233,#2234,#2235,#2236,#2237,#2238,#2239,#2240,
#2241,#2242,#2243,#2244,#2245,#2246,#2247,#2248,#2249,#2250,#2251,#2252,
#2253,#2254,#2255,#2256,#2257,#2258));
#314=EDGE_LOOP('',(#2259,#2260,#2261,#2262));
#315=EDGE_LOOP('',(#2263,#2264,#2265,#2266));
#316=EDGE_LOOP('',(#2267,#2268,#2269,#2270));
#317=EDGE_LOOP('',(#2271,#2272,#2273,#2274));
#318=EDGE_LOOP('',(#2275,#2276,#2277,#2278));
#319=EDGE_LOOP('',(#2279,#2280,#2281,#2282));
#320=EDGE_LOOP('',(#2283,#2284,#2285,#2286,#2287,#2288));
#321=EDGE_LOOP('',(#2289,#2290,#2291));
#322=EDGE_LOOP('',(#2292,#2293,#2294,#2295));
#323=EDGE_LOOP('',(#2296,#2297,#2298,#2299));
#324=EDGE_LOOP('',(#2300,#2301,#2302,#2303));
#325=EDGE_LOOP('',(#2304,#2305,#2306,#2307));
#326=EDGE_LOOP('',(#2308,#2309,#2310,#2311));
#327=EDGE_LOOP('',(#2312,#2313,#2314,#2315));
#328=EDGE_LOOP('',(#2316,#2317,#2318,#2319,#2320,#2321));
#329=EDGE_LOOP('',(#2322,#2323,#2324));
#330=EDGE_LOOP('',(#2325,#2326,#2327,#2328));
#331=EDGE_LOOP('',(#2329,#2330,#2331,#2332));
#332=EDGE_LOOP('',(#2333,#2334,#2335,#2336));
#333=EDGE_LOOP('',(#2337,#2338,#2339,#2340));
#334=EDGE_LOOP('',(#2341,#2342,#2343,#2344));
#335=EDGE_LOOP('',(#2345,#2346,#2347,#2348));
#336=EDGE_LOOP('',(#2349,#2350,#2351,#2352,#2353,#2354));
#337=EDGE_LOOP('',(#2355,#2356,#2357));
#338=EDGE_LOOP('',(#2358,#2359,#2360,#2361));
#339=EDGE_LOOP('',(#2362,#2363,#2364,#2365));
#340=EDGE_LOOP('',(#2366,#2367,#2368,#2369));
#341=EDGE_LOOP('',(#2370,#2371,#2372,#2373));
#342=EDGE_LOOP('',(#2374,#2375,#2376,#2377));
#343=EDGE_LOOP('',(#2378,#2379,#2380,#2381));
#344=EDGE_LOOP('',(#2382,#2383,#2384,#2385,#2386,#2387));
#345=EDGE_LOOP('',(#2388,#2389,#2390));
#346=EDGE_LOOP('',(#2391,#2392,#2393,#2394,#2395,#2396,#2397,#2398,#2399,
#2400));
#347=EDGE_LOOP('',(#2401,#2402,#2403,#2404,#2405,#2406,#2407,#2408,#2409,
#2410));
#348=EDGE_LOOP('',(#2411,#2412,#2413,#2414,#2415,#2416,#2417,#2418,#2419,
#2420));
#349=EDGE_LOOP('',(#2421,#2422,#2423,#2424,#2425,#2426,#2427,#2428,#2429,
#2430));
#350=EDGE_LOOP('',(#2431,#2432,#2433,#2434,#2435));
#351=EDGE_LOOP('',(#2436,#2437,#2438,#2439,#2440));
#352=EDGE_LOOP('',(#2441,#2442,#2443,#2444,#2445));
#353=EDGE_LOOP('',(#2446,#2447,#2448,#2449,#2450));
#354=EDGE_LOOP('',(#2451,#2452,#2453,#2454,#2455));
#355=EDGE_LOOP('',(#2456,#2457,#2458,#2459,#2460));
#356=EDGE_LOOP('',(#2461,#2462,#2463,#2464,#2465));
#357=EDGE_LOOP('',(#2466,#2467,#2468,#2469,#2470));
#358=EDGE_LOOP('',(#2471,#2472,#2473,#2474));
#359=EDGE_LOOP('',(#2475,#2476,#2477,#2478));
#360=EDGE_LOOP('',(#2479,#2480,#2481,#2482));
#361=EDGE_LOOP('',(#2483,#2484,#2485,#2486));
#362=EDGE_LOOP('',(#2487,#2488,#2489,#2490));
#363=EDGE_LOOP('',(#2491,#2492,#2493,#2494));
#364=EDGE_LOOP('',(#2495,#2496,#2497,#2498,#2499));
#365=EDGE_LOOP('',(#2500,#2501,#2502,#2503,#2504));
#366=EDGE_LOOP('',(#2505,#2506,#2507,#2508,#2509,#2510));
#367=EDGE_LOOP('',(#2511,#2512,#2513,#2514,#2515,#2516,#2517,#2518,#2519,
#2520));
#368=EDGE_LOOP('',(#2521,#2522,#2523,#2524));
#369=EDGE_LOOP('',(#2525,#2526,#2527,#2528));
#370=EDGE_LOOP('',(#2529,#2530,#2531,#2532));
#371=EDGE_LOOP('',(#2533,#2534,#2535,#2536));
#372=EDGE_LOOP('',(#2537,#2538,#2539,#2540));
#373=EDGE_LOOP('',(#2541,#2542,#2543,#2544));
#374=EDGE_LOOP('',(#2545,#2546,#2547,#2548,#2549));
#375=EDGE_LOOP('',(#2550,#2551,#2552,#2553,#2554));
#376=EDGE_LOOP('',(#2555,#2556,#2557,#2558,#2559,#2560));
#377=EDGE_LOOP('',(#2561,#2562,#2563,#2564,#2565,#2566,#2567,#2568,#2569,
#2570));
#378=EDGE_LOOP('',(#2571,#2572,#2573,#2574));
#379=EDGE_LOOP('',(#2575,#2576,#2577,#2578));
#380=EDGE_LOOP('',(#2579,#2580,#2581,#2582));
#381=EDGE_LOOP('',(#2583,#2584,#2585,#2586,#2587,#2588,#2589,#2590,#2591,
#2592,#2593,#2594,#2595,#2596,#2597,#2598,#2599,#2600,#2601,#2602,#2603,
#2604,#2605,#2606,#2607,#2608,#2609));
#382=EDGE_LOOP('',(#2610,#2611,#2612,#2613));
#383=EDGE_LOOP('',(#2614,#2615,#2616,#2617,#2618,#2619,#2620,#2621,#2622,
#2623,#2624,#2625));
#384=EDGE_LOOP('',(#2626));
#385=EDGE_LOOP('',(#2627,#2628,#2629,#2630));
#386=EDGE_LOOP('',(#2631,#2632,#2633,#2634));
#387=EDGE_LOOP('',(#2635,#2636,#2637,#2638));
#388=EDGE_LOOP('',(#2639,#2640,#2641,#2642));
#389=EDGE_LOOP('',(#2643,#2644,#2645,#2646,#2647,#2648,#2649,#2650,#2651,
#2652,#2653,#2654,#2655,#2656,#2657,#2658,#2659,#2660,#2661,#2662,#2663,
#2664,#2665,#2666,#2667,#2668,#2669));
#390=EDGE_LOOP('',(#2670,#2671,#2672,#2673));
#391=EDGE_LOOP('',(#2674,#2675,#2676,#2677));
#392=EDGE_LOOP('',(#2678,#2679,#2680,#2681));
#393=EDGE_LOOP('',(#2682,#2683,#2684,#2685));
#394=EDGE_LOOP('',(#2686,#2687,#2688,#2689));
#395=EDGE_LOOP('',(#2690,#2691,#2692,#2693));
#396=EDGE_LOOP('',(#2694,#2695,#2696,#2697,#2698,#2699));
#397=EDGE_LOOP('',(#2700));
#398=EDGE_LOOP('',(#2701,#2702,#2703,#2704));
#399=EDGE_LOOP('',(#2705,#2706,#2707,#2708));
#400=EDGE_LOOP('',(#2709,#2710,#2711,#2712));
#401=EDGE_LOOP('',(#2713,#2714,#2715,#2716,#2717,#2718));
#402=EDGE_LOOP('',(#2719,#2720,#2721,#2722,#2723,#2724));
#403=EDGE_LOOP('',(#2725,#2726,#2727,#2728,#2729,#2730));
#404=EDGE_LOOP('',(#2731,#2732,#2733,#2734,#2735,#2736));
#405=EDGE_LOOP('',(#2737,#2738,#2739,#2740,#2741,#2742,#2743,#2744,#2745,
#2746,#2747,#2748));
#406=EDGE_LOOP('',(#2749,#2750,#2751,#2752,#2753,#2754));
#407=EDGE_LOOP('',(#2755,#2756,#2757,#2758));
#408=EDGE_LOOP('',(#2759,#2760,#2761,#2762));
#409=EDGE_LOOP('',(#2763,#2764,#2765,#2766));
#410=EDGE_LOOP('',(#2767,#2768,#2769,#2770,#2771,#2772,#2773,#2774));
#411=EDGE_LOOP('',(#2775,#2776,#2777,#2778));
#412=EDGE_LOOP('',(#2779,#2780,#2781,#2782));
#413=EDGE_LOOP('',(#2783,#2784,#2785,#2786));
#414=EDGE_LOOP('',(#2787,#2788,#2789,#2790));
#415=EDGE_LOOP('',(#2791,#2792,#2793,#2794));
#416=EDGE_LOOP('',(#2795,#2796,#2797,#2798));
#417=EDGE_LOOP('',(#2799,#2800,#2801,#2802));
#418=EDGE_LOOP('',(#2803,#2804,#2805,#2806,#2807,#2808,#2809,#2810));
#419=EDGE_LOOP('',(#2811,#2812,#2813,#2814));
#420=EDGE_LOOP('',(#2815,#2816,#2817,#2818));
#421=EDGE_LOOP('',(#2819,#2820,#2821,#2822));
#422=LINE('',#4164,#803);
#423=LINE('',#4166,#804);
#424=LINE('',#4168,#805);
#425=LINE('',#4170,#806);
#426=LINE('',#4171,#807);
#427=LINE('',#4174,#808);
#428=LINE('',#4176,#809);
#429=LINE('',#4178,#810);
#430=LINE('',#4179,#811);
#431=LINE('',#4198,#812);
#432=LINE('',#4200,#813);
#433=LINE('',#4202,#814);
#434=LINE('',#4204,#815);
#435=LINE('',#4205,#816);
#436=LINE('',#4223,#817);
#437=LINE('',#4226,#818);
#438=LINE('',#4227,#819);
#439=LINE('',#4228,#820);
#440=LINE('',#4232,#821);
#441=LINE('',#4234,#822);
#442=LINE('',#4236,#823);
#443=LINE('',#4238,#824);
#444=LINE('',#4239,#825);
#445=LINE('',#4242,#826);
#446=LINE('',#4244,#827);
#447=LINE('',#4246,#828);
#448=LINE('',#4247,#829);
#449=LINE('',#4266,#830);
#450=LINE('',#4268,#831);
#451=LINE('',#4270,#832);
#452=LINE('',#4272,#833);
#453=LINE('',#4273,#834);
#454=LINE('',#4276,#835);
#455=LINE('',#4278,#836);
#456=LINE('',#4280,#837);
#457=LINE('',#4281,#838);
#458=LINE('',#4298,#839);
#459=LINE('',#4300,#840);
#460=LINE('',#4302,#841);
#461=LINE('',#4304,#842);
#462=LINE('',#4306,#843);
#463=LINE('',#4307,#844);
#464=LINE('',#4310,#845);
#465=LINE('',#4311,#846);
#466=LINE('',#4313,#847);
#467=LINE('',#4316,#848);
#468=LINE('',#4317,#849);
#469=LINE('',#4319,#850);
#470=LINE('',#4322,#851);
#471=LINE('',#4323,#852);
#472=LINE('',#4325,#853);
#473=LINE('',#4327,#854);
#474=LINE('',#4329,#855);
#475=LINE('',#4331,#856);
#476=LINE('',#4333,#857);
#477=LINE('',#4335,#858);
#478=LINE('',#4336,#859);
#479=LINE('',#4339,#860);
#480=LINE('',#4340,#861);
#481=LINE('',#4342,#862);
#482=LINE('',#4345,#863);
#483=LINE('',#4346,#864);
#484=LINE('',#4348,#865);
#485=LINE('',#4351,#866);
#486=LINE('',#4352,#867);
#487=LINE('',#4354,#868);
#488=LINE('',#4358,#869);
#489=LINE('',#4360,#870);
#490=LINE('',#4362,#871);
#491=LINE('',#4363,#872);
#492=LINE('',#4366,#873);
#493=LINE('',#4368,#874);
#494=LINE('',#4369,#875);
#495=LINE('',#4372,#876);
#496=LINE('',#4374,#877);
#497=LINE('',#4375,#878);
#498=LINE('',#4378,#879);
#499=LINE('',#4379,#880);
#500=LINE('',#4380,#881);
#501=LINE('',#4383,#882);
#502=LINE('',#4384,#883);
#503=LINE('',#4387,#884);
#504=LINE('',#4388,#885);
#505=LINE('',#4390,#886);
#506=LINE('',#4393,#887);
#507=LINE('',#4395,#888);
#508=LINE('',#4396,#889);
#509=LINE('',#4399,#890);
#510=LINE('',#4401,#891);
#511=LINE('',#4402,#892);
#512=LINE('',#4405,#893);
#513=LINE('',#4407,#894);
#514=LINE('',#4408,#895);
#515=LINE('',#4411,#896);
#516=LINE('',#4413,#897);
#517=LINE('',#4414,#898);
#518=LINE('',#4417,#899);
#519=LINE('',#4419,#900);
#520=LINE('',#4420,#901);
#521=LINE('',#4423,#902);
#522=LINE('',#4425,#903);
#523=LINE('',#4426,#904);
#524=LINE('',#4429,#905);
#525=LINE('',#4431,#906);
#526=LINE('',#4432,#907);
#527=LINE('',#4435,#908);
#528=LINE('',#4436,#909);
#529=LINE('',#4437,#910);
#530=LINE('',#4440,#911);
#531=LINE('',#4441,#912);
#532=LINE('',#4444,#913);
#533=LINE('',#4445,#914);
#534=LINE('',#4447,#915);
#535=LINE('',#4450,#916);
#536=LINE('',#4452,#917);
#537=LINE('',#4453,#918);
#538=LINE('',#4456,#919);
#539=LINE('',#4458,#920);
#540=LINE('',#4459,#921);
#541=LINE('',#4462,#922);
#542=LINE('',#4464,#923);
#543=LINE('',#4465,#924);
#544=LINE('',#4468,#925);
#545=LINE('',#4470,#926);
#546=LINE('',#4471,#927);
#547=LINE('',#4474,#928);
#548=LINE('',#4476,#929);
#549=LINE('',#4477,#930);
#550=LINE('',#4480,#931);
#551=LINE('',#4482,#932);
#552=LINE('',#4483,#933);
#553=LINE('',#4485,#934);
#554=LINE('',#4486,#935);
#555=LINE('',#4492,#936);
#556=LINE('',#4494,#937);
#557=LINE('',#4496,#938);
#558=LINE('',#4497,#939);
#559=LINE('',#4500,#940);
#560=LINE('',#4502,#941);
#561=LINE('',#4503,#942);
#562=LINE('',#4506,#943);
#563=LINE('',#4508,#944);
#564=LINE('',#4509,#945);
#565=LINE('',#4512,#946);
#566=LINE('',#4514,#947);
#567=LINE('',#4515,#948);
#568=LINE('',#4518,#949);
#569=LINE('',#4520,#950);
#570=LINE('',#4521,#951);
#571=LINE('',#4523,#952);
#572=LINE('',#4524,#953);
#573=LINE('',#4528,#954);
#574=LINE('',#4530,#955);
#575=LINE('',#4535,#956);
#576=LINE('',#4537,#957);
#577=LINE('',#4539,#958);
#578=LINE('',#4540,#959);
#579=LINE('',#4543,#960);
#580=LINE('',#4545,#961);
#581=LINE('',#4546,#962);
#582=LINE('',#4549,#963);
#583=LINE('',#4551,#964);
#584=LINE('',#4552,#965);
#585=LINE('',#4555,#966);
#586=LINE('',#4557,#967);
#587=LINE('',#4558,#968);
#588=LINE('',#4561,#969);
#589=LINE('',#4563,#970);
#590=LINE('',#4564,#971);
#591=LINE('',#4566,#972);
#592=LINE('',#4567,#973);
#593=LINE('',#4571,#974);
#594=LINE('',#4573,#975);
#595=LINE('',#4578,#976);
#596=LINE('',#4580,#977);
#597=LINE('',#4582,#978);
#598=LINE('',#4583,#979);
#599=LINE('',#4586,#980);
#600=LINE('',#4588,#981);
#601=LINE('',#4589,#982);
#602=LINE('',#4592,#983);
#603=LINE('',#4594,#984);
#604=LINE('',#4595,#985);
#605=LINE('',#4598,#986);
#606=LINE('',#4600,#987);
#607=LINE('',#4601,#988);
#608=LINE('',#4604,#989);
#609=LINE('',#4606,#990);
#610=LINE('',#4607,#991);
#611=LINE('',#4609,#992);
#612=LINE('',#4610,#993);
#613=LINE('',#4614,#994);
#614=LINE('',#4617,#995);
#615=LINE('',#4621,#996);
#616=LINE('',#4623,#997);
#617=LINE('',#4625,#998);
#618=LINE('',#4626,#999);
#619=LINE('',#4629,#1000);
#620=LINE('',#4631,#1001);
#621=LINE('',#4632,#1002);
#622=LINE('',#4635,#1003);
#623=LINE('',#4637,#1004);
#624=LINE('',#4638,#1005);
#625=LINE('',#4641,#1006);
#626=LINE('',#4643,#1007);
#627=LINE('',#4644,#1008);
#628=LINE('',#4647,#1009);
#629=LINE('',#4649,#1010);
#630=LINE('',#4650,#1011);
#631=LINE('',#4652,#1012);
#632=LINE('',#4653,#1013);
#633=LINE('',#4657,#1014);
#634=LINE('',#4659,#1015);
#635=LINE('',#4663,#1016);
#636=LINE('',#4678,#1017);
#637=LINE('',#4681,#1018);
#638=LINE('',#4696,#1019);
#639=LINE('',#4699,#1020);
#640=LINE('',#4714,#1021);
#641=LINE('',#4717,#1022);
#642=LINE('',#4732,#1023);
#643=LINE('',#4735,#1024);
#644=LINE('',#4737,#1025);
#645=LINE('',#4738,#1026);
#646=LINE('',#4741,#1027);
#647=LINE('',#4742,#1028);
#648=LINE('',#4745,#1029);
#649=LINE('',#4747,#1030);
#650=LINE('',#4748,#1031);
#651=LINE('',#4751,#1032);
#652=LINE('',#4752,#1033);
#653=LINE('',#4755,#1034);
#654=LINE('',#4757,#1035);
#655=LINE('',#4758,#1036);
#656=LINE('',#4761,#1037);
#657=LINE('',#4762,#1038);
#658=LINE('',#4765,#1039);
#659=LINE('',#4767,#1040);
#660=LINE('',#4768,#1041);
#661=LINE('',#4771,#1042);
#662=LINE('',#4772,#1043);
#663=LINE('',#4775,#1044);
#664=LINE('',#4777,#1045);
#665=LINE('',#4778,#1046);
#666=LINE('',#4781,#1047);
#667=LINE('',#4783,#1048);
#668=LINE('',#4784,#1049);
#669=LINE('',#4786,#1050);
#670=LINE('',#4787,#1051);
#671=LINE('',#4790,#1052);
#672=LINE('',#4791,#1053);
#673=LINE('',#4794,#1054);
#674=LINE('',#4795,#1055);
#675=LINE('',#4797,#1056);
#676=LINE('',#4800,#1057);
#677=LINE('',#4801,#1058);
#678=LINE('',#4804,#1059);
#679=LINE('',#4805,#1060);
#680=LINE('',#4807,#1061);
#681=LINE('',#4810,#1062);
#682=LINE('',#4812,#1063);
#683=LINE('',#4813,#1064);
#684=LINE('',#4816,#1065);
#685=LINE('',#4818,#1066);
#686=LINE('',#4819,#1067);
#687=LINE('',#4822,#1068);
#688=LINE('',#4824,#1069);
#689=LINE('',#4825,#1070);
#690=LINE('',#4827,#1071);
#691=LINE('',#4828,#1072);
#692=LINE('',#4831,#1073);
#693=LINE('',#4832,#1074);
#694=LINE('',#4835,#1075);
#695=LINE('',#4836,#1076);
#696=LINE('',#4838,#1077);
#697=LINE('',#4841,#1078);
#698=LINE('',#4842,#1079);
#699=LINE('',#4845,#1080);
#700=LINE('',#4846,#1081);
#701=LINE('',#4848,#1082);
#702=LINE('',#4851,#1083);
#703=LINE('',#4853,#1084);
#704=LINE('',#4854,#1085);
#705=LINE('',#4858,#1086);
#706=LINE('',#4860,#1087);
#707=LINE('',#4862,#1088);
#708=LINE('',#4863,#1089);
#709=LINE('',#4867,#1090);
#710=LINE('',#4869,#1091);
#711=LINE('',#4871,#1092);
#712=LINE('',#4872,#1093);
#713=LINE('',#4874,#1094);
#714=LINE('',#4875,#1095);
#715=LINE('',#4878,#1096);
#716=LINE('',#4880,#1097);
#717=LINE('',#4882,#1098);
#718=LINE('',#4883,#1099);
#719=LINE('',#4885,#1100);
#720=LINE('',#4887,#1101);
#721=LINE('',#4889,#1102);
#722=LINE('',#4891,#1103);
#723=LINE('',#4893,#1104);
#724=LINE('',#4895,#1105);
#725=LINE('',#4897,#1106);
#726=LINE('',#4898,#1107);
#727=LINE('',#4900,#1108);
#728=LINE('',#4902,#1109);
#729=LINE('',#4904,#1110);
#730=LINE('',#4906,#1111);
#731=LINE('',#4908,#1112);
#732=LINE('',#4909,#1113);
#733=LINE('',#4912,#1114);
#734=LINE('',#4914,#1115);
#735=LINE('',#4915,#1116);
#736=LINE('',#4918,#1117);
#737=LINE('',#4920,#1118);
#738=LINE('',#4922,#1119);
#739=LINE('',#4924,#1120);
#740=LINE('',#4926,#1121);
#741=LINE('',#4928,#1122);
#742=LINE('',#4929,#1123);
#743=LINE('',#4934,#1124);
#744=LINE('',#4936,#1125);
#745=LINE('',#4937,#1126);
#746=LINE('',#4940,#1127);
#747=LINE('',#4942,#1128);
#748=LINE('',#4943,#1129);
#749=LINE('',#4945,#1130);
#750=LINE('',#4948,#1131);
#751=LINE('',#4949,#1132);
#752=LINE('',#4952,#1133);
#753=LINE('',#4954,#1134);
#754=LINE('',#4956,#1135);
#755=LINE('',#4958,#1136);
#756=LINE('',#4959,#1137);
#757=LINE('',#4961,#1138);
#758=LINE('',#4963,#1139);
#759=LINE('',#4965,#1140);
#760=LINE('',#4967,#1141);
#761=LINE('',#4969,#1142);
#762=LINE('',#4971,#1143);
#763=LINE('',#4973,#1144);
#764=LINE('',#4974,#1145);
#765=LINE('',#4976,#1146);
#766=LINE('',#4978,#1147);
#767=LINE('',#4980,#1148);
#768=LINE('',#4981,#1149);
#769=LINE('',#4985,#1150);
#770=LINE('',#4987,#1151);
#771=LINE('',#4989,#1152);
#772=LINE('',#4990,#1153);
#773=LINE('',#4993,#1154);
#774=LINE('',#4995,#1155);
#775=LINE('',#4996,#1156);
#776=LINE('',#4999,#1157);
#777=LINE('',#5001,#1158);
#778=LINE('',#5002,#1159);
#779=LINE('',#5005,#1160);
#780=LINE('',#5007,#1161);
#781=LINE('',#5008,#1162);
#782=LINE('',#5011,#1163);
#783=LINE('',#5013,#1164);
#784=LINE('',#5014,#1165);
#785=LINE('',#5016,#1166);
#786=LINE('',#5017,#1167);
#787=LINE('',#5022,#1168);
#788=LINE('',#5024,#1169);
#789=LINE('',#5026,#1170);
#790=LINE('',#5028,#1171);
#791=LINE('',#5030,#1172);
#792=LINE('',#5032,#1173);
#793=LINE('',#5035,#1174);
#794=LINE('',#5037,#1175);
#795=LINE('',#5039,#1176);
#796=LINE('',#5041,#1177);
#797=LINE('',#5043,#1178);
#798=LINE('',#5045,#1179);
#799=LINE('',#5047,#1180);
#800=LINE('',#5050,#1181);
#801=LINE('',#5052,#1182);
#802=LINE('',#5054,#1183);
#803=VECTOR('',#3349,10.);
#804=VECTOR('',#3350,10.);
#805=VECTOR('',#3351,10.);
#806=VECTOR('',#3352,10.);
#807=VECTOR('',#3353,10.);
#808=VECTOR('',#3356,10.);
#809=VECTOR('',#3357,10.);
#810=VECTOR('',#3358,10.);
#811=VECTOR('',#3359,10.);
#812=VECTOR('',#3380,10.);
#813=VECTOR('',#3381,10.);
#814=VECTOR('',#3382,10.);
#815=VECTOR('',#3383,10.);
#816=VECTOR('',#3384,10.);
#817=VECTOR('',#3403,10.);
#818=VECTOR('',#3406,10.);
#819=VECTOR('',#3407,10.);
#820=VECTOR('',#3408,10.);
#821=VECTOR('',#3411,10.);
#822=VECTOR('',#3412,10.);
#823=VECTOR('',#3413,10.);
#824=VECTOR('',#3414,10.);
#825=VECTOR('',#3415,10.);
#826=VECTOR('',#3418,10.);
#827=VECTOR('',#3419,10.);
#828=VECTOR('',#3420,10.);
#829=VECTOR('',#3421,10.);
#830=VECTOR('',#3442,10.);
#831=VECTOR('',#3443,10.);
#832=VECTOR('',#3444,10.);
#833=VECTOR('',#3445,10.);
#834=VECTOR('',#3446,10.);
#835=VECTOR('',#3449,10.);
#836=VECTOR('',#3450,10.);
#837=VECTOR('',#3451,10.);
#838=VECTOR('',#3452,10.);
#839=VECTOR('',#3473,10.);
#840=VECTOR('',#3474,10.);
#841=VECTOR('',#3475,10.);
#842=VECTOR('',#3476,10.);
#843=VECTOR('',#3477,10.);
#844=VECTOR('',#3478,10.);
#845=VECTOR('',#3481,10.);
#846=VECTOR('',#3482,10.);
#847=VECTOR('',#3485,10.);
#848=VECTOR('',#3488,10.);
#849=VECTOR('',#3489,10.);
#850=VECTOR('',#3492,10.);
#851=VECTOR('',#3495,10.);
#852=VECTOR('',#3496,10.);
#853=VECTOR('',#3499,10.);
#854=VECTOR('',#3502,10.);
#855=VECTOR('',#3503,10.);
#856=VECTOR('',#3504,10.);
#857=VECTOR('',#3505,10.);
#858=VECTOR('',#3506,10.);
#859=VECTOR('',#3507,10.);
#860=VECTOR('',#3510,10.);
#861=VECTOR('',#3511,10.);
#862=VECTOR('',#3514,10.);
#863=VECTOR('',#3517,10.);
#864=VECTOR('',#3518,10.);
#865=VECTOR('',#3521,10.);
#866=VECTOR('',#3524,10.);
#867=VECTOR('',#3525,10.);
#868=VECTOR('',#3528,10.);
#869=VECTOR('',#3531,10.);
#870=VECTOR('',#3532,10.);
#871=VECTOR('',#3533,10.);
#872=VECTOR('',#3534,10.);
#873=VECTOR('',#3537,10.);
#874=VECTOR('',#3538,10.);
#875=VECTOR('',#3539,10.);
#876=VECTOR('',#3542,10.);
#877=VECTOR('',#3543,10.);
#878=VECTOR('',#3544,10.);
#879=VECTOR('',#3547,10.);
#880=VECTOR('',#3548,10.);
#881=VECTOR('',#3549,10.);
#882=VECTOR('',#3552,10.);
#883=VECTOR('',#3553,10.);
#884=VECTOR('',#3556,10.);
#885=VECTOR('',#3557,10.);
#886=VECTOR('',#3560,10.);
#887=VECTOR('',#3563,10.);
#888=VECTOR('',#3564,10.);
#889=VECTOR('',#3565,10.);
#890=VECTOR('',#3568,10.);
#891=VECTOR('',#3569,10.);
#892=VECTOR('',#3570,10.);
#893=VECTOR('',#3573,10.);
#894=VECTOR('',#3574,10.);
#895=VECTOR('',#3575,10.);
#896=VECTOR('',#3578,10.);
#897=VECTOR('',#3579,10.);
#898=VECTOR('',#3580,10.);
#899=VECTOR('',#3583,10.);
#900=VECTOR('',#3584,10.);
#901=VECTOR('',#3585,10.);
#902=VECTOR('',#3588,10.);
#903=VECTOR('',#3589,10.);
#904=VECTOR('',#3590,10.);
#905=VECTOR('',#3593,10.);
#906=VECTOR('',#3594,10.);
#907=VECTOR('',#3595,10.);
#908=VECTOR('',#3598,10.);
#909=VECTOR('',#3599,10.);
#910=VECTOR('',#3600,10.);
#911=VECTOR('',#3603,10.);
#912=VECTOR('',#3604,10.);
#913=VECTOR('',#3607,10.);
#914=VECTOR('',#3608,10.);
#915=VECTOR('',#3611,10.);
#916=VECTOR('',#3614,10.);
#917=VECTOR('',#3615,10.);
#918=VECTOR('',#3616,10.);
#919=VECTOR('',#3619,10.);
#920=VECTOR('',#3620,10.);
#921=VECTOR('',#3621,10.);
#922=VECTOR('',#3624,10.);
#923=VECTOR('',#3625,10.);
#924=VECTOR('',#3626,10.);
#925=VECTOR('',#3629,10.);
#926=VECTOR('',#3630,10.);
#927=VECTOR('',#3631,10.);
#928=VECTOR('',#3634,10.);
#929=VECTOR('',#3635,10.);
#930=VECTOR('',#3636,10.);
#931=VECTOR('',#3639,10.);
#932=VECTOR('',#3640,10.);
#933=VECTOR('',#3641,10.);
#934=VECTOR('',#3644,10.);
#935=VECTOR('',#3645,10.);
#936=VECTOR('',#3652,10.);
#937=VECTOR('',#3653,10.);
#938=VECTOR('',#3654,10.);
#939=VECTOR('',#3655,10.);
#940=VECTOR('',#3658,10.);
#941=VECTOR('',#3659,10.);
#942=VECTOR('',#3660,10.);
#943=VECTOR('',#3663,10.);
#944=VECTOR('',#3664,10.);
#945=VECTOR('',#3665,10.);
#946=VECTOR('',#3668,10.);
#947=VECTOR('',#3669,10.);
#948=VECTOR('',#3670,10.);
#949=VECTOR('',#3673,10.);
#950=VECTOR('',#3674,10.);
#951=VECTOR('',#3675,10.);
#952=VECTOR('',#3678,10.);
#953=VECTOR('',#3679,10.);
#954=VECTOR('',#3682,10.);
#955=VECTOR('',#3683,10.);
#956=VECTOR('',#3688,10.);
#957=VECTOR('',#3689,10.);
#958=VECTOR('',#3690,10.);
#959=VECTOR('',#3691,10.);
#960=VECTOR('',#3694,10.);
#961=VECTOR('',#3695,10.);
#962=VECTOR('',#3696,10.);
#963=VECTOR('',#3699,10.);
#964=VECTOR('',#3700,10.);
#965=VECTOR('',#3701,10.);
#966=VECTOR('',#3704,10.);
#967=VECTOR('',#3705,10.);
#968=VECTOR('',#3706,10.);
#969=VECTOR('',#3709,10.);
#970=VECTOR('',#3710,10.);
#971=VECTOR('',#3711,10.);
#972=VECTOR('',#3714,10.);
#973=VECTOR('',#3715,10.);
#974=VECTOR('',#3718,10.);
#975=VECTOR('',#3719,10.);
#976=VECTOR('',#3724,10.);
#977=VECTOR('',#3725,10.);
#978=VECTOR('',#3726,10.);
#979=VECTOR('',#3727,10.);
#980=VECTOR('',#3730,10.);
#981=VECTOR('',#3731,10.);
#982=VECTOR('',#3732,10.);
#983=VECTOR('',#3735,10.);
#984=VECTOR('',#3736,10.);
#985=VECTOR('',#3737,10.);
#986=VECTOR('',#3740,10.);
#987=VECTOR('',#3741,10.);
#988=VECTOR('',#3742,10.);
#989=VECTOR('',#3745,10.);
#990=VECTOR('',#3746,10.);
#991=VECTOR('',#3747,10.);
#992=VECTOR('',#3750,10.);
#993=VECTOR('',#3751,10.);
#994=VECTOR('',#3754,10.);
#995=VECTOR('',#3757,10.);
#996=VECTOR('',#3760,10.);
#997=VECTOR('',#3761,10.);
#998=VECTOR('',#3762,10.);
#999=VECTOR('',#3763,10.);
#1000=VECTOR('',#3766,10.);
#1001=VECTOR('',#3767,10.);
#1002=VECTOR('',#3768,10.);
#1003=VECTOR('',#3771,10.);
#1004=VECTOR('',#3772,10.);
#1005=VECTOR('',#3773,10.);
#1006=VECTOR('',#3776,10.);
#1007=VECTOR('',#3777,10.);
#1008=VECTOR('',#3778,10.);
#1009=VECTOR('',#3781,10.);
#1010=VECTOR('',#3782,10.);
#1011=VECTOR('',#3783,10.);
#1012=VECTOR('',#3786,10.);
#1013=VECTOR('',#3787,10.);
#1014=VECTOR('',#3790,10.);
#1015=VECTOR('',#3791,10.);
#1016=VECTOR('',#3796,10.);
#1017=VECTOR('',#3811,10.);
#1018=VECTOR('',#3814,10.);
#1019=VECTOR('',#3829,10.);
#1020=VECTOR('',#3832,10.);
#1021=VECTOR('',#3847,10.);
#1022=VECTOR('',#3850,10.);
#1023=VECTOR('',#3865,10.);
#1024=VECTOR('',#3868,10.);
#1025=VECTOR('',#3869,10.);
#1026=VECTOR('',#3870,10.);
#1027=VECTOR('',#3873,10.);
#1028=VECTOR('',#3874,10.);
#1029=VECTOR('',#3877,10.);
#1030=VECTOR('',#3878,10.);
#1031=VECTOR('',#3879,10.);
#1032=VECTOR('',#3882,10.);
#1033=VECTOR('',#3883,10.);
#1034=VECTOR('',#3886,10.);
#1035=VECTOR('',#3887,10.);
#1036=VECTOR('',#3888,10.);
#1037=VECTOR('',#3891,10.);
#1038=VECTOR('',#3892,10.);
#1039=VECTOR('',#3895,10.);
#1040=VECTOR('',#3896,10.);
#1041=VECTOR('',#3897,10.);
#1042=VECTOR('',#3900,10.);
#1043=VECTOR('',#3901,10.);
#1044=VECTOR('',#3904,10.);
#1045=VECTOR('',#3905,10.);
#1046=VECTOR('',#3906,10.);
#1047=VECTOR('',#3909,10.);
#1048=VECTOR('',#3910,10.);
#1049=VECTOR('',#3911,10.);
#1050=VECTOR('',#3914,10.);
#1051=VECTOR('',#3915,10.);
#1052=VECTOR('',#3918,10.);
#1053=VECTOR('',#3919,10.);
#1054=VECTOR('',#3922,10.);
#1055=VECTOR('',#3923,10.);
#1056=VECTOR('',#3926,10.);
#1057=VECTOR('',#3929,10.);
#1058=VECTOR('',#3930,10.);
#1059=VECTOR('',#3933,10.);
#1060=VECTOR('',#3934,10.);
#1061=VECTOR('',#3937,10.);
#1062=VECTOR('',#3940,10.);
#1063=VECTOR('',#3941,10.);
#1064=VECTOR('',#3942,10.);
#1065=VECTOR('',#3945,10.);
#1066=VECTOR('',#3946,10.);
#1067=VECTOR('',#3947,10.);
#1068=VECTOR('',#3950,10.);
#1069=VECTOR('',#3951,10.);
#1070=VECTOR('',#3952,10.);
#1071=VECTOR('',#3955,10.);
#1072=VECTOR('',#3956,10.);
#1073=VECTOR('',#3959,10.);
#1074=VECTOR('',#3960,10.);
#1075=VECTOR('',#3963,10.);
#1076=VECTOR('',#3964,10.);
#1077=VECTOR('',#3967,10.);
#1078=VECTOR('',#3970,10.);
#1079=VECTOR('',#3971,10.);
#1080=VECTOR('',#3974,10.);
#1081=VECTOR('',#3975,10.);
#1082=VECTOR('',#3978,10.);
#1083=VECTOR('',#3981,10.);
#1084=VECTOR('',#3982,10.);
#1085=VECTOR('',#3983,10.);
#1086=VECTOR('',#3986,10.);
#1087=VECTOR('',#3987,10.);
#1088=VECTOR('',#3988,10.);
#1089=VECTOR('',#3989,10.);
#1090=VECTOR('',#3992,10.);
#1091=VECTOR('',#3993,10.);
#1092=VECTOR('',#3994,10.);
#1093=VECTOR('',#3995,10.);
#1094=VECTOR('',#3998,10.);
#1095=VECTOR('',#3999,10.);
#1096=VECTOR('',#4002,10.);
#1097=VECTOR('',#4003,10.);
#1098=VECTOR('',#4004,10.);
#1099=VECTOR('',#4005,10.);
#1100=VECTOR('',#4006,10.);
#1101=VECTOR('',#4007,10.);
#1102=VECTOR('',#4008,10.);
#1103=VECTOR('',#4009,10.);
#1104=VECTOR('',#4010,10.);
#1105=VECTOR('',#4011,10.);
#1106=VECTOR('',#4012,10.);
#1107=VECTOR('',#4013,10.);
#1108=VECTOR('',#4014,10.);
#1109=VECTOR('',#4015,10.);
#1110=VECTOR('',#4016,10.);
#1111=VECTOR('',#4017,10.);
#1112=VECTOR('',#4018,10.);
#1113=VECTOR('',#4019,10.);
#1114=VECTOR('',#4022,10.);
#1115=VECTOR('',#4023,10.);
#1116=VECTOR('',#4024,10.);
#1117=VECTOR('',#4027,10.);
#1118=VECTOR('',#4028,10.);
#1119=VECTOR('',#4029,10.);
#1120=VECTOR('',#4030,10.);
#1121=VECTOR('',#4031,10.);
#1122=VECTOR('',#4032,10.);
#1123=VECTOR('',#4033,10.);
#1124=VECTOR('',#4038,10.);
#1125=VECTOR('',#4039,10.);
#1126=VECTOR('',#4040,10.);
#1127=VECTOR('',#4043,10.);
#1128=VECTOR('',#4044,10.);
#1129=VECTOR('',#4045,10.);
#1130=VECTOR('',#4048,10.);
#1131=VECTOR('',#4051,10.);
#1132=VECTOR('',#4052,10.);
#1133=VECTOR('',#4055,10.);
#1134=VECTOR('',#4056,10.);
#1135=VECTOR('',#4057,10.);
#1136=VECTOR('',#4058,10.);
#1137=VECTOR('',#4059,10.);
#1138=VECTOR('',#4060,10.);
#1139=VECTOR('',#4061,10.);
#1140=VECTOR('',#4062,10.);
#1141=VECTOR('',#4063,10.);
#1142=VECTOR('',#4064,10.);
#1143=VECTOR('',#4065,10.);
#1144=VECTOR('',#4066,10.);
#1145=VECTOR('',#4067,10.);
#1146=VECTOR('',#4068,10.);
#1147=VECTOR('',#4069,10.);
#1148=VECTOR('',#4070,10.);
#1149=VECTOR('',#4071,10.);
#1150=VECTOR('',#4074,10.);
#1151=VECTOR('',#4075,10.);
#1152=VECTOR('',#4076,10.);
#1153=VECTOR('',#4077,10.);
#1154=VECTOR('',#4080,10.);
#1155=VECTOR('',#4081,10.);
#1156=VECTOR('',#4082,10.);
#1157=VECTOR('',#4085,10.);
#1158=VECTOR('',#4086,10.);
#1159=VECTOR('',#4087,10.);
#1160=VECTOR('',#4090,10.);
#1161=VECTOR('',#4091,10.);
#1162=VECTOR('',#4092,10.);
#1163=VECTOR('',#4095,10.);
#1164=VECTOR('',#4096,10.);
#1165=VECTOR('',#4097,10.);
#1166=VECTOR('',#4100,10.);
#1167=VECTOR('',#4101,10.);
#1168=VECTOR('',#4108,2.75);
#1169=VECTOR('',#4111,10.);
#1170=VECTOR('',#4114,10.);
#1171=VECTOR('',#4117,10.);
#1172=VECTOR('',#4120,10.);
#1173=VECTOR('',#4123,10.);
#1174=VECTOR('',#4128,10.);
#1175=VECTOR('',#4131,10.);
#1176=VECTOR('',#4134,10.);
#1177=VECTOR('',#4137,10.);
#1178=VECTOR('',#4140,10.);
#1179=VECTOR('',#4143,10.);
#1180=VECTOR('',#4146,10.);
#1181=VECTOR('',#4151,10.);
#1182=VECTOR('',#4154,10.);
#1183=VECTOR('',#4157,10.);
#1184=VERTEX_POINT('',#4162);
#1185=VERTEX_POINT('',#4163);
#1186=VERTEX_POINT('',#4165);
#1187=VERTEX_POINT('',#4167);
#1188=VERTEX_POINT('',#4169);
#1189=VERTEX_POINT('',#4173);
#1190=VERTEX_POINT('',#4175);
#1191=VERTEX_POINT('',#4177);
#1192=VERTEX_POINT('',#4181);
#1193=VERTEX_POINT('',#4183);
#1194=VERTEX_POINT('',#4185);
#1195=VERTEX_POINT('',#4187);
#1196=VERTEX_POINT('',#4189);
#1197=VERTEX_POINT('',#4191);
#1198=VERTEX_POINT('',#4196);
#1199=VERTEX_POINT('',#4197);
#1200=VERTEX_POINT('',#4199);
#1201=VERTEX_POINT('',#4201);
#1202=VERTEX_POINT('',#4203);
#1203=VERTEX_POINT('',#4207);
#1204=VERTEX_POINT('',#4208);
#1205=VERTEX_POINT('',#4210);
#1206=VERTEX_POINT('',#4212);
#1207=VERTEX_POINT('',#4214);
#1208=VERTEX_POINT('',#4216);
#1209=VERTEX_POINT('',#4218);
#1210=VERTEX_POINT('',#4221);
#1211=VERTEX_POINT('',#4225);
#1212=VERTEX_POINT('',#4230);
#1213=VERTEX_POINT('',#4231);
#1214=VERTEX_POINT('',#4233);
#1215=VERTEX_POINT('',#4235);
#1216=VERTEX_POINT('',#4237);
#1217=VERTEX_POINT('',#4241);
#1218=VERTEX_POINT('',#4243);
#1219=VERTEX_POINT('',#4245);
#1220=VERTEX_POINT('',#4249);
#1221=VERTEX_POINT('',#4251);
#1222=VERTEX_POINT('',#4253);
#1223=VERTEX_POINT('',#4255);
#1224=VERTEX_POINT('',#4257);
#1225=VERTEX_POINT('',#4259);
#1226=VERTEX_POINT('',#4264);
#1227=VERTEX_POINT('',#4265);
#1228=VERTEX_POINT('',#4267);
#1229=VERTEX_POINT('',#4269);
#1230=VERTEX_POINT('',#4271);
#1231=VERTEX_POINT('',#4275);
#1232=VERTEX_POINT('',#4277);
#1233=VERTEX_POINT('',#4279);
#1234=VERTEX_POINT('',#4283);
#1235=VERTEX_POINT('',#4285);
#1236=VERTEX_POINT('',#4287);
#1237=VERTEX_POINT('',#4289);
#1238=VERTEX_POINT('',#4291);
#1239=VERTEX_POINT('',#4293);
#1240=VERTEX_POINT('',#4299);
#1241=VERTEX_POINT('',#4301);
#1242=VERTEX_POINT('',#4303);
#1243=VERTEX_POINT('',#4305);
#1244=VERTEX_POINT('',#4309);
#1245=VERTEX_POINT('',#4315);
#1246=VERTEX_POINT('',#4321);
#1247=VERTEX_POINT('',#4328);
#1248=VERTEX_POINT('',#4330);
#1249=VERTEX_POINT('',#4332);
#1250=VERTEX_POINT('',#4334);
#1251=VERTEX_POINT('',#4338);
#1252=VERTEX_POINT('',#4344);
#1253=VERTEX_POINT('',#4350);
#1254=VERTEX_POINT('',#4356);
#1255=VERTEX_POINT('',#4357);
#1256=VERTEX_POINT('',#4359);
#1257=VERTEX_POINT('',#4361);
#1258=VERTEX_POINT('',#4365);
#1259=VERTEX_POINT('',#4367);
#1260=VERTEX_POINT('',#4371);
#1261=VERTEX_POINT('',#4373);
#1262=VERTEX_POINT('',#4377);
#1263=VERTEX_POINT('',#4382);
#1264=VERTEX_POINT('',#4386);
#1265=VERTEX_POINT('',#4392);
#1266=VERTEX_POINT('',#4394);
#1267=VERTEX_POINT('',#4398);
#1268=VERTEX_POINT('',#4400);
#1269=VERTEX_POINT('',#4404);
#1270=VERTEX_POINT('',#4406);
#1271=VERTEX_POINT('',#4410);
#1272=VERTEX_POINT('',#4412);
#1273=VERTEX_POINT('',#4416);
#1274=VERTEX_POINT('',#4418);
#1275=VERTEX_POINT('',#4422);
#1276=VERTEX_POINT('',#4424);
#1277=VERTEX_POINT('',#4428);
#1278=VERTEX_POINT('',#4430);
#1279=VERTEX_POINT('',#4434);
#1280=VERTEX_POINT('',#4439);
#1281=VERTEX_POINT('',#4443);
#1282=VERTEX_POINT('',#4449);
#1283=VERTEX_POINT('',#4451);
#1284=VERTEX_POINT('',#4455);
#1285=VERTEX_POINT('',#4457);
#1286=VERTEX_POINT('',#4461);
#1287=VERTEX_POINT('',#4463);
#1288=VERTEX_POINT('',#4467);
#1289=VERTEX_POINT('',#4469);
#1290=VERTEX_POINT('',#4473);
#1291=VERTEX_POINT('',#4475);
#1292=VERTEX_POINT('',#4479);
#1293=VERTEX_POINT('',#4481);
#1294=VERTEX_POINT('',#4490);
#1295=VERTEX_POINT('',#4491);
#1296=VERTEX_POINT('',#4493);
#1297=VERTEX_POINT('',#4495);
#1298=VERTEX_POINT('',#4499);
#1299=VERTEX_POINT('',#4501);
#1300=VERTEX_POINT('',#4505);
#1301=VERTEX_POINT('',#4507);
#1302=VERTEX_POINT('',#4511);
#1303=VERTEX_POINT('',#4513);
#1304=VERTEX_POINT('',#4517);
#1305=VERTEX_POINT('',#4519);
#1306=VERTEX_POINT('',#4526);
#1307=VERTEX_POINT('',#4527);
#1308=VERTEX_POINT('',#4529);
#1309=VERTEX_POINT('',#4533);
#1310=VERTEX_POINT('',#4534);
#1311=VERTEX_POINT('',#4536);
#1312=VERTEX_POINT('',#4538);
#1313=VERTEX_POINT('',#4542);
#1314=VERTEX_POINT('',#4544);
#1315=VERTEX_POINT('',#4548);
#1316=VERTEX_POINT('',#4550);
#1317=VERTEX_POINT('',#4554);
#1318=VERTEX_POINT('',#4556);
#1319=VERTEX_POINT('',#4560);
#1320=VERTEX_POINT('',#4562);
#1321=VERTEX_POINT('',#4569);
#1322=VERTEX_POINT('',#4570);
#1323=VERTEX_POINT('',#4572);
#1324=VERTEX_POINT('',#4576);
#1325=VERTEX_POINT('',#4577);
#1326=VERTEX_POINT('',#4579);
#1327=VERTEX_POINT('',#4581);
#1328=VERTEX_POINT('',#4585);
#1329=VERTEX_POINT('',#4587);
#1330=VERTEX_POINT('',#4591);
#1331=VERTEX_POINT('',#4593);
#1332=VERTEX_POINT('',#4597);
#1333=VERTEX_POINT('',#4599);
#1334=VERTEX_POINT('',#4603);
#1335=VERTEX_POINT('',#4605);
#1336=VERTEX_POINT('',#4612);
#1337=VERTEX_POINT('',#4613);
#1338=VERTEX_POINT('',#4615);
#1339=VERTEX_POINT('',#4619);
#1340=VERTEX_POINT('',#4620);
#1341=VERTEX_POINT('',#4622);
#1342=VERTEX_POINT('',#4624);
#1343=VERTEX_POINT('',#4628);
#1344=VERTEX_POINT('',#4630);
#1345=VERTEX_POINT('',#4634);
#1346=VERTEX_POINT('',#4636);
#1347=VERTEX_POINT('',#4640);
#1348=VERTEX_POINT('',#4642);
#1349=VERTEX_POINT('',#4646);
#1350=VERTEX_POINT('',#4648);
#1351=VERTEX_POINT('',#4655);
#1352=VERTEX_POINT('',#4656);
#1353=VERTEX_POINT('',#4658);
#1354=VERTEX_POINT('',#4662);
#1355=VERTEX_POINT('',#4664);
#1356=VERTEX_POINT('',#4666);
#1357=VERTEX_POINT('',#4668);
#1358=VERTEX_POINT('',#4670);
#1359=VERTEX_POINT('',#4672);
#1360=VERTEX_POINT('',#4674);
#1361=VERTEX_POINT('',#4676);
#1362=VERTEX_POINT('',#4680);
#1363=VERTEX_POINT('',#4682);
#1364=VERTEX_POINT('',#4684);
#1365=VERTEX_POINT('',#4686);
#1366=VERTEX_POINT('',#4688);
#1367=VERTEX_POINT('',#4690);
#1368=VERTEX_POINT('',#4692);
#1369=VERTEX_POINT('',#4694);
#1370=VERTEX_POINT('',#4698);
#1371=VERTEX_POINT('',#4700);
#1372=VERTEX_POINT('',#4702);
#1373=VERTEX_POINT('',#4704);
#1374=VERTEX_POINT('',#4706);
#1375=VERTEX_POINT('',#4708);
#1376=VERTEX_POINT('',#4710);
#1377=VERTEX_POINT('',#4712);
#1378=VERTEX_POINT('',#4716);
#1379=VERTEX_POINT('',#4718);
#1380=VERTEX_POINT('',#4720);
#1381=VERTEX_POINT('',#4722);
#1382=VERTEX_POINT('',#4724);
#1383=VERTEX_POINT('',#4726);
#1384=VERTEX_POINT('',#4728);
#1385=VERTEX_POINT('',#4730);
#1386=VERTEX_POINT('',#4734);
#1387=VERTEX_POINT('',#4736);
#1388=VERTEX_POINT('',#4740);
#1389=VERTEX_POINT('',#4744);
#1390=VERTEX_POINT('',#4746);
#1391=VERTEX_POINT('',#4750);
#1392=VERTEX_POINT('',#4754);
#1393=VERTEX_POINT('',#4756);
#1394=VERTEX_POINT('',#4760);
#1395=VERTEX_POINT('',#4764);
#1396=VERTEX_POINT('',#4766);
#1397=VERTEX_POINT('',#4770);
#1398=VERTEX_POINT('',#4774);
#1399=VERTEX_POINT('',#4776);
#1400=VERTEX_POINT('',#4780);
#1401=VERTEX_POINT('',#4782);
#1402=VERTEX_POINT('',#4789);
#1403=VERTEX_POINT('',#4793);
#1404=VERTEX_POINT('',#4799);
#1405=VERTEX_POINT('',#4803);
#1406=VERTEX_POINT('',#4809);
#1407=VERTEX_POINT('',#4811);
#1408=VERTEX_POINT('',#4815);
#1409=VERTEX_POINT('',#4817);
#1410=VERTEX_POINT('',#4821);
#1411=VERTEX_POINT('',#4823);
#1412=VERTEX_POINT('',#4830);
#1413=VERTEX_POINT('',#4834);
#1414=VERTEX_POINT('',#4840);
#1415=VERTEX_POINT('',#4844);
#1416=VERTEX_POINT('',#4850);
#1417=VERTEX_POINT('',#4852);
#1418=VERTEX_POINT('',#4856);
#1419=VERTEX_POINT('',#4857);
#1420=VERTEX_POINT('',#4859);
#1421=VERTEX_POINT('',#4861);
#1422=VERTEX_POINT('',#4865);
#1423=VERTEX_POINT('',#4866);
#1424=VERTEX_POINT('',#4868);
#1425=VERTEX_POINT('',#4870);
#1426=VERTEX_POINT('',#4877);
#1427=VERTEX_POINT('',#4879);
#1428=VERTEX_POINT('',#4881);
#1429=VERTEX_POINT('',#4884);
#1430=VERTEX_POINT('',#4886);
#1431=VERTEX_POINT('',#4888);
#1432=VERTEX_POINT('',#4890);
#1433=VERTEX_POINT('',#4892);
#1434=VERTEX_POINT('',#4894);
#1435=VERTEX_POINT('',#4896);
#1436=VERTEX_POINT('',#4899);
#1437=VERTEX_POINT('',#4901);
#1438=VERTEX_POINT('',#4903);
#1439=VERTEX_POINT('',#4905);
#1440=VERTEX_POINT('',#4907);
#1441=VERTEX_POINT('',#4911);
#1442=VERTEX_POINT('',#4913);
#1443=VERTEX_POINT('',#4917);
#1444=VERTEX_POINT('',#4919);
#1445=VERTEX_POINT('',#4921);
#1446=VERTEX_POINT('',#4923);
#1447=VERTEX_POINT('',#4925);
#1448=VERTEX_POINT('',#4927);
#1449=VERTEX_POINT('',#4930);
#1450=VERTEX_POINT('',#4933);
#1451=VERTEX_POINT('',#4935);
#1452=VERTEX_POINT('',#4939);
#1453=VERTEX_POINT('',#4941);
#1454=VERTEX_POINT('',#4947);
#1455=VERTEX_POINT('',#4951);
#1456=VERTEX_POINT('',#4953);
#1457=VERTEX_POINT('',#4955);
#1458=VERTEX_POINT('',#4957);
#1459=VERTEX_POINT('',#4960);
#1460=VERTEX_POINT('',#4962);
#1461=VERTEX_POINT('',#4964);
#1462=VERTEX_POINT('',#4966);
#1463=VERTEX_POINT('',#4968);
#1464=VERTEX_POINT('',#4970);
#1465=VERTEX_POINT('',#4972);
#1466=VERTEX_POINT('',#4975);
#1467=VERTEX_POINT('',#4977);
#1468=VERTEX_POINT('',#4979);
#1469=VERTEX_POINT('',#4983);
#1470=VERTEX_POINT('',#4984);
#1471=VERTEX_POINT('',#4986);
#1472=VERTEX_POINT('',#4988);
#1473=VERTEX_POINT('',#4992);
#1474=VERTEX_POINT('',#4994);
#1475=VERTEX_POINT('',#4998);
#1476=VERTEX_POINT('',#5000);
#1477=VERTEX_POINT('',#5004);
#1478=VERTEX_POINT('',#5006);
#1479=VERTEX_POINT('',#5010);
#1480=VERTEX_POINT('',#5012);
#1481=VERTEX_POINT('',#5019);
#1482=EDGE_CURVE('',#1184,#1185,#422,.T.);
#1483=EDGE_CURVE('',#1186,#1184,#423,.T.);
#1484=EDGE_CURVE('',#1187,#1186,#424,.T.);
#1485=EDGE_CURVE('',#1187,#1188,#425,.T.);
#1486=EDGE_CURVE('',#1185,#1188,#426,.T.);
#1487=EDGE_CURVE('',#1189,#1184,#427,.T.);
#1488=EDGE_CURVE('',#1190,#1189,#428,.T.);
#1489=EDGE_CURVE('',#1191,#1190,#429,.T.);
#1490=EDGE_CURVE('',#1186,#1191,#430,.T.);
#1491=EDGE_CURVE('',#1192,#1190,#42,.T.);
#1492=EDGE_CURVE('',#1193,#1192,#43,.T.);
#1493=EDGE_CURVE('',#1194,#1193,#44,.T.);
#1494=EDGE_CURVE('',#1195,#1194,#45,.T.);
#1495=EDGE_CURVE('',#1196,#1195,#46,.T.);
#1496=EDGE_CURVE('',#1197,#1196,#47,.T.);
#1497=EDGE_CURVE('',#1188,#1197,#48,.T.);
#1498=EDGE_CURVE('',#1191,#1187,#32,.T.);
#1499=EDGE_CURVE('',#1198,#1199,#431,.T.);
#1500=EDGE_CURVE('',#1200,#1198,#432,.T.);
#1501=EDGE_CURVE('',#1201,#1200,#433,.T.);
#1502=EDGE_CURVE('',#1201,#1202,#434,.T.);
#1503=EDGE_CURVE('',#1199,#1202,#435,.T.);
#1504=EDGE_CURVE('',#1203,#1204,#49,.T.);
#1505=EDGE_CURVE('',#1205,#1203,#50,.T.);
#1506=EDGE_CURVE('',#1206,#1205,#51,.T.);
#1507=EDGE_CURVE('',#1207,#1206,#52,.T.);
#1508=EDGE_CURVE('',#1208,#1207,#53,.T.);
#1509=EDGE_CURVE('',#1209,#1208,#54,.T.);
#1510=EDGE_CURVE('',#1202,#1209,#55,.T.);
#1511=EDGE_CURVE('',#1210,#1201,#33,.T.);
#1512=EDGE_CURVE('',#1210,#1204,#436,.T.);
#1513=EDGE_CURVE('',#1211,#1198,#437,.T.);
#1514=EDGE_CURVE('',#1204,#1211,#438,.T.);
#1515=EDGE_CURVE('',#1200,#1210,#439,.T.);
#1516=EDGE_CURVE('',#1212,#1213,#440,.T.);
#1517=EDGE_CURVE('',#1214,#1212,#441,.T.);
#1518=EDGE_CURVE('',#1215,#1214,#442,.T.);
#1519=EDGE_CURVE('',#1215,#1216,#443,.T.);
#1520=EDGE_CURVE('',#1213,#1216,#444,.T.);
#1521=EDGE_CURVE('',#1217,#1212,#445,.T.);
#1522=EDGE_CURVE('',#1218,#1217,#446,.T.);
#1523=EDGE_CURVE('',#1219,#1218,#447,.T.);
#1524=EDGE_CURVE('',#1214,#1219,#448,.T.);
#1525=EDGE_CURVE('',#1220,#1218,#56,.T.);
#1526=EDGE_CURVE('',#1221,#1220,#57,.T.);
#1527=EDGE_CURVE('',#1222,#1221,#58,.T.);
#1528=EDGE_CURVE('',#1223,#1222,#59,.T.);
#1529=EDGE_CURVE('',#1224,#1223,#60,.T.);
#1530=EDGE_CURVE('',#1225,#1224,#61,.T.);
#1531=EDGE_CURVE('',#1216,#1225,#62,.T.);
#1532=EDGE_CURVE('',#1219,#1215,#34,.T.);
#1533=EDGE_CURVE('',#1226,#1227,#449,.T.);
#1534=EDGE_CURVE('',#1228,#1226,#450,.T.);
#1535=EDGE_CURVE('',#1229,#1228,#451,.T.);
#1536=EDGE_CURVE('',#1229,#1230,#452,.T.);
#1537=EDGE_CURVE('',#1227,#1230,#453,.T.);
#1538=EDGE_CURVE('',#1231,#1226,#454,.T.);
#1539=EDGE_CURVE('',#1232,#1231,#455,.T.);
#1540=EDGE_CURVE('',#1233,#1232,#456,.T.);
#1541=EDGE_CURVE('',#1228,#1233,#457,.T.);
#1542=EDGE_CURVE('',#1234,#1232,#63,.T.);
#1543=EDGE_CURVE('',#1235,#1234,#64,.T.);
#1544=EDGE_CURVE('',#1236,#1235,#65,.T.);
#1545=EDGE_CURVE('',#1237,#1236,#66,.T.);
#1546=EDGE_CURVE('',#1238,#1237,#67,.T.);
#1547=EDGE_CURVE('',#1239,#1238,#68,.T.);
#1548=EDGE_CURVE('',#1230,#1239,#69,.T.);
#1549=EDGE_CURVE('',#1233,#1229,#35,.T.);
#1550=EDGE_CURVE('',#1185,#1211,#458,.T.);
#1551=EDGE_CURVE('',#1199,#1240,#459,.T.);
#1552=EDGE_CURVE('',#1241,#1240,#460,.T.);
#1553=EDGE_CURVE('',#1242,#1241,#461,.T.);
#1554=EDGE_CURVE('',#1243,#1242,#462,.T.);
#1555=EDGE_CURVE('',#1243,#1189,#463,.T.);
#1556=EDGE_CURVE('',#1209,#1244,#464,.T.);
#1557=EDGE_CURVE('',#1240,#1244,#465,.T.);
#1558=EDGE_CURVE('',#1197,#1203,#466,.T.);
#1559=EDGE_CURVE('',#1208,#1245,#467,.T.);
#1560=EDGE_CURVE('',#1244,#1245,#468,.T.);
#1561=EDGE_CURVE('',#1196,#1205,#469,.T.);
#1562=EDGE_CURVE('',#1207,#1246,#470,.T.);
#1563=EDGE_CURVE('',#1245,#1246,#471,.T.);
#1564=EDGE_CURVE('',#1195,#1206,#472,.T.);
#1565=EDGE_CURVE('',#1213,#1231,#473,.T.);
#1566=EDGE_CURVE('',#1227,#1247,#474,.T.);
#1567=EDGE_CURVE('',#1248,#1247,#475,.T.);
#1568=EDGE_CURVE('',#1249,#1248,#476,.T.);
#1569=EDGE_CURVE('',#1250,#1249,#477,.T.);
#1570=EDGE_CURVE('',#1250,#1217,#478,.T.);
#1571=EDGE_CURVE('',#1239,#1251,#479,.T.);
#1572=EDGE_CURVE('',#1247,#1251,#480,.T.);
#1573=EDGE_CURVE('',#1225,#1234,#481,.T.);
#1574=EDGE_CURVE('',#1238,#1252,#482,.T.);
#1575=EDGE_CURVE('',#1251,#1252,#483,.T.);
#1576=EDGE_CURVE('',#1224,#1235,#484,.T.);
#1577=EDGE_CURVE('',#1237,#1253,#485,.T.);
#1578=EDGE_CURVE('',#1252,#1253,#486,.T.);
#1579=EDGE_CURVE('',#1223,#1236,#487,.T.);
#1580=EDGE_CURVE('',#1254,#1255,#488,.T.);
#1581=EDGE_CURVE('',#1254,#1256,#489,.T.);
#1582=EDGE_CURVE('',#1257,#1256,#490,.T.);
#1583=EDGE_CURVE('',#1255,#1257,#491,.T.);
#1584=EDGE_CURVE('',#1255,#1258,#492,.T.);
#1585=EDGE_CURVE('',#1259,#1257,#493,.T.);
#1586=EDGE_CURVE('',#1258,#1259,#494,.T.);
#1587=EDGE_CURVE('',#1258,#1260,#495,.T.);
#1588=EDGE_CURVE('',#1261,#1259,#496,.T.);
#1589=EDGE_CURVE('',#1260,#1261,#497,.T.);
#1590=EDGE_CURVE('',#1262,#1222,#498,.T.);
#1591=EDGE_CURVE('',#1260,#1262,#499,.T.);
#1592=EDGE_CURVE('',#1253,#1261,#500,.T.);
#1593=EDGE_CURVE('',#1263,#1221,#501,.T.);
#1594=EDGE_CURVE('',#1262,#1263,#502,.T.);
#1595=EDGE_CURVE('',#1264,#1220,#503,.T.);
#1596=EDGE_CURVE('',#1263,#1264,#504,.T.);
#1597=EDGE_CURVE('',#1264,#1250,#505,.T.);
#1598=EDGE_CURVE('',#1249,#1265,#506,.T.);
#1599=EDGE_CURVE('',#1266,#1248,#507,.T.);
#1600=EDGE_CURVE('',#1265,#1266,#508,.T.);
#1601=EDGE_CURVE('',#1265,#1267,#509,.T.);
#1602=EDGE_CURVE('',#1268,#1266,#510,.T.);
#1603=EDGE_CURVE('',#1267,#1268,#511,.T.);
#1604=EDGE_CURVE('',#1267,#1269,#512,.T.);
#1605=EDGE_CURVE('',#1270,#1268,#513,.T.);
#1606=EDGE_CURVE('',#1269,#1270,#514,.T.);
#1607=EDGE_CURVE('',#1269,#1271,#515,.T.);
#1608=EDGE_CURVE('',#1272,#1270,#516,.T.);
#1609=EDGE_CURVE('',#1271,#1272,#517,.T.);
#1610=EDGE_CURVE('',#1271,#1273,#518,.T.);
#1611=EDGE_CURVE('',#1274,#1272,#519,.T.);
#1612=EDGE_CURVE('',#1273,#1274,#520,.T.);
#1613=EDGE_CURVE('',#1273,#1275,#521,.T.);
#1614=EDGE_CURVE('',#1276,#1274,#522,.T.);
#1615=EDGE_CURVE('',#1275,#1276,#523,.T.);
#1616=EDGE_CURVE('',#1275,#1277,#524,.T.);
#1617=EDGE_CURVE('',#1278,#1276,#525,.T.);
#1618=EDGE_CURVE('',#1277,#1278,#526,.T.);
#1619=EDGE_CURVE('',#1279,#1194,#527,.T.);
#1620=EDGE_CURVE('',#1277,#1279,#528,.T.);
#1621=EDGE_CURVE('',#1246,#1278,#529,.T.);
#1622=EDGE_CURVE('',#1280,#1193,#530,.T.);
#1623=EDGE_CURVE('',#1279,#1280,#531,.T.);
#1624=EDGE_CURVE('',#1281,#1192,#532,.T.);
#1625=EDGE_CURVE('',#1280,#1281,#533,.T.);
#1626=EDGE_CURVE('',#1281,#1243,#534,.T.);
#1627=EDGE_CURVE('',#1242,#1282,#535,.T.);
#1628=EDGE_CURVE('',#1283,#1241,#536,.T.);
#1629=EDGE_CURVE('',#1282,#1283,#537,.T.);
#1630=EDGE_CURVE('',#1282,#1284,#538,.T.);
#1631=EDGE_CURVE('',#1285,#1283,#539,.T.);
#1632=EDGE_CURVE('',#1284,#1285,#540,.T.);
#1633=EDGE_CURVE('',#1284,#1286,#541,.T.);
#1634=EDGE_CURVE('',#1287,#1285,#542,.T.);
#1635=EDGE_CURVE('',#1286,#1287,#543,.T.);
#1636=EDGE_CURVE('',#1286,#1288,#544,.T.);
#1637=EDGE_CURVE('',#1289,#1287,#545,.T.);
#1638=EDGE_CURVE('',#1288,#1289,#546,.T.);
#1639=EDGE_CURVE('',#1288,#1290,#547,.T.);
#1640=EDGE_CURVE('',#1291,#1289,#548,.T.);
#1641=EDGE_CURVE('',#1290,#1291,#549,.T.);
#1642=EDGE_CURVE('',#1292,#1290,#550,.T.);
#1643=EDGE_CURVE('',#1293,#1291,#551,.T.);
#1644=EDGE_CURVE('',#1292,#1293,#552,.T.);
#1645=EDGE_CURVE('',#1292,#1254,#553,.T.);
#1646=EDGE_CURVE('',#1256,#1293,#554,.T.);
#1647=EDGE_CURVE('',#1294,#1295,#555,.T.);
#1648=EDGE_CURVE('',#1294,#1296,#556,.T.);
#1649=EDGE_CURVE('',#1296,#1297,#557,.T.);
#1650=EDGE_CURVE('',#1295,#1297,#558,.T.);
#1651=EDGE_CURVE('',#1298,#1294,#559,.T.);
#1652=EDGE_CURVE('',#1298,#1299,#560,.T.);
#1653=EDGE_CURVE('',#1299,#1296,#561,.T.);
#1654=EDGE_CURVE('',#1300,#1298,#562,.T.);
#1655=EDGE_CURVE('',#1300,#1301,#563,.T.);
#1656=EDGE_CURVE('',#1301,#1299,#564,.T.);
#1657=EDGE_CURVE('',#1302,#1300,#565,.T.);
#1658=EDGE_CURVE('',#1302,#1303,#566,.T.);
#1659=EDGE_CURVE('',#1303,#1301,#567,.T.);
#1660=EDGE_CURVE('',#1304,#1302,#568,.T.);
#1661=EDGE_CURVE('',#1304,#1305,#569,.T.);
#1662=EDGE_CURVE('',#1305,#1303,#570,.T.);
#1663=EDGE_CURVE('',#1295,#1304,#571,.T.);
#1664=EDGE_CURVE('',#1297,#1305,#572,.T.);
#1665=EDGE_CURVE('',#1306,#1307,#573,.T.);
#1666=EDGE_CURVE('',#1308,#1306,#574,.T.);
#1667=EDGE_CURVE('',#1307,#1308,#36,.T.);
#1668=EDGE_CURVE('',#1309,#1310,#575,.T.);
#1669=EDGE_CURVE('',#1309,#1311,#576,.T.);
#1670=EDGE_CURVE('',#1311,#1312,#577,.T.);
#1671=EDGE_CURVE('',#1310,#1312,#578,.T.);
#1672=EDGE_CURVE('',#1313,#1309,#579,.T.);
#1673=EDGE_CURVE('',#1313,#1314,#580,.T.);
#1674=EDGE_CURVE('',#1314,#1311,#581,.T.);
#1675=EDGE_CURVE('',#1315,#1313,#582,.T.);
#1676=EDGE_CURVE('',#1315,#1316,#583,.T.);
#1677=EDGE_CURVE('',#1316,#1314,#584,.T.);
#1678=EDGE_CURVE('',#1317,#1315,#585,.T.);
#1679=EDGE_CURVE('',#1317,#1318,#586,.T.);
#1680=EDGE_CURVE('',#1318,#1316,#587,.T.);
#1681=EDGE_CURVE('',#1319,#1317,#588,.T.);
#1682=EDGE_CURVE('',#1319,#1320,#589,.T.);
#1683=EDGE_CURVE('',#1320,#1318,#590,.T.);
#1684=EDGE_CURVE('',#1310,#1319,#591,.T.);
#1685=EDGE_CURVE('',#1312,#1320,#592,.T.);
#1686=EDGE_CURVE('',#1321,#1322,#593,.T.);
#1687=EDGE_CURVE('',#1323,#1321,#594,.T.);
#1688=EDGE_CURVE('',#1322,#1323,#37,.T.);
#1689=EDGE_CURVE('',#1324,#1325,#595,.T.);
#1690=EDGE_CURVE('',#1324,#1326,#596,.T.);
#1691=EDGE_CURVE('',#1326,#1327,#597,.T.);
#1692=EDGE_CURVE('',#1325,#1327,#598,.T.);
#1693=EDGE_CURVE('',#1328,#1324,#599,.T.);
#1694=EDGE_CURVE('',#1328,#1329,#600,.T.);
#1695=EDGE_CURVE('',#1329,#1326,#601,.T.);
#1696=EDGE_CURVE('',#1330,#1328,#602,.T.);
#1697=EDGE_CURVE('',#1330,#1331,#603,.T.);
#1698=EDGE_CURVE('',#1331,#1329,#604,.T.);
#1699=EDGE_CURVE('',#1332,#1330,#605,.T.);
#1700=EDGE_CURVE('',#1332,#1333,#606,.T.);
#1701=EDGE_CURVE('',#1333,#1331,#607,.T.);
#1702=EDGE_CURVE('',#1334,#1332,#608,.T.);
#1703=EDGE_CURVE('',#1334,#1335,#609,.T.);
#1704=EDGE_CURVE('',#1335,#1333,#610,.T.);
#1705=EDGE_CURVE('',#1325,#1334,#611,.T.);
#1706=EDGE_CURVE('',#1327,#1335,#612,.T.);
#1707=EDGE_CURVE('',#1336,#1337,#613,.T.);
#1708=EDGE_CURVE('',#1338,#1336,#38,.T.);
#1709=EDGE_CURVE('',#1337,#1338,#614,.T.);
#1710=EDGE_CURVE('',#1339,#1340,#615,.T.);
#1711=EDGE_CURVE('',#1339,#1341,#616,.T.);
#1712=EDGE_CURVE('',#1341,#1342,#617,.T.);
#1713=EDGE_CURVE('',#1340,#1342,#618,.T.);
#1714=EDGE_CURVE('',#1343,#1339,#619,.T.);
#1715=EDGE_CURVE('',#1343,#1344,#620,.T.);
#1716=EDGE_CURVE('',#1344,#1341,#621,.T.);
#1717=EDGE_CURVE('',#1345,#1343,#622,.T.);
#1718=EDGE_CURVE('',#1345,#1346,#623,.T.);
#1719=EDGE_CURVE('',#1346,#1344,#624,.T.);
#1720=EDGE_CURVE('',#1347,#1345,#625,.T.);
#1721=EDGE_CURVE('',#1347,#1348,#626,.T.);
#1722=EDGE_CURVE('',#1348,#1346,#627,.T.);
#1723=EDGE_CURVE('',#1349,#1347,#628,.T.);
#1724=EDGE_CURVE('',#1349,#1350,#629,.T.);
#1725=EDGE_CURVE('',#1350,#1348,#630,.T.);
#1726=EDGE_CURVE('',#1340,#1349,#631,.T.);
#1727=EDGE_CURVE('',#1342,#1350,#632,.T.);
#1728=EDGE_CURVE('',#1351,#1352,#633,.T.);
#1729=EDGE_CURVE('',#1353,#1351,#634,.T.);
#1730=EDGE_CURVE('',#1352,#1353,#39,.T.);
#1731=EDGE_CURVE('',#1354,#1308,#635,.T.);
#1732=EDGE_CURVE('',#1355,#1354,#70,.T.);
#1733=EDGE_CURVE('',#1356,#1355,#71,.T.);
#1734=EDGE_CURVE('',#1357,#1356,#72,.T.);
#1735=EDGE_CURVE('',#1358,#1357,#73,.T.);
#1736=EDGE_CURVE('',#1359,#1358,#74,.T.);
#1737=EDGE_CURVE('',#1360,#1359,#75,.T.);
#1738=EDGE_CURVE('',#1361,#1360,#76,.T.);
#1739=EDGE_CURVE('',#1361,#1307,#636,.T.);
#1740=EDGE_CURVE('',#1362,#1323,#637,.T.);
#1741=EDGE_CURVE('',#1363,#1362,#77,.T.);
#1742=EDGE_CURVE('',#1364,#1363,#78,.T.);
#1743=EDGE_CURVE('',#1365,#1364,#79,.T.);
#1744=EDGE_CURVE('',#1366,#1365,#80,.T.);
#1745=EDGE_CURVE('',#1367,#1366,#81,.T.);
#1746=EDGE_CURVE('',#1368,#1367,#82,.T.);
#1747=EDGE_CURVE('',#1369,#1368,#83,.T.);
#1748=EDGE_CURVE('',#1369,#1322,#638,.T.);
#1749=EDGE_CURVE('',#1370,#1336,#639,.T.);
#1750=EDGE_CURVE('',#1371,#1370,#84,.T.);
#1751=EDGE_CURVE('',#1372,#1371,#85,.T.);
#1752=EDGE_CURVE('',#1373,#1372,#86,.T.);
#1753=EDGE_CURVE('',#1374,#1373,#87,.T.);
#1754=EDGE_CURVE('',#1375,#1374,#88,.T.);
#1755=EDGE_CURVE('',#1376,#1375,#89,.T.);
#1756=EDGE_CURVE('',#1377,#1376,#90,.T.);
#1757=EDGE_CURVE('',#1377,#1338,#640,.T.);
#1758=EDGE_CURVE('',#1378,#1353,#641,.T.);
#1759=EDGE_CURVE('',#1379,#1378,#91,.T.);
#1760=EDGE_CURVE('',#1380,#1379,#92,.T.);
#1761=EDGE_CURVE('',#1381,#1380,#93,.T.);
#1762=EDGE_CURVE('',#1382,#1381,#94,.T.);
#1763=EDGE_CURVE('',#1383,#1382,#95,.T.);
#1764=EDGE_CURVE('',#1384,#1383,#96,.T.);
#1765=EDGE_CURVE('',#1385,#1384,#97,.T.);
#1766=EDGE_CURVE('',#1385,#1352,#642,.T.);
#1767=EDGE_CURVE('',#1386,#1361,#643,.T.);
#1768=EDGE_CURVE('',#1387,#1386,#644,.T.);
#1769=EDGE_CURVE('',#1387,#1306,#645,.T.);
#1770=EDGE_CURVE('',#1388,#1387,#646,.T.);
#1771=EDGE_CURVE('',#1354,#1388,#647,.T.);
#1772=EDGE_CURVE('',#1389,#1337,#648,.T.);
#1773=EDGE_CURVE('',#1390,#1389,#649,.T.);
#1774=EDGE_CURVE('',#1370,#1390,#650,.T.);
#1775=EDGE_CURVE('',#1391,#1377,#651,.T.);
#1776=EDGE_CURVE('',#1389,#1391,#652,.T.);
#1777=EDGE_CURVE('',#1392,#1369,#653,.T.);
#1778=EDGE_CURVE('',#1393,#1392,#654,.T.);
#1779=EDGE_CURVE('',#1393,#1321,#655,.T.);
#1780=EDGE_CURVE('',#1394,#1393,#656,.T.);
#1781=EDGE_CURVE('',#1362,#1394,#657,.T.);
#1782=EDGE_CURVE('',#1395,#1385,#658,.T.);
#1783=EDGE_CURVE('',#1396,#1395,#659,.T.);
#1784=EDGE_CURVE('',#1396,#1351,#660,.T.);
#1785=EDGE_CURVE('',#1397,#1396,#661,.T.);
#1786=EDGE_CURVE('',#1378,#1397,#662,.T.);
#1787=EDGE_CURVE('',#1372,#1398,#663,.T.);
#1788=EDGE_CURVE('',#1399,#1398,#664,.T.);
#1789=EDGE_CURVE('',#1373,#1399,#665,.T.);
#1790=EDGE_CURVE('',#1400,#1358,#666,.T.);
#1791=EDGE_CURVE('',#1400,#1401,#667,.T.);
#1792=EDGE_CURVE('',#1401,#1359,#668,.T.);
#1793=EDGE_CURVE('',#1356,#1375,#669,.T.);
#1794=EDGE_CURVE('',#1357,#1374,#670,.T.);
#1795=EDGE_CURVE('',#1371,#1402,#671,.T.);
#1796=EDGE_CURVE('',#1398,#1402,#672,.T.);
#1797=EDGE_CURVE('',#1401,#1403,#673,.T.);
#1798=EDGE_CURVE('',#1403,#1360,#674,.T.);
#1799=EDGE_CURVE('',#1355,#1376,#675,.T.);
#1800=EDGE_CURVE('',#1390,#1404,#676,.T.);
#1801=EDGE_CURVE('',#1402,#1404,#677,.T.);
#1802=EDGE_CURVE('',#1403,#1405,#678,.T.);
#1803=EDGE_CURVE('',#1405,#1386,#679,.T.);
#1804=EDGE_CURVE('',#1388,#1391,#680,.T.);
#1805=EDGE_CURVE('',#1405,#1406,#681,.T.);
#1806=EDGE_CURVE('',#1406,#1407,#682,.T.);
#1807=EDGE_CURVE('',#1404,#1407,#683,.T.);
#1808=EDGE_CURVE('',#1380,#1408,#684,.T.);
#1809=EDGE_CURVE('',#1409,#1408,#685,.T.);
#1810=EDGE_CURVE('',#1381,#1409,#686,.T.);
#1811=EDGE_CURVE('',#1410,#1366,#687,.T.);
#1812=EDGE_CURVE('',#1410,#1411,#688,.T.);
#1813=EDGE_CURVE('',#1411,#1367,#689,.T.);
#1814=EDGE_CURVE('',#1364,#1383,#690,.T.);
#1815=EDGE_CURVE('',#1365,#1382,#691,.T.);
#1816=EDGE_CURVE('',#1379,#1412,#692,.T.);
#1817=EDGE_CURVE('',#1408,#1412,#693,.T.);
#1818=EDGE_CURVE('',#1411,#1413,#694,.T.);
#1819=EDGE_CURVE('',#1413,#1368,#695,.T.);
#1820=EDGE_CURVE('',#1363,#1384,#696,.T.);
#1821=EDGE_CURVE('',#1397,#1414,#697,.T.);
#1822=EDGE_CURVE('',#1412,#1414,#698,.T.);
#1823=EDGE_CURVE('',#1413,#1415,#699,.T.);
#1824=EDGE_CURVE('',#1415,#1392,#700,.T.);
#1825=EDGE_CURVE('',#1394,#1395,#701,.T.);
#1826=EDGE_CURVE('',#1415,#1416,#702,.T.);
#1827=EDGE_CURVE('',#1416,#1417,#703,.T.);
#1828=EDGE_CURVE('',#1414,#1417,#704,.T.);
#1829=EDGE_CURVE('',#1418,#1419,#705,.F.);
#1830=EDGE_CURVE('',#1420,#1418,#706,.T.);
#1831=EDGE_CURVE('',#1420,#1421,#707,.F.);
#1832=EDGE_CURVE('',#1419,#1421,#708,.T.);
#1833=EDGE_CURVE('',#1422,#1423,#709,.F.);
#1834=EDGE_CURVE('',#1424,#1422,#710,.T.);
#1835=EDGE_CURVE('',#1424,#1425,#711,.F.);
#1836=EDGE_CURVE('',#1423,#1425,#712,.T.);
#1837=EDGE_CURVE('',#1421,#1424,#713,.T.);
#1838=EDGE_CURVE('',#1425,#1420,#714,.T.);
#1839=EDGE_CURVE('',#1423,#1426,#715,.T.);
#1840=EDGE_CURVE('',#1427,#1426,#716,.T.);
#1841=EDGE_CURVE('',#1428,#1427,#717,.T.);
#1842=EDGE_CURVE('',#1406,#1428,#718,.T.);
#1843=EDGE_CURVE('',#1429,#1400,#719,.T.);
#1844=EDGE_CURVE('',#1430,#1429,#720,.T.);
#1845=EDGE_CURVE('',#1431,#1430,#721,.T.);
#1846=EDGE_CURVE('',#1432,#1431,#722,.T.);
#1847=EDGE_CURVE('',#1433,#1432,#723,.T.);
#1848=EDGE_CURVE('',#1434,#1433,#724,.T.);
#1849=EDGE_CURVE('',#1435,#1434,#725,.T.);
#1850=EDGE_CURVE('',#1416,#1435,#726,.T.);
#1851=EDGE_CURVE('',#1436,#1410,#727,.T.);
#1852=EDGE_CURVE('',#1437,#1436,#728,.T.);
#1853=EDGE_CURVE('',#1438,#1437,#729,.T.);
#1854=EDGE_CURVE('',#1439,#1438,#730,.T.);
#1855=EDGE_CURVE('',#1440,#1439,#731,.T.);
#1856=EDGE_CURVE('',#1422,#1440,#732,.T.);
#1857=EDGE_CURVE('',#1441,#1419,#733,.T.);
#1858=EDGE_CURVE('',#1442,#1441,#734,.T.);
#1859=EDGE_CURVE('',#1442,#1418,#735,.T.);
#1860=EDGE_CURVE('',#1440,#1443,#736,.T.);
#1861=EDGE_CURVE('',#1444,#1443,#737,.T.);
#1862=EDGE_CURVE('',#1444,#1445,#738,.T.);
#1863=EDGE_CURVE('',#1445,#1446,#739,.T.);
#1864=EDGE_CURVE('',#1446,#1447,#740,.T.);
#1865=EDGE_CURVE('',#1448,#1447,#741,.T.);
#1866=EDGE_CURVE('',#1441,#1448,#742,.T.);
#1867=EDGE_CURVE('',#1449,#1449,#40,.T.);
#1868=EDGE_CURVE('',#1450,#1444,#743,.T.);
#1869=EDGE_CURVE('',#1451,#1450,#744,.T.);
#1870=EDGE_CURVE('',#1451,#1445,#745,.F.);
#1871=EDGE_CURVE('',#1447,#1452,#746,.T.);
#1872=EDGE_CURVE('',#1446,#1453,#747,.F.);
#1873=EDGE_CURVE('',#1452,#1453,#748,.T.);
#1874=EDGE_CURVE('',#1453,#1451,#749,.T.);
#1875=EDGE_CURVE('',#1452,#1454,#750,.T.);
#1876=EDGE_CURVE('',#1454,#1448,#751,.T.);
#1877=EDGE_CURVE('',#1443,#1455,#752,.T.);
#1878=EDGE_CURVE('',#1455,#1456,#753,.T.);
#1879=EDGE_CURVE('',#1456,#1457,#754,.T.);
#1880=EDGE_CURVE('',#1457,#1458,#755,.T.);
#1881=EDGE_CURVE('',#1458,#1409,#756,.T.);
#1882=EDGE_CURVE('',#1417,#1459,#757,.T.);
#1883=EDGE_CURVE('',#1459,#1460,#758,.T.);
#1884=EDGE_CURVE('',#1460,#1461,#759,.T.);
#1885=EDGE_CURVE('',#1461,#1462,#760,.T.);
#1886=EDGE_CURVE('',#1462,#1463,#761,.T.);
#1887=EDGE_CURVE('',#1463,#1464,#762,.T.);
#1888=EDGE_CURVE('',#1464,#1465,#763,.T.);
#1889=EDGE_CURVE('',#1465,#1399,#764,.T.);
#1890=EDGE_CURVE('',#1407,#1466,#765,.T.);
#1891=EDGE_CURVE('',#1466,#1467,#766,.T.);
#1892=EDGE_CURVE('',#1467,#1468,#767,.T.);
#1893=EDGE_CURVE('',#1468,#1450,#768,.T.);
#1894=EDGE_CURVE('',#1469,#1470,#769,.T.);
#1895=EDGE_CURVE('',#1469,#1471,#770,.T.);
#1896=EDGE_CURVE('',#1471,#1472,#771,.T.);
#1897=EDGE_CURVE('',#1470,#1472,#772,.T.);
#1898=EDGE_CURVE('',#1473,#1469,#773,.T.);
#1899=EDGE_CURVE('',#1473,#1474,#774,.T.);
#1900=EDGE_CURVE('',#1474,#1471,#775,.T.);
#1901=EDGE_CURVE('',#1475,#1473,#776,.T.);
#1902=EDGE_CURVE('',#1475,#1476,#777,.T.);
#1903=EDGE_CURVE('',#1476,#1474,#778,.T.);
#1904=EDGE_CURVE('',#1477,#1475,#779,.T.);
#1905=EDGE_CURVE('',#1477,#1478,#780,.T.);
#1906=EDGE_CURVE('',#1478,#1476,#781,.T.);
#1907=EDGE_CURVE('',#1479,#1477,#782,.T.);
#1908=EDGE_CURVE('',#1479,#1480,#783,.T.);
#1909=EDGE_CURVE('',#1480,#1478,#784,.T.);
#1910=EDGE_CURVE('',#1470,#1479,#785,.T.);
#1911=EDGE_CURVE('',#1472,#1480,#786,.T.);
#1912=EDGE_CURVE('',#1481,#1481,#41,.T.);
#1913=EDGE_CURVE('',#1481,#1449,#787,.T.);
#1914=EDGE_CURVE('',#1439,#1455,#788,.T.);
#1915=EDGE_CURVE('',#1442,#1454,#789,.T.);
#1916=EDGE_CURVE('',#1426,#1468,#790,.T.);
#1917=EDGE_CURVE('',#1427,#1467,#791,.T.);
#1918=EDGE_CURVE('',#1428,#1466,#792,.T.);
#1919=EDGE_CURVE('',#1429,#1465,#793,.T.);
#1920=EDGE_CURVE('',#1430,#1464,#794,.T.);
#1921=EDGE_CURVE('',#1431,#1463,#795,.T.);
#1922=EDGE_CURVE('',#1432,#1462,#796,.T.);
#1923=EDGE_CURVE('',#1433,#1461,#797,.T.);
#1924=EDGE_CURVE('',#1434,#1460,#798,.T.);
#1925=EDGE_CURVE('',#1435,#1459,#799,.T.);
#1926=EDGE_CURVE('',#1436,#1458,#800,.T.);
#1927=EDGE_CURVE('',#1437,#1457,#801,.T.);
#1928=EDGE_CURVE('',#1438,#1456,#802,.T.);
#1929=ORIENTED_EDGE('',*,*,#1482,.F.);
#1930=ORIENTED_EDGE('',*,*,#1483,.F.);
#1931=ORIENTED_EDGE('',*,*,#1484,.F.);
#1932=ORIENTED_EDGE('',*,*,#1485,.T.);
#1933=ORIENTED_EDGE('',*,*,#1486,.F.);
#1934=ORIENTED_EDGE('',*,*,#1487,.F.);
#1935=ORIENTED_EDGE('',*,*,#1488,.F.);
#1936=ORIENTED_EDGE('',*,*,#1489,.F.);
#1937=ORIENTED_EDGE('',*,*,#1490,.F.);
#1938=ORIENTED_EDGE('',*,*,#1483,.T.);
#1939=ORIENTED_EDGE('',*,*,#1491,.F.);
#1940=ORIENTED_EDGE('',*,*,#1492,.F.);
#1941=ORIENTED_EDGE('',*,*,#1493,.F.);
#1942=ORIENTED_EDGE('',*,*,#1494,.F.);
#1943=ORIENTED_EDGE('',*,*,#1495,.F.);
#1944=ORIENTED_EDGE('',*,*,#1496,.F.);
#1945=ORIENTED_EDGE('',*,*,#1497,.F.);
#1946=ORIENTED_EDGE('',*,*,#1485,.F.);
#1947=ORIENTED_EDGE('',*,*,#1498,.F.);
#1948=ORIENTED_EDGE('',*,*,#1489,.T.);
#1949=ORIENTED_EDGE('',*,*,#1499,.F.);
#1950=ORIENTED_EDGE('',*,*,#1500,.F.);
#1951=ORIENTED_EDGE('',*,*,#1501,.F.);
#1952=ORIENTED_EDGE('',*,*,#1502,.T.);
#1953=ORIENTED_EDGE('',*,*,#1503,.F.);
#1954=ORIENTED_EDGE('',*,*,#1504,.F.);
#1955=ORIENTED_EDGE('',*,*,#1505,.F.);
#1956=ORIENTED_EDGE('',*,*,#1506,.F.);
#1957=ORIENTED_EDGE('',*,*,#1507,.F.);
#1958=ORIENTED_EDGE('',*,*,#1508,.F.);
#1959=ORIENTED_EDGE('',*,*,#1509,.F.);
#1960=ORIENTED_EDGE('',*,*,#1510,.F.);
#1961=ORIENTED_EDGE('',*,*,#1502,.F.);
#1962=ORIENTED_EDGE('',*,*,#1511,.F.);
#1963=ORIENTED_EDGE('',*,*,#1512,.T.);
#1964=ORIENTED_EDGE('',*,*,#1513,.F.);
#1965=ORIENTED_EDGE('',*,*,#1514,.F.);
#1966=ORIENTED_EDGE('',*,*,#1512,.F.);
#1967=ORIENTED_EDGE('',*,*,#1515,.F.);
#1968=ORIENTED_EDGE('',*,*,#1500,.T.);
#1969=ORIENTED_EDGE('',*,*,#1516,.F.);
#1970=ORIENTED_EDGE('',*,*,#1517,.F.);
#1971=ORIENTED_EDGE('',*,*,#1518,.F.);
#1972=ORIENTED_EDGE('',*,*,#1519,.T.);
#1973=ORIENTED_EDGE('',*,*,#1520,.F.);
#1974=ORIENTED_EDGE('',*,*,#1521,.F.);
#1975=ORIENTED_EDGE('',*,*,#1522,.F.);
#1976=ORIENTED_EDGE('',*,*,#1523,.F.);
#1977=ORIENTED_EDGE('',*,*,#1524,.F.);
#1978=ORIENTED_EDGE('',*,*,#1517,.T.);
#1979=ORIENTED_EDGE('',*,*,#1525,.F.);
#1980=ORIENTED_EDGE('',*,*,#1526,.F.);
#1981=ORIENTED_EDGE('',*,*,#1527,.F.);
#1982=ORIENTED_EDGE('',*,*,#1528,.F.);
#1983=ORIENTED_EDGE('',*,*,#1529,.F.);
#1984=ORIENTED_EDGE('',*,*,#1530,.F.);
#1985=ORIENTED_EDGE('',*,*,#1531,.F.);
#1986=ORIENTED_EDGE('',*,*,#1519,.F.);
#1987=ORIENTED_EDGE('',*,*,#1532,.F.);
#1988=ORIENTED_EDGE('',*,*,#1523,.T.);
#1989=ORIENTED_EDGE('',*,*,#1533,.F.);
#1990=ORIENTED_EDGE('',*,*,#1534,.F.);
#1991=ORIENTED_EDGE('',*,*,#1535,.F.);
#1992=ORIENTED_EDGE('',*,*,#1536,.T.);
#1993=ORIENTED_EDGE('',*,*,#1537,.F.);
#1994=ORIENTED_EDGE('',*,*,#1538,.F.);
#1995=ORIENTED_EDGE('',*,*,#1539,.F.);
#1996=ORIENTED_EDGE('',*,*,#1540,.F.);
#1997=ORIENTED_EDGE('',*,*,#1541,.F.);
#1998=ORIENTED_EDGE('',*,*,#1534,.T.);
#1999=ORIENTED_EDGE('',*,*,#1542,.F.);
#2000=ORIENTED_EDGE('',*,*,#1543,.F.);
#2001=ORIENTED_EDGE('',*,*,#1544,.F.);
#2002=ORIENTED_EDGE('',*,*,#1545,.F.);
#2003=ORIENTED_EDGE('',*,*,#1546,.F.);
#2004=ORIENTED_EDGE('',*,*,#1547,.F.);
#2005=ORIENTED_EDGE('',*,*,#1548,.F.);
#2006=ORIENTED_EDGE('',*,*,#1536,.F.);
#2007=ORIENTED_EDGE('',*,*,#1549,.F.);
#2008=ORIENTED_EDGE('',*,*,#1540,.T.);
#2009=ORIENTED_EDGE('',*,*,#1487,.T.);
#2010=ORIENTED_EDGE('',*,*,#1482,.T.);
#2011=ORIENTED_EDGE('',*,*,#1550,.T.);
#2012=ORIENTED_EDGE('',*,*,#1513,.T.);
#2013=ORIENTED_EDGE('',*,*,#1499,.T.);
#2014=ORIENTED_EDGE('',*,*,#1551,.T.);
#2015=ORIENTED_EDGE('',*,*,#1552,.F.);
#2016=ORIENTED_EDGE('',*,*,#1553,.F.);
#2017=ORIENTED_EDGE('',*,*,#1554,.F.);
#2018=ORIENTED_EDGE('',*,*,#1555,.T.);
#2019=ORIENTED_EDGE('',*,*,#1503,.T.);
#2020=ORIENTED_EDGE('',*,*,#1510,.T.);
#2021=ORIENTED_EDGE('',*,*,#1556,.T.);
#2022=ORIENTED_EDGE('',*,*,#1557,.F.);
#2023=ORIENTED_EDGE('',*,*,#1551,.F.);
#2024=ORIENTED_EDGE('',*,*,#1486,.T.);
#2025=ORIENTED_EDGE('',*,*,#1497,.T.);
#2026=ORIENTED_EDGE('',*,*,#1558,.T.);
#2027=ORIENTED_EDGE('',*,*,#1504,.T.);
#2028=ORIENTED_EDGE('',*,*,#1514,.T.);
#2029=ORIENTED_EDGE('',*,*,#1550,.F.);
#2030=ORIENTED_EDGE('',*,*,#1509,.T.);
#2031=ORIENTED_EDGE('',*,*,#1559,.T.);
#2032=ORIENTED_EDGE('',*,*,#1560,.F.);
#2033=ORIENTED_EDGE('',*,*,#1556,.F.);
#2034=ORIENTED_EDGE('',*,*,#1496,.T.);
#2035=ORIENTED_EDGE('',*,*,#1561,.T.);
#2036=ORIENTED_EDGE('',*,*,#1505,.T.);
#2037=ORIENTED_EDGE('',*,*,#1558,.F.);
#2038=ORIENTED_EDGE('',*,*,#1508,.T.);
#2039=ORIENTED_EDGE('',*,*,#1562,.T.);
#2040=ORIENTED_EDGE('',*,*,#1563,.F.);
#2041=ORIENTED_EDGE('',*,*,#1559,.F.);
#2042=ORIENTED_EDGE('',*,*,#1495,.T.);
#2043=ORIENTED_EDGE('',*,*,#1564,.T.);
#2044=ORIENTED_EDGE('',*,*,#1506,.T.);
#2045=ORIENTED_EDGE('',*,*,#1561,.F.);
#2046=ORIENTED_EDGE('',*,*,#1521,.T.);
#2047=ORIENTED_EDGE('',*,*,#1516,.T.);
#2048=ORIENTED_EDGE('',*,*,#1565,.T.);
#2049=ORIENTED_EDGE('',*,*,#1538,.T.);
#2050=ORIENTED_EDGE('',*,*,#1533,.T.);
#2051=ORIENTED_EDGE('',*,*,#1566,.T.);
#2052=ORIENTED_EDGE('',*,*,#1567,.F.);
#2053=ORIENTED_EDGE('',*,*,#1568,.F.);
#2054=ORIENTED_EDGE('',*,*,#1569,.F.);
#2055=ORIENTED_EDGE('',*,*,#1570,.T.);
#2056=ORIENTED_EDGE('',*,*,#1537,.T.);
#2057=ORIENTED_EDGE('',*,*,#1548,.T.);
#2058=ORIENTED_EDGE('',*,*,#1571,.T.);
#2059=ORIENTED_EDGE('',*,*,#1572,.F.);
#2060=ORIENTED_EDGE('',*,*,#1566,.F.);
#2061=ORIENTED_EDGE('',*,*,#1520,.T.);
#2062=ORIENTED_EDGE('',*,*,#1531,.T.);
#2063=ORIENTED_EDGE('',*,*,#1573,.T.);
#2064=ORIENTED_EDGE('',*,*,#1542,.T.);
#2065=ORIENTED_EDGE('',*,*,#1539,.T.);
#2066=ORIENTED_EDGE('',*,*,#1565,.F.);
#2067=ORIENTED_EDGE('',*,*,#1547,.T.);
#2068=ORIENTED_EDGE('',*,*,#1574,.T.);
#2069=ORIENTED_EDGE('',*,*,#1575,.F.);
#2070=ORIENTED_EDGE('',*,*,#1571,.F.);
#2071=ORIENTED_EDGE('',*,*,#1530,.T.);
#2072=ORIENTED_EDGE('',*,*,#1576,.T.);
#2073=ORIENTED_EDGE('',*,*,#1543,.T.);
#2074=ORIENTED_EDGE('',*,*,#1573,.F.);
#2075=ORIENTED_EDGE('',*,*,#1546,.T.);
#2076=ORIENTED_EDGE('',*,*,#1577,.T.);
#2077=ORIENTED_EDGE('',*,*,#1578,.F.);
#2078=ORIENTED_EDGE('',*,*,#1574,.F.);
#2079=ORIENTED_EDGE('',*,*,#1529,.T.);
#2080=ORIENTED_EDGE('',*,*,#1579,.T.);
#2081=ORIENTED_EDGE('',*,*,#1544,.T.);
#2082=ORIENTED_EDGE('',*,*,#1576,.F.);
#2083=ORIENTED_EDGE('',*,*,#1580,.F.);
#2084=ORIENTED_EDGE('',*,*,#1581,.T.);
#2085=ORIENTED_EDGE('',*,*,#1582,.F.);
#2086=ORIENTED_EDGE('',*,*,#1583,.F.);
#2087=ORIENTED_EDGE('',*,*,#1584,.F.);
#2088=ORIENTED_EDGE('',*,*,#1583,.T.);
#2089=ORIENTED_EDGE('',*,*,#1585,.F.);
#2090=ORIENTED_EDGE('',*,*,#1586,.F.);
#2091=ORIENTED_EDGE('',*,*,#1587,.F.);
#2092=ORIENTED_EDGE('',*,*,#1586,.T.);
#2093=ORIENTED_EDGE('',*,*,#1588,.F.);
#2094=ORIENTED_EDGE('',*,*,#1589,.F.);
#2095=ORIENTED_EDGE('',*,*,#1528,.T.);
#2096=ORIENTED_EDGE('',*,*,#1590,.F.);
#2097=ORIENTED_EDGE('',*,*,#1591,.F.);
#2098=ORIENTED_EDGE('',*,*,#1589,.T.);
#2099=ORIENTED_EDGE('',*,*,#1592,.F.);
#2100=ORIENTED_EDGE('',*,*,#1577,.F.);
#2101=ORIENTED_EDGE('',*,*,#1545,.T.);
#2102=ORIENTED_EDGE('',*,*,#1579,.F.);
#2103=ORIENTED_EDGE('',*,*,#1527,.T.);
#2104=ORIENTED_EDGE('',*,*,#1593,.F.);
#2105=ORIENTED_EDGE('',*,*,#1594,.F.);
#2106=ORIENTED_EDGE('',*,*,#1590,.T.);
#2107=ORIENTED_EDGE('',*,*,#1526,.T.);
#2108=ORIENTED_EDGE('',*,*,#1595,.F.);
#2109=ORIENTED_EDGE('',*,*,#1596,.F.);
#2110=ORIENTED_EDGE('',*,*,#1593,.T.);
#2111=ORIENTED_EDGE('',*,*,#1522,.T.);
#2112=ORIENTED_EDGE('',*,*,#1570,.F.);
#2113=ORIENTED_EDGE('',*,*,#1597,.F.);
#2114=ORIENTED_EDGE('',*,*,#1595,.T.);
#2115=ORIENTED_EDGE('',*,*,#1525,.T.);
#2116=ORIENTED_EDGE('',*,*,#1598,.F.);
#2117=ORIENTED_EDGE('',*,*,#1568,.T.);
#2118=ORIENTED_EDGE('',*,*,#1599,.F.);
#2119=ORIENTED_EDGE('',*,*,#1600,.F.);
#2120=ORIENTED_EDGE('',*,*,#1601,.F.);
#2121=ORIENTED_EDGE('',*,*,#1600,.T.);
#2122=ORIENTED_EDGE('',*,*,#1602,.F.);
#2123=ORIENTED_EDGE('',*,*,#1603,.F.);
#2124=ORIENTED_EDGE('',*,*,#1604,.F.);
#2125=ORIENTED_EDGE('',*,*,#1603,.T.);
#2126=ORIENTED_EDGE('',*,*,#1605,.F.);
#2127=ORIENTED_EDGE('',*,*,#1606,.F.);
#2128=ORIENTED_EDGE('',*,*,#1607,.F.);
#2129=ORIENTED_EDGE('',*,*,#1606,.T.);
#2130=ORIENTED_EDGE('',*,*,#1608,.F.);
#2131=ORIENTED_EDGE('',*,*,#1609,.F.);
#2132=ORIENTED_EDGE('',*,*,#1610,.F.);
#2133=ORIENTED_EDGE('',*,*,#1609,.T.);
#2134=ORIENTED_EDGE('',*,*,#1611,.F.);
#2135=ORIENTED_EDGE('',*,*,#1612,.F.);
#2136=ORIENTED_EDGE('',*,*,#1613,.F.);
#2137=ORIENTED_EDGE('',*,*,#1612,.T.);
#2138=ORIENTED_EDGE('',*,*,#1614,.F.);
#2139=ORIENTED_EDGE('',*,*,#1615,.F.);
#2140=ORIENTED_EDGE('',*,*,#1616,.F.);
#2141=ORIENTED_EDGE('',*,*,#1615,.T.);
#2142=ORIENTED_EDGE('',*,*,#1617,.F.);
#2143=ORIENTED_EDGE('',*,*,#1618,.F.);
#2144=ORIENTED_EDGE('',*,*,#1494,.T.);
#2145=ORIENTED_EDGE('',*,*,#1619,.F.);
#2146=ORIENTED_EDGE('',*,*,#1620,.F.);
#2147=ORIENTED_EDGE('',*,*,#1618,.T.);
#2148=ORIENTED_EDGE('',*,*,#1621,.F.);
#2149=ORIENTED_EDGE('',*,*,#1562,.F.);
#2150=ORIENTED_EDGE('',*,*,#1507,.T.);
#2151=ORIENTED_EDGE('',*,*,#1564,.F.);
#2152=ORIENTED_EDGE('',*,*,#1493,.T.);
#2153=ORIENTED_EDGE('',*,*,#1622,.F.);
#2154=ORIENTED_EDGE('',*,*,#1623,.F.);
#2155=ORIENTED_EDGE('',*,*,#1619,.T.);
#2156=ORIENTED_EDGE('',*,*,#1492,.T.);
#2157=ORIENTED_EDGE('',*,*,#1624,.F.);
#2158=ORIENTED_EDGE('',*,*,#1625,.F.);
#2159=ORIENTED_EDGE('',*,*,#1622,.T.);
#2160=ORIENTED_EDGE('',*,*,#1488,.T.);
#2161=ORIENTED_EDGE('',*,*,#1555,.F.);
#2162=ORIENTED_EDGE('',*,*,#1626,.F.);
#2163=ORIENTED_EDGE('',*,*,#1624,.T.);
#2164=ORIENTED_EDGE('',*,*,#1491,.T.);
#2165=ORIENTED_EDGE('',*,*,#1627,.F.);
#2166=ORIENTED_EDGE('',*,*,#1553,.T.);
#2167=ORIENTED_EDGE('',*,*,#1628,.F.);
#2168=ORIENTED_EDGE('',*,*,#1629,.F.);
#2169=ORIENTED_EDGE('',*,*,#1630,.F.);
#2170=ORIENTED_EDGE('',*,*,#1629,.T.);
#2171=ORIENTED_EDGE('',*,*,#1631,.F.);
#2172=ORIENTED_EDGE('',*,*,#1632,.F.);
#2173=ORIENTED_EDGE('',*,*,#1633,.F.);
#2174=ORIENTED_EDGE('',*,*,#1632,.T.);
#2175=ORIENTED_EDGE('',*,*,#1634,.F.);
#2176=ORIENTED_EDGE('',*,*,#1635,.F.);
#2177=ORIENTED_EDGE('',*,*,#1636,.F.);
#2178=ORIENTED_EDGE('',*,*,#1635,.T.);
#2179=ORIENTED_EDGE('',*,*,#1637,.F.);
#2180=ORIENTED_EDGE('',*,*,#1638,.F.);
#2181=ORIENTED_EDGE('',*,*,#1639,.F.);
#2182=ORIENTED_EDGE('',*,*,#1638,.T.);
#2183=ORIENTED_EDGE('',*,*,#1640,.F.);
#2184=ORIENTED_EDGE('',*,*,#1641,.F.);
#2185=ORIENTED_EDGE('',*,*,#1490,.T.);
#2186=ORIENTED_EDGE('',*,*,#1498,.T.);
#2187=ORIENTED_EDGE('',*,*,#1484,.T.);
#2188=ORIENTED_EDGE('',*,*,#1511,.T.);
#2189=ORIENTED_EDGE('',*,*,#1501,.T.);
#2190=ORIENTED_EDGE('',*,*,#1515,.T.);
#2191=ORIENTED_EDGE('',*,*,#1524,.T.);
#2192=ORIENTED_EDGE('',*,*,#1532,.T.);
#2193=ORIENTED_EDGE('',*,*,#1518,.T.);
#2194=ORIENTED_EDGE('',*,*,#1541,.T.);
#2195=ORIENTED_EDGE('',*,*,#1549,.T.);
#2196=ORIENTED_EDGE('',*,*,#1535,.T.);
#2197=ORIENTED_EDGE('',*,*,#1642,.T.);
#2198=ORIENTED_EDGE('',*,*,#1641,.T.);
#2199=ORIENTED_EDGE('',*,*,#1643,.F.);
#2200=ORIENTED_EDGE('',*,*,#1644,.F.);
#2201=ORIENTED_EDGE('',*,*,#1645,.F.);
#2202=ORIENTED_EDGE('',*,*,#1644,.T.);
#2203=ORIENTED_EDGE('',*,*,#1646,.F.);
#2204=ORIENTED_EDGE('',*,*,#1581,.F.);
#2205=ORIENTED_EDGE('',*,*,#1646,.T.);
#2206=ORIENTED_EDGE('',*,*,#1643,.T.);
#2207=ORIENTED_EDGE('',*,*,#1640,.T.);
#2208=ORIENTED_EDGE('',*,*,#1637,.T.);
#2209=ORIENTED_EDGE('',*,*,#1634,.T.);
#2210=ORIENTED_EDGE('',*,*,#1631,.T.);
#2211=ORIENTED_EDGE('',*,*,#1628,.T.);
#2212=ORIENTED_EDGE('',*,*,#1552,.T.);
#2213=ORIENTED_EDGE('',*,*,#1557,.T.);
#2214=ORIENTED_EDGE('',*,*,#1560,.T.);
#2215=ORIENTED_EDGE('',*,*,#1563,.T.);
#2216=ORIENTED_EDGE('',*,*,#1621,.T.);
#2217=ORIENTED_EDGE('',*,*,#1617,.T.);
#2218=ORIENTED_EDGE('',*,*,#1614,.T.);
#2219=ORIENTED_EDGE('',*,*,#1611,.T.);
#2220=ORIENTED_EDGE('',*,*,#1608,.T.);
#2221=ORIENTED_EDGE('',*,*,#1605,.T.);
#2222=ORIENTED_EDGE('',*,*,#1602,.T.);
#2223=ORIENTED_EDGE('',*,*,#1599,.T.);
#2224=ORIENTED_EDGE('',*,*,#1567,.T.);
#2225=ORIENTED_EDGE('',*,*,#1572,.T.);
#2226=ORIENTED_EDGE('',*,*,#1575,.T.);
#2227=ORIENTED_EDGE('',*,*,#1578,.T.);
#2228=ORIENTED_EDGE('',*,*,#1592,.T.);
#2229=ORIENTED_EDGE('',*,*,#1588,.T.);
#2230=ORIENTED_EDGE('',*,*,#1585,.T.);
#2231=ORIENTED_EDGE('',*,*,#1582,.T.);
#2232=ORIENTED_EDGE('',*,*,#1645,.T.);
#2233=ORIENTED_EDGE('',*,*,#1580,.T.);
#2234=ORIENTED_EDGE('',*,*,#1584,.T.);
#2235=ORIENTED_EDGE('',*,*,#1587,.T.);
#2236=ORIENTED_EDGE('',*,*,#1591,.T.);
#2237=ORIENTED_EDGE('',*,*,#1594,.T.);
#2238=ORIENTED_EDGE('',*,*,#1596,.T.);
#2239=ORIENTED_EDGE('',*,*,#1597,.T.);
#2240=ORIENTED_EDGE('',*,*,#1569,.T.);
#2241=ORIENTED_EDGE('',*,*,#1598,.T.);
#2242=ORIENTED_EDGE('',*,*,#1601,.T.);
#2243=ORIENTED_EDGE('',*,*,#1604,.T.);
#2244=ORIENTED_EDGE('',*,*,#1607,.T.);
#2245=ORIENTED_EDGE('',*,*,#1610,.T.);
#2246=ORIENTED_EDGE('',*,*,#1613,.T.);
#2247=ORIENTED_EDGE('',*,*,#1616,.T.);
#2248=ORIENTED_EDGE('',*,*,#1620,.T.);
#2249=ORIENTED_EDGE('',*,*,#1623,.T.);
#2250=ORIENTED_EDGE('',*,*,#1625,.T.);
#2251=ORIENTED_EDGE('',*,*,#1626,.T.);
#2252=ORIENTED_EDGE('',*,*,#1554,.T.);
#2253=ORIENTED_EDGE('',*,*,#1627,.T.);
#2254=ORIENTED_EDGE('',*,*,#1630,.T.);
#2255=ORIENTED_EDGE('',*,*,#1633,.T.);
#2256=ORIENTED_EDGE('',*,*,#1636,.T.);
#2257=ORIENTED_EDGE('',*,*,#1639,.T.);
#2258=ORIENTED_EDGE('',*,*,#1642,.F.);
#2259=ORIENTED_EDGE('',*,*,#1647,.F.);
#2260=ORIENTED_EDGE('',*,*,#1648,.T.);
#2261=ORIENTED_EDGE('',*,*,#1649,.T.);
#2262=ORIENTED_EDGE('',*,*,#1650,.F.);
#2263=ORIENTED_EDGE('',*,*,#1651,.F.);
#2264=ORIENTED_EDGE('',*,*,#1652,.T.);
#2265=ORIENTED_EDGE('',*,*,#1653,.T.);
#2266=ORIENTED_EDGE('',*,*,#1648,.F.);
#2267=ORIENTED_EDGE('',*,*,#1654,.F.);
#2268=ORIENTED_EDGE('',*,*,#1655,.T.);
#2269=ORIENTED_EDGE('',*,*,#1656,.T.);
#2270=ORIENTED_EDGE('',*,*,#1652,.F.);
#2271=ORIENTED_EDGE('',*,*,#1657,.F.);
#2272=ORIENTED_EDGE('',*,*,#1658,.T.);
#2273=ORIENTED_EDGE('',*,*,#1659,.T.);
#2274=ORIENTED_EDGE('',*,*,#1655,.F.);
#2275=ORIENTED_EDGE('',*,*,#1660,.F.);
#2276=ORIENTED_EDGE('',*,*,#1661,.T.);
#2277=ORIENTED_EDGE('',*,*,#1662,.T.);
#2278=ORIENTED_EDGE('',*,*,#1658,.F.);
#2279=ORIENTED_EDGE('',*,*,#1663,.F.);
#2280=ORIENTED_EDGE('',*,*,#1650,.T.);
#2281=ORIENTED_EDGE('',*,*,#1664,.T.);
#2282=ORIENTED_EDGE('',*,*,#1661,.F.);
#2283=ORIENTED_EDGE('',*,*,#1664,.F.);
#2284=ORIENTED_EDGE('',*,*,#1649,.F.);
#2285=ORIENTED_EDGE('',*,*,#1653,.F.);
#2286=ORIENTED_EDGE('',*,*,#1656,.F.);
#2287=ORIENTED_EDGE('',*,*,#1659,.F.);
#2288=ORIENTED_EDGE('',*,*,#1662,.F.);
#2289=ORIENTED_EDGE('',*,*,#1665,.F.);
#2290=ORIENTED_EDGE('',*,*,#1666,.F.);
#2291=ORIENTED_EDGE('',*,*,#1667,.F.);
#2292=ORIENTED_EDGE('',*,*,#1668,.F.);
#2293=ORIENTED_EDGE('',*,*,#1669,.T.);
#2294=ORIENTED_EDGE('',*,*,#1670,.T.);
#2295=ORIENTED_EDGE('',*,*,#1671,.F.);
#2296=ORIENTED_EDGE('',*,*,#1672,.F.);
#2297=ORIENTED_EDGE('',*,*,#1673,.T.);
#2298=ORIENTED_EDGE('',*,*,#1674,.T.);
#2299=ORIENTED_EDGE('',*,*,#1669,.F.);
#2300=ORIENTED_EDGE('',*,*,#1675,.F.);
#2301=ORIENTED_EDGE('',*,*,#1676,.T.);
#2302=ORIENTED_EDGE('',*,*,#1677,.T.);
#2303=ORIENTED_EDGE('',*,*,#1673,.F.);
#2304=ORIENTED_EDGE('',*,*,#1678,.F.);
#2305=ORIENTED_EDGE('',*,*,#1679,.T.);
#2306=ORIENTED_EDGE('',*,*,#1680,.T.);
#2307=ORIENTED_EDGE('',*,*,#1676,.F.);
#2308=ORIENTED_EDGE('',*,*,#1681,.F.);
#2309=ORIENTED_EDGE('',*,*,#1682,.T.);
#2310=ORIENTED_EDGE('',*,*,#1683,.T.);
#2311=ORIENTED_EDGE('',*,*,#1679,.F.);
#2312=ORIENTED_EDGE('',*,*,#1684,.F.);
#2313=ORIENTED_EDGE('',*,*,#1671,.T.);
#2314=ORIENTED_EDGE('',*,*,#1685,.T.);
#2315=ORIENTED_EDGE('',*,*,#1682,.F.);
#2316=ORIENTED_EDGE('',*,*,#1685,.F.);
#2317=ORIENTED_EDGE('',*,*,#1670,.F.);
#2318=ORIENTED_EDGE('',*,*,#1674,.F.);
#2319=ORIENTED_EDGE('',*,*,#1677,.F.);
#2320=ORIENTED_EDGE('',*,*,#1680,.F.);
#2321=ORIENTED_EDGE('',*,*,#1683,.F.);
#2322=ORIENTED_EDGE('',*,*,#1686,.F.);
#2323=ORIENTED_EDGE('',*,*,#1687,.F.);
#2324=ORIENTED_EDGE('',*,*,#1688,.F.);
#2325=ORIENTED_EDGE('',*,*,#1689,.F.);
#2326=ORIENTED_EDGE('',*,*,#1690,.T.);
#2327=ORIENTED_EDGE('',*,*,#1691,.T.);
#2328=ORIENTED_EDGE('',*,*,#1692,.F.);
#2329=ORIENTED_EDGE('',*,*,#1693,.F.);
#2330=ORIENTED_EDGE('',*,*,#1694,.T.);
#2331=ORIENTED_EDGE('',*,*,#1695,.T.);
#2332=ORIENTED_EDGE('',*,*,#1690,.F.);
#2333=ORIENTED_EDGE('',*,*,#1696,.F.);
#2334=ORIENTED_EDGE('',*,*,#1697,.T.);
#2335=ORIENTED_EDGE('',*,*,#1698,.T.);
#2336=ORIENTED_EDGE('',*,*,#1694,.F.);
#2337=ORIENTED_EDGE('',*,*,#1699,.F.);
#2338=ORIENTED_EDGE('',*,*,#1700,.T.);
#2339=ORIENTED_EDGE('',*,*,#1701,.T.);
#2340=ORIENTED_EDGE('',*,*,#1697,.F.);
#2341=ORIENTED_EDGE('',*,*,#1702,.F.);
#2342=ORIENTED_EDGE('',*,*,#1703,.T.);
#2343=ORIENTED_EDGE('',*,*,#1704,.T.);
#2344=ORIENTED_EDGE('',*,*,#1700,.F.);
#2345=ORIENTED_EDGE('',*,*,#1705,.F.);
#2346=ORIENTED_EDGE('',*,*,#1692,.T.);
#2347=ORIENTED_EDGE('',*,*,#1706,.T.);
#2348=ORIENTED_EDGE('',*,*,#1703,.F.);
#2349=ORIENTED_EDGE('',*,*,#1706,.F.);
#2350=ORIENTED_EDGE('',*,*,#1691,.F.);
#2351=ORIENTED_EDGE('',*,*,#1695,.F.);
#2352=ORIENTED_EDGE('',*,*,#1698,.F.);
#2353=ORIENTED_EDGE('',*,*,#1701,.F.);
#2354=ORIENTED_EDGE('',*,*,#1704,.F.);
#2355=ORIENTED_EDGE('',*,*,#1707,.F.);
#2356=ORIENTED_EDGE('',*,*,#1708,.F.);
#2357=ORIENTED_EDGE('',*,*,#1709,.F.);
#2358=ORIENTED_EDGE('',*,*,#1710,.F.);
#2359=ORIENTED_EDGE('',*,*,#1711,.T.);
#2360=ORIENTED_EDGE('',*,*,#1712,.T.);
#2361=ORIENTED_EDGE('',*,*,#1713,.F.);
#2362=ORIENTED_EDGE('',*,*,#1714,.F.);
#2363=ORIENTED_EDGE('',*,*,#1715,.T.);
#2364=ORIENTED_EDGE('',*,*,#1716,.T.);
#2365=ORIENTED_EDGE('',*,*,#1711,.F.);
#2366=ORIENTED_EDGE('',*,*,#1717,.F.);
#2367=ORIENTED_EDGE('',*,*,#1718,.T.);
#2368=ORIENTED_EDGE('',*,*,#1719,.T.);
#2369=ORIENTED_EDGE('',*,*,#1715,.F.);
#2370=ORIENTED_EDGE('',*,*,#1720,.F.);
#2371=ORIENTED_EDGE('',*,*,#1721,.T.);
#2372=ORIENTED_EDGE('',*,*,#1722,.T.);
#2373=ORIENTED_EDGE('',*,*,#1718,.F.);
#2374=ORIENTED_EDGE('',*,*,#1723,.F.);
#2375=ORIENTED_EDGE('',*,*,#1724,.T.);
#2376=ORIENTED_EDGE('',*,*,#1725,.T.);
#2377=ORIENTED_EDGE('',*,*,#1721,.F.);
#2378=ORIENTED_EDGE('',*,*,#1726,.F.);
#2379=ORIENTED_EDGE('',*,*,#1713,.T.);
#2380=ORIENTED_EDGE('',*,*,#1727,.T.);
#2381=ORIENTED_EDGE('',*,*,#1724,.F.);
#2382=ORIENTED_EDGE('',*,*,#1727,.F.);
#2383=ORIENTED_EDGE('',*,*,#1712,.F.);
#2384=ORIENTED_EDGE('',*,*,#1716,.F.);
#2385=ORIENTED_EDGE('',*,*,#1719,.F.);
#2386=ORIENTED_EDGE('',*,*,#1722,.F.);
#2387=ORIENTED_EDGE('',*,*,#1725,.F.);
#2388=ORIENTED_EDGE('',*,*,#1728,.F.);
#2389=ORIENTED_EDGE('',*,*,#1729,.F.);
#2390=ORIENTED_EDGE('',*,*,#1730,.F.);
#2391=ORIENTED_EDGE('',*,*,#1667,.T.);
#2392=ORIENTED_EDGE('',*,*,#1731,.F.);
#2393=ORIENTED_EDGE('',*,*,#1732,.F.);
#2394=ORIENTED_EDGE('',*,*,#1733,.F.);
#2395=ORIENTED_EDGE('',*,*,#1734,.F.);
#2396=ORIENTED_EDGE('',*,*,#1735,.F.);
#2397=ORIENTED_EDGE('',*,*,#1736,.F.);
#2398=ORIENTED_EDGE('',*,*,#1737,.F.);
#2399=ORIENTED_EDGE('',*,*,#1738,.F.);
#2400=ORIENTED_EDGE('',*,*,#1739,.T.);
#2401=ORIENTED_EDGE('',*,*,#1688,.T.);
#2402=ORIENTED_EDGE('',*,*,#1740,.F.);
#2403=ORIENTED_EDGE('',*,*,#1741,.F.);
#2404=ORIENTED_EDGE('',*,*,#1742,.F.);
#2405=ORIENTED_EDGE('',*,*,#1743,.F.);
#2406=ORIENTED_EDGE('',*,*,#1744,.F.);
#2407=ORIENTED_EDGE('',*,*,#1745,.F.);
#2408=ORIENTED_EDGE('',*,*,#1746,.F.);
#2409=ORIENTED_EDGE('',*,*,#1747,.F.);
#2410=ORIENTED_EDGE('',*,*,#1748,.T.);
#2411=ORIENTED_EDGE('',*,*,#1708,.T.);
#2412=ORIENTED_EDGE('',*,*,#1749,.F.);
#2413=ORIENTED_EDGE('',*,*,#1750,.F.);
#2414=ORIENTED_EDGE('',*,*,#1751,.F.);
#2415=ORIENTED_EDGE('',*,*,#1752,.F.);
#2416=ORIENTED_EDGE('',*,*,#1753,.F.);
#2417=ORIENTED_EDGE('',*,*,#1754,.F.);
#2418=ORIENTED_EDGE('',*,*,#1755,.F.);
#2419=ORIENTED_EDGE('',*,*,#1756,.F.);
#2420=ORIENTED_EDGE('',*,*,#1757,.T.);
#2421=ORIENTED_EDGE('',*,*,#1730,.T.);
#2422=ORIENTED_EDGE('',*,*,#1758,.F.);
#2423=ORIENTED_EDGE('',*,*,#1759,.F.);
#2424=ORIENTED_EDGE('',*,*,#1760,.F.);
#2425=ORIENTED_EDGE('',*,*,#1761,.F.);
#2426=ORIENTED_EDGE('',*,*,#1762,.F.);
#2427=ORIENTED_EDGE('',*,*,#1763,.F.);
#2428=ORIENTED_EDGE('',*,*,#1764,.F.);
#2429=ORIENTED_EDGE('',*,*,#1765,.F.);
#2430=ORIENTED_EDGE('',*,*,#1766,.T.);
#2431=ORIENTED_EDGE('',*,*,#1665,.T.);
#2432=ORIENTED_EDGE('',*,*,#1739,.F.);
#2433=ORIENTED_EDGE('',*,*,#1767,.F.);
#2434=ORIENTED_EDGE('',*,*,#1768,.F.);
#2435=ORIENTED_EDGE('',*,*,#1769,.T.);
#2436=ORIENTED_EDGE('',*,*,#1666,.T.);
#2437=ORIENTED_EDGE('',*,*,#1769,.F.);
#2438=ORIENTED_EDGE('',*,*,#1770,.F.);
#2439=ORIENTED_EDGE('',*,*,#1771,.F.);
#2440=ORIENTED_EDGE('',*,*,#1731,.T.);
#2441=ORIENTED_EDGE('',*,*,#1707,.T.);
#2442=ORIENTED_EDGE('',*,*,#1772,.F.);
#2443=ORIENTED_EDGE('',*,*,#1773,.F.);
#2444=ORIENTED_EDGE('',*,*,#1774,.F.);
#2445=ORIENTED_EDGE('',*,*,#1749,.T.);
#2446=ORIENTED_EDGE('',*,*,#1709,.T.);
#2447=ORIENTED_EDGE('',*,*,#1757,.F.);
#2448=ORIENTED_EDGE('',*,*,#1775,.F.);
#2449=ORIENTED_EDGE('',*,*,#1776,.F.);
#2450=ORIENTED_EDGE('',*,*,#1772,.T.);
#2451=ORIENTED_EDGE('',*,*,#1686,.T.);
#2452=ORIENTED_EDGE('',*,*,#1748,.F.);
#2453=ORIENTED_EDGE('',*,*,#1777,.F.);
#2454=ORIENTED_EDGE('',*,*,#1778,.F.);
#2455=ORIENTED_EDGE('',*,*,#1779,.T.);
#2456=ORIENTED_EDGE('',*,*,#1687,.T.);
#2457=ORIENTED_EDGE('',*,*,#1779,.F.);
#2458=ORIENTED_EDGE('',*,*,#1780,.F.);
#2459=ORIENTED_EDGE('',*,*,#1781,.F.);
#2460=ORIENTED_EDGE('',*,*,#1740,.T.);
#2461=ORIENTED_EDGE('',*,*,#1728,.T.);
#2462=ORIENTED_EDGE('',*,*,#1766,.F.);
#2463=ORIENTED_EDGE('',*,*,#1782,.F.);
#2464=ORIENTED_EDGE('',*,*,#1783,.F.);
#2465=ORIENTED_EDGE('',*,*,#1784,.T.);
#2466=ORIENTED_EDGE('',*,*,#1729,.T.);
#2467=ORIENTED_EDGE('',*,*,#1784,.F.);
#2468=ORIENTED_EDGE('',*,*,#1785,.F.);
#2469=ORIENTED_EDGE('',*,*,#1786,.F.);
#2470=ORIENTED_EDGE('',*,*,#1758,.T.);
#2471=ORIENTED_EDGE('',*,*,#1752,.T.);
#2472=ORIENTED_EDGE('',*,*,#1787,.T.);
#2473=ORIENTED_EDGE('',*,*,#1788,.F.);
#2474=ORIENTED_EDGE('',*,*,#1789,.F.);
#2475=ORIENTED_EDGE('',*,*,#1736,.T.);
#2476=ORIENTED_EDGE('',*,*,#1790,.F.);
#2477=ORIENTED_EDGE('',*,*,#1791,.T.);
#2478=ORIENTED_EDGE('',*,*,#1792,.T.);
#2479=ORIENTED_EDGE('',*,*,#1734,.T.);
#2480=ORIENTED_EDGE('',*,*,#1793,.T.);
#2481=ORIENTED_EDGE('',*,*,#1754,.T.);
#2482=ORIENTED_EDGE('',*,*,#1794,.F.);
#2483=ORIENTED_EDGE('',*,*,#1751,.T.);
#2484=ORIENTED_EDGE('',*,*,#1795,.T.);
#2485=ORIENTED_EDGE('',*,*,#1796,.F.);
#2486=ORIENTED_EDGE('',*,*,#1787,.F.);
#2487=ORIENTED_EDGE('',*,*,#1737,.T.);
#2488=ORIENTED_EDGE('',*,*,#1792,.F.);
#2489=ORIENTED_EDGE('',*,*,#1797,.T.);
#2490=ORIENTED_EDGE('',*,*,#1798,.T.);
#2491=ORIENTED_EDGE('',*,*,#1733,.T.);
#2492=ORIENTED_EDGE('',*,*,#1799,.T.);
#2493=ORIENTED_EDGE('',*,*,#1755,.T.);
#2494=ORIENTED_EDGE('',*,*,#1793,.F.);
#2495=ORIENTED_EDGE('',*,*,#1750,.T.);
#2496=ORIENTED_EDGE('',*,*,#1774,.T.);
#2497=ORIENTED_EDGE('',*,*,#1800,.T.);
#2498=ORIENTED_EDGE('',*,*,#1801,.F.);
#2499=ORIENTED_EDGE('',*,*,#1795,.F.);
#2500=ORIENTED_EDGE('',*,*,#1738,.T.);
#2501=ORIENTED_EDGE('',*,*,#1798,.F.);
#2502=ORIENTED_EDGE('',*,*,#1802,.T.);
#2503=ORIENTED_EDGE('',*,*,#1803,.T.);
#2504=ORIENTED_EDGE('',*,*,#1767,.T.);
#2505=ORIENTED_EDGE('',*,*,#1732,.T.);
#2506=ORIENTED_EDGE('',*,*,#1771,.T.);
#2507=ORIENTED_EDGE('',*,*,#1804,.T.);
#2508=ORIENTED_EDGE('',*,*,#1775,.T.);
#2509=ORIENTED_EDGE('',*,*,#1756,.T.);
#2510=ORIENTED_EDGE('',*,*,#1799,.F.);
#2511=ORIENTED_EDGE('',*,*,#1770,.T.);
#2512=ORIENTED_EDGE('',*,*,#1768,.T.);
#2513=ORIENTED_EDGE('',*,*,#1803,.F.);
#2514=ORIENTED_EDGE('',*,*,#1805,.T.);
#2515=ORIENTED_EDGE('',*,*,#1806,.T.);
#2516=ORIENTED_EDGE('',*,*,#1807,.F.);
#2517=ORIENTED_EDGE('',*,*,#1800,.F.);
#2518=ORIENTED_EDGE('',*,*,#1773,.T.);
#2519=ORIENTED_EDGE('',*,*,#1776,.T.);
#2520=ORIENTED_EDGE('',*,*,#1804,.F.);
#2521=ORIENTED_EDGE('',*,*,#1761,.T.);
#2522=ORIENTED_EDGE('',*,*,#1808,.T.);
#2523=ORIENTED_EDGE('',*,*,#1809,.F.);
#2524=ORIENTED_EDGE('',*,*,#1810,.F.);
#2525=ORIENTED_EDGE('',*,*,#1745,.T.);
#2526=ORIENTED_EDGE('',*,*,#1811,.F.);
#2527=ORIENTED_EDGE('',*,*,#1812,.T.);
#2528=ORIENTED_EDGE('',*,*,#1813,.T.);
#2529=ORIENTED_EDGE('',*,*,#1743,.T.);
#2530=ORIENTED_EDGE('',*,*,#1814,.T.);
#2531=ORIENTED_EDGE('',*,*,#1763,.T.);
#2532=ORIENTED_EDGE('',*,*,#1815,.F.);
#2533=ORIENTED_EDGE('',*,*,#1760,.T.);
#2534=ORIENTED_EDGE('',*,*,#1816,.T.);
#2535=ORIENTED_EDGE('',*,*,#1817,.F.);
#2536=ORIENTED_EDGE('',*,*,#1808,.F.);
#2537=ORIENTED_EDGE('',*,*,#1746,.T.);
#2538=ORIENTED_EDGE('',*,*,#1813,.F.);
#2539=ORIENTED_EDGE('',*,*,#1818,.T.);
#2540=ORIENTED_EDGE('',*,*,#1819,.T.);
#2541=ORIENTED_EDGE('',*,*,#1742,.T.);
#2542=ORIENTED_EDGE('',*,*,#1820,.T.);
#2543=ORIENTED_EDGE('',*,*,#1764,.T.);
#2544=ORIENTED_EDGE('',*,*,#1814,.F.);
#2545=ORIENTED_EDGE('',*,*,#1759,.T.);
#2546=ORIENTED_EDGE('',*,*,#1786,.T.);
#2547=ORIENTED_EDGE('',*,*,#1821,.T.);
#2548=ORIENTED_EDGE('',*,*,#1822,.F.);
#2549=ORIENTED_EDGE('',*,*,#1816,.F.);
#2550=ORIENTED_EDGE('',*,*,#1747,.T.);
#2551=ORIENTED_EDGE('',*,*,#1819,.F.);
#2552=ORIENTED_EDGE('',*,*,#1823,.T.);
#2553=ORIENTED_EDGE('',*,*,#1824,.T.);
#2554=ORIENTED_EDGE('',*,*,#1777,.T.);
#2555=ORIENTED_EDGE('',*,*,#1741,.T.);
#2556=ORIENTED_EDGE('',*,*,#1781,.T.);
#2557=ORIENTED_EDGE('',*,*,#1825,.T.);
#2558=ORIENTED_EDGE('',*,*,#1782,.T.);
#2559=ORIENTED_EDGE('',*,*,#1765,.T.);
#2560=ORIENTED_EDGE('',*,*,#1820,.F.);
#2561=ORIENTED_EDGE('',*,*,#1780,.T.);
#2562=ORIENTED_EDGE('',*,*,#1778,.T.);
#2563=ORIENTED_EDGE('',*,*,#1824,.F.);
#2564=ORIENTED_EDGE('',*,*,#1826,.T.);
#2565=ORIENTED_EDGE('',*,*,#1827,.T.);
#2566=ORIENTED_EDGE('',*,*,#1828,.F.);
#2567=ORIENTED_EDGE('',*,*,#1821,.F.);
#2568=ORIENTED_EDGE('',*,*,#1785,.T.);
#2569=ORIENTED_EDGE('',*,*,#1783,.T.);
#2570=ORIENTED_EDGE('',*,*,#1825,.F.);
#2571=ORIENTED_EDGE('',*,*,#1829,.F.);
#2572=ORIENTED_EDGE('',*,*,#1830,.F.);
#2573=ORIENTED_EDGE('',*,*,#1831,.T.);
#2574=ORIENTED_EDGE('',*,*,#1832,.F.);
#2575=ORIENTED_EDGE('',*,*,#1833,.F.);
#2576=ORIENTED_EDGE('',*,*,#1834,.F.);
#2577=ORIENTED_EDGE('',*,*,#1835,.T.);
#2578=ORIENTED_EDGE('',*,*,#1836,.F.);
#2579=ORIENTED_EDGE('',*,*,#1837,.F.);
#2580=ORIENTED_EDGE('',*,*,#1831,.F.);
#2581=ORIENTED_EDGE('',*,*,#1838,.F.);
#2582=ORIENTED_EDGE('',*,*,#1835,.F.);
#2583=ORIENTED_EDGE('',*,*,#1833,.T.);
#2584=ORIENTED_EDGE('',*,*,#1839,.T.);
#2585=ORIENTED_EDGE('',*,*,#1840,.F.);
#2586=ORIENTED_EDGE('',*,*,#1841,.F.);
#2587=ORIENTED_EDGE('',*,*,#1842,.F.);
#2588=ORIENTED_EDGE('',*,*,#1805,.F.);
#2589=ORIENTED_EDGE('',*,*,#1802,.F.);
#2590=ORIENTED_EDGE('',*,*,#1797,.F.);
#2591=ORIENTED_EDGE('',*,*,#1791,.F.);
#2592=ORIENTED_EDGE('',*,*,#1843,.F.);
#2593=ORIENTED_EDGE('',*,*,#1844,.F.);
#2594=ORIENTED_EDGE('',*,*,#1845,.F.);
#2595=ORIENTED_EDGE('',*,*,#1846,.F.);
#2596=ORIENTED_EDGE('',*,*,#1847,.F.);
#2597=ORIENTED_EDGE('',*,*,#1848,.F.);
#2598=ORIENTED_EDGE('',*,*,#1849,.F.);
#2599=ORIENTED_EDGE('',*,*,#1850,.F.);
#2600=ORIENTED_EDGE('',*,*,#1826,.F.);
#2601=ORIENTED_EDGE('',*,*,#1823,.F.);
#2602=ORIENTED_EDGE('',*,*,#1818,.F.);
#2603=ORIENTED_EDGE('',*,*,#1812,.F.);
#2604=ORIENTED_EDGE('',*,*,#1851,.F.);
#2605=ORIENTED_EDGE('',*,*,#1852,.F.);
#2606=ORIENTED_EDGE('',*,*,#1853,.F.);
#2607=ORIENTED_EDGE('',*,*,#1854,.F.);
#2608=ORIENTED_EDGE('',*,*,#1855,.F.);
#2609=ORIENTED_EDGE('',*,*,#1856,.F.);
#2610=ORIENTED_EDGE('',*,*,#1829,.T.);
#2611=ORIENTED_EDGE('',*,*,#1857,.F.);
#2612=ORIENTED_EDGE('',*,*,#1858,.F.);
#2613=ORIENTED_EDGE('',*,*,#1859,.T.);
#2614=ORIENTED_EDGE('',*,*,#1832,.T.);
#2615=ORIENTED_EDGE('',*,*,#1837,.T.);
#2616=ORIENTED_EDGE('',*,*,#1834,.T.);
#2617=ORIENTED_EDGE('',*,*,#1856,.T.);
#2618=ORIENTED_EDGE('',*,*,#1860,.T.);
#2619=ORIENTED_EDGE('',*,*,#1861,.F.);
#2620=ORIENTED_EDGE('',*,*,#1862,.T.);
#2621=ORIENTED_EDGE('',*,*,#1863,.T.);
#2622=ORIENTED_EDGE('',*,*,#1864,.T.);
#2623=ORIENTED_EDGE('',*,*,#1865,.F.);
#2624=ORIENTED_EDGE('',*,*,#1866,.F.);
#2625=ORIENTED_EDGE('',*,*,#1857,.T.);
#2626=ORIENTED_EDGE('',*,*,#1867,.T.);
#2627=ORIENTED_EDGE('',*,*,#1868,.F.);
#2628=ORIENTED_EDGE('',*,*,#1869,.F.);
#2629=ORIENTED_EDGE('',*,*,#1870,.T.);
#2630=ORIENTED_EDGE('',*,*,#1862,.F.);
#2631=ORIENTED_EDGE('',*,*,#1871,.F.);
#2632=ORIENTED_EDGE('',*,*,#1864,.F.);
#2633=ORIENTED_EDGE('',*,*,#1872,.T.);
#2634=ORIENTED_EDGE('',*,*,#1873,.F.);
#2635=ORIENTED_EDGE('',*,*,#1863,.F.);
#2636=ORIENTED_EDGE('',*,*,#1870,.F.);
#2637=ORIENTED_EDGE('',*,*,#1874,.F.);
#2638=ORIENTED_EDGE('',*,*,#1872,.F.);
#2639=ORIENTED_EDGE('',*,*,#1871,.T.);
#2640=ORIENTED_EDGE('',*,*,#1875,.T.);
#2641=ORIENTED_EDGE('',*,*,#1876,.T.);
#2642=ORIENTED_EDGE('',*,*,#1865,.T.);
#2643=ORIENTED_EDGE('',*,*,#1868,.T.);
#2644=ORIENTED_EDGE('',*,*,#1861,.T.);
#2645=ORIENTED_EDGE('',*,*,#1877,.T.);
#2646=ORIENTED_EDGE('',*,*,#1878,.T.);
#2647=ORIENTED_EDGE('',*,*,#1879,.T.);
#2648=ORIENTED_EDGE('',*,*,#1880,.T.);
#2649=ORIENTED_EDGE('',*,*,#1881,.T.);
#2650=ORIENTED_EDGE('',*,*,#1809,.T.);
#2651=ORIENTED_EDGE('',*,*,#1817,.T.);
#2652=ORIENTED_EDGE('',*,*,#1822,.T.);
#2653=ORIENTED_EDGE('',*,*,#1828,.T.);
#2654=ORIENTED_EDGE('',*,*,#1882,.T.);
#2655=ORIENTED_EDGE('',*,*,#1883,.T.);
#2656=ORIENTED_EDGE('',*,*,#1884,.T.);
#2657=ORIENTED_EDGE('',*,*,#1885,.T.);
#2658=ORIENTED_EDGE('',*,*,#1886,.T.);
#2659=ORIENTED_EDGE('',*,*,#1887,.T.);
#2660=ORIENTED_EDGE('',*,*,#1888,.T.);
#2661=ORIENTED_EDGE('',*,*,#1889,.T.);
#2662=ORIENTED_EDGE('',*,*,#1788,.T.);
#2663=ORIENTED_EDGE('',*,*,#1796,.T.);
#2664=ORIENTED_EDGE('',*,*,#1801,.T.);
#2665=ORIENTED_EDGE('',*,*,#1807,.T.);
#2666=ORIENTED_EDGE('',*,*,#1890,.T.);
#2667=ORIENTED_EDGE('',*,*,#1891,.T.);
#2668=ORIENTED_EDGE('',*,*,#1892,.T.);
#2669=ORIENTED_EDGE('',*,*,#1893,.T.);
#2670=ORIENTED_EDGE('',*,*,#1894,.F.);
#2671=ORIENTED_EDGE('',*,*,#1895,.T.);
#2672=ORIENTED_EDGE('',*,*,#1896,.T.);
#2673=ORIENTED_EDGE('',*,*,#1897,.F.);
#2674=ORIENTED_EDGE('',*,*,#1898,.F.);
#2675=ORIENTED_EDGE('',*,*,#1899,.T.);
#2676=ORIENTED_EDGE('',*,*,#1900,.T.);
#2677=ORIENTED_EDGE('',*,*,#1895,.F.);
#2678=ORIENTED_EDGE('',*,*,#1901,.F.);
#2679=ORIENTED_EDGE('',*,*,#1902,.T.);
#2680=ORIENTED_EDGE('',*,*,#1903,.T.);
#2681=ORIENTED_EDGE('',*,*,#1899,.F.);
#2682=ORIENTED_EDGE('',*,*,#1904,.F.);
#2683=ORIENTED_EDGE('',*,*,#1905,.T.);
#2684=ORIENTED_EDGE('',*,*,#1906,.T.);
#2685=ORIENTED_EDGE('',*,*,#1902,.F.);
#2686=ORIENTED_EDGE('',*,*,#1907,.F.);
#2687=ORIENTED_EDGE('',*,*,#1908,.T.);
#2688=ORIENTED_EDGE('',*,*,#1909,.T.);
#2689=ORIENTED_EDGE('',*,*,#1905,.F.);
#2690=ORIENTED_EDGE('',*,*,#1910,.F.);
#2691=ORIENTED_EDGE('',*,*,#1897,.T.);
#2692=ORIENTED_EDGE('',*,*,#1911,.T.);
#2693=ORIENTED_EDGE('',*,*,#1908,.F.);
#2694=ORIENTED_EDGE('',*,*,#1911,.F.);
#2695=ORIENTED_EDGE('',*,*,#1896,.F.);
#2696=ORIENTED_EDGE('',*,*,#1900,.F.);
#2697=ORIENTED_EDGE('',*,*,#1903,.F.);
#2698=ORIENTED_EDGE('',*,*,#1906,.F.);
#2699=ORIENTED_EDGE('',*,*,#1909,.F.);
#2700=ORIENTED_EDGE('',*,*,#1912,.F.);
#2701=ORIENTED_EDGE('',*,*,#1912,.T.);
#2702=ORIENTED_EDGE('',*,*,#1913,.T.);
#2703=ORIENTED_EDGE('',*,*,#1867,.F.);
#2704=ORIENTED_EDGE('',*,*,#1913,.F.);
#2705=ORIENTED_EDGE('',*,*,#1855,.T.);
#2706=ORIENTED_EDGE('',*,*,#1914,.T.);
#2707=ORIENTED_EDGE('',*,*,#1877,.F.);
#2708=ORIENTED_EDGE('',*,*,#1860,.F.);
#2709=ORIENTED_EDGE('',*,*,#1858,.T.);
#2710=ORIENTED_EDGE('',*,*,#1866,.T.);
#2711=ORIENTED_EDGE('',*,*,#1876,.F.);
#2712=ORIENTED_EDGE('',*,*,#1915,.F.);
#2713=ORIENTED_EDGE('',*,*,#1647,.T.);
#2714=ORIENTED_EDGE('',*,*,#1663,.T.);
#2715=ORIENTED_EDGE('',*,*,#1660,.T.);
#2716=ORIENTED_EDGE('',*,*,#1657,.T.);
#2717=ORIENTED_EDGE('',*,*,#1654,.T.);
#2718=ORIENTED_EDGE('',*,*,#1651,.T.);
#2719=ORIENTED_EDGE('',*,*,#1668,.T.);
#2720=ORIENTED_EDGE('',*,*,#1684,.T.);
#2721=ORIENTED_EDGE('',*,*,#1681,.T.);
#2722=ORIENTED_EDGE('',*,*,#1678,.T.);
#2723=ORIENTED_EDGE('',*,*,#1675,.T.);
#2724=ORIENTED_EDGE('',*,*,#1672,.T.);
#2725=ORIENTED_EDGE('',*,*,#1689,.T.);
#2726=ORIENTED_EDGE('',*,*,#1705,.T.);
#2727=ORIENTED_EDGE('',*,*,#1702,.T.);
#2728=ORIENTED_EDGE('',*,*,#1699,.T.);
#2729=ORIENTED_EDGE('',*,*,#1696,.T.);
#2730=ORIENTED_EDGE('',*,*,#1693,.T.);
#2731=ORIENTED_EDGE('',*,*,#1710,.T.);
#2732=ORIENTED_EDGE('',*,*,#1726,.T.);
#2733=ORIENTED_EDGE('',*,*,#1723,.T.);
#2734=ORIENTED_EDGE('',*,*,#1720,.T.);
#2735=ORIENTED_EDGE('',*,*,#1717,.T.);
#2736=ORIENTED_EDGE('',*,*,#1714,.T.);
#2737=ORIENTED_EDGE('',*,*,#1830,.T.);
#2738=ORIENTED_EDGE('',*,*,#1859,.F.);
#2739=ORIENTED_EDGE('',*,*,#1915,.T.);
#2740=ORIENTED_EDGE('',*,*,#1875,.F.);
#2741=ORIENTED_EDGE('',*,*,#1873,.T.);
#2742=ORIENTED_EDGE('',*,*,#1874,.T.);
#2743=ORIENTED_EDGE('',*,*,#1869,.T.);
#2744=ORIENTED_EDGE('',*,*,#1893,.F.);
#2745=ORIENTED_EDGE('',*,*,#1916,.F.);
#2746=ORIENTED_EDGE('',*,*,#1839,.F.);
#2747=ORIENTED_EDGE('',*,*,#1836,.T.);
#2748=ORIENTED_EDGE('',*,*,#1838,.T.);
#2749=ORIENTED_EDGE('',*,*,#1894,.T.);
#2750=ORIENTED_EDGE('',*,*,#1910,.T.);
#2751=ORIENTED_EDGE('',*,*,#1907,.T.);
#2752=ORIENTED_EDGE('',*,*,#1904,.T.);
#2753=ORIENTED_EDGE('',*,*,#1901,.T.);
#2754=ORIENTED_EDGE('',*,*,#1898,.T.);
#2755=ORIENTED_EDGE('',*,*,#1840,.T.);
#2756=ORIENTED_EDGE('',*,*,#1916,.T.);
#2757=ORIENTED_EDGE('',*,*,#1892,.F.);
#2758=ORIENTED_EDGE('',*,*,#1917,.F.);
#2759=ORIENTED_EDGE('',*,*,#1841,.T.);
#2760=ORIENTED_EDGE('',*,*,#1917,.T.);
#2761=ORIENTED_EDGE('',*,*,#1891,.F.);
#2762=ORIENTED_EDGE('',*,*,#1918,.F.);
#2763=ORIENTED_EDGE('',*,*,#1842,.T.);
#2764=ORIENTED_EDGE('',*,*,#1918,.T.);
#2765=ORIENTED_EDGE('',*,*,#1890,.F.);
#2766=ORIENTED_EDGE('',*,*,#1806,.F.);
#2767=ORIENTED_EDGE('',*,*,#1735,.T.);
#2768=ORIENTED_EDGE('',*,*,#1794,.T.);
#2769=ORIENTED_EDGE('',*,*,#1753,.T.);
#2770=ORIENTED_EDGE('',*,*,#1789,.T.);
#2771=ORIENTED_EDGE('',*,*,#1889,.F.);
#2772=ORIENTED_EDGE('',*,*,#1919,.F.);
#2773=ORIENTED_EDGE('',*,*,#1843,.T.);
#2774=ORIENTED_EDGE('',*,*,#1790,.T.);
#2775=ORIENTED_EDGE('',*,*,#1844,.T.);
#2776=ORIENTED_EDGE('',*,*,#1919,.T.);
#2777=ORIENTED_EDGE('',*,*,#1888,.F.);
#2778=ORIENTED_EDGE('',*,*,#1920,.F.);
#2779=ORIENTED_EDGE('',*,*,#1845,.T.);
#2780=ORIENTED_EDGE('',*,*,#1920,.T.);
#2781=ORIENTED_EDGE('',*,*,#1887,.F.);
#2782=ORIENTED_EDGE('',*,*,#1921,.F.);
#2783=ORIENTED_EDGE('',*,*,#1846,.T.);
#2784=ORIENTED_EDGE('',*,*,#1921,.T.);
#2785=ORIENTED_EDGE('',*,*,#1886,.F.);
#2786=ORIENTED_EDGE('',*,*,#1922,.F.);
#2787=ORIENTED_EDGE('',*,*,#1847,.T.);
#2788=ORIENTED_EDGE('',*,*,#1922,.T.);
#2789=ORIENTED_EDGE('',*,*,#1885,.F.);
#2790=ORIENTED_EDGE('',*,*,#1923,.F.);
#2791=ORIENTED_EDGE('',*,*,#1848,.T.);
#2792=ORIENTED_EDGE('',*,*,#1923,.T.);
#2793=ORIENTED_EDGE('',*,*,#1884,.F.);
#2794=ORIENTED_EDGE('',*,*,#1924,.F.);
#2795=ORIENTED_EDGE('',*,*,#1849,.T.);
#2796=ORIENTED_EDGE('',*,*,#1924,.T.);
#2797=ORIENTED_EDGE('',*,*,#1883,.F.);
#2798=ORIENTED_EDGE('',*,*,#1925,.F.);
#2799=ORIENTED_EDGE('',*,*,#1850,.T.);
#2800=ORIENTED_EDGE('',*,*,#1925,.T.);
#2801=ORIENTED_EDGE('',*,*,#1882,.F.);
#2802=ORIENTED_EDGE('',*,*,#1827,.F.);
#2803=ORIENTED_EDGE('',*,*,#1744,.T.);
#2804=ORIENTED_EDGE('',*,*,#1815,.T.);
#2805=ORIENTED_EDGE('',*,*,#1762,.T.);
#2806=ORIENTED_EDGE('',*,*,#1810,.T.);
#2807=ORIENTED_EDGE('',*,*,#1881,.F.);
#2808=ORIENTED_EDGE('',*,*,#1926,.F.);
#2809=ORIENTED_EDGE('',*,*,#1851,.T.);
#2810=ORIENTED_EDGE('',*,*,#1811,.T.);
#2811=ORIENTED_EDGE('',*,*,#1852,.T.);
#2812=ORIENTED_EDGE('',*,*,#1926,.T.);
#2813=ORIENTED_EDGE('',*,*,#1880,.F.);
#2814=ORIENTED_EDGE('',*,*,#1927,.F.);
#2815=ORIENTED_EDGE('',*,*,#1853,.T.);
#2816=ORIENTED_EDGE('',*,*,#1927,.T.);
#2817=ORIENTED_EDGE('',*,*,#1879,.F.);
#2818=ORIENTED_EDGE('',*,*,#1928,.F.);
#2819=ORIENTED_EDGE('',*,*,#1854,.T.);
#2820=ORIENTED_EDGE('',*,*,#1928,.T.);
#2821=ORIENTED_EDGE('',*,*,#1878,.F.);
#2822=ORIENTED_EDGE('',*,*,#1914,.F.);
#2823=PLANE('',#3129);
#2824=PLANE('',#3130);
#2825=PLANE('',#3140);
#2826=PLANE('',#3150);
#2827=PLANE('',#3151);
#2828=PLANE('',#3152);
#2829=PLANE('',#3162);
#2830=PLANE('',#3163);
#2831=PLANE('',#3173);
#2832=PLANE('',#3174);
#2833=PLANE('',#3175);
#2834=PLANE('',#3176);
#2835=PLANE('',#3177);
#2836=PLANE('',#3178);
#2837=PLANE('',#3179);
#2838=PLANE('',#3180);
#2839=PLANE('',#3181);
#2840=PLANE('',#3182);
#2841=PLANE('',#3183);
#2842=PLANE('',#3184);
#2843=PLANE('',#3185);
#2844=PLANE('',#3186);
#2845=PLANE('',#3187);
#2846=PLANE('',#3188);
#2847=PLANE('',#3189);
#2848=PLANE('',#3190);
#2849=PLANE('',#3191);
#2850=PLANE('',#3192);
#2851=PLANE('',#3193);
#2852=PLANE('',#3194);
#2853=PLANE('',#3195);
#2854=PLANE('',#3196);
#2855=PLANE('',#3197);
#2856=PLANE('',#3198);
#2857=PLANE('',#3199);
#2858=PLANE('',#3200);
#2859=PLANE('',#3201);
#2860=PLANE('',#3202);
#2861=PLANE('',#3203);
#2862=PLANE('',#3204);
#2863=PLANE('',#3205);
#2864=PLANE('',#3206);
#2865=PLANE('',#3207);
#2866=PLANE('',#3208);
#2867=PLANE('',#3209);
#2868=PLANE('',#3210);
#2869=PLANE('',#3211);
#2870=PLANE('',#3212);
#2871=PLANE('',#3213);
#2872=PLANE('',#3214);
#2873=PLANE('',#3215);
#2874=PLANE('',#3216);
#2875=PLANE('',#3217);
#2876=PLANE('',#3218);
#2877=PLANE('',#3219);
#2878=PLANE('',#3220);
#2879=PLANE('',#3222);
#2880=PLANE('',#3223);
#2881=PLANE('',#3224);
#2882=PLANE('',#3225);
#2883=PLANE('',#3226);
#2884=PLANE('',#3227);
#2885=PLANE('',#3228);
#2886=PLANE('',#3230);
#2887=PLANE('',#3231);
#2888=PLANE('',#3232);
#2889=PLANE('',#3233);
#2890=PLANE('',#3234);
#2891=PLANE('',#3235);
#2892=PLANE('',#3236);
#2893=PLANE('',#3238);
#2894=PLANE('',#3239);
#2895=PLANE('',#3240);
#2896=PLANE('',#3241);
#2897=PLANE('',#3242);
#2898=PLANE('',#3243);
#2899=PLANE('',#3244);
#2900=PLANE('',#3278);
#2901=PLANE('',#3279);
#2902=PLANE('',#3280);
#2903=PLANE('',#3281);
#2904=PLANE('',#3282);
#2905=PLANE('',#3283);
#2906=PLANE('',#3284);
#2907=PLANE('',#3285);
#2908=PLANE('',#3286);
#2909=PLANE('',#3287);
#2910=PLANE('',#3288);
#2911=PLANE('',#3289);
#2912=PLANE('',#3290);
#2913=PLANE('',#3291);
#2914=PLANE('',#3292);
#2915=PLANE('',#3293);
#2916=PLANE('',#3294);
#2917=PLANE('',#3295);
#2918=PLANE('',#3296);
#2919=PLANE('',#3297);
#2920=PLANE('',#3298);
#2921=PLANE('',#3299);
#2922=PLANE('',#3300);
#2923=PLANE('',#3301);
#2924=PLANE('',#3302);
#2925=PLANE('',#3303);
#2926=PLANE('',#3304);
#2927=PLANE('',#3305);
#2928=PLANE('',#3306);
#2929=PLANE('',#3307);
#2930=PLANE('',#3308);
#2931=PLANE('',#3309);
#2932=PLANE('',#3310);
#2933=PLANE('',#3311);
#2934=PLANE('',#3313);
#2935=PLANE('',#3314);
#2936=PLANE('',#3315);
#2937=PLANE('',#3316);
#2938=PLANE('',#3317);
#2939=PLANE('',#3318);
#2940=PLANE('',#3319);
#2941=PLANE('',#3320);
#2942=PLANE('',#3321);
#2943=PLANE('',#3322);
#2944=PLANE('',#3323);
#2945=PLANE('',#3324);
#2946=PLANE('',#3327);
#2947=PLANE('',#3328);
#2948=PLANE('',#3329);
#2949=PLANE('',#3330);
#2950=PLANE('',#3331);
#2951=PLANE('',#3332);
#2952=PLANE('',#3333);
#2953=PLANE('',#3334);
#2954=PLANE('',#3335);
#2955=PLANE('',#3336);
#2956=PLANE('',#3337);
#2957=PLANE('',#3338);
#2958=PLANE('',#3339);
#2959=PLANE('',#3340);
#2960=PLANE('',#3341);
#2961=PLANE('',#3342);
#2962=PLANE('',#3343);
#2963=PLANE('',#3344);
#2964=ADVANCED_FACE('',(#107),#2823,.F.);
#2965=ADVANCED_FACE('',(#108),#2824,.F.);
#2966=ADVANCED_FACE('',(#109),#98,.F.);
#2967=ADVANCED_FACE('',(#110),#2825,.F.);
#2968=ADVANCED_FACE('',(#111),#99,.F.);
#2969=ADVANCED_FACE('',(#112),#2826,.F.);
#2970=ADVANCED_FACE('',(#113),#2827,.F.);
#2971=ADVANCED_FACE('',(#114),#2828,.F.);
#2972=ADVANCED_FACE('',(#115),#100,.F.);
#2973=ADVANCED_FACE('',(#116),#2829,.F.);
#2974=ADVANCED_FACE('',(#117),#2830,.F.);
#2975=ADVANCED_FACE('',(#118),#101,.F.);
#2976=ADVANCED_FACE('',(#119),#2831,.T.);
#2977=ADVANCED_FACE('',(#120),#2832,.T.);
#2978=ADVANCED_FACE('',(#121),#2833,.T.);
#2979=ADVANCED_FACE('',(#122),#2834,.T.);
#2980=ADVANCED_FACE('',(#123),#2835,.T.);
#2981=ADVANCED_FACE('',(#124),#2836,.T.);
#2982=ADVANCED_FACE('',(#125),#2837,.T.);
#2983=ADVANCED_FACE('',(#126),#2838,.T.);
#2984=ADVANCED_FACE('',(#127),#2839,.T.);
#2985=ADVANCED_FACE('',(#128),#2840,.T.);
#2986=ADVANCED_FACE('',(#129),#2841,.T.);
#2987=ADVANCED_FACE('',(#130),#2842,.T.);
#2988=ADVANCED_FACE('',(#131),#2843,.T.);
#2989=ADVANCED_FACE('',(#132),#2844,.T.);
#2990=ADVANCED_FACE('',(#133),#2845,.T.);
#2991=ADVANCED_FACE('',(#134),#2846,.T.);
#2992=ADVANCED_FACE('',(#135),#2847,.T.);
#2993=ADVANCED_FACE('',(#136),#2848,.T.);
#2994=ADVANCED_FACE('',(#137),#2849,.T.);
#2995=ADVANCED_FACE('',(#138),#2850,.T.);
#2996=ADVANCED_FACE('',(#139),#2851,.T.);
#2997=ADVANCED_FACE('',(#140),#2852,.T.);
#2998=ADVANCED_FACE('',(#141),#2853,.T.);
#2999=ADVANCED_FACE('',(#142),#2854,.T.);
#3000=ADVANCED_FACE('',(#143),#2855,.T.);
#3001=ADVANCED_FACE('',(#144),#2856,.T.);
#3002=ADVANCED_FACE('',(#145),#2857,.T.);
#3003=ADVANCED_FACE('',(#146),#2858,.T.);
#3004=ADVANCED_FACE('',(#147),#2859,.T.);
#3005=ADVANCED_FACE('',(#148),#2860,.T.);
#3006=ADVANCED_FACE('',(#149),#2861,.T.);
#3007=ADVANCED_FACE('',(#150),#2862,.T.);
#3008=ADVANCED_FACE('',(#151),#2863,.T.);
#3009=ADVANCED_FACE('',(#152),#2864,.T.);
#3010=ADVANCED_FACE('',(#153),#2865,.T.);
#3011=ADVANCED_FACE('',(#154),#2866,.T.);
#3012=ADVANCED_FACE('',(#155,#17,#18,#19,#20),#2867,.T.);
#3013=ADVANCED_FACE('',(#156),#2868,.T.);
#3014=ADVANCED_FACE('',(#157),#2869,.T.);
#3015=ADVANCED_FACE('',(#158),#2870,.T.);
#3016=ADVANCED_FACE('',(#159),#2871,.F.);
#3017=ADVANCED_FACE('',(#160),#2872,.F.);
#3018=ADVANCED_FACE('',(#161),#2873,.F.);
#3019=ADVANCED_FACE('',(#162),#2874,.F.);
#3020=ADVANCED_FACE('',(#163),#2875,.F.);
#3021=ADVANCED_FACE('',(#164),#2876,.F.);
#3022=ADVANCED_FACE('',(#165),#2877,.F.);
#3023=ADVANCED_FACE('',(#166,#21),#2878,.T.);
#3024=ADVANCED_FACE('',(#167),#2879,.F.);
#3025=ADVANCED_FACE('',(#168),#2880,.F.);
#3026=ADVANCED_FACE('',(#169),#2881,.F.);
#3027=ADVANCED_FACE('',(#170),#2882,.F.);
#3028=ADVANCED_FACE('',(#171),#2883,.F.);
#3029=ADVANCED_FACE('',(#172),#2884,.F.);
#3030=ADVANCED_FACE('',(#173,#22),#2885,.T.);
#3031=ADVANCED_FACE('',(#174),#2886,.F.);
#3032=ADVANCED_FACE('',(#175),#2887,.F.);
#3033=ADVANCED_FACE('',(#176),#2888,.F.);
#3034=ADVANCED_FACE('',(#177),#2889,.F.);
#3035=ADVANCED_FACE('',(#178),#2890,.F.);
#3036=ADVANCED_FACE('',(#179),#2891,.F.);
#3037=ADVANCED_FACE('',(#180,#23),#2892,.F.);
#3038=ADVANCED_FACE('',(#181),#2893,.F.);
#3039=ADVANCED_FACE('',(#182),#2894,.F.);
#3040=ADVANCED_FACE('',(#183),#2895,.F.);
#3041=ADVANCED_FACE('',(#184),#2896,.F.);
#3042=ADVANCED_FACE('',(#185),#2897,.F.);
#3043=ADVANCED_FACE('',(#186),#2898,.F.);
#3044=ADVANCED_FACE('',(#187,#24),#2899,.T.);
#3045=ADVANCED_FACE('',(#188),#102,.F.);
#3046=ADVANCED_FACE('',(#189),#103,.F.);
#3047=ADVANCED_FACE('',(#190),#104,.F.);
#3048=ADVANCED_FACE('',(#191),#105,.F.);
#3049=ADVANCED_FACE('',(#192),#2900,.F.);
#3050=ADVANCED_FACE('',(#193),#2901,.F.);
#3051=ADVANCED_FACE('',(#194),#2902,.F.);
#3052=ADVANCED_FACE('',(#195),#2903,.F.);
#3053=ADVANCED_FACE('',(#196),#2904,.F.);
#3054=ADVANCED_FACE('',(#197),#2905,.F.);
#3055=ADVANCED_FACE('',(#198),#2906,.F.);
#3056=ADVANCED_FACE('',(#199),#2907,.F.);
#3057=ADVANCED_FACE('',(#200),#2908,.T.);
#3058=ADVANCED_FACE('',(#201),#2909,.T.);
#3059=ADVANCED_FACE('',(#202),#2910,.T.);
#3060=ADVANCED_FACE('',(#203),#2911,.T.);
#3061=ADVANCED_FACE('',(#204),#2912,.T.);
#3062=ADVANCED_FACE('',(#205),#2913,.T.);
#3063=ADVANCED_FACE('',(#206),#2914,.T.);
#3064=ADVANCED_FACE('',(#207),#2915,.T.);
#3065=ADVANCED_FACE('',(#208),#2916,.T.);
#3066=ADVANCED_FACE('',(#209),#2917,.T.);
#3067=ADVANCED_FACE('',(#210),#2918,.T.);
#3068=ADVANCED_FACE('',(#211),#2919,.T.);
#3069=ADVANCED_FACE('',(#212),#2920,.T.);
#3070=ADVANCED_FACE('',(#213),#2921,.T.);
#3071=ADVANCED_FACE('',(#214),#2922,.T.);
#3072=ADVANCED_FACE('',(#215),#2923,.T.);
#3073=ADVANCED_FACE('',(#216),#2924,.T.);
#3074=ADVANCED_FACE('',(#217),#2925,.T.);
#3075=ADVANCED_FACE('',(#218),#2926,.T.);
#3076=ADVANCED_FACE('',(#219),#2927,.T.);
#3077=ADVANCED_FACE('',(#220),#2928,.F.);
#3078=ADVANCED_FACE('',(#221),#2929,.F.);
#3079=ADVANCED_FACE('',(#222),#2930,.F.);
#3080=ADVANCED_FACE('',(#223),#2931,.F.);
#3081=ADVANCED_FACE('',(#224),#2932,.F.);
#3082=ADVANCED_FACE('',(#225,#25),#2933,.T.);
#3083=ADVANCED_FACE('',(#226),#2934,.F.);
#3084=ADVANCED_FACE('',(#227),#2935,.F.);
#3085=ADVANCED_FACE('',(#228),#2936,.F.);
#3086=ADVANCED_FACE('',(#229),#2937,.T.);
#3087=ADVANCED_FACE('',(#230),#2938,.T.);
#3088=ADVANCED_FACE('',(#231),#2939,.F.);
#3089=ADVANCED_FACE('',(#232),#2940,.F.);
#3090=ADVANCED_FACE('',(#233),#2941,.F.);
#3091=ADVANCED_FACE('',(#234),#2942,.F.);
#3092=ADVANCED_FACE('',(#235),#2943,.F.);
#3093=ADVANCED_FACE('',(#236),#2944,.F.);
#3094=ADVANCED_FACE('',(#237,#26),#2945,.T.);
#3095=ADVANCED_FACE('',(#238),#106,.F.);
#3096=ADVANCED_FACE('',(#239),#2946,.T.);
#3097=ADVANCED_FACE('',(#240,#27,#28,#29,#30),#2947,.T.);
#3098=ADVANCED_FACE('',(#241,#31),#2948,.T.);
#3099=ADVANCED_FACE('',(#242),#2949,.T.);
#3100=ADVANCED_FACE('',(#243),#2950,.T.);
#3101=ADVANCED_FACE('',(#244),#2951,.T.);
#3102=ADVANCED_FACE('',(#245),#2952,.T.);
#3103=ADVANCED_FACE('',(#246),#2953,.T.);
#3104=ADVANCED_FACE('',(#247),#2954,.T.);
#3105=ADVANCED_FACE('',(#248),#2955,.T.);
#3106=ADVANCED_FACE('',(#249),#2956,.T.);
#3107=ADVANCED_FACE('',(#250),#2957,.T.);
#3108=ADVANCED_FACE('',(#251),#2958,.T.);
#3109=ADVANCED_FACE('',(#252),#2959,.T.);
#3110=ADVANCED_FACE('',(#253),#2960,.T.);
#3111=ADVANCED_FACE('',(#254),#2961,.T.);
#3112=ADVANCED_FACE('',(#255),#2962,.T.);
#3113=ADVANCED_FACE('',(#256),#2963,.T.);
#3114=CLOSED_SHELL('',(#2964,#2965,#2966,#2967,#2968,#2969,#2970,#2971,
#2972,#2973,#2974,#2975,#2976,#2977,#2978,#2979,#2980,#2981,#2982,#2983,
#2984,#2985,#2986,#2987,#2988,#2989,#2990,#2991,#2992,#2993,#2994,#2995,
#2996,#2997,#2998,#2999,#3000,#3001,#3002,#3003,#3004,#3005,#3006,#3007,
#3008,#3009,#3010,#3011,#3012,#3013,#3014,#3015,#3016));
#3115=CLOSED_SHELL('',(#3017,#3018,#3019,#3020,#3021,#3022,#3023,#3024,
#3025,#3026,#3027,#3028,#3029,#3030,#3031,#3032,#3033,#3034,#3035,#3036,
#3037,#3038,#3039,#3040,#3041,#3042,#3043,#3044,#3045,#3046,#3047,#3048,
#3049,#3050,#3051,#3052,#3053,#3054,#3055,#3056,#3057,#3058,#3059,#3060,
#3061,#3062,#3063,#3064,#3065,#3066,#3067,#3068,#3069,#3070,#3071,#3072,
#3073,#3074,#3075,#3076,#3077,#3078,#3079,#3080,#3081,#3082,#3083,#3084,
#3085,#3086,#3087,#3088,#3089,#3090,#3091,#3092,#3093,#3094,#3095,#3096,
#3097,#3098,#3099,#3100,#3101,#3102,#3103,#3104,#3105,#3106,#3107,#3108,
#3109,#3110,#3111,#3112,#3113));
#3116=DERIVED_UNIT_ELEMENT(#3118,1.);
#3117=DERIVED_UNIT_ELEMENT(#5061,-3.);
#3118=(
MASS_UNIT()
NAMED_UNIT(*)
SI_UNIT(.KILO.,.GRAM.)
);
#3119=DERIVED_UNIT((#3116,#3117));
#3120=MEASURE_REPRESENTATION_ITEM('density measure',
POSITIVE_RATIO_MEASURE(7850.),#3119);
#3121=PROPERTY_DEFINITION_REPRESENTATION(#3126,#3123);
#3122=PROPERTY_DEFINITION_REPRESENTATION(#3127,#3124);
#3123=REPRESENTATION('material name',(#3125),#5058);
#3124=REPRESENTATION('density',(#3120),#5058);
#3125=DESCRIPTIVE_REPRESENTATION_ITEM('Steel','Steel');
#3126=PROPERTY_DEFINITION('material property','material name',#5068);
#3127=PROPERTY_DEFINITION('material property','density of part',#5068);
#3128=AXIS2_PLACEMENT_3D('',#4160,#3345,#3346);
#3129=AXIS2_PLACEMENT_3D('',#4161,#3347,#3348);
#3130=AXIS2_PLACEMENT_3D('',#4172,#3354,#3355);
#3131=AXIS2_PLACEMENT_3D('',#4180,#3360,#3361);
#3132=AXIS2_PLACEMENT_3D('',#4182,#3362,#3363);
#3133=AXIS2_PLACEMENT_3D('',#4184,#3364,#3365);
#3134=AXIS2_PLACEMENT_3D('',#4186,#3366,#3367);
#3135=AXIS2_PLACEMENT_3D('',#4188,#3368,#3369);
#3136=AXIS2_PLACEMENT_3D('',#4190,#3370,#3371);
#3137=AXIS2_PLACEMENT_3D('',#4192,#3372,#3373);
#3138=AXIS2_PLACEMENT_3D('',#4193,#3374,#3375);
#3139=AXIS2_PLACEMENT_3D('',#4194,#3376,#3377);
#3140=AXIS2_PLACEMENT_3D('',#4195,#3378,#3379);
#3141=AXIS2_PLACEMENT_3D('',#4206,#3385,#3386);
#3142=AXIS2_PLACEMENT_3D('',#4209,#3387,#3388);
#3143=AXIS2_PLACEMENT_3D('',#4211,#3389,#3390);
#3144=AXIS2_PLACEMENT_3D('',#4213,#3391,#3392);
#3145=AXIS2_PLACEMENT_3D('',#4215,#3393,#3394);
#3146=AXIS2_PLACEMENT_3D('',#4217,#3395,#3396);
#3147=AXIS2_PLACEMENT_3D('',#4219,#3397,#3398);
#3148=AXIS2_PLACEMENT_3D('',#4220,#3399,#3400);
#3149=AXIS2_PLACEMENT_3D('',#4222,#3401,#3402);
#3150=AXIS2_PLACEMENT_3D('',#4224,#3404,#3405);
#3151=AXIS2_PLACEMENT_3D('',#4229,#3409,#3410);
#3152=AXIS2_PLACEMENT_3D('',#4240,#3416,#3417);
#3153=AXIS2_PLACEMENT_3D('',#4248,#3422,#3423);
#3154=AXIS2_PLACEMENT_3D('',#4250,#3424,#3425);
#3155=AXIS2_PLACEMENT_3D('',#4252,#3426,#3427);
#3156=AXIS2_PLACEMENT_3D('',#4254,#3428,#3429);
#3157=AXIS2_PLACEMENT_3D('',#4256,#3430,#3431);
#3158=AXIS2_PLACEMENT_3D('',#4258,#3432,#3433);
#3159=AXIS2_PLACEMENT_3D('',#4260,#3434,#3435);
#3160=AXIS2_PLACEMENT_3D('',#4261,#3436,#3437);
#3161=AXIS2_PLACEMENT_3D('',#4262,#3438,#3439);
#3162=AXIS2_PLACEMENT_3D('',#4263,#3440,#3441);
#3163=AXIS2_PLACEMENT_3D('',#4274,#3447,#3448);
#3164=AXIS2_PLACEMENT_3D('',#4282,#3453,#3454);
#3165=AXIS2_PLACEMENT_3D('',#4284,#3455,#3456);
#3166=AXIS2_PLACEMENT_3D('',#4286,#3457,#3458);
#3167=AXIS2_PLACEMENT_3D('',#4288,#3459,#3460);
#3168=AXIS2_PLACEMENT_3D('',#4290,#3461,#3462);
#3169=AXIS2_PLACEMENT_3D('',#4292,#3463,#3464);
#3170=AXIS2_PLACEMENT_3D('',#4294,#3465,#3466);
#3171=AXIS2_PLACEMENT_3D('',#4295,#3467,#3468);
#3172=AXIS2_PLACEMENT_3D('',#4296,#3469,#3470);
#3173=AXIS2_PLACEMENT_3D('',#4297,#3471,#3472);
#3174=AXIS2_PLACEMENT_3D('',#4308,#3479,#3480);
#3175=AXIS2_PLACEMENT_3D('',#4312,#3483,#3484);
#3176=AXIS2_PLACEMENT_3D('',#4314,#3486,#3487);
#3177=AXIS2_PLACEMENT_3D('',#4318,#3490,#3491);
#3178=AXIS2_PLACEMENT_3D('',#4320,#3493,#3494);
#3179=AXIS2_PLACEMENT_3D('',#4324,#3497,#3498);
#3180=AXIS2_PLACEMENT_3D('',#4326,#3500,#3501);
#3181=AXIS2_PLACEMENT_3D('',#4337,#3508,#3509);
#3182=AXIS2_PLACEMENT_3D('',#4341,#3512,#3513);
#3183=AXIS2_PLACEMENT_3D('',#4343,#3515,#3516);
#3184=AXIS2_PLACEMENT_3D('',#4347,#3519,#3520);
#3185=AXIS2_PLACEMENT_3D('',#4349,#3522,#3523);
#3186=AXIS2_PLACEMENT_3D('',#4353,#3526,#3527);
#3187=AXIS2_PLACEMENT_3D('',#4355,#3529,#3530);
#3188=AXIS2_PLACEMENT_3D('',#4364,#3535,#3536);
#3189=AXIS2_PLACEMENT_3D('',#4370,#3540,#3541);
#3190=AXIS2_PLACEMENT_3D('',#4376,#3545,#3546);
#3191=AXIS2_PLACEMENT_3D('',#4381,#3550,#3551);
#3192=AXIS2_PLACEMENT_3D('',#4385,#3554,#3555);
#3193=AXIS2_PLACEMENT_3D('',#4389,#3558,#3559);
#3194=AXIS2_PLACEMENT_3D('',#4391,#3561,#3562);
#3195=AXIS2_PLACEMENT_3D('',#4397,#3566,#3567);
#3196=AXIS2_PLACEMENT_3D('',#4403,#3571,#3572);
#3197=AXIS2_PLACEMENT_3D('',#4409,#3576,#3577);
#3198=AXIS2_PLACEMENT_3D('',#4415,#3581,#3582);
#3199=AXIS2_PLACEMENT_3D('',#4421,#3586,#3587);
#3200=AXIS2_PLACEMENT_3D('',#4427,#3591,#3592);
#3201=AXIS2_PLACEMENT_3D('',#4433,#3596,#3597);
#3202=AXIS2_PLACEMENT_3D('',#4438,#3601,#3602);
#3203=AXIS2_PLACEMENT_3D('',#4442,#3605,#3606);
#3204=AXIS2_PLACEMENT_3D('',#4446,#3609,#3610);
#3205=AXIS2_PLACEMENT_3D('',#4448,#3612,#3613);
#3206=AXIS2_PLACEMENT_3D('',#4454,#3617,#3618);
#3207=AXIS2_PLACEMENT_3D('',#4460,#3622,#3623);
#3208=AXIS2_PLACEMENT_3D('',#4466,#3627,#3628);
#3209=AXIS2_PLACEMENT_3D('',#4472,#3632,#3633);
#3210=AXIS2_PLACEMENT_3D('',#4478,#3637,#3638);
#3211=AXIS2_PLACEMENT_3D('',#4484,#3642,#3643);
#3212=AXIS2_PLACEMENT_3D('',#4487,#3646,#3647);
#3213=AXIS2_PLACEMENT_3D('',#4488,#3648,#3649);
#3214=AXIS2_PLACEMENT_3D('',#4489,#3650,#3651);
#3215=AXIS2_PLACEMENT_3D('',#4498,#3656,#3657);
#3216=AXIS2_PLACEMENT_3D('',#4504,#3661,#3662);
#3217=AXIS2_PLACEMENT_3D('',#4510,#3666,#3667);
#3218=AXIS2_PLACEMENT_3D('',#4516,#3671,#3672);
#3219=AXIS2_PLACEMENT_3D('',#4522,#3676,#3677);
#3220=AXIS2_PLACEMENT_3D('',#4525,#3680,#3681);
#3221=AXIS2_PLACEMENT_3D('',#4531,#3684,#3685);
#3222=AXIS2_PLACEMENT_3D('',#4532,#3686,#3687);
#3223=AXIS2_PLACEMENT_3D('',#4541,#3692,#3693);
#3224=AXIS2_PLACEMENT_3D('',#4547,#3697,#3698);
#3225=AXIS2_PLACEMENT_3D('',#4553,#3702,#3703);
#3226=AXIS2_PLACEMENT_3D('',#4559,#3707,#3708);
#3227=AXIS2_PLACEMENT_3D('',#4565,#3712,#3713);
#3228=AXIS2_PLACEMENT_3D('',#4568,#3716,#3717);
#3229=AXIS2_PLACEMENT_3D('',#4574,#3720,#3721);
#3230=AXIS2_PLACEMENT_3D('',#4575,#3722,#3723);
#3231=AXIS2_PLACEMENT_3D('',#4584,#3728,#3729);
#3232=AXIS2_PLACEMENT_3D('',#4590,#3733,#3734);
#3233=AXIS2_PLACEMENT_3D('',#4596,#3738,#3739);
#3234=AXIS2_PLACEMENT_3D('',#4602,#3743,#3744);
#3235=AXIS2_PLACEMENT_3D('',#4608,#3748,#3749);
#3236=AXIS2_PLACEMENT_3D('',#4611,#3752,#3753);
#3237=AXIS2_PLACEMENT_3D('',#4616,#3755,#3756);
#3238=AXIS2_PLACEMENT_3D('',#4618,#3758,#3759);
#3239=AXIS2_PLACEMENT_3D('',#4627,#3764,#3765);
#3240=AXIS2_PLACEMENT_3D('',#4633,#3769,#3770);
#3241=AXIS2_PLACEMENT_3D('',#4639,#3774,#3775);
#3242=AXIS2_PLACEMENT_3D('',#4645,#3779,#3780);
#3243=AXIS2_PLACEMENT_3D('',#4651,#3784,#3785);
#3244=AXIS2_PLACEMENT_3D('',#4654,#3788,#3789);
#3245=AXIS2_PLACEMENT_3D('',#4660,#3792,#3793);
#3246=AXIS2_PLACEMENT_3D('',#4661,#3794,#3795);
#3247=AXIS2_PLACEMENT_3D('',#4665,#3797,#3798);
#3248=AXIS2_PLACEMENT_3D('',#4667,#3799,#3800);
#3249=AXIS2_PLACEMENT_3D('',#4669,#3801,#3802);
#3250=AXIS2_PLACEMENT_3D('',#4671,#3803,#3804);
#3251=AXIS2_PLACEMENT_3D('',#4673,#3805,#3806);
#3252=AXIS2_PLACEMENT_3D('',#4675,#3807,#3808);
#3253=AXIS2_PLACEMENT_3D('',#4677,#3809,#3810);
#3254=AXIS2_PLACEMENT_3D('',#4679,#3812,#3813);
#3255=AXIS2_PLACEMENT_3D('',#4683,#3815,#3816);
#3256=AXIS2_PLACEMENT_3D('',#4685,#3817,#3818);
#3257=AXIS2_PLACEMENT_3D('',#4687,#3819,#3820);
#3258=AXIS2_PLACEMENT_3D('',#4689,#3821,#3822);
#3259=AXIS2_PLACEMENT_3D('',#4691,#3823,#3824);
#3260=AXIS2_PLACEMENT_3D('',#4693,#3825,#3826);
#3261=AXIS2_PLACEMENT_3D('',#4695,#3827,#3828);
#3262=AXIS2_PLACEMENT_3D('',#4697,#3830,#3831);
#3263=AXIS2_PLACEMENT_3D('',#4701,#3833,#3834);
#3264=AXIS2_PLACEMENT_3D('',#4703,#3835,#3836);
#3265=AXIS2_PLACEMENT_3D('',#4705,#3837,#3838);
#3266=AXIS2_PLACEMENT_3D('',#4707,#3839,#3840);
#3267=AXIS2_PLACEMENT_3D('',#4709,#3841,#3842);
#3268=AXIS2_PLACEMENT_3D('',#4711,#3843,#3844);
#3269=AXIS2_PLACEMENT_3D('',#4713,#3845,#3846);
#3270=AXIS2_PLACEMENT_3D('',#4715,#3848,#3849);
#3271=AXIS2_PLACEMENT_3D('',#4719,#3851,#3852);
#3272=AXIS2_PLACEMENT_3D('',#4721,#3853,#3854);
#3273=AXIS2_PLACEMENT_3D('',#4723,#3855,#3856);
#3274=AXIS2_PLACEMENT_3D('',#4725,#3857,#3858);
#3275=AXIS2_PLACEMENT_3D('',#4727,#3859,#3860);
#3276=AXIS2_PLACEMENT_3D('',#4729,#3861,#3862);
#3277=AXIS2_PLACEMENT_3D('',#4731,#3863,#3864);
#3278=AXIS2_PLACEMENT_3D('',#4733,#3866,#3867);
#3279=AXIS2_PLACEMENT_3D('',#4739,#3871,#3872);
#3280=AXIS2_PLACEMENT_3D('',#4743,#3875,#3876);
#3281=AXIS2_PLACEMENT_3D('',#4749,#3880,#3881);
#3282=AXIS2_PLACEMENT_3D('',#4753,#3884,#3885);
#3283=AXIS2_PLACEMENT_3D('',#4759,#3889,#3890);
#3284=AXIS2_PLACEMENT_3D('',#4763,#3893,#3894);
#3285=AXIS2_PLACEMENT_3D('',#4769,#3898,#3899);
#3286=AXIS2_PLACEMENT_3D('',#4773,#3902,#3903);
#3287=AXIS2_PLACEMENT_3D('',#4779,#3907,#3908);
#3288=AXIS2_PLACEMENT_3D('',#4785,#3912,#3913);
#3289=AXIS2_PLACEMENT_3D('',#4788,#3916,#3917);
#3290=AXIS2_PLACEMENT_3D('',#4792,#3920,#3921);
#3291=AXIS2_PLACEMENT_3D('',#4796,#3924,#3925);
#3292=AXIS2_PLACEMENT_3D('',#4798,#3927,#3928);
#3293=AXIS2_PLACEMENT_3D('',#4802,#3931,#3932);
#3294=AXIS2_PLACEMENT_3D('',#4806,#3935,#3936);
#3295=AXIS2_PLACEMENT_3D('',#4808,#3938,#3939);
#3296=AXIS2_PLACEMENT_3D('',#4814,#3943,#3944);
#3297=AXIS2_PLACEMENT_3D('',#4820,#3948,#3949);
#3298=AXIS2_PLACEMENT_3D('',#4826,#3953,#3954);
#3299=AXIS2_PLACEMENT_3D('',#4829,#3957,#3958);
#3300=AXIS2_PLACEMENT_3D('',#4833,#3961,#3962);
#3301=AXIS2_PLACEMENT_3D('',#4837,#3965,#3966);
#3302=AXIS2_PLACEMENT_3D('',#4839,#3968,#3969);
#3303=AXIS2_PLACEMENT_3D('',#4843,#3972,#3973);
#3304=AXIS2_PLACEMENT_3D('',#4847,#3976,#3977);
#3305=AXIS2_PLACEMENT_3D('',#4849,#3979,#3980);
#3306=AXIS2_PLACEMENT_3D('',#4855,#3984,#3985);
#3307=AXIS2_PLACEMENT_3D('',#4864,#3990,#3991);
#3308=AXIS2_PLACEMENT_3D('',#4873,#3996,#3997);
#3309=AXIS2_PLACEMENT_3D('',#4876,#4000,#4001);
#3310=AXIS2_PLACEMENT_3D('',#4910,#4020,#4021);
#3311=AXIS2_PLACEMENT_3D('',#4916,#4025,#4026);
#3312=AXIS2_PLACEMENT_3D('',#4931,#4034,#4035);
#3313=AXIS2_PLACEMENT_3D('',#4932,#4036,#4037);
#3314=AXIS2_PLACEMENT_3D('',#4938,#4041,#4042);
#3315=AXIS2_PLACEMENT_3D('',#4944,#4046,#4047);
#3316=AXIS2_PLACEMENT_3D('',#4946,#4049,#4050);
#3317=AXIS2_PLACEMENT_3D('',#4950,#4053,#4054);
#3318=AXIS2_PLACEMENT_3D('',#4982,#4072,#4073);
#3319=AXIS2_PLACEMENT_3D('',#4991,#4078,#4079);
#3320=AXIS2_PLACEMENT_3D('',#4997,#4083,#4084);
#3321=AXIS2_PLACEMENT_3D('',#5003,#4088,#4089);
#3322=AXIS2_PLACEMENT_3D('',#5009,#4093,#4094);
#3323=AXIS2_PLACEMENT_3D('',#5015,#4098,#4099);
#3324=AXIS2_PLACEMENT_3D('',#5018,#4102,#4103);
#3325=AXIS2_PLACEMENT_3D('',#5020,#4104,#4105);
#3326=AXIS2_PLACEMENT_3D('',#5021,#4106,#4107);
#3327=AXIS2_PLACEMENT_3D('',#5023,#4109,#4110);
#3328=AXIS2_PLACEMENT_3D('',#5025,#4112,#4113);
#3329=AXIS2_PLACEMENT_3D('',#5027,#4115,#4116);
#3330=AXIS2_PLACEMENT_3D('',#5029,#4118,#4119);
#3331=AXIS2_PLACEMENT_3D('',#5031,#4121,#4122);
#3332=AXIS2_PLACEMENT_3D('',#5033,#4124,#4125);
#3333=AXIS2_PLACEMENT_3D('',#5034,#4126,#4127);
#3334=AXIS2_PLACEMENT_3D('',#5036,#4129,#4130);
#3335=AXIS2_PLACEMENT_3D('',#5038,#4132,#4133);
#3336=AXIS2_PLACEMENT_3D('',#5040,#4135,#4136);
#3337=AXIS2_PLACEMENT_3D('',#5042,#4138,#4139);
#3338=AXIS2_PLACEMENT_3D('',#5044,#4141,#4142);
#3339=AXIS2_PLACEMENT_3D('',#5046,#4144,#4145);
#3340=AXIS2_PLACEMENT_3D('',#5048,#4147,#4148);
#3341=AXIS2_PLACEMENT_3D('',#5049,#4149,#4150);
#3342=AXIS2_PLACEMENT_3D('',#5051,#4152,#4153);
#3343=AXIS2_PLACEMENT_3D('',#5053,#4155,#4156);
#3344=AXIS2_PLACEMENT_3D('',#5055,#4158,#4159);
#3345=DIRECTION('axis',(0.,0.,1.));
#3346=DIRECTION('refdir',(1.,0.,0.));
#3347=DIRECTION('center_axis',(0.579721327499945,0.814814814814815,-9.04626168213091E-17));
#3348=DIRECTION('ref_axis',(-0.814814814814815,0.579721327499945,-4.59728540047154E-17));
#3349=DIRECTION('',(0.704925469723202,-0.501537676618379,-0.501537676618379));
#3350=DIRECTION('',(0.,1.11022302462516E-16,1.));
#3351=DIRECTION('',(-0.814814814814815,0.579721327499945,-3.67782832037723E-17));
#3352=DIRECTION('',(0.,1.11022302462516E-16,1.));
#3353=DIRECTION('',(0.704925469723202,-0.501537676618379,0.501537676618379));
#3354=DIRECTION('center_axis',(-0.579721327499944,0.814814814814816,-9.04626168213092E-17));
#3355=DIRECTION('ref_axis',(-0.814814814814816,-0.579721327499944,4.59728540047153E-17));
#3356=DIRECTION('',(0.704925469723203,0.501537676618378,0.501537676618378));
#3357=DIRECTION('',(0.704925469723203,0.501537676618378,-0.501537676618378));
#3358=DIRECTION('',(0.,1.11022302462516E-16,1.));
#3359=DIRECTION('',(-0.814814814814816,-0.579721327499944,3.67782832037722E-17));
#3360=DIRECTION('center_axis',(0.,1.11022302462516E-16,1.));
#3361=DIRECTION('ref_axis',(-1.07187543957223E-15,-1.,1.11022302462516E-16));
#3362=DIRECTION('center_axis',(0.,-0.707106781186548,-0.707106781186548));
#3363=DIRECTION('ref_axis',(0.,0.707106781186547,-0.707106781186547));
#3364=DIRECTION('center_axis',(0.,0.707106781186548,-0.707106781186548));
#3365=DIRECTION('ref_axis',(0.,0.707106781186548,0.707106781186548));
#3366=DIRECTION('center_axis',(0.,-0.707106781186548,-0.707106781186548));
#3367=DIRECTION('ref_axis',(0.,0.707106781186547,-0.707106781186547));
#3368=DIRECTION('center_axis',(0.,0.707106781186548,-0.707106781186548));
#3369=DIRECTION('ref_axis',(0.,0.707106781186548,0.707106781186548));
#3370=DIRECTION('center_axis',(0.,-0.707106781186548,-0.707106781186548));
#3371=DIRECTION('ref_axis',(0.,0.707106781186547,-0.707106781186547));
#3372=DIRECTION('center_axis',(0.,0.707106781186548,-0.707106781186548));
#3373=DIRECTION('ref_axis',(0.,0.707106781186548,0.707106781186548));
#3374=DIRECTION('center_axis',(0.,-0.707106781186548,-0.707106781186548));
#3375=DIRECTION('ref_axis',(0.,0.707106781186547,-0.707106781186547));
#3376=DIRECTION('center_axis',(0.,6.34413147475168E-17,1.));
#3377=DIRECTION('ref_axis',(1.,0.,0.));
#3378=DIRECTION('center_axis',(0.579721327499943,0.814814814814817,-9.04626168213093E-17));
#3379=DIRECTION('ref_axis',(-0.814814814814817,0.579721327499943,-4.59728540047152E-17));
#3380=DIRECTION('',(0.704925469723204,-0.501537676618377,-0.501537676618377));
#3381=DIRECTION('',(0.,1.11022302462516E-16,1.));
#3382=DIRECTION('',(-0.814814814814817,0.579721327499943,-3.67782832037721E-17));
#3383=DIRECTION('',(0.,1.11022302462516E-16,1.));
#3384=DIRECTION('',(0.704925469723204,-0.501537676618377,0.501537676618377));
#3385=DIRECTION('center_axis',(0.,1.11022302462516E-16,1.));
#3386=DIRECTION('ref_axis',(7.80990875742902E-15,-1.,1.11022302462516E-16));
#3387=DIRECTION('center_axis',(0.,-0.707106781186548,-0.707106781186548));
#3388=DIRECTION('ref_axis',(0.,0.707106781186547,-0.707106781186547));
#3389=DIRECTION('center_axis',(0.,0.707106781186548,-0.707106781186548));
#3390=DIRECTION('ref_axis',(0.,0.707106781186548,0.707106781186548));
#3391=DIRECTION('center_axis',(0.,-0.707106781186548,-0.707106781186548));
#3392=DIRECTION('ref_axis',(0.,0.707106781186547,-0.707106781186547));
#3393=DIRECTION('center_axis',(0.,0.707106781186548,-0.707106781186548));
#3394=DIRECTION('ref_axis',(0.,0.707106781186548,0.707106781186548));
#3395=DIRECTION('center_axis',(0.,-0.707106781186548,-0.707106781186548));
#3396=DIRECTION('ref_axis',(0.,0.707106781186547,-0.707106781186547));
#3397=DIRECTION('center_axis',(0.,0.707106781186548,-0.707106781186548));
#3398=DIRECTION('ref_axis',(0.,0.707106781186548,0.707106781186548));
#3399=DIRECTION('center_axis',(0.,-0.707106781186548,-0.707106781186548));
#3400=DIRECTION('ref_axis',(0.,0.707106781186547,-0.707106781186547));
#3401=DIRECTION('center_axis',(0.,6.34413147475168E-17,1.));
#3402=DIRECTION('ref_axis',(1.,0.,0.));
#3403=DIRECTION('',(0.,1.11022302462516E-16,1.));
#3404=DIRECTION('center_axis',(-0.579721327499947,0.814814814814814,-9.04626168213089E-17));
#3405=DIRECTION('ref_axis',(-0.814814814814814,-0.579721327499947,4.59728540047156E-17));
#3406=DIRECTION('',(0.7049254697232,0.50153767661838,0.50153767661838));
#3407=DIRECTION('',(0.7049254697232,0.50153767661838,-0.50153767661838));
#3408=DIRECTION('',(-0.814814814814814,-0.579721327499947,3.67782832037724E-17));
#3409=DIRECTION('center_axis',(0.579721327499946,0.814814814814815,-6.78469626159818E-17));
#3410=DIRECTION('ref_axis',(-0.814814814814815,0.579721327499946,-4.59728540047154E-17));
#3411=DIRECTION('',(0.704925469723201,-0.501537676618379,-0.501537676618379));
#3412=DIRECTION('',(0.,8.32667268468867E-17,1.));
#3413=DIRECTION('',(-0.814814814814815,0.579721327499946,-3.67782832037723E-17));
#3414=DIRECTION('',(0.,8.32667268468867E-17,1.));
#3415=DIRECTION('',(0.704925469723201,-0.501537676618379,0.501537676618379));
#3416=DIRECTION('center_axis',(-0.579721327499946,0.814814814814815,-6.78469626159818E-17));
#3417=DIRECTION('ref_axis',(-0.814814814814815,-0.579721327499946,4.59728540047154E-17));
#3418=DIRECTION('',(0.704925469723201,0.501537676618379,0.501537676618379));
#3419=DIRECTION('',(0.704925469723201,0.501537676618379,-0.501537676618379));
#3420=DIRECTION('',(0.,8.32667268468867E-17,1.));
#3421=DIRECTION('',(-0.814814814814815,-0.579721327499946,3.67782832037723E-17));
#3422=DIRECTION('center_axis',(0.,8.32667268468867E-17,1.));
#3423=DIRECTION('ref_axis',(-1.83697019872103E-16,-1.,8.32667268468867E-17));
#3424=DIRECTION('center_axis',(0.,-0.707106781186548,-0.707106781186548));
#3425=DIRECTION('ref_axis',(0.,0.707106781186547,-0.707106781186548));
#3426=DIRECTION('center_axis',(0.,0.707106781186548,-0.707106781186548));
#3427=DIRECTION('ref_axis',(0.,0.707106781186548,0.707106781186548));
#3428=DIRECTION('center_axis',(0.,-0.707106781186548,-0.707106781186548));
#3429=DIRECTION('ref_axis',(0.,0.707106781186547,-0.707106781186548));
#3430=DIRECTION('center_axis',(0.,0.707106781186548,-0.707106781186548));
#3431=DIRECTION('ref_axis',(0.,0.707106781186548,0.707106781186548));
#3432=DIRECTION('center_axis',(0.,-0.707106781186548,-0.707106781186548));
#3433=DIRECTION('ref_axis',(0.,0.707106781186547,-0.707106781186548));
#3434=DIRECTION('center_axis',(0.,0.707106781186548,-0.707106781186548));
#3435=DIRECTION('ref_axis',(0.,0.707106781186548,0.707106781186548));
#3436=DIRECTION('center_axis',(0.,-0.707106781186548,-0.707106781186548));
#3437=DIRECTION('ref_axis',(0.,0.707106781186547,-0.707106781186548));
#3438=DIRECTION('center_axis',(0.,6.34413147475168E-17,1.));
#3439=DIRECTION('ref_axis',(1.,0.,0.));
#3440=DIRECTION('center_axis',(0.579721327499946,0.814814814814814,-6.78469626159817E-17));
#3441=DIRECTION('ref_axis',(-0.814814814814814,0.579721327499946,-4.59728540047155E-17));
#3442=DIRECTION('',(0.704925469723201,-0.50153767661838,-0.50153767661838));
#3443=DIRECTION('',(0.,8.32667268468867E-17,1.));
#3444=DIRECTION('',(-0.814814814814814,0.579721327499946,-3.67782832037724E-17));
#3445=DIRECTION('',(0.,8.32667268468867E-17,1.));
#3446=DIRECTION('',(0.704925469723201,-0.50153767661838,0.50153767661838));
#3447=DIRECTION('center_axis',(-0.579721327499946,0.814814814814814,-6.78469626159818E-17));
#3448=DIRECTION('ref_axis',(-0.814814814814815,-0.579721327499946,4.59728540047154E-17));
#3449=DIRECTION('',(0.704925469723201,0.501537676618379,0.501537676618379));
#3450=DIRECTION('',(0.704925469723201,0.501537676618379,-0.501537676618379));
#3451=DIRECTION('',(0.,8.32667268468867E-17,1.));
#3452=DIRECTION('',(-0.814814814814815,-0.579721327499946,3.67782832037724E-17));
#3453=DIRECTION('center_axis',(0.,8.32667268468867E-17,1.));
#3454=DIRECTION('ref_axis',(1.59265981952815E-15,-1.,8.32667268468867E-17));
#3455=DIRECTION('center_axis',(0.,-0.707106781186548,-0.707106781186548));
#3456=DIRECTION('ref_axis',(0.,0.707106781186547,-0.707106781186548));
#3457=DIRECTION('center_axis',(0.,0.707106781186548,-0.707106781186548));
#3458=DIRECTION('ref_axis',(0.,0.707106781186548,0.707106781186548));
#3459=DIRECTION('center_axis',(0.,-0.707106781186548,-0.707106781186548));
#3460=DIRECTION('ref_axis',(0.,0.707106781186547,-0.707106781186548));
#3461=DIRECTION('center_axis',(0.,0.707106781186548,-0.707106781186548));
#3462=DIRECTION('ref_axis',(0.,0.707106781186548,0.707106781186548));
#3463=DIRECTION('center_axis',(0.,-0.707106781186548,-0.707106781186548));
#3464=DIRECTION('ref_axis',(0.,0.707106781186547,-0.707106781186548));
#3465=DIRECTION('center_axis',(0.,0.707106781186548,-0.707106781186548));
#3466=DIRECTION('ref_axis',(0.,0.707106781186548,0.707106781186548));
#3467=DIRECTION('center_axis',(0.,-0.707106781186548,-0.707106781186548));
#3468=DIRECTION('ref_axis',(0.,0.707106781186547,-0.707106781186548));
#3469=DIRECTION('center_axis',(0.,6.34413147475168E-17,1.));
#3470=DIRECTION('ref_axis',(1.,0.,0.));
#3471=DIRECTION('center_axis',(0.,-0.707106781186548,0.707106781186548));
#3472=DIRECTION('ref_axis',(0.,-0.707106781186548,-0.707106781186548));
#3473=DIRECTION('',(1.,0.,0.));
#3474=DIRECTION('',(1.,0.,0.));
#3475=DIRECTION('',(0.,-0.707106781186547,-0.707106781186547));
#3476=DIRECTION('',(1.,0.,0.));
#3477=DIRECTION('',(0.,0.707106781186547,0.707106781186547));
#3478=DIRECTION('',(1.,0.,0.));
#3479=DIRECTION('center_axis',(0.,0.707106781186548,0.707106781186548));
#3480=DIRECTION('ref_axis',(0.,-0.707106781186548,0.707106781186548));
#3481=DIRECTION('',(1.,0.,0.));
#3482=DIRECTION('',(0.,-0.707106781186547,0.707106781186547));
#3483=DIRECTION('center_axis',(0.,0.707106781186548,0.707106781186548));
#3484=DIRECTION('ref_axis',(0.,-0.707106781186548,0.707106781186548));
#3485=DIRECTION('',(1.,0.,0.));
#3486=DIRECTION('center_axis',(0.,-0.707106781186548,0.707106781186548));
#3487=DIRECTION('ref_axis',(0.,-0.707106781186548,-0.707106781186548));
#3488=DIRECTION('',(1.,0.,0.));
#3489=DIRECTION('',(0.,-0.707106781186547,-0.707106781186547));
#3490=DIRECTION('center_axis',(0.,-0.707106781186548,0.707106781186548));
#3491=DIRECTION('ref_axis',(0.,-0.707106781186548,-0.707106781186548));
#3492=DIRECTION('',(1.,0.,0.));
#3493=DIRECTION('center_axis',(0.,0.707106781186548,0.707106781186548));
#3494=DIRECTION('ref_axis',(0.,-0.707106781186548,0.707106781186548));
#3495=DIRECTION('',(1.,0.,0.));
#3496=DIRECTION('',(0.,-0.707106781186548,0.707106781186548));
#3497=DIRECTION('center_axis',(0.,0.707106781186548,0.707106781186548));
#3498=DIRECTION('ref_axis',(0.,-0.707106781186548,0.707106781186548));
#3499=DIRECTION('',(1.,0.,0.));
#3500=DIRECTION('center_axis',(0.,-0.707106781186548,0.707106781186548));
#3501=DIRECTION('ref_axis',(0.,-0.707106781186548,-0.707106781186548));
#3502=DIRECTION('',(1.,0.,0.));
#3503=DIRECTION('',(1.,0.,0.));
#3504=DIRECTION('',(0.,-0.707106781186547,-0.707106781186547));
#3505=DIRECTION('',(1.,0.,0.));
#3506=DIRECTION('',(0.,0.707106781186547,0.707106781186547));
#3507=DIRECTION('',(1.,0.,0.));
#3508=DIRECTION('center_axis',(0.,0.707106781186548,0.707106781186548));
#3509=DIRECTION('ref_axis',(0.,-0.707106781186548,0.707106781186548));
#3510=DIRECTION('',(1.,0.,0.));
#3511=DIRECTION('',(0.,-0.707106781186547,0.707106781186547));
#3512=DIRECTION('center_axis',(0.,0.707106781186548,0.707106781186548));
#3513=DIRECTION('ref_axis',(0.,-0.707106781186548,0.707106781186548));
#3514=DIRECTION('',(1.,0.,0.));
#3515=DIRECTION('center_axis',(0.,-0.707106781186548,0.707106781186548));
#3516=DIRECTION('ref_axis',(0.,-0.707106781186548,-0.707106781186548));
#3517=DIRECTION('',(1.,0.,0.));
#3518=DIRECTION('',(0.,-0.707106781186547,-0.707106781186547));
#3519=DIRECTION('center_axis',(0.,-0.707106781186548,0.707106781186548));
#3520=DIRECTION('ref_axis',(0.,-0.707106781186548,-0.707106781186548));
#3521=DIRECTION('',(1.,0.,0.));
#3522=DIRECTION('center_axis',(0.,0.707106781186548,0.707106781186548));
#3523=DIRECTION('ref_axis',(0.,-0.707106781186548,0.707106781186548));
#3524=DIRECTION('',(1.,0.,0.));
#3525=DIRECTION('',(0.,-0.707106781186547,0.707106781186547));
#3526=DIRECTION('center_axis',(0.,0.707106781186548,0.707106781186548));
#3527=DIRECTION('ref_axis',(0.,-0.707106781186548,0.707106781186548));
#3528=DIRECTION('',(1.,0.,0.));
#3529=DIRECTION('center_axis',(0.,0.707106781186548,0.707106781186548));
#3530=DIRECTION('ref_axis',(0.,-0.707106781186548,0.707106781186548));
#3531=DIRECTION('',(0.,0.707106781186547,-0.707106781186547));
#3532=DIRECTION('',(1.,0.,0.));
#3533=DIRECTION('',(0.,-0.707106781186547,0.707106781186547));
#3534=DIRECTION('',(1.,0.,0.));
#3535=DIRECTION('center_axis',(0.,-0.707106781186548,0.707106781186548));
#3536=DIRECTION('ref_axis',(0.,-0.707106781186548,-0.707106781186548));
#3537=DIRECTION('',(0.,0.707106781186547,0.707106781186547));
#3538=DIRECTION('',(0.,-0.707106781186547,-0.707106781186547));
#3539=DIRECTION('',(1.,0.,0.));
#3540=DIRECTION('center_axis',(0.,0.707106781186548,0.707106781186548));
#3541=DIRECTION('ref_axis',(0.,-0.707106781186548,0.707106781186548));
#3542=DIRECTION('',(0.,0.707106781186547,-0.707106781186547));
#3543=DIRECTION('',(0.,-0.707106781186547,0.707106781186547));
#3544=DIRECTION('',(1.,0.,0.));
#3545=DIRECTION('center_axis',(0.,-0.707106781186548,0.707106781186548));
#3546=DIRECTION('ref_axis',(0.,-0.707106781186548,-0.707106781186548));
#3547=DIRECTION('',(1.,0.,0.));
#3548=DIRECTION('',(0.,0.707106781186547,0.707106781186547));
#3549=DIRECTION('',(0.,-0.707106781186547,-0.707106781186547));
#3550=DIRECTION('center_axis',(0.,0.707106781186548,0.707106781186548));
#3551=DIRECTION('ref_axis',(0.,-0.707106781186548,0.707106781186548));
#3552=DIRECTION('',(1.,0.,0.));
#3553=DIRECTION('',(0.,0.707106781186547,-0.707106781186547));
#3554=DIRECTION('center_axis',(0.,-0.707106781186548,0.707106781186548));
#3555=DIRECTION('ref_axis',(0.,-0.707106781186548,-0.707106781186548));
#3556=DIRECTION('',(1.,0.,0.));
#3557=DIRECTION('',(0.,0.707106781186547,0.707106781186547));
#3558=DIRECTION('center_axis',(0.,0.707106781186548,0.707106781186548));
#3559=DIRECTION('ref_axis',(0.,-0.707106781186548,0.707106781186548));
#3560=DIRECTION('',(0.,0.707106781186547,-0.707106781186547));
#3561=DIRECTION('center_axis',(0.,0.707106781186548,0.707106781186548));
#3562=DIRECTION('ref_axis',(0.,-0.707106781186548,0.707106781186548));
#3563=DIRECTION('',(0.,0.707106781186547,-0.707106781186547));
#3564=DIRECTION('',(0.,-0.707106781186547,0.707106781186547));
#3565=DIRECTION('',(1.,0.,0.));
#3566=DIRECTION('center_axis',(0.,-0.707106781186548,0.707106781186548));
#3567=DIRECTION('ref_axis',(0.,-0.707106781186548,-0.707106781186548));
#3568=DIRECTION('',(0.,0.707106781186547,0.707106781186547));
#3569=DIRECTION('',(0.,-0.707106781186547,-0.707106781186547));
#3570=DIRECTION('',(1.,0.,0.));
#3571=DIRECTION('center_axis',(0.,0.707106781186548,0.707106781186548));
#3572=DIRECTION('ref_axis',(0.,-0.707106781186548,0.707106781186548));
#3573=DIRECTION('',(0.,0.707106781186547,-0.707106781186547));
#3574=DIRECTION('',(0.,-0.707106781186547,0.707106781186547));
#3575=DIRECTION('',(1.,0.,0.));
#3576=DIRECTION('center_axis',(0.,-0.707106781186548,0.707106781186548));
#3577=DIRECTION('ref_axis',(0.,-0.707106781186548,-0.707106781186548));
#3578=DIRECTION('',(0.,0.707106781186547,0.707106781186547));
#3579=DIRECTION('',(0.,-0.707106781186547,-0.707106781186547));
#3580=DIRECTION('',(1.,0.,0.));
#3581=DIRECTION('center_axis',(0.,0.707106781186548,0.707106781186548));
#3582=DIRECTION('ref_axis',(0.,-0.707106781186548,0.707106781186548));
#3583=DIRECTION('',(0.,0.707106781186547,-0.707106781186547));
#3584=DIRECTION('',(0.,-0.707106781186547,0.707106781186547));
#3585=DIRECTION('',(1.,0.,0.));
#3586=DIRECTION('center_axis',(0.,-0.707106781186548,0.707106781186548));
#3587=DIRECTION('ref_axis',(0.,-0.707106781186548,-0.707106781186548));
#3588=DIRECTION('',(0.,0.707106781186547,0.707106781186547));
#3589=DIRECTION('',(0.,-0.707106781186547,-0.707106781186547));
#3590=DIRECTION('',(1.,0.,0.));
#3591=DIRECTION('center_axis',(0.,0.707106781186548,0.707106781186548));
#3592=DIRECTION('ref_axis',(0.,-0.707106781186548,0.707106781186548));
#3593=DIRECTION('',(0.,0.707106781186548,-0.707106781186548));
#3594=DIRECTION('',(0.,-0.707106781186548,0.707106781186548));
#3595=DIRECTION('',(1.,0.,0.));
#3596=DIRECTION('center_axis',(0.,-0.707106781186548,0.707106781186548));
#3597=DIRECTION('ref_axis',(0.,-0.707106781186548,-0.707106781186548));
#3598=DIRECTION('',(1.,0.,0.));
#3599=DIRECTION('',(0.,0.707106781186547,0.707106781186547));
#3600=DIRECTION('',(0.,-0.707106781186547,-0.707106781186547));
#3601=DIRECTION('center_axis',(0.,0.707106781186548,0.707106781186548));
#3602=DIRECTION('ref_axis',(0.,-0.707106781186548,0.707106781186548));
#3603=DIRECTION('',(1.,0.,0.));
#3604=DIRECTION('',(0.,0.707106781186548,-0.707106781186548));
#3605=DIRECTION('center_axis',(0.,-0.707106781186548,0.707106781186548));
#3606=DIRECTION('ref_axis',(0.,-0.707106781186548,-0.707106781186548));
#3607=DIRECTION('',(1.,0.,0.));
#3608=DIRECTION('',(0.,0.707106781186547,0.707106781186547));
#3609=DIRECTION('center_axis',(0.,0.707106781186548,0.707106781186548));
#3610=DIRECTION('ref_axis',(0.,-0.707106781186548,0.707106781186548));
#3611=DIRECTION('',(0.,0.707106781186547,-0.707106781186547));
#3612=DIRECTION('center_axis',(0.,0.707106781186548,0.707106781186548));
#3613=DIRECTION('ref_axis',(0.,-0.707106781186548,0.707106781186548));
#3614=DIRECTION('',(0.,0.707106781186547,-0.707106781186547));
#3615=DIRECTION('',(0.,-0.707106781186547,0.707106781186547));
#3616=DIRECTION('',(1.,0.,0.));
#3617=DIRECTION('center_axis',(0.,-0.707106781186548,0.707106781186548));
#3618=DIRECTION('ref_axis',(0.,-0.707106781186548,-0.707106781186548));
#3619=DIRECTION('',(0.,0.707106781186547,0.707106781186547));
#3620=DIRECTION('',(0.,-0.707106781186547,-0.707106781186547));
#3621=DIRECTION('',(1.,0.,0.));
#3622=DIRECTION('center_axis',(0.,0.707106781186548,0.707106781186548));
#3623=DIRECTION('ref_axis',(0.,-0.707106781186548,0.707106781186548));
#3624=DIRECTION('',(0.,0.707106781186547,-0.707106781186547));
#3625=DIRECTION('',(0.,-0.707106781186547,0.707106781186547));
#3626=DIRECTION('',(1.,0.,0.));
#3627=DIRECTION('center_axis',(0.,1.,0.));
#3628=DIRECTION('ref_axis',(0.,0.,1.));
#3629=DIRECTION('',(0.,0.,-1.));
#3630=DIRECTION('',(0.,0.,1.));
#3631=DIRECTION('',(1.,0.,0.));
#3632=DIRECTION('center_axis',(0.,-6.34413147475168E-17,-1.));
#3633=DIRECTION('ref_axis',(0.,1.,-6.34413147475168E-17));
#3634=DIRECTION('',(0.,-1.,6.34413147475168E-17));
#3635=DIRECTION('',(0.,1.,-6.34413147475168E-17));
#3636=DIRECTION('',(1.,0.,0.));
#3637=DIRECTION('center_axis',(0.,-1.,0.));
#3638=DIRECTION('ref_axis',(0.,0.,-1.));
#3639=DIRECTION('',(0.,0.,-1.));
#3640=DIRECTION('',(0.,0.,-1.));
#3641=DIRECTION('',(1.,0.,0.));
#3642=DIRECTION('center_axis',(0.,-0.707106781186548,0.707106781186548));
#3643=DIRECTION('ref_axis',(0.,-0.707106781186548,-0.707106781186548));
#3644=DIRECTION('',(0.,0.707106781186547,0.707106781186547));
#3645=DIRECTION('',(0.,-0.707106781186547,-0.707106781186547));
#3646=DIRECTION('center_axis',(1.,0.,0.));
#3647=DIRECTION('ref_axis',(0.,0.,-1.));
#3648=DIRECTION('center_axis',(1.,0.,0.));
#3649=DIRECTION('ref_axis',(0.,1.,0.));
#3650=DIRECTION('center_axis',(0.5,0.866025403784438,0.));
#3651=DIRECTION('ref_axis',(0.866025403784438,-0.5,0.));
#3652=DIRECTION('',(0.866025403784438,-0.5,0.));
#3653=DIRECTION('',(0.,0.,-1.));
#3654=DIRECTION('',(0.866025403784438,-0.5,0.));
#3655=DIRECTION('',(0.,0.,-1.));
#3656=DIRECTION('center_axis',(-0.5,0.866025403784439,0.));
#3657=DIRECTION('ref_axis',(0.866025403784439,0.5,0.));
#3658=DIRECTION('',(0.866025403784439,0.5,0.));
#3659=DIRECTION('',(0.,0.,-1.));
#3660=DIRECTION('',(0.866025403784439,0.5,0.));
#3661=DIRECTION('center_axis',(-1.,6.8677238799413E-17,0.));
#3662=DIRECTION('ref_axis',(6.8677238799413E-17,1.,0.));
#3663=DIRECTION('',(6.8677238799413E-17,1.,0.));
#3664=DIRECTION('',(0.,0.,-1.));
#3665=DIRECTION('',(6.8677238799413E-17,1.,0.));
#3666=DIRECTION('center_axis',(-0.5,-0.866025403784439,0.));
#3667=DIRECTION('ref_axis',(-0.866025403784438,0.5,0.));
#3668=DIRECTION('',(-0.866025403784438,0.5,0.));
#3669=DIRECTION('',(0.,0.,-1.));
#3670=DIRECTION('',(-0.866025403784438,0.5,0.));
#3671=DIRECTION('center_axis',(0.499999999999999,-0.866025403784439,0.));
#3672=DIRECTION('ref_axis',(-0.866025403784439,-0.499999999999999,0.));
#3673=DIRECTION('',(-0.866025403784439,-0.499999999999999,0.));
#3674=DIRECTION('',(0.,0.,-1.));
#3675=DIRECTION('',(-0.866025403784439,-0.499999999999999,0.));
#3676=DIRECTION('center_axis',(1.,-5.49417910395303E-16,0.));
#3677=DIRECTION('ref_axis',(-5.49417910395303E-16,-1.,0.));
#3678=DIRECTION('',(-5.49417910395303E-16,-1.,0.));
#3679=DIRECTION('',(-5.49417910395303E-16,-1.,0.));
#3680=DIRECTION('center_axis',(0.,0.,1.));
#3681=DIRECTION('ref_axis',(1.,0.,0.));
#3682=DIRECTION('',(-0.814814814814816,-0.579721327499944,0.));
#3683=DIRECTION('',(-0.814814814814815,0.579721327499945,0.));
#3684=DIRECTION('center_axis',(0.,0.,1.));
#3685=DIRECTION('ref_axis',(1.,0.,0.));
#3686=DIRECTION('center_axis',(-0.500000000000001,-0.866025403784438,0.));
#3687=DIRECTION('ref_axis',(-0.866025403784438,0.500000000000001,0.));
#3688=DIRECTION('',(-0.866025403784438,0.500000000000001,0.));
#3689=DIRECTION('',(0.,0.,-1.));
#3690=DIRECTION('',(-0.866025403784438,0.500000000000001,0.));
#3691=DIRECTION('',(0.,0.,-1.));
#3692=DIRECTION('center_axis',(0.499999999999999,-0.866025403784439,0.));
#3693=DIRECTION('ref_axis',(-0.866025403784439,-0.499999999999999,0.));
#3694=DIRECTION('',(-0.866025403784439,-0.499999999999999,0.));
#3695=DIRECTION('',(0.,0.,-1.));
#3696=DIRECTION('',(-0.866025403784439,-0.499999999999999,0.));
#3697=DIRECTION('center_axis',(1.,-1.37354477598826E-15,0.));
#3698=DIRECTION('ref_axis',(-1.37354477598826E-15,-1.,0.));
#3699=DIRECTION('',(-1.37354477598826E-15,-1.,0.));
#3700=DIRECTION('',(0.,0.,-1.));
#3701=DIRECTION('',(-1.37354477598826E-15,-1.,0.));
#3702=DIRECTION('center_axis',(0.500000000000001,0.866025403784438,0.));
#3703=DIRECTION('ref_axis',(0.866025403784438,-0.500000000000001,0.));
#3704=DIRECTION('',(0.866025403784438,-0.500000000000001,0.));
#3705=DIRECTION('',(0.,0.,-1.));
#3706=DIRECTION('',(0.866025403784438,-0.500000000000001,0.));
#3707=DIRECTION('center_axis',(-0.5,0.866025403784439,0.));
#3708=DIRECTION('ref_axis',(0.866025403784439,0.499999999999999,0.));
#3709=DIRECTION('',(0.866025403784439,0.499999999999999,0.));
#3710=DIRECTION('',(0.,0.,-1.));
#3711=DIRECTION('',(0.866025403784439,0.499999999999999,0.));
#3712=DIRECTION('center_axis',(-1.,4.12063432796478E-16,0.));
#3713=DIRECTION('ref_axis',(4.12063432796478E-16,1.,0.));
#3714=DIRECTION('',(4.12063432796478E-16,1.,0.));
#3715=DIRECTION('',(4.12063432796478E-16,1.,0.));
#3716=DIRECTION('center_axis',(0.,0.,1.));
#3717=DIRECTION('ref_axis',(1.,0.,0.));
#3718=DIRECTION('',(-0.814814814814815,-0.579721327499946,0.));
#3719=DIRECTION('',(-0.814814814814815,0.579721327499946,0.));
#3720=DIRECTION('center_axis',(0.,0.,1.));
#3721=DIRECTION('ref_axis',(1.,0.,0.));
#3722=DIRECTION('center_axis',(-0.500000000000002,0.866025403784437,0.));
#3723=DIRECTION('ref_axis',(0.866025403784437,0.500000000000002,0.));
#3724=DIRECTION('',(0.866025403784437,0.500000000000002,0.));
#3725=DIRECTION('',(0.,0.,-1.));
#3726=DIRECTION('',(0.866025403784437,0.500000000000002,0.));
#3727=DIRECTION('',(0.,0.,-1.));
#3728=DIRECTION('center_axis',(-1.,-1.64825373118591E-15,0.));
#3729=DIRECTION('ref_axis',(-1.64825373118591E-15,1.,0.));
#3730=DIRECTION('',(-1.64825373118591E-15,1.,0.));
#3731=DIRECTION('',(0.,0.,-1.));
#3732=DIRECTION('',(-1.64825373118591E-15,1.,0.));
#3733=DIRECTION('center_axis',(-0.499999999999998,-0.86602540378444,0.));
#3734=DIRECTION('ref_axis',(-0.86602540378444,0.499999999999998,0.));
#3735=DIRECTION('',(-0.86602540378444,0.499999999999998,0.));
#3736=DIRECTION('',(0.,0.,-1.));
#3737=DIRECTION('',(-0.86602540378444,0.499999999999998,0.));
#3738=DIRECTION('center_axis',(0.500000000000002,-0.866025403784438,0.));
#3739=DIRECTION('ref_axis',(-0.866025403784438,-0.500000000000002,0.));
#3740=DIRECTION('',(-0.866025403784438,-0.500000000000002,0.));
#3741=DIRECTION('',(0.,0.,-1.));
#3742=DIRECTION('',(-0.866025403784438,-0.500000000000002,0.));
#3743=DIRECTION('center_axis',(1.,2.19767164158121E-15,0.));
#3744=DIRECTION('ref_axis',(2.19767164158121E-15,-1.,0.));
#3745=DIRECTION('',(2.19767164158121E-15,-1.,0.));
#3746=DIRECTION('',(0.,0.,-1.));
#3747=DIRECTION('',(2.19767164158121E-15,-1.,0.));
#3748=DIRECTION('center_axis',(0.499999999999999,0.866025403784439,0.));
#3749=DIRECTION('ref_axis',(0.866025403784439,-0.499999999999999,0.));
#3750=DIRECTION('',(0.866025403784439,-0.499999999999999,0.));
#3751=DIRECTION('',(0.866025403784439,-0.499999999999999,0.));
#3752=DIRECTION('center_axis',(0.,0.,-1.));
#3753=DIRECTION('ref_axis',(-1.,0.,0.));
#3754=DIRECTION('',(-0.814814814814817,0.579721327499943,0.));
#3755=DIRECTION('center_axis',(0.,0.,1.));
#3756=DIRECTION('ref_axis',(1.,0.,0.));
#3757=DIRECTION('',(-0.814814814814814,-0.579721327499947,0.));
#3758=DIRECTION('center_axis',(-0.499999999999997,-0.86602540378444,0.));
#3759=DIRECTION('ref_axis',(-0.86602540378444,0.499999999999997,0.));
#3760=DIRECTION('',(-0.86602540378444,0.499999999999997,0.));
#3761=DIRECTION('',(0.,0.,-1.));
#3762=DIRECTION('',(-0.86602540378444,0.499999999999997,0.));
#3763=DIRECTION('',(0.,0.,-1.));
#3764=DIRECTION('center_axis',(0.500000000000002,-0.866025403784437,0.));
#3765=DIRECTION('ref_axis',(-0.866025403784437,-0.500000000000002,0.));
#3766=DIRECTION('',(-0.866025403784437,-0.500000000000002,0.));
#3767=DIRECTION('',(0.,0.,-1.));
#3768=DIRECTION('',(-0.866025403784437,-0.500000000000002,0.));
#3769=DIRECTION('center_axis',(1.,4.39534328316243E-15,0.));
#3770=DIRECTION('ref_axis',(4.39534328316243E-15,-1.,0.));
#3771=DIRECTION('',(4.39534328316243E-15,-1.,0.));
#3772=DIRECTION('',(0.,0.,-1.));
#3773=DIRECTION('',(4.39534328316243E-15,-1.,0.));
#3774=DIRECTION('center_axis',(0.499999999999998,0.86602540378444,0.));
#3775=DIRECTION('ref_axis',(0.86602540378444,-0.499999999999998,0.));
#3776=DIRECTION('',(0.86602540378444,-0.499999999999998,0.));
#3777=DIRECTION('',(0.,0.,-1.));
#3778=DIRECTION('',(0.86602540378444,-0.499999999999998,0.));
#3779=DIRECTION('center_axis',(-0.500000000000002,0.866025403784437,0.));
#3780=DIRECTION('ref_axis',(0.866025403784437,0.500000000000002,0.));
#3781=DIRECTION('',(0.866025403784437,0.500000000000002,0.));
#3782=DIRECTION('',(0.,0.,-1.));
#3783=DIRECTION('',(0.866025403784437,0.500000000000002,0.));
#3784=DIRECTION('center_axis',(-1.,-3.84592537276712E-15,0.));
#3785=DIRECTION('ref_axis',(-3.84592537276712E-15,1.,0.));
#3786=DIRECTION('',(-3.84592537276712E-15,1.,0.));
#3787=DIRECTION('',(-3.84592537276712E-15,1.,0.));
#3788=DIRECTION('center_axis',(0.,0.,1.));
#3789=DIRECTION('ref_axis',(1.,0.,0.));
#3790=DIRECTION('',(-0.814814814814815,-0.579721327499946,0.));
#3791=DIRECTION('',(-0.814814814814814,0.579721327499946,0.));
#3792=DIRECTION('center_axis',(0.,0.,1.));
#3793=DIRECTION('ref_axis',(1.,0.,0.));
#3794=DIRECTION('center_axis',(0.,1.11022302462516E-16,1.));
#3795=DIRECTION('ref_axis',(-1.07187543957223E-15,-1.,1.11022302462516E-16));
#3796=DIRECTION('',(0.,1.11022302462516E-16,1.));
#3797=DIRECTION('center_axis',(0.,0.707106781186548,0.707106781186548));
#3798=DIRECTION('ref_axis',(0.,0.707106781186547,-0.707106781186547));
#3799=DIRECTION('center_axis',(0.,-0.707106781186548,0.707106781186548));
#3800=DIRECTION('ref_axis',(0.,0.707106781186548,0.707106781186548));
#3801=DIRECTION('center_axis',(0.,0.707106781186548,0.707106781186548));
#3802=DIRECTION('ref_axis',(0.,0.707106781186547,-0.707106781186547));
#3803=DIRECTION('center_axis',(0.,-0.707106781186548,0.707106781186548));
#3804=DIRECTION('ref_axis',(0.,0.707106781186548,0.707106781186548));
#3805=DIRECTION('center_axis',(0.,0.707106781186548,0.707106781186548));
#3806=DIRECTION('ref_axis',(0.,0.707106781186547,-0.707106781186547));
#3807=DIRECTION('center_axis',(0.,-0.707106781186548,0.707106781186548));
#3808=DIRECTION('ref_axis',(0.,0.707106781186548,0.707106781186548));
#3809=DIRECTION('center_axis',(0.,0.707106781186548,0.707106781186548));
#3810=DIRECTION('ref_axis',(0.,0.707106781186547,-0.707106781186547));
#3811=DIRECTION('',(0.,1.11022302462516E-16,1.));
#3812=DIRECTION('center_axis',(0.,8.32667268468867E-17,1.));
#3813=DIRECTION('ref_axis',(-1.83697019872103E-16,-1.,8.32667268468867E-17));
#3814=DIRECTION('',(0.,8.32667268468867E-17,1.));
#3815=DIRECTION('center_axis',(0.,0.707106781186548,0.707106781186548));
#3816=DIRECTION('ref_axis',(0.,0.707106781186547,-0.707106781186548));
#3817=DIRECTION('center_axis',(0.,-0.707106781186548,0.707106781186548));
#3818=DIRECTION('ref_axis',(0.,0.707106781186548,0.707106781186548));
#3819=DIRECTION('center_axis',(0.,0.707106781186548,0.707106781186548));
#3820=DIRECTION('ref_axis',(0.,0.707106781186547,-0.707106781186548));
#3821=DIRECTION('center_axis',(0.,-0.707106781186548,0.707106781186548));
#3822=DIRECTION('ref_axis',(0.,0.707106781186548,0.707106781186548));
#3823=DIRECTION('center_axis',(0.,0.707106781186548,0.707106781186548));
#3824=DIRECTION('ref_axis',(0.,0.707106781186547,-0.707106781186548));
#3825=DIRECTION('center_axis',(0.,-0.707106781186548,0.707106781186548));
#3826=DIRECTION('ref_axis',(0.,0.707106781186548,0.707106781186548));
#3827=DIRECTION('center_axis',(0.,0.707106781186548,0.707106781186548));
#3828=DIRECTION('ref_axis',(0.,0.707106781186547,-0.707106781186548));
#3829=DIRECTION('',(0.,8.32667268468867E-17,1.));
#3830=DIRECTION('center_axis',(0.,1.11022302462516E-16,1.));
#3831=DIRECTION('ref_axis',(7.80990875742902E-15,-1.,1.11022302462516E-16));
#3832=DIRECTION('',(0.,1.11022302462516E-16,1.));
#3833=DIRECTION('center_axis',(0.,0.707106781186548,0.707106781186548));
#3834=DIRECTION('ref_axis',(0.,0.707106781186547,-0.707106781186547));
#3835=DIRECTION('center_axis',(0.,-0.707106781186548,0.707106781186548));
#3836=DIRECTION('ref_axis',(0.,0.707106781186548,0.707106781186548));
#3837=DIRECTION('center_axis',(0.,0.707106781186548,0.707106781186548));
#3838=DIRECTION('ref_axis',(0.,0.707106781186547,-0.707106781186547));
#3839=DIRECTION('center_axis',(0.,-0.707106781186548,0.707106781186548));
#3840=DIRECTION('ref_axis',(0.,0.707106781186548,0.707106781186548));
#3841=DIRECTION('center_axis',(0.,0.707106781186548,0.707106781186548));
#3842=DIRECTION('ref_axis',(0.,0.707106781186547,-0.707106781186547));
#3843=DIRECTION('center_axis',(0.,-0.707106781186548,0.707106781186548));
#3844=DIRECTION('ref_axis',(0.,0.707106781186548,0.707106781186548));
#3845=DIRECTION('center_axis',(0.,0.707106781186548,0.707106781186548));
#3846=DIRECTION('ref_axis',(0.,0.707106781186547,-0.707106781186547));
#3847=DIRECTION('',(0.,1.11022302462516E-16,1.));
#3848=DIRECTION('center_axis',(0.,8.32667268468867E-17,1.));
#3849=DIRECTION('ref_axis',(1.59265981952815E-15,-1.,8.32667268468867E-17));
#3850=DIRECTION('',(0.,8.32667268468867E-17,1.));
#3851=DIRECTION('center_axis',(0.,0.707106781186548,0.707106781186548));
#3852=DIRECTION('ref_axis',(0.,0.707106781186547,-0.707106781186548));
#3853=DIRECTION('center_axis',(0.,-0.707106781186548,0.707106781186548));
#3854=DIRECTION('ref_axis',(0.,0.707106781186548,0.707106781186548));
#3855=DIRECTION('center_axis',(0.,0.707106781186548,0.707106781186548));
#3856=DIRECTION('ref_axis',(0.,0.707106781186547,-0.707106781186548));
#3857=DIRECTION('center_axis',(0.,-0.707106781186548,0.707106781186548));
#3858=DIRECTION('ref_axis',(0.,0.707106781186548,0.707106781186548));
#3859=DIRECTION('center_axis',(0.,0.707106781186548,0.707106781186548));
#3860=DIRECTION('ref_axis',(0.,0.707106781186547,-0.707106781186548));
#3861=DIRECTION('center_axis',(0.,-0.707106781186548,0.707106781186548));
#3862=DIRECTION('ref_axis',(0.,0.707106781186548,0.707106781186548));
#3863=DIRECTION('center_axis',(0.,0.707106781186548,0.707106781186548));
#3864=DIRECTION('ref_axis',(0.,0.707106781186547,-0.707106781186548));
#3865=DIRECTION('',(0.,8.32667268468867E-17,1.));
#3866=DIRECTION('center_axis',(-0.579721327499944,0.814814814814816,-9.04626168213092E-17));
#3867=DIRECTION('ref_axis',(-0.814814814814816,-0.579721327499944,4.59728540047153E-17));
#3868=DIRECTION('',(-0.704925469723203,-0.501537676618378,0.501537676618378));
#3869=DIRECTION('',(-0.704925469723203,-0.501537676618378,-0.501537676618378));
#3870=DIRECTION('',(0.,1.11022302462516E-16,1.));
#3871=DIRECTION('center_axis',(0.579721327499945,0.814814814814815,-9.04626168213091E-17));
#3872=DIRECTION('ref_axis',(-0.814814814814815,0.579721327499945,-4.59728540047154E-17));
#3873=DIRECTION('',(-0.704925469723202,0.501537676618379,0.501537676618379));
#3874=DIRECTION('',(-0.704925469723202,0.501537676618379,-0.501537676618379));
#3875=DIRECTION('center_axis',(0.579721327499943,0.814814814814817,-9.04626168213093E-17));
#3876=DIRECTION('ref_axis',(-0.814814814814817,0.579721327499943,-4.59728540047152E-17));
#3877=DIRECTION('',(0.,1.11022302462516E-16,1.));
#3878=DIRECTION('',(-0.704925469723204,0.501537676618377,0.501537676618377));
#3879=DIRECTION('',(-0.704925469723204,0.501537676618377,-0.501537676618377));
#3880=DIRECTION('center_axis',(-0.579721327499947,0.814814814814814,-9.04626168213089E-17));
#3881=DIRECTION('ref_axis',(-0.814814814814814,-0.579721327499947,4.59728540047156E-17));
#3882=DIRECTION('',(-0.7049254697232,-0.50153767661838,0.50153767661838));
#3883=DIRECTION('',(-0.7049254697232,-0.50153767661838,-0.50153767661838));
#3884=DIRECTION('center_axis',(-0.579721327499946,0.814814814814815,-6.78469626159818E-17));
#3885=DIRECTION('ref_axis',(-0.814814814814815,-0.579721327499946,4.59728540047154E-17));
#3886=DIRECTION('',(-0.704925469723201,-0.501537676618379,0.501537676618379));
#3887=DIRECTION('',(-0.704925469723201,-0.501537676618379,-0.501537676618379));
#3888=DIRECTION('',(0.,8.32667268468867E-17,1.));
#3889=DIRECTION('center_axis',(0.579721327499946,0.814814814814815,-6.78469626159818E-17));
#3890=DIRECTION('ref_axis',(-0.814814814814815,0.579721327499946,-4.59728540047154E-17));
#3891=DIRECTION('',(-0.704925469723201,0.501537676618379,0.501537676618379));
#3892=DIRECTION('',(-0.704925469723201,0.501537676618379,-0.501537676618379));
#3893=DIRECTION('center_axis',(-0.579721327499946,0.814814814814814,-6.78469626159818E-17));
#3894=DIRECTION('ref_axis',(-0.814814814814815,-0.579721327499946,4.59728540047154E-17));
#3895=DIRECTION('',(-0.704925469723201,-0.501537676618379,0.501537676618379));
#3896=DIRECTION('',(-0.704925469723201,-0.501537676618379,-0.501537676618379));
#3897=DIRECTION('',(0.,8.32667268468867E-17,1.));
#3898=DIRECTION('center_axis',(0.579721327499946,0.814814814814814,-6.78469626159817E-17));
#3899=DIRECTION('ref_axis',(-0.814814814814814,0.579721327499946,-4.59728540047155E-17));
#3900=DIRECTION('',(-0.704925469723201,0.50153767661838,0.50153767661838));
#3901=DIRECTION('',(-0.704925469723201,0.50153767661838,-0.50153767661838));
#3902=DIRECTION('center_axis',(0.,-0.707106781186548,-0.707106781186548));
#3903=DIRECTION('ref_axis',(0.,0.707106781186548,-0.707106781186548));
#3904=DIRECTION('',(1.,0.,0.));
#3905=DIRECTION('',(0.,0.707106781186548,-0.707106781186548));
#3906=DIRECTION('',(1.,0.,0.));
#3907=DIRECTION('center_axis',(0.,-0.707106781186548,-0.707106781186548));
#3908=DIRECTION('ref_axis',(0.,0.707106781186548,-0.707106781186548));
#3909=DIRECTION('',(1.,0.,0.));
#3910=DIRECTION('',(0.,0.707106781186548,-0.707106781186548));
#3911=DIRECTION('',(1.,0.,0.));
#3912=DIRECTION('center_axis',(0.,-0.707106781186548,-0.707106781186548));
#3913=DIRECTION('ref_axis',(0.,0.707106781186548,-0.707106781186548));
#3914=DIRECTION('',(1.,0.,0.));
#3915=DIRECTION('',(1.,0.,0.));
#3916=DIRECTION('center_axis',(0.,0.707106781186548,-0.707106781186548));
#3917=DIRECTION('ref_axis',(0.,0.707106781186548,0.707106781186548));
#3918=DIRECTION('',(1.,0.,0.));
#3919=DIRECTION('',(0.,0.707106781186547,0.707106781186547));
#3920=DIRECTION('center_axis',(0.,0.707106781186548,-0.707106781186548));
#3921=DIRECTION('ref_axis',(0.,0.707106781186548,0.707106781186548));
#3922=DIRECTION('',(0.,0.707106781186547,0.707106781186547));
#3923=DIRECTION('',(1.,0.,0.));
#3924=DIRECTION('center_axis',(0.,0.707106781186548,-0.707106781186548));
#3925=DIRECTION('ref_axis',(0.,0.707106781186548,0.707106781186548));
#3926=DIRECTION('',(1.,0.,0.));
#3927=DIRECTION('center_axis',(0.,-0.707106781186548,-0.707106781186548));
#3928=DIRECTION('ref_axis',(0.,0.707106781186548,-0.707106781186548));
#3929=DIRECTION('',(1.,0.,0.));
#3930=DIRECTION('',(0.,0.707106781186547,-0.707106781186547));
#3931=DIRECTION('center_axis',(0.,-0.707106781186548,-0.707106781186548));
#3932=DIRECTION('ref_axis',(0.,0.707106781186548,-0.707106781186548));
#3933=DIRECTION('',(0.,0.707106781186547,-0.707106781186547));
#3934=DIRECTION('',(1.,0.,0.));
#3935=DIRECTION('center_axis',(0.,-0.707106781186548,-0.707106781186548));
#3936=DIRECTION('ref_axis',(0.,0.707106781186548,-0.707106781186548));
#3937=DIRECTION('',(1.,0.,0.));
#3938=DIRECTION('center_axis',(0.,0.707106781186548,-0.707106781186548));
#3939=DIRECTION('ref_axis',(0.,0.707106781186548,0.707106781186548));
#3940=DIRECTION('',(0.,0.707106781186547,0.707106781186547));
#3941=DIRECTION('',(1.,0.,0.));
#3942=DIRECTION('',(0.,0.707106781186547,0.707106781186547));
#3943=DIRECTION('center_axis',(0.,-0.707106781186548,-0.707106781186548));
#3944=DIRECTION('ref_axis',(0.,0.707106781186548,-0.707106781186548));
#3945=DIRECTION('',(1.,0.,0.));
#3946=DIRECTION('',(0.,0.707106781186547,-0.707106781186547));
#3947=DIRECTION('',(1.,0.,0.));
#3948=DIRECTION('center_axis',(0.,-0.707106781186548,-0.707106781186548));
#3949=DIRECTION('ref_axis',(0.,0.707106781186548,-0.707106781186548));
#3950=DIRECTION('',(1.,0.,0.));
#3951=DIRECTION('',(0.,0.707106781186547,-0.707106781186547));
#3952=DIRECTION('',(1.,0.,0.));
#3953=DIRECTION('center_axis',(0.,-0.707106781186548,-0.707106781186548));
#3954=DIRECTION('ref_axis',(0.,0.707106781186548,-0.707106781186548));
#3955=DIRECTION('',(1.,0.,0.));
#3956=DIRECTION('',(1.,0.,0.));
#3957=DIRECTION('center_axis',(0.,0.707106781186548,-0.707106781186548));
#3958=DIRECTION('ref_axis',(0.,0.707106781186548,0.707106781186548));
#3959=DIRECTION('',(1.,0.,0.));
#3960=DIRECTION('',(0.,0.707106781186547,0.707106781186547));
#3961=DIRECTION('center_axis',(0.,0.707106781186548,-0.707106781186548));
#3962=DIRECTION('ref_axis',(0.,0.707106781186548,0.707106781186548));
#3963=DIRECTION('',(0.,0.707106781186547,0.707106781186547));
#3964=DIRECTION('',(1.,0.,0.));
#3965=DIRECTION('center_axis',(0.,0.707106781186548,-0.707106781186548));
#3966=DIRECTION('ref_axis',(0.,0.707106781186548,0.707106781186548));
#3967=DIRECTION('',(1.,0.,0.));
#3968=DIRECTION('center_axis',(0.,-0.707106781186548,-0.707106781186548));
#3969=DIRECTION('ref_axis',(0.,0.707106781186548,-0.707106781186548));
#3970=DIRECTION('',(1.,0.,0.));
#3971=DIRECTION('',(0.,0.707106781186547,-0.707106781186547));
#3972=DIRECTION('center_axis',(0.,-0.707106781186548,-0.707106781186548));
#3973=DIRECTION('ref_axis',(0.,0.707106781186548,-0.707106781186548));
#3974=DIRECTION('',(0.,0.707106781186547,-0.707106781186547));
#3975=DIRECTION('',(1.,0.,0.));
#3976=DIRECTION('center_axis',(0.,-0.707106781186548,-0.707106781186548));
#3977=DIRECTION('ref_axis',(0.,0.707106781186548,-0.707106781186548));
#3978=DIRECTION('',(1.,0.,0.));
#3979=DIRECTION('center_axis',(0.,0.707106781186548,-0.707106781186548));
#3980=DIRECTION('ref_axis',(0.,0.707106781186548,0.707106781186548));
#3981=DIRECTION('',(0.,0.707106781186547,0.707106781186547));
#3982=DIRECTION('',(1.,0.,0.));
#3983=DIRECTION('',(0.,0.707106781186547,0.707106781186547));
#3984=DIRECTION('center_axis',(0.,0.,1.));
#3985=DIRECTION('ref_axis',(0.,-1.,0.));
#3986=DIRECTION('',(0.,1.,0.));
#3987=DIRECTION('',(-1.,0.,0.));
#3988=DIRECTION('',(0.,1.,0.));
#3989=DIRECTION('',(1.,0.,0.));
#3990=DIRECTION('center_axis',(0.,0.,-1.));
#3991=DIRECTION('ref_axis',(0.,1.,0.));
#3992=DIRECTION('',(0.,-1.,0.));
#3993=DIRECTION('',(-1.,0.,0.));
#3994=DIRECTION('',(0.,-1.,0.));
#3995=DIRECTION('',(1.,0.,0.));
#3996=DIRECTION('center_axis',(1.,0.,0.));
#3997=DIRECTION('ref_axis',(0.,0.,-1.));
#3998=DIRECTION('',(0.,0.,-1.));
#3999=DIRECTION('',(0.,0.,1.));
#4000=DIRECTION('center_axis',(1.,0.,0.));
#4001=DIRECTION('ref_axis',(0.,1.,0.));
#4002=DIRECTION('',(0.,0.,-1.));
#4003=DIRECTION('',(0.,0.707106781186547,-0.707106781186547));
#4004=DIRECTION('',(0.,0.707106781186547,0.707106781186547));
#4005=DIRECTION('',(0.,0.707106781186547,-0.707106781186547));
#4006=DIRECTION('',(0.,0.707106781186547,0.707106781186547));
#4007=DIRECTION('',(0.,0.707106781186548,-0.707106781186548));
#4008=DIRECTION('',(0.,0.707106781186547,0.707106781186547));
#4009=DIRECTION('',(0.,0.707106781186547,-0.707106781186547));
#4010=DIRECTION('',(0.,0.707106781186547,0.707106781186547));
#4011=DIRECTION('',(0.,0.707106781186547,-0.707106781186547));
#4012=DIRECTION('',(0.,0.707106781186547,0.707106781186547));
#4013=DIRECTION('',(0.,0.707106781186547,-0.707106781186547));
#4014=DIRECTION('',(0.,0.707106781186547,0.707106781186547));
#4015=DIRECTION('',(0.,0.707106781186547,-0.707106781186547));
#4016=DIRECTION('',(0.,0.707106781186547,0.707106781186547));
#4017=DIRECTION('',(0.,0.707106781186547,-0.707106781186547));
#4018=DIRECTION('',(0.,0.707106781186547,0.707106781186547));
#4019=DIRECTION('',(0.,0.,-1.));
#4020=DIRECTION('center_axis',(1.,0.,0.));
#4021=DIRECTION('ref_axis',(0.,1.,0.));
#4022=DIRECTION('',(0.,0.,-1.));
#4023=DIRECTION('',(0.,-1.,0.));
#4024=DIRECTION('',(0.,0.,-1.));
#4025=DIRECTION('center_axis',(0.,-1.,0.));
#4026=DIRECTION('ref_axis',(0.,0.,-1.));
#4027=DIRECTION('',(1.,0.,0.));
#4028=DIRECTION('',(0.,0.,-1.));
#4029=DIRECTION('',(-1.,0.,0.));
#4030=DIRECTION('',(0.,0.,1.));
#4031=DIRECTION('',(1.,0.,0.));
#4032=DIRECTION('',(0.,0.,-1.));
#4033=DIRECTION('',(1.,0.,0.));
#4034=DIRECTION('center_axis',(0.,1.,0.));
#4035=DIRECTION('ref_axis',(0.,0.,1.));
#4036=DIRECTION('center_axis',(0.,0.,-1.));
#4037=DIRECTION('ref_axis',(0.,-1.,0.));
#4038=DIRECTION('',(0.,-1.,0.));
#4039=DIRECTION('',(1.,0.,0.));
#4040=DIRECTION('',(0.,1.,0.));
#4041=DIRECTION('center_axis',(0.,0.,1.));
#4042=DIRECTION('ref_axis',(0.,1.,0.));
#4043=DIRECTION('',(0.,1.,0.));
#4044=DIRECTION('',(0.,-1.,0.));
#4045=DIRECTION('',(-1.,0.,0.));
#4046=DIRECTION('center_axis',(-1.,0.,0.));
#4047=DIRECTION('ref_axis',(0.,0.,1.));
#4048=DIRECTION('',(0.,0.,-1.));
#4049=DIRECTION('center_axis',(1.,0.,0.));
#4050=DIRECTION('ref_axis',(0.,0.,-1.));
#4051=DIRECTION('',(0.,0.,1.));
#4052=DIRECTION('',(0.,-1.,0.));
#4053=DIRECTION('center_axis',(1.,0.,0.));
#4054=DIRECTION('ref_axis',(0.,0.,-1.));
#4055=DIRECTION('',(0.,0.707106781186547,0.707106781186547));
#4056=DIRECTION('',(0.,0.707106781186547,-0.707106781186547));
#4057=DIRECTION('',(0.,0.707106781186547,0.707106781186547));
#4058=DIRECTION('',(0.,0.707106781186547,-0.707106781186547));
#4059=DIRECTION('',(0.,0.707106781186547,0.707106781186547));
#4060=DIRECTION('',(0.,0.707106781186547,-0.707106781186547));
#4061=DIRECTION('',(0.,0.707106781186547,0.707106781186547));
#4062=DIRECTION('',(0.,0.707106781186547,-0.707106781186547));
#4063=DIRECTION('',(0.,0.707106781186547,0.707106781186547));
#4064=DIRECTION('',(0.,0.707106781186547,-0.707106781186547));
#4065=DIRECTION('',(0.,0.707106781186547,0.707106781186547));
#4066=DIRECTION('',(0.,0.707106781186548,-0.707106781186548));
#4067=DIRECTION('',(0.,0.707106781186547,0.707106781186547));
#4068=DIRECTION('',(0.,0.707106781186547,-0.707106781186547));
#4069=DIRECTION('',(0.,0.707106781186547,0.707106781186547));
#4070=DIRECTION('',(0.,0.707106781186547,-0.707106781186547));
#4071=DIRECTION('',(0.,0.,1.));
#4072=DIRECTION('center_axis',(-0.868529212889354,0.,0.495637979131744));
#4073=DIRECTION('ref_axis',(-0.495637979131744,0.,-0.868529212889354));
#4074=DIRECTION('',(-0.495637979131744,0.,-0.868529212889354));
#4075=DIRECTION('',(0.,-1.,0.));
#4076=DIRECTION('',(-0.495637979131744,0.,-0.868529212889354));
#4077=DIRECTION('',(0.,-1.,0.));
#4078=DIRECTION('center_axis',(-0.00502952543620518,0.,0.999987351856956));
#4079=DIRECTION('ref_axis',(-0.999987351856955,0.,-0.00502952543620518));
#4080=DIRECTION('',(-0.999987351856955,0.,-0.00502952543620518));
#4081=DIRECTION('',(0.,-1.,0.));
#4082=DIRECTION('',(-0.999987351856955,0.,-0.00502952543620518));
#4083=DIRECTION('center_axis',(0.863499687453149,0.,0.504349372725212));
#4084=DIRECTION('ref_axis',(-0.504349372725212,0.,0.863499687453149));
#4085=DIRECTION('',(-0.504349372725212,0.,0.863499687453149));
#4086=DIRECTION('',(0.,-1.,0.));
#4087=DIRECTION('',(-0.504349372725212,0.,0.863499687453149));
#4088=DIRECTION('center_axis',(0.868529212889354,0.,-0.495637979131744));
#4089=DIRECTION('ref_axis',(0.495637979131744,0.,0.868529212889354));
#4090=DIRECTION('',(0.495637979131744,0.,0.868529212889354));
#4091=DIRECTION('',(0.,-1.,0.));
#4092=DIRECTION('',(0.495637979131744,0.,0.868529212889354));
#4093=DIRECTION('center_axis',(0.00502952543620554,0.,-0.999987351856956));
#4094=DIRECTION('ref_axis',(0.999987351856955,0.,0.00502952543620554));
#4095=DIRECTION('',(0.999987351856955,0.,0.00502952543620554));
#4096=DIRECTION('',(0.,-1.,0.));
#4097=DIRECTION('',(0.999987351856955,0.,0.00502952543620554));
#4098=DIRECTION('center_axis',(-0.863499687453149,0.,-0.504349372725211));
#4099=DIRECTION('ref_axis',(0.504349372725211,0.,-0.863499687453149));
#4100=DIRECTION('',(0.504349372725211,0.,-0.863499687453149));
#4101=DIRECTION('',(0.504349372725211,0.,-0.863499687453149));
#4102=DIRECTION('center_axis',(0.,1.,0.));
#4103=DIRECTION('ref_axis',(-1.,0.,0.));
#4104=DIRECTION('center_axis',(0.,1.,0.));
#4105=DIRECTION('ref_axis',(0.,0.,1.));
#4106=DIRECTION('center_axis',(0.,-1.,0.));
#4107=DIRECTION('ref_axis',(0.,0.,1.));
#4108=DIRECTION('',(0.,-1.,0.));
#4109=DIRECTION('center_axis',(0.,0.707106781186548,-0.707106781186548));
#4110=DIRECTION('ref_axis',(0.,0.707106781186548,0.707106781186548));
#4111=DIRECTION('',(1.,0.,0.));
#4112=DIRECTION('center_axis',(0.,0.,1.));
#4113=DIRECTION('ref_axis',(0.,-1.,0.));
#4114=DIRECTION('',(1.,0.,0.));
#4115=DIRECTION('center_axis',(0.,1.,0.));
#4116=DIRECTION('ref_axis',(0.,0.,1.));
#4117=DIRECTION('',(1.,0.,0.));
#4118=DIRECTION('center_axis',(0.,-0.707106781186548,-0.707106781186548));
#4119=DIRECTION('ref_axis',(0.,0.707106781186548,-0.707106781186548));
#4120=DIRECTION('',(1.,0.,0.));
#4121=DIRECTION('center_axis',(0.,0.707106781186548,-0.707106781186548));
#4122=DIRECTION('ref_axis',(0.,0.707106781186548,0.707106781186548));
#4123=DIRECTION('',(1.,0.,0.));
#4124=DIRECTION('center_axis',(0.,-0.707106781186548,-0.707106781186548));
#4125=DIRECTION('ref_axis',(0.,0.707106781186548,-0.707106781186548));
#4126=DIRECTION('center_axis',(0.,0.707106781186548,-0.707106781186548));
#4127=DIRECTION('ref_axis',(0.,0.707106781186548,0.707106781186548));
#4128=DIRECTION('',(1.,0.,0.));
#4129=DIRECTION('center_axis',(0.,-0.707106781186548,-0.707106781186548));
#4130=DIRECTION('ref_axis',(0.,0.707106781186548,-0.707106781186548));
#4131=DIRECTION('',(1.,0.,0.));
#4132=DIRECTION('center_axis',(0.,0.707106781186548,-0.707106781186548));
#4133=DIRECTION('ref_axis',(0.,0.707106781186548,0.707106781186548));
#4134=DIRECTION('',(1.,0.,0.));
#4135=DIRECTION('center_axis',(0.,-0.707106781186548,-0.707106781186548));
#4136=DIRECTION('ref_axis',(0.,0.707106781186548,-0.707106781186548));
#4137=DIRECTION('',(1.,0.,0.));
#4138=DIRECTION('center_axis',(0.,0.707106781186548,-0.707106781186548));
#4139=DIRECTION('ref_axis',(0.,0.707106781186548,0.707106781186548));
#4140=DIRECTION('',(1.,0.,0.));
#4141=DIRECTION('center_axis',(0.,-0.707106781186548,-0.707106781186548));
#4142=DIRECTION('ref_axis',(0.,0.707106781186548,-0.707106781186548));
#4143=DIRECTION('',(1.,0.,0.));
#4144=DIRECTION('center_axis',(0.,0.707106781186548,-0.707106781186548));
#4145=DIRECTION('ref_axis',(0.,0.707106781186548,0.707106781186548));
#4146=DIRECTION('',(1.,0.,0.));
#4147=DIRECTION('center_axis',(0.,-0.707106781186548,-0.707106781186548));
#4148=DIRECTION('ref_axis',(0.,0.707106781186548,-0.707106781186548));
#4149=DIRECTION('center_axis',(0.,0.707106781186548,-0.707106781186548));
#4150=DIRECTION('ref_axis',(0.,0.707106781186548,0.707106781186548));
#4151=DIRECTION('',(1.,0.,0.));
#4152=DIRECTION('center_axis',(0.,-0.707106781186548,-0.707106781186548));
#4153=DIRECTION('ref_axis',(0.,0.707106781186548,-0.707106781186548));
#4154=DIRECTION('',(1.,0.,0.));
#4155=DIRECTION('center_axis',(0.,0.707106781186548,-0.707106781186548));
#4156=DIRECTION('ref_axis',(0.,0.707106781186548,0.707106781186548));
#4157=DIRECTION('',(1.,0.,0.));
#4158=DIRECTION('center_axis',(0.,-0.707106781186548,-0.707106781186548));
#4159=DIRECTION('ref_axis',(0.,0.707106781186548,-0.707106781186548));
#4160=CARTESIAN_POINT('',(0.,0.,0.));
#4161=CARTESIAN_POINT('Origin',(6.97538692049989,14.1346416991889,-5.09999983608723));
#4162=CARTESIAN_POINT('',(5.70000000000001,15.0420491065963,0.042049330113757));
#4163=CARTESIAN_POINT('',(5.75910152948398,14.9999997764826,0.));
#4164=CARTESIAN_POINT('',(5.15458983639663,15.430095443417,0.430095666934439));
#4165=CARTESIAN_POINT('',(5.70000000000001,15.0420491065963,-5.09999983608723));
#4166=CARTESIAN_POINT('',(5.70000000000001,15.0420491065963,-5.09999983608723));
#4167=CARTESIAN_POINT('',(6.97538692049989,14.1346416991889,-5.09999983608723));
#4168=CARTESIAN_POINT('',(11.3047438423531,11.0544073976953,-5.09999983608723));
#4169=CARTESIAN_POINT('',(6.97538692049989,14.1346416991889,0.865358121997132));
#4170=CARTESIAN_POINT('',(6.97538692049989,14.1346416991889,-5.09999983608723));
#4171=CARTESIAN_POINT('',(3.88182183025833,16.3356395556527,-1.33563973446663));
#4172=CARTESIAN_POINT('Origin',(5.70000000000001,15.0420491065963,-5.09999983608723));
#4173=CARTESIAN_POINT('',(5.64089847051603,14.9999997764826,0.));
#4174=CARTESIAN_POINT('',(3.89025465284589,13.7544584098962,-1.24554136658642));
#4175=CARTESIAN_POINT('',(4.42461307950013,14.1346416991889,0.865358121997127));
#4176=CARTESIAN_POINT('',(5.16302265898419,14.6600025221318,0.339997299054232));
#4177=CARTESIAN_POINT('',(4.42461307950013,14.1346416991889,-5.09999983608723));
#4178=CARTESIAN_POINT('',(4.42461307950013,14.1346416991889,-5.09999983608723));
#4179=CARTESIAN_POINT('',(-3.05141252202081,8.81562760256592,-5.09999983608723));
#4180=CARTESIAN_POINT('Origin',(5.70000000000001,12.3420491065963,-5.09999983608723));
#4181=CARTESIAN_POINT('',(3.82939844051558,13.4999997988343,1.50000002235174));
#4182=CARTESIAN_POINT('Origin',(5.70000000000001,12.3420491065963,2.65795071458972));
#4183=CARTESIAN_POINT('',(3.52675306148411,11.9999997764826,0.));
#4184=CARTESIAN_POINT('Origin',(5.70000000000001,12.3420491065963,0.342049330113759));
#4185=CARTESIAN_POINT('',(4.49714741228467,10.4999997988343,1.50000002235174));
#4186=CARTESIAN_POINT('Origin',(5.70000000000001,12.3420491065963,-0.342049285410274));
#4187=CARTESIAN_POINT('',(6.90285258771535,10.4999997988343,1.50000002235174));
#4188=CARTESIAN_POINT('Origin',(5.70000000000001,12.3420491065963,3.34204933011376));
#4189=CARTESIAN_POINT('',(7.87324693851591,11.9999997764826,0.));
#4190=CARTESIAN_POINT('Origin',(5.70000000000001,12.3420491065963,-0.342049285410274));
#4191=CARTESIAN_POINT('',(7.57060155948444,13.4999997988343,1.50000002235174));
#4192=CARTESIAN_POINT('Origin',(5.70000000000001,12.3420491065963,0.342049330113759));
#4193=CARTESIAN_POINT('Origin',(5.70000000000001,12.3420491065963,2.65795071458972));
#4194=CARTESIAN_POINT('Origin',(5.70000000000001,12.3420491065963,-5.09999983608723));
#4195=CARTESIAN_POINT('Origin',(20.5753869204999,14.1346416991889,-5.09999983608723));
#4196=CARTESIAN_POINT('',(19.3,15.0420491065963,0.0420493301137637));
#4197=CARTESIAN_POINT('',(19.359101529484,14.9999997764826,0.));
#4198=CARTESIAN_POINT('',(15.3755343949181,17.8342128828809,2.83421310639828));
#4199=CARTESIAN_POINT('',(19.3,15.0420491065963,-5.09999983608723));
#4200=CARTESIAN_POINT('',(19.3,15.0420491065963,-5.09999983608723));
#4201=CARTESIAN_POINT('',(20.5753869204999,14.1346416991889,-5.09999983608723));
#4202=CARTESIAN_POINT('',(20.3900662017494,14.2664929752506,-5.09999983608723));
#4203=CARTESIAN_POINT('',(20.5753869204999,14.1346416991889,0.865358121997118));
#4204=CARTESIAN_POINT('',(20.5753869204999,14.1346416991889,-5.09999983608723));
#4205=CARTESIAN_POINT('',(14.1027663887798,18.7397569951165,-3.73975717393047));
#4206=CARTESIAN_POINT('Origin',(19.3,12.3420491065963,-5.09999983608723));
#4207=CARTESIAN_POINT('',(17.4293984405156,13.4999997988343,1.50000002235174));
#4208=CARTESIAN_POINT('',(18.0246130795001,14.1346416991889,0.86535812199713));
#4209=CARTESIAN_POINT('Origin',(19.3,12.3420491065963,2.65795071458972));
#4210=CARTESIAN_POINT('',(17.1267530614841,11.9999997764826,0.));
#4211=CARTESIAN_POINT('Origin',(19.3,12.3420491065963,0.342049330113759));
#4212=CARTESIAN_POINT('',(18.0971474122847,10.4999997988343,1.50000002235174));
#4213=CARTESIAN_POINT('Origin',(19.3,12.3420491065963,-0.342049285410274));
#4214=CARTESIAN_POINT('',(20.5028525877153,10.4999997988343,1.50000002235174));
#4215=CARTESIAN_POINT('Origin',(19.3,12.3420491065963,3.34204933011376));
#4216=CARTESIAN_POINT('',(21.4732469385159,11.9999997764826,0.));
#4217=CARTESIAN_POINT('Origin',(19.3,12.3420491065963,-0.342049285410274));
#4218=CARTESIAN_POINT('',(21.1706015594844,13.4999997988343,1.50000002235174));
#4219=CARTESIAN_POINT('Origin',(19.3,12.3420491065963,0.342049330113759));
#4220=CARTESIAN_POINT('Origin',(19.3,12.3420491065963,2.65795071458972));
#4221=CARTESIAN_POINT('',(18.0246130795001,14.1346416991889,-5.09999983608723));
#4222=CARTESIAN_POINT('Origin',(19.3,12.3420491065963,-5.09999983608723));
#4223=CARTESIAN_POINT('',(18.0246130795001,14.1346416991889,-5.09999983608723));
#4224=CARTESIAN_POINT('Origin',(19.3,15.0420491065963,-5.09999983608723));
#4225=CARTESIAN_POINT('',(19.240898470516,14.9999997764826,0.));
#4226=CARTESIAN_POINT('',(14.1111992113674,11.3503409704323,-3.64965880605025));
#4227=CARTESIAN_POINT('',(15.3839672175057,12.255885082668,2.74411473851806));
#4228=CARTESIAN_POINT('',(6.0339098373756,5.60354202501061,-5.09999983608723));
#4229=CARTESIAN_POINT('Origin',(6.97538692049989,-3.54945640969562,-5.09999983608723));
#4230=CARTESIAN_POINT('',(5.70000000000001,-2.64204900228821,0.357951221229202));
#4231=CARTESIAN_POINT('',(6.20311062264419,-3.00000022351742,0.));
#4232=CARTESIAN_POINT('',(5.3221189346886,-2.37319562746438,0.626804596053041));
#4233=CARTESIAN_POINT('',(5.70000000000001,-2.64204900228821,-5.09999983608723));
#4234=CARTESIAN_POINT('',(5.70000000000001,-2.64204900228821,-5.09999983608723));
#4235=CARTESIAN_POINT('',(6.97538692049989,-3.54945640969562,-5.09999983608723));
#4236=CARTESIAN_POINT('',(7.12806468885159,-3.65808300427796,-5.09999983608723));
#4237=CARTESIAN_POINT('',(6.97538692049989,-3.54945640969562,0.549456230881689));
#4238=CARTESIAN_POINT('',(6.97538692049989,-3.54945640969562,-5.09999983608723));
#4239=CARTESIAN_POINT('',(4.04935092855029,-1.4676515152287,-1.53234866358523));
#4240=CARTESIAN_POINT('Origin',(5.70000000000001,-2.64204900228821,-5.09999983608723));
#4241=CARTESIAN_POINT('',(5.19688937735583,-3.00000022351742,0.));
#4242=CARTESIAN_POINT('',(3.72272555455393,-4.04883266098524,-1.04883243746782));
#4243=CARTESIAN_POINT('',(4.42461307950013,-3.54945640969562,0.549456230881687));
#4244=CARTESIAN_POINT('',(4.99549356069223,-3.14328854874956,0.143288369935629));
#4245=CARTESIAN_POINT('',(4.42461307950013,-3.54945640969562,-5.09999983608723));
#4246=CARTESIAN_POINT('',(4.42461307950013,-3.54945640969562,-5.09999983608723));
#4247=CARTESIAN_POINT('',(1.12526663148067,-5.89686279940734,-5.09999983608723));
#4248=CARTESIAN_POINT('Origin',(5.70000000000001,-5.34204900228821,-5.09999983608723));
#4249=CARTESIAN_POINT('',(3.6675251990423,-4.50000020116567,1.50000002235174));
#4250=CARTESIAN_POINT('Origin',(5.70000000000001,-5.34204900228821,2.34204882347428));
#4251=CARTESIAN_POINT('',(3.60069054437347,-6.00000022351742,0.));
#4252=CARTESIAN_POINT('Origin',(5.70000000000001,-5.34204900228821,0.657951221229204));
#4253=CARTESIAN_POINT('',(5.27192684823348,-7.50000020116568,1.50000002235174));
#4254=CARTESIAN_POINT('Origin',(5.70000000000001,-5.34204900228821,-0.65795117652572));
#4255=CARTESIAN_POINT('',(6.12807315176653,-7.50000020116568,1.50000002235174));
#4256=CARTESIAN_POINT('Origin',(5.70000000000001,-5.34204900228821,3.6579512212292));
#4257=CARTESIAN_POINT('',(7.79930945562655,-6.00000022351742,0.));
#4258=CARTESIAN_POINT('Origin',(5.70000000000001,-5.34204900228821,-0.65795117652572));
#4259=CARTESIAN_POINT('',(7.73247480095772,-4.50000020116567,1.50000002235174));
#4260=CARTESIAN_POINT('Origin',(5.70000000000001,-5.34204900228821,0.657951221229204));
#4261=CARTESIAN_POINT('Origin',(5.70000000000001,-5.34204900228821,2.34204882347428));
#4262=CARTESIAN_POINT('Origin',(5.70000000000001,-5.34204900228821,-5.09999983608723));
#4263=CARTESIAN_POINT('Origin',(20.5753869204999,-3.54945640969562,-5.09999983608723));
#4264=CARTESIAN_POINT('',(19.3,-2.64204900228821,0.357951221229208));
#4265=CARTESIAN_POINT('',(19.8031106226442,-3.00000022351742,0.));
#4266=CARTESIAN_POINT('',(15.5430634932102,0.0309218119994645,3.03092203551688));
#4267=CARTESIAN_POINT('',(19.3,-2.64204900228821,-5.09999983608723));
#4268=CARTESIAN_POINT('',(19.3,-2.64204900228821,-5.09999983608723));
#4269=CARTESIAN_POINT('',(20.5753869204999,-3.54945640969562,-5.09999983608723));
#4270=CARTESIAN_POINT('',(16.213387048248,-0.44599742672271,-5.09999983608723));
#4271=CARTESIAN_POINT('',(20.5753869204999,-3.54945640969562,0.549456230881682));
#4272=CARTESIAN_POINT('',(20.5753869204999,-3.54945640969562,-5.09999983608723));
#4273=CARTESIAN_POINT('',(14.2702954870718,0.936465924235141,-3.93646610304907));
#4274=CARTESIAN_POINT('Origin',(19.3,-2.64204900228821,-5.09999983608723));
#4275=CARTESIAN_POINT('',(18.7968893773558,-3.00000022351742,0.));
#4276=CARTESIAN_POINT('',(13.9436701130755,-6.45295010044907,-3.45294987693165));
#4277=CARTESIAN_POINT('',(18.0246130795001,-3.54945640969562,0.549456230881684));
#4278=CARTESIAN_POINT('',(15.2164381192138,-5.54740598821339,2.54740580939946));
#4279=CARTESIAN_POINT('',(18.0246130795001,-3.54945640969562,-5.09999983608723));
#4280=CARTESIAN_POINT('',(18.0246130795001,-3.54945640969562,-5.09999983608723));
#4281=CARTESIAN_POINT('',(10.2105889908771,-9.10894837696259,-5.09999983608723));
#4282=CARTESIAN_POINT('Origin',(19.3,-5.34204900228821,-5.09999983608723));
#4283=CARTESIAN_POINT('',(17.2675251990423,-4.50000020116567,1.50000002235174));
#4284=CARTESIAN_POINT('Origin',(19.3,-5.34204900228821,2.34204882347428));
#4285=CARTESIAN_POINT('',(17.2006905443735,-6.00000022351742,0.));
#4286=CARTESIAN_POINT('Origin',(19.3,-5.34204900228821,0.657951221229204));
#4287=CARTESIAN_POINT('',(18.8719268482335,-7.50000020116568,1.50000002235174));
#4288=CARTESIAN_POINT('Origin',(19.3,-5.34204900228821,-0.65795117652572));
#4289=CARTESIAN_POINT('',(19.7280731517665,-7.50000020116568,1.50000002235174));
#4290=CARTESIAN_POINT('Origin',(19.3,-5.34204900228821,3.6579512212292));
#4291=CARTESIAN_POINT('',(21.3993094556265,-6.00000022351742,0.));
#4292=CARTESIAN_POINT('Origin',(19.3,-5.34204900228821,-0.65795117652572));
#4293=CARTESIAN_POINT('',(21.3324748009577,-4.50000020116567,1.50000002235174));
#4294=CARTESIAN_POINT('Origin',(19.3,-5.34204900228821,0.657951221229204));
#4295=CARTESIAN_POINT('Origin',(19.3,-5.34204900228821,2.34204882347428));
#4296=CARTESIAN_POINT('Origin',(19.3,-5.34204900228821,-5.09999983608723));
#4297=CARTESIAN_POINT('Origin',(0.,16.4999997988343,1.50000002235174));
#4298=CARTESIAN_POINT('',(0.,14.9999997764826,0.));
#4299=CARTESIAN_POINT('',(25.,14.9999997764826,0.));
#4300=CARTESIAN_POINT('',(0.,14.9999997764826,0.));
#4301=CARTESIAN_POINT('',(25.,16.4999997988343,1.50000002235174));
#4302=CARTESIAN_POINT('',(25.,14.9999997764826,0.));
#4303=CARTESIAN_POINT('',(0.,16.4999997988343,1.50000002235174));
#4304=CARTESIAN_POINT('',(0.,16.4999997988343,1.50000002235174));
#4305=CARTESIAN_POINT('',(0.,14.9999997764826,0.));
#4306=CARTESIAN_POINT('',(0.,14.9999997764826,0.));
#4307=CARTESIAN_POINT('',(0.,14.9999997764826,0.));
#4308=CARTESIAN_POINT('Origin',(0.,14.9999997988343,2.23517404585039E-8));
#4309=CARTESIAN_POINT('',(25.,13.4999997988343,1.50000002235174));
#4310=CARTESIAN_POINT('',(0.,13.4999997988343,1.50000002235174));
#4311=CARTESIAN_POINT('',(25.,13.4999997988343,1.50000002235174));
#4312=CARTESIAN_POINT('Origin',(0.,14.9999997988343,2.23517404585039E-8));
#4313=CARTESIAN_POINT('',(0.,13.4999997988343,1.50000002235174));
#4314=CARTESIAN_POINT('Origin',(0.,13.4999997988343,1.50000002235174));
#4315=CARTESIAN_POINT('',(25.,11.9999997764826,0.));
#4316=CARTESIAN_POINT('',(0.,11.9999997764826,0.));
#4317=CARTESIAN_POINT('',(25.,11.9999997764826,0.));
#4318=CARTESIAN_POINT('Origin',(0.,13.4999997988343,1.50000002235174));
#4319=CARTESIAN_POINT('',(0.,11.9999997764826,0.));
#4320=CARTESIAN_POINT('Origin',(0.,11.9999997988343,2.23517424013941E-8));
#4321=CARTESIAN_POINT('',(25.,10.4999997988343,1.50000002235174));
#4322=CARTESIAN_POINT('',(0.,10.4999997988343,1.50000002235174));
#4323=CARTESIAN_POINT('',(25.,10.4999997988343,1.50000002235174));
#4324=CARTESIAN_POINT('Origin',(0.,11.9999997988343,2.23517424013941E-8));
#4325=CARTESIAN_POINT('',(0.,10.4999997988343,1.50000002235174));
#4326=CARTESIAN_POINT('Origin',(0.,-1.50000020116567,1.50000002235174));
#4327=CARTESIAN_POINT('',(0.,-3.00000022351742,0.));
#4328=CARTESIAN_POINT('',(25.,-3.00000022351742,0.));
#4329=CARTESIAN_POINT('',(0.,-3.00000022351742,0.));
#4330=CARTESIAN_POINT('',(25.,-1.50000020116567,1.50000002235174));
#4331=CARTESIAN_POINT('',(25.,-3.00000022351742,0.));
#4332=CARTESIAN_POINT('',(0.,-1.50000020116567,1.50000002235174));
#4333=CARTESIAN_POINT('',(0.,-1.50000020116567,1.50000002235174));
#4334=CARTESIAN_POINT('',(0.,-3.00000022351742,0.));
#4335=CARTESIAN_POINT('',(0.,-3.00000022351742,0.));
#4336=CARTESIAN_POINT('',(0.,-3.00000022351742,0.));
#4337=CARTESIAN_POINT('Origin',(0.,-3.00000020116567,2.23517415687269E-8));
#4338=CARTESIAN_POINT('',(25.,-4.50000020116567,1.50000002235174));
#4339=CARTESIAN_POINT('',(0.,-4.50000020116567,1.50000002235174));
#4340=CARTESIAN_POINT('',(25.,-4.50000020116567,1.50000002235174));
#4341=CARTESIAN_POINT('Origin',(0.,-3.00000020116567,2.23517415687269E-8));
#4342=CARTESIAN_POINT('',(0.,-4.50000020116567,1.50000002235174));
#4343=CARTESIAN_POINT('Origin',(0.,-4.50000020116567,1.50000002235174));
#4344=CARTESIAN_POINT('',(25.,-6.00000022351742,0.));
#4345=CARTESIAN_POINT('',(0.,-6.00000022351742,0.));
#4346=CARTESIAN_POINT('',(25.,-6.00000022351742,0.));
#4347=CARTESIAN_POINT('Origin',(0.,-4.50000020116567,1.50000002235174));
#4348=CARTESIAN_POINT('',(0.,-6.00000022351742,0.));
#4349=CARTESIAN_POINT('Origin',(0.,-6.00000020116568,2.23517415687269E-8));
#4350=CARTESIAN_POINT('',(25.,-7.50000020116568,1.50000002235174));
#4351=CARTESIAN_POINT('',(0.,-7.50000020116568,1.50000002235174));
#4352=CARTESIAN_POINT('',(25.,-7.50000020116568,1.50000002235174));
#4353=CARTESIAN_POINT('Origin',(0.,-6.00000020116568,2.23517415687269E-8));
#4354=CARTESIAN_POINT('',(0.,-7.50000020116568,1.50000002235174));
#4355=CARTESIAN_POINT('Origin',(0.,-12.0000002011657,2.23517415687269E-8));
#4356=CARTESIAN_POINT('',(0.,-13.5000002011657,1.50000002235174));
#4357=CARTESIAN_POINT('',(0.,-12.0000002235174,0.));
#4358=CARTESIAN_POINT('',(0.,-13.5000002011657,1.50000002235174));
#4359=CARTESIAN_POINT('',(25.,-13.5000002011657,1.50000002235174));
#4360=CARTESIAN_POINT('',(0.,-13.5000002011657,1.50000002235174));
#4361=CARTESIAN_POINT('',(25.,-12.0000002235174,0.));
#4362=CARTESIAN_POINT('',(25.,-13.5000002011657,1.50000002235174));
#4363=CARTESIAN_POINT('',(0.,-12.0000002235174,0.));
#4364=CARTESIAN_POINT('Origin',(0.,-10.5000002011657,1.50000002235174));
#4365=CARTESIAN_POINT('',(0.,-10.5000002011657,1.50000002235174));
#4366=CARTESIAN_POINT('',(0.,-12.0000002235174,0.));
#4367=CARTESIAN_POINT('',(25.,-10.5000002011657,1.50000002235174));
#4368=CARTESIAN_POINT('',(25.,-12.0000002235174,0.));
#4369=CARTESIAN_POINT('',(0.,-10.5000002011657,1.50000002235174));
#4370=CARTESIAN_POINT('Origin',(0.,-9.00000020116568,2.23517415687269E-8));
#4371=CARTESIAN_POINT('',(0.,-9.00000022351742,0.));
#4372=CARTESIAN_POINT('',(0.,-10.5000002011657,1.50000002235174));
#4373=CARTESIAN_POINT('',(25.,-9.00000022351742,0.));
#4374=CARTESIAN_POINT('',(25.,-10.5000002011657,1.50000002235174));
#4375=CARTESIAN_POINT('',(0.,-9.00000022351742,0.));
#4376=CARTESIAN_POINT('Origin',(0.,-7.50000020116568,1.50000002235174));
#4377=CARTESIAN_POINT('',(0.,-7.50000020116568,1.50000002235174));
#4378=CARTESIAN_POINT('',(0.,-7.50000020116568,1.50000002235174));
#4379=CARTESIAN_POINT('',(0.,-9.00000022351742,0.));
#4380=CARTESIAN_POINT('',(25.,-9.00000022351742,0.));
#4381=CARTESIAN_POINT('Origin',(0.,-6.00000020116568,2.23517415687269E-8));
#4382=CARTESIAN_POINT('',(0.,-6.00000022351742,0.));
#4383=CARTESIAN_POINT('',(0.,-6.00000022351742,0.));
#4384=CARTESIAN_POINT('',(0.,-7.50000020116568,1.50000002235174));
#4385=CARTESIAN_POINT('Origin',(0.,-4.50000020116567,1.50000002235174));
#4386=CARTESIAN_POINT('',(0.,-4.50000020116567,1.50000002235174));
#4387=CARTESIAN_POINT('',(0.,-4.50000020116567,1.50000002235174));
#4388=CARTESIAN_POINT('',(0.,-6.00000022351742,0.));
#4389=CARTESIAN_POINT('Origin',(0.,-3.00000020116567,2.23517415687269E-8));
#4390=CARTESIAN_POINT('',(0.,-4.50000020116567,1.50000002235174));
#4391=CARTESIAN_POINT('Origin',(0.,-2.01165674118542E-7,2.23517415687269E-8));
#4392=CARTESIAN_POINT('',(0.,-2.23517415687269E-7,0.));
#4393=CARTESIAN_POINT('',(0.,-1.50000020116567,1.50000002235174));
#4394=CARTESIAN_POINT('',(25.,-2.23517415687269E-7,0.));
#4395=CARTESIAN_POINT('',(25.,-1.50000020116567,1.50000002235174));
#4396=CARTESIAN_POINT('',(0.,-2.23517415687269E-7,0.));
#4397=CARTESIAN_POINT('Origin',(0.,1.49999979883433,1.50000002235174));
#4398=CARTESIAN_POINT('',(0.,1.49999979883433,1.50000002235174));
#4399=CARTESIAN_POINT('',(0.,-2.23517415687269E-7,0.));
#4400=CARTESIAN_POINT('',(25.,1.49999979883433,1.50000002235174));
#4401=CARTESIAN_POINT('',(25.,-2.23517415687269E-7,0.));
#4402=CARTESIAN_POINT('',(0.,1.49999979883433,1.50000002235174));
#4403=CARTESIAN_POINT('Origin',(0.,2.99999979883433,2.23517415687269E-8));
#4404=CARTESIAN_POINT('',(0.,2.99999977648258,0.));
#4405=CARTESIAN_POINT('',(0.,1.49999979883433,1.50000002235174));
#4406=CARTESIAN_POINT('',(25.,2.99999977648258,0.));
#4407=CARTESIAN_POINT('',(25.,1.49999979883433,1.50000002235174));
#4408=CARTESIAN_POINT('',(0.,2.99999977648258,0.));
#4409=CARTESIAN_POINT('Origin',(0.,4.49999979883433,1.50000002235174));
#4410=CARTESIAN_POINT('',(0.,4.49999979883433,1.50000002235174));
#4411=CARTESIAN_POINT('',(0.,2.99999977648258,0.));
#4412=CARTESIAN_POINT('',(25.,4.49999979883433,1.50000002235174));
#4413=CARTESIAN_POINT('',(25.,2.99999977648258,0.));
#4414=CARTESIAN_POINT('',(0.,4.49999979883433,1.50000002235174));
#4415=CARTESIAN_POINT('Origin',(0.,5.99999979883433,2.23517404585039E-8));
#4416=CARTESIAN_POINT('',(0.,5.99999977648259,0.));
#4417=CARTESIAN_POINT('',(0.,4.49999979883433,1.50000002235174));
#4418=CARTESIAN_POINT('',(25.,5.99999977648259,0.));
#4419=CARTESIAN_POINT('',(25.,4.49999979883433,1.50000002235174));
#4420=CARTESIAN_POINT('',(0.,5.99999977648259,0.));
#4421=CARTESIAN_POINT('Origin',(0.,7.49999979883433,1.50000002235174));
#4422=CARTESIAN_POINT('',(0.,7.49999979883433,1.50000002235174));
#4423=CARTESIAN_POINT('',(0.,5.99999977648259,0.));
#4424=CARTESIAN_POINT('',(25.,7.49999979883433,1.50000002235174));
#4425=CARTESIAN_POINT('',(25.,5.99999977648259,0.));
#4426=CARTESIAN_POINT('',(0.,7.49999979883433,1.50000002235174));
#4427=CARTESIAN_POINT('Origin',(0.,8.99999979883433,2.23517424013941E-8));
#4428=CARTESIAN_POINT('',(0.,8.99999977648259,0.));
#4429=CARTESIAN_POINT('',(0.,7.49999979883433,1.50000002235174));
#4430=CARTESIAN_POINT('',(25.,8.99999977648259,0.));
#4431=CARTESIAN_POINT('',(25.,7.49999979883433,1.50000002235174));
#4432=CARTESIAN_POINT('',(0.,8.99999977648259,0.));
#4433=CARTESIAN_POINT('Origin',(0.,10.4999997988343,1.50000002235174));
#4434=CARTESIAN_POINT('',(0.,10.4999997988343,1.50000002235174));
#4435=CARTESIAN_POINT('',(0.,10.4999997988343,1.50000002235174));
#4436=CARTESIAN_POINT('',(0.,8.99999977648259,0.));
#4437=CARTESIAN_POINT('',(25.,8.99999977648259,0.));
#4438=CARTESIAN_POINT('Origin',(0.,11.9999997988343,2.23517424013941E-8));
#4439=CARTESIAN_POINT('',(0.,11.9999997764826,0.));
#4440=CARTESIAN_POINT('',(0.,11.9999997764826,0.));
#4441=CARTESIAN_POINT('',(0.,10.4999997988343,1.50000002235174));
#4442=CARTESIAN_POINT('Origin',(0.,13.4999997988343,1.50000002235174));
#4443=CARTESIAN_POINT('',(0.,13.4999997988343,1.50000002235174));
#4444=CARTESIAN_POINT('',(0.,13.4999997988343,1.50000002235174));
#4445=CARTESIAN_POINT('',(0.,11.9999997764826,0.));
#4446=CARTESIAN_POINT('Origin',(0.,14.9999997988343,2.23517404585039E-8));
#4447=CARTESIAN_POINT('',(0.,13.4999997988343,1.50000002235174));
#4448=CARTESIAN_POINT('Origin',(0.,17.9999997988343,2.23517404585039E-8));
#4449=CARTESIAN_POINT('',(0.,17.9999997764826,0.));
#4450=CARTESIAN_POINT('',(0.,16.4999997988343,1.50000002235174));
#4451=CARTESIAN_POINT('',(25.,17.9999997764826,0.));
#4452=CARTESIAN_POINT('',(25.,16.4999997988343,1.50000002235174));
#4453=CARTESIAN_POINT('',(0.,17.9999997764826,0.));
#4454=CARTESIAN_POINT('Origin',(0.,19.4999997988343,1.50000002235174));
#4455=CARTESIAN_POINT('',(0.,19.4999997988343,1.50000002235174));
#4456=CARTESIAN_POINT('',(0.,17.9999997764826,0.));
#4457=CARTESIAN_POINT('',(25.,19.4999997988343,1.50000002235174));
#4458=CARTESIAN_POINT('',(25.,17.9999997764826,0.));
#4459=CARTESIAN_POINT('',(0.,19.4999997988343,1.50000002235174));
#4460=CARTESIAN_POINT('Origin',(0.,20.9999998211861,0.));
#4461=CARTESIAN_POINT('',(0.,20.9999998211861,0.));
#4462=CARTESIAN_POINT('',(0.,19.4999997988343,1.50000002235174));
#4463=CARTESIAN_POINT('',(25.,20.9999998211861,0.));
#4464=CARTESIAN_POINT('',(25.,19.4999997988343,1.50000002235174));
#4465=CARTESIAN_POINT('',(0.,20.9999998211861,0.));
#4466=CARTESIAN_POINT('Origin',(0.,21.0000003129244,-5.09999983608723));
#4467=CARTESIAN_POINT('',(0.,21.0000003129244,-5.09999983608723));
#4468=CARTESIAN_POINT('',(0.,21.0000003129244,-6.12323408698005E-16));
#4469=CARTESIAN_POINT('',(25.,21.0000003129244,-5.09999983608723));
#4470=CARTESIAN_POINT('',(25.,21.0000003129244,-6.12323408698005E-16));
#4471=CARTESIAN_POINT('',(0.,21.0000003129244,-5.09999983608723));
#4472=CARTESIAN_POINT('Origin',(0.,-14.0000002086163,-5.09999983608723));
#4473=CARTESIAN_POINT('',(0.,-14.0000002086163,-5.09999983608723));
#4474=CARTESIAN_POINT('',(0.,21.0000003129244,-5.09999983608723));
#4475=CARTESIAN_POINT('',(25.,-14.0000002086163,-5.09999983608723));
#4476=CARTESIAN_POINT('',(25.,21.0000003129244,-5.09999983608723));
#4477=CARTESIAN_POINT('',(0.,-14.0000002086163,-5.09999983608723));
#4478=CARTESIAN_POINT('Origin',(0.,-14.0000002086163,1.00000001490116));
#4479=CARTESIAN_POINT('',(0.,-14.0000002086163,1.00000001490116));
#4480=CARTESIAN_POINT('',(0.,-14.0000002086163,11.0000001639128));
#4481=CARTESIAN_POINT('',(25.,-14.0000002086163,1.00000001490116));
#4482=CARTESIAN_POINT('',(25.,-14.0000002086163,11.0000001639128));
#4483=CARTESIAN_POINT('',(0.,-14.0000002086163,1.00000001490116));
#4484=CARTESIAN_POINT('Origin',(0.,-13.5000002011657,1.50000002235174));
#4485=CARTESIAN_POINT('',(0.,-15.0000002235174,0.));
#4486=CARTESIAN_POINT('',(25.,-15.0000002235174,0.));
#4487=CARTESIAN_POINT('Origin',(25.,3.50000004284084,2.95000016391277));
#4488=CARTESIAN_POINT('Origin',(0.,3.50000004284084,2.95000016391277));
#4489=CARTESIAN_POINT('Origin',(5.70000000000001,16.3835009909237,11.0000001639128));
#4490=CARTESIAN_POINT('',(5.70000000000001,16.3835009909237,11.0000001639128));
#4491=CARTESIAN_POINT('',(9.20000000000001,14.36277504876,11.0000001639128));
#4492=CARTESIAN_POINT('',(2.56299857764846,18.1946496065666,11.0000001639128));
#4493=CARTESIAN_POINT('',(5.70000000000001,16.3835009909237,7.50000016391277));
#4494=CARTESIAN_POINT('',(5.70000000000001,16.3835009909237,11.0000001639128));
#4495=CARTESIAN_POINT('',(9.20000000000001,14.36277504876,7.50000016391277));
#4496=CARTESIAN_POINT('',(12.7893597756638,12.2904572160621,7.50000016391277));
#4497=CARTESIAN_POINT('',(9.20000000000001,14.36277504876,11.0000001639128));
#4498=CARTESIAN_POINT('Origin',(2.20000000000001,14.36277504876,11.0000001639128));
#4499=CARTESIAN_POINT('',(2.20000000000001,14.36277504876,11.0000001639128));
#4500=CARTESIAN_POINT('',(2.81200142235156,14.7161142346991,11.0000001639128));
#4501=CARTESIAN_POINT('',(2.20000000000001,14.36277504876,7.50000016391277));
#4502=CARTESIAN_POINT('',(2.20000000000001,14.36277504876,11.0000001639128));
#4503=CARTESIAN_POINT('',(5.46064022433621,16.2453065600111,7.50000016391277));
#4504=CARTESIAN_POINT('Origin',(2.20000000000001,10.3213231644327,11.0000001639128));
#4505=CARTESIAN_POINT('',(2.20000000000001,10.3213231644327,11.0000001639128));
#4506=CARTESIAN_POINT('',(2.20000000000001,15.6606617386785,11.0000001639128));
#4507=CARTESIAN_POINT('',(2.20000000000001,10.3213231644327,7.50000016391277));
#4508=CARTESIAN_POINT('',(2.20000000000001,10.3213231644327,11.0000001639128));
#4509=CARTESIAN_POINT('',(2.20000000000001,8.93138755045705,7.50000016391277));
#4510=CARTESIAN_POINT('Origin',(5.70000000000001,8.30059722226896,11.0000001639128));
#4511=CARTESIAN_POINT('',(5.70000000000001,8.30059722226896,11.0000001639128));
#4512=CARTESIAN_POINT('',(0.812998577648451,11.1221088089937,11.0000001639128));
#4513=CARTESIAN_POINT('',(5.70000000000001,8.30059722226896,7.50000016391277));
#4514=CARTESIAN_POINT('',(5.70000000000001,8.30059722226896,11.0000001639128));
#4515=CARTESIAN_POINT('',(7.5393597756638,7.2386423606529,7.50000016391277));
#4516=CARTESIAN_POINT('Origin',(9.20000000000001,10.3213231644327,11.0000001639128));
#4517=CARTESIAN_POINT('',(9.20000000000001,10.3213231644327,11.0000001639128));
#4518=CARTESIAN_POINT('',(8.06200142235155,9.6642993792899,11.0000001639128));
#4519=CARTESIAN_POINT('',(9.20000000000001,10.3213231644327,7.50000016391277));
#4520=CARTESIAN_POINT('',(9.20000000000001,10.3213231644327,11.0000001639128));
#4521=CARTESIAN_POINT('',(7.21064022433622,9.17276576243815,7.50000016391277));
#4522=CARTESIAN_POINT('Origin',(9.20000000000001,14.36277504876,11.0000001639128));
#4523=CARTESIAN_POINT('',(9.20000000000002,17.6813876808422,11.0000001639128));
#4524=CARTESIAN_POINT('',(9.20000000000001,6.91066160829336,7.50000016391277));
#4525=CARTESIAN_POINT('Origin',(12.5,3.50000005215407,7.50000016391277));
#4526=CARTESIAN_POINT('',(5.70000000000001,15.0420491065963,7.50000016391277));
#4527=CARTESIAN_POINT('',(4.42461307950013,14.1346416991889,7.50000016391277));
#4528=CARTESIAN_POINT('',(5.23130578330112,14.7085843382146,7.50000016391277));
#4529=CARTESIAN_POINT('',(6.97538692049989,14.1346416991889,7.50000016391277));
#4530=CARTESIAN_POINT('',(11.3210653175524,11.0427950569556,7.50000016391277));
#4531=CARTESIAN_POINT('Origin',(5.70000000000001,12.3420491065963,7.50000016391277));
#4532=CARTESIAN_POINT('Origin',(5.7,-9.3835008866156,11.0000001639128));
#4533=CARTESIAN_POINT('',(5.7,-9.3835008866156,11.0000001639128));
#4534=CARTESIAN_POINT('',(2.20000000000001,-7.3627749444519,11.0000001639128));
#4535=CARTESIAN_POINT('',(-3.01572097367915,-4.35147703628026,11.0000001639128));
#4536=CARTESIAN_POINT('',(5.7,-9.3835008866156,7.50000016391277));
#4537=CARTESIAN_POINT('',(5.7,-9.3835008866156,11.0000001639128));
#4538=CARTESIAN_POINT('',(2.20000000000001,-7.3627749444519,7.50000016391277));
#4539=CARTESIAN_POINT('',(3.7106402243362,-8.23494348462108,7.50000016391277));
#4540=CARTESIAN_POINT('',(2.20000000000001,-7.3627749444519,11.0000001639128));
#4541=CARTESIAN_POINT('Origin',(9.20000000000001,-7.36277494445191,11.0000001639128));
#4542=CARTESIAN_POINT('',(9.20000000000001,-7.36277494445191,11.0000001639128));
#4543=CARTESIAN_POINT('',(11.8907209736791,-5.8092864659841,11.0000001639128));
#4544=CARTESIAN_POINT('',(9.20000000000001,-7.36277494445191,7.50000016391277));
#4545=CARTESIAN_POINT('',(9.20000000000001,-7.36277494445191,11.0000001639128));
#4546=CARTESIAN_POINT('',(11.0393597756638,-6.30082008283585,7.50000016391277));
#4547=CARTESIAN_POINT('Origin',(9.20000000000001,-3.32132306012453,11.0000001639128));
#4548=CARTESIAN_POINT('',(9.20000000000001,-3.32132306012453,11.0000001639128));
#4549=CARTESIAN_POINT('',(9.20000000000003,8.83933862639992,11.0000001639128));
#4550=CARTESIAN_POINT('',(9.20000000000001,-3.32132306012453,7.50000016391277));
#4551=CARTESIAN_POINT('',(9.20000000000001,-3.32132306012453,11.0000001639128));
#4552=CARTESIAN_POINT('',(9.20000000000002,-1.93138744614892,7.50000016391277));
#4553=CARTESIAN_POINT('Origin',(5.70000000000001,-1.30059711796083,11.0000001639128));
#4554=CARTESIAN_POINT('',(5.70000000000001,-1.30059711796083,11.0000001639128));
#4555=CARTESIAN_POINT('',(-1.26572097367914,2.72106376129266,11.0000001639128));
#4556=CARTESIAN_POINT('',(5.70000000000001,-1.30059711796083,7.50000016391277));
#4557=CARTESIAN_POINT('',(5.70000000000001,-1.30059711796083,11.0000001639128));
#4558=CARTESIAN_POINT('',(8.96064022433621,-3.18312862921186,7.50000016391277));
#4559=CARTESIAN_POINT('Origin',(2.2,-3.32132306012452,11.0000001639128));
#4560=CARTESIAN_POINT('',(2.20000000000001,-3.32132306012452,11.0000001639128));
#4561=CARTESIAN_POINT('',(6.64072097367915,-0.757471610574861,11.0000001639128));
#4562=CARTESIAN_POINT('',(2.20000000000001,-3.32132306012452,7.50000016391277));
#4563=CARTESIAN_POINT('',(2.20000000000001,-3.32132306012452,11.0000001639128));
#4564=CARTESIAN_POINT('',(9.28935977566381,0.771720714737074,7.50000016391277));
#4565=CARTESIAN_POINT('Origin',(2.2,-7.3627749444519,11.0000001639128));
#4566=CARTESIAN_POINT('',(2.20000000000001,6.81861268423624,11.0000001639128));
#4567=CARTESIAN_POINT('',(2.20000000000001,0.0893384960147749,7.50000016391277));
#4568=CARTESIAN_POINT('Origin',(12.5,3.50000005215407,7.50000016391277));
#4569=CARTESIAN_POINT('',(5.70000000000001,-2.64204900228821,7.50000016391277));
#4570=CARTESIAN_POINT('',(4.42461307950013,-3.54945640969562,7.50000016391277));
#4571=CARTESIAN_POINT('',(9.40798493680259,-0.00390606375862655,7.50000016391277));
#4572=CARTESIAN_POINT('',(6.97538692049989,-3.54945640969562,7.50000016391277));
#4573=CARTESIAN_POINT('',(7.14438616405093,-3.66969534501758,7.50000016391277));
#4574=CARTESIAN_POINT('Origin',(5.70000000000001,-5.34204900228821,7.50000016391277));
#4575=CARTESIAN_POINT('Origin',(15.8,14.36277504876,11.0000001639128));
#4576=CARTESIAN_POINT('',(15.8,14.36277504876,11.0000001639128));
#4577=CARTESIAN_POINT('',(19.3,16.3835009909237,11.0000001639128));
#4578=CARTESIAN_POINT('',(11.3120014223516,11.771627861832,11.0000001639128));
#4579=CARTESIAN_POINT('',(15.8,14.36277504876,7.50000016391277));
#4580=CARTESIAN_POINT('',(15.8,14.36277504876,11.0000001639128));
#4581=CARTESIAN_POINT('',(19.3,16.3835009909237,7.50000016391277));
#4582=CARTESIAN_POINT('',(13.9606402243362,13.300820187144,7.50000016391277));
#4583=CARTESIAN_POINT('',(19.3,16.3835009909237,11.0000001639128));
#4584=CARTESIAN_POINT('Origin',(15.8,10.3213231644326,11.0000001639128));
#4585=CARTESIAN_POINT('',(15.8,10.3213231644326,11.0000001639128));
#4586=CARTESIAN_POINT('',(15.8,15.6606617386785,11.0000001639128));
#4587=CARTESIAN_POINT('',(15.8,10.3213231644326,7.50000016391277));
#4588=CARTESIAN_POINT('',(15.8,10.3213231644326,11.0000001639128));
#4589=CARTESIAN_POINT('',(15.8,8.93138755045705,7.50000016391277));
#4590=CARTESIAN_POINT('Origin',(19.3,8.30059722226896,11.0000001639128));
#4591=CARTESIAN_POINT('',(19.3,8.30059722226896,11.0000001639128));
#4592=CARTESIAN_POINT('',(9.31299857764844,14.0665951818608,11.0000001639128));
#4593=CARTESIAN_POINT('',(19.3,8.30059722226896,7.50000016391277));
#4594=CARTESIAN_POINT('',(19.3,8.30059722226896,11.0000001639128));
#4595=CARTESIAN_POINT('',(16.0393597756638,10.18312873352,7.50000016391277));
#4596=CARTESIAN_POINT('Origin',(22.8,10.3213231644327,11.0000001639128));
#4597=CARTESIAN_POINT('',(22.8,10.3213231644327,11.0000001639128));
#4598=CARTESIAN_POINT('',(16.5620014223516,6.71981300642282,11.0000001639128));
#4599=CARTESIAN_POINT('',(22.8,10.3213231644327,7.50000016391277));
#4600=CARTESIAN_POINT('',(22.8,10.3213231644327,11.0000001639128));
#4601=CARTESIAN_POINT('',(15.7106402243362,6.22827938957105,7.50000016391277));
#4602=CARTESIAN_POINT('Origin',(22.8,14.36277504876,11.0000001639128));
#4603=CARTESIAN_POINT('',(22.8,14.36277504876,11.0000001639128));
#4604=CARTESIAN_POINT('',(22.8,17.6813876808422,11.0000001639128));
#4605=CARTESIAN_POINT('',(22.8,14.36277504876,7.50000016391277));
#4606=CARTESIAN_POINT('',(22.8,14.36277504876,11.0000001639128));
#4607=CARTESIAN_POINT('',(22.8,6.91066160829337,7.50000016391277));
#4608=CARTESIAN_POINT('Origin',(19.3,16.3835009909237,11.0000001639128));
#4609=CARTESIAN_POINT('',(11.0629985776484,21.1391359794337,11.0000001639128));
#4610=CARTESIAN_POINT('',(21.2893597756638,15.2349435889292,7.50000016391277));
#4611=CARTESIAN_POINT('Origin',(12.5,3.50000005215407,7.50000016391277));
#4612=CARTESIAN_POINT('',(20.5753869204999,14.134641699189,7.50000016391277));
#4613=CARTESIAN_POINT('',(19.3,15.0420491065964,7.50000016391277));
#4614=CARTESIAN_POINT('',(20.4063876769488,14.2548806345109,7.50000016391277));
#4615=CARTESIAN_POINT('',(18.0246130795001,14.1346416991889,7.50000016391277));
#4616=CARTESIAN_POINT('Origin',(19.3,12.3420491065963,7.50000016391277));
#4617=CARTESIAN_POINT('',(14.3166281426975,11.4964987606593,7.50000016391277));
#4618=CARTESIAN_POINT('Origin',(19.3,-9.38350088661559,11.0000001639128));
#4619=CARTESIAN_POINT('',(19.3,-9.38350088661559,11.0000001639128));
#4620=CARTESIAN_POINT('',(15.8,-7.36277494445192,11.0000001639128));
#4621=CARTESIAN_POINT('',(5.48427902632085,-1.40699066341324,11.0000001639128));
#4622=CARTESIAN_POINT('',(19.3,-9.38350088661559,7.50000016391277));
#4623=CARTESIAN_POINT('',(19.3,-9.38350088661559,11.0000001639128));
#4624=CARTESIAN_POINT('',(15.8,-7.36277494445192,7.50000016391277));
#4625=CARTESIAN_POINT('',(12.2106402243362,-5.29045711175403,7.50000016391277));
#4626=CARTESIAN_POINT('',(15.8,-7.36277494445192,11.0000001639128));
#4627=CARTESIAN_POINT('Origin',(22.8,-7.36277494445189,11.0000001639128));
#4628=CARTESIAN_POINT('',(22.8,-7.36277494445189,11.0000001639128));
#4629=CARTESIAN_POINT('',(20.3907209736792,-8.75377283885114,11.0000001639128));
#4630=CARTESIAN_POINT('',(22.8,-7.36277494445189,7.50000016391277));
#4631=CARTESIAN_POINT('',(22.8,-7.36277494445189,11.0000001639128));
#4632=CARTESIAN_POINT('',(19.5393597756638,-9.24530645570292,7.50000016391277));
#4633=CARTESIAN_POINT('Origin',(22.8,-3.32132306012451,11.0000001639128));
#4634=CARTESIAN_POINT('',(22.8,-3.32132306012451,11.0000001639128));
#4635=CARTESIAN_POINT('',(22.7999999999999,8.83933862639999,11.0000001639128));
#4636=CARTESIAN_POINT('',(22.8,-3.32132306012451,7.50000016391277));
#4637=CARTESIAN_POINT('',(22.8,-3.32132306012451,11.0000001639128));
#4638=CARTESIAN_POINT('',(22.8,-1.93138744614889,7.50000016391277));
#4639=CARTESIAN_POINT('Origin',(19.3,-1.30059711796083,11.0000001639128));
#4640=CARTESIAN_POINT('',(19.3,-1.30059711796083,11.0000001639128));
#4641=CARTESIAN_POINT('',(7.23427902632083,5.66555013415969,11.0000001639128));
#4642=CARTESIAN_POINT('',(19.3,-1.30059711796083,7.50000016391277));
#4643=CARTESIAN_POINT('',(19.3,-1.30059711796083,11.0000001639128));
#4644=CARTESIAN_POINT('',(17.4606402243362,-0.238642256344779,7.50000016391277));
#4645=CARTESIAN_POINT('Origin',(15.8,-3.32132306012453,11.0000001639128));
#4646=CARTESIAN_POINT('',(15.8,-3.32132306012453,11.0000001639128));
#4647=CARTESIAN_POINT('',(15.1407209736792,-3.70195798344193,11.0000001639128));
#4648=CARTESIAN_POINT('',(15.8,-3.32132306012453,7.50000016391277));
#4649=CARTESIAN_POINT('',(15.8,-3.32132306012453,11.0000001639128));
#4650=CARTESIAN_POINT('',(17.7893597756638,-2.17276565813001,7.50000016391277));
#4651=CARTESIAN_POINT('Origin',(15.8,-7.36277494445192,11.0000001639128));
#4652=CARTESIAN_POINT('',(15.7999999999999,6.81861268423626,11.0000001639128));
#4653=CARTESIAN_POINT('',(15.8,0.0893384960147741,7.50000016391277));
#4654=CARTESIAN_POINT('Origin',(12.5,3.50000005215407,7.50000016391277));
#4655=CARTESIAN_POINT('',(19.3,-2.64204900228821,7.50000016391277));
#4656=CARTESIAN_POINT('',(18.0246130795001,-3.54945640969562,7.50000016391277));
#4657=CARTESIAN_POINT('',(18.493307296199,-3.21599164131387,7.50000016391277));
#4658=CARTESIAN_POINT('',(20.5753869204999,-3.54945640969562,7.50000016391277));
#4659=CARTESIAN_POINT('',(16.2297085234473,-0.457609767462325,7.50000016391277));
#4660=CARTESIAN_POINT('Origin',(19.3,-5.34204900228821,7.50000016391277));
#4661=CARTESIAN_POINT('Origin',(5.70000000000001,12.3420491065963,-5.09999983608723));
#4662=CARTESIAN_POINT('',(6.97538692049989,14.1346416991889,0.865358121997133));
#4663=CARTESIAN_POINT('',(6.97538692049989,14.1346416991889,-5.09999983608723));
#4664=CARTESIAN_POINT('',(7.57060155948444,13.4999997988343,1.50000002235174));
#4665=CARTESIAN_POINT('Origin',(5.70000000000001,12.3420491065963,2.65795071458972));
#4666=CARTESIAN_POINT('',(7.87324693851591,11.9999997764826,0.));
#4667=CARTESIAN_POINT('Origin',(5.70000000000001,12.3420491065963,0.342049330113759));
#4668=CARTESIAN_POINT('',(6.90285258771535,10.4999997988343,1.50000002235174));
#4669=CARTESIAN_POINT('Origin',(5.70000000000001,12.3420491065963,-0.342049285410273));
#4670=CARTESIAN_POINT('',(4.49714741228467,10.4999997988343,1.50000002235174));
#4671=CARTESIAN_POINT('Origin',(5.70000000000001,12.3420491065963,3.34204933011376));
#4672=CARTESIAN_POINT('',(3.52675306148411,11.9999997764826,0.));
#4673=CARTESIAN_POINT('Origin',(5.70000000000001,12.3420491065963,-0.342049285410273));
#4674=CARTESIAN_POINT('',(3.82939844051558,13.4999997988343,1.50000002235174));
#4675=CARTESIAN_POINT('Origin',(5.70000000000001,12.3420491065963,0.342049330113759));
#4676=CARTESIAN_POINT('',(4.42461307950013,14.1346416991889,0.865358121997127));
#4677=CARTESIAN_POINT('Origin',(5.70000000000001,12.3420491065963,2.65795071458972));
#4678=CARTESIAN_POINT('',(4.42461307950013,14.1346416991889,-5.09999983608723));
#4679=CARTESIAN_POINT('Origin',(5.70000000000001,-5.34204900228821,-5.09999983608723));
#4680=CARTESIAN_POINT('',(6.97538692049989,-3.54945640969562,0.549456230881689));
#4681=CARTESIAN_POINT('',(6.97538692049989,-3.54945640969562,-5.09999983608723));
#4682=CARTESIAN_POINT('',(7.73247480095772,-4.50000020116567,1.50000002235174));
#4683=CARTESIAN_POINT('Origin',(5.70000000000001,-5.34204900228821,2.34204882347428));
#4684=CARTESIAN_POINT('',(7.79930945562655,-6.00000022351742,0.));
#4685=CARTESIAN_POINT('Origin',(5.70000000000001,-5.34204900228821,0.657951221229204));
#4686=CARTESIAN_POINT('',(6.12807315176653,-7.50000020116568,1.50000002235174));
#4687=CARTESIAN_POINT('Origin',(5.70000000000001,-5.34204900228821,-0.65795117652572));
#4688=CARTESIAN_POINT('',(5.27192684823348,-7.50000020116568,1.50000002235174));
#4689=CARTESIAN_POINT('Origin',(5.70000000000001,-5.34204900228821,3.6579512212292));
#4690=CARTESIAN_POINT('',(3.60069054437347,-6.00000022351742,0.));
#4691=CARTESIAN_POINT('Origin',(5.70000000000001,-5.34204900228821,-0.65795117652572));
#4692=CARTESIAN_POINT('',(3.6675251990423,-4.50000020116567,1.50000002235174));
#4693=CARTESIAN_POINT('Origin',(5.70000000000001,-5.34204900228821,0.657951221229204));
#4694=CARTESIAN_POINT('',(4.42461307950013,-3.54945640969562,0.549456230881687));
#4695=CARTESIAN_POINT('Origin',(5.70000000000001,-5.34204900228821,2.34204882347428));
#4696=CARTESIAN_POINT('',(4.42461307950013,-3.54945640969562,-5.09999983608723));
#4697=CARTESIAN_POINT('Origin',(19.3,12.3420491065963,-5.09999983608723));
#4698=CARTESIAN_POINT('',(20.5753869204999,14.1346416991889,0.86535812199712));
#4699=CARTESIAN_POINT('',(20.5753869204999,14.1346416991889,-5.09999983608723));
#4700=CARTESIAN_POINT('',(21.1706015594844,13.4999997988343,1.50000002235174));
#4701=CARTESIAN_POINT('Origin',(19.3,12.3420491065963,2.65795071458972));
#4702=CARTESIAN_POINT('',(21.4732469385159,11.9999997764826,0.));
#4703=CARTESIAN_POINT('Origin',(19.3,12.3420491065963,0.342049330113759));
#4704=CARTESIAN_POINT('',(20.5028525877153,10.4999997988343,1.50000002235174));
#4705=CARTESIAN_POINT('Origin',(19.3,12.3420491065963,-0.342049285410273));
#4706=CARTESIAN_POINT('',(18.0971474122847,10.4999997988343,1.50000002235174));
#4707=CARTESIAN_POINT('Origin',(19.3,12.3420491065963,3.34204933011376));
#4708=CARTESIAN_POINT('',(17.1267530614841,11.9999997764826,0.));
#4709=CARTESIAN_POINT('Origin',(19.3,12.3420491065963,-0.342049285410273));
#4710=CARTESIAN_POINT('',(17.4293984405156,13.4999997988343,1.50000002235174));
#4711=CARTESIAN_POINT('Origin',(19.3,12.3420491065963,0.342049330113759));
#4712=CARTESIAN_POINT('',(18.0246130795001,14.1346416991889,0.86535812199713));
#4713=CARTESIAN_POINT('Origin',(19.3,12.3420491065963,2.65795071458972));
#4714=CARTESIAN_POINT('',(18.0246130795001,14.1346416991889,-5.09999983608723));
#4715=CARTESIAN_POINT('Origin',(19.3,-5.34204900228821,-5.09999983608723));
#4716=CARTESIAN_POINT('',(20.5753869204999,-3.54945640969562,0.549456230881682));
#4717=CARTESIAN_POINT('',(20.5753869204999,-3.54945640969562,-5.09999983608723));
#4718=CARTESIAN_POINT('',(21.3324748009577,-4.50000020116567,1.50000002235174));
#4719=CARTESIAN_POINT('Origin',(19.3,-5.34204900228821,2.34204882347428));
#4720=CARTESIAN_POINT('',(21.3993094556265,-6.00000022351742,0.));
#4721=CARTESIAN_POINT('Origin',(19.3,-5.34204900228821,0.657951221229204));
#4722=CARTESIAN_POINT('',(19.7280731517665,-7.50000020116568,1.50000002235174));
#4723=CARTESIAN_POINT('Origin',(19.3,-5.34204900228821,-0.65795117652572));
#4724=CARTESIAN_POINT('',(18.8719268482335,-7.50000020116568,1.50000002235174));
#4725=CARTESIAN_POINT('Origin',(19.3,-5.34204900228821,3.6579512212292));
#4726=CARTESIAN_POINT('',(17.2006905443735,-6.00000022351742,0.));
#4727=CARTESIAN_POINT('Origin',(19.3,-5.34204900228821,-0.65795117652572));
#4728=CARTESIAN_POINT('',(17.2675251990423,-4.50000020116567,1.50000002235174));
#4729=CARTESIAN_POINT('Origin',(19.3,-5.34204900228821,0.657951221229204));
#4730=CARTESIAN_POINT('',(18.0246130795001,-3.54945640969562,0.549456230881684));
#4731=CARTESIAN_POINT('Origin',(19.3,-5.34204900228821,2.34204882347428));
#4732=CARTESIAN_POINT('',(18.0246130795001,-3.54945640969562,-5.09999983608723));
#4733=CARTESIAN_POINT('Origin',(5.70000000000001,15.0420491065963,-5.09999983608723));
#4734=CARTESIAN_POINT('',(5.64089847051603,14.9999997764826,0.));
#4735=CARTESIAN_POINT('',(4.63270263557305,14.2826924605302,0.717307360655872));
#4736=CARTESIAN_POINT('',(5.70000000000001,15.0420491065963,0.042049330113757));
#4737=CARTESIAN_POINT('',(3.35993462153236,13.3771483426722,-1.62285143381042));
#4738=CARTESIAN_POINT('',(5.70000000000001,15.0420491065963,-5.09999983608723));
#4739=CARTESIAN_POINT('Origin',(6.97538692049989,14.1346416991889,-5.09999983608723));
#4740=CARTESIAN_POINT('',(5.75910152948398,14.9999997764826,0.));
#4741=CARTESIAN_POINT('',(5.68490986771016,15.052785376193,0.0527855997104387));
#4742=CARTESIAN_POINT('',(4.41214185366947,15.9583294940511,-0.95832967286499));
#4743=CARTESIAN_POINT('Origin',(20.5753869204999,14.1346416991889,-5.09999983608723));
#4744=CARTESIAN_POINT('',(19.3,15.0420491065963,0.0420493301137637));
#4745=CARTESIAN_POINT('',(19.3,15.0420491065963,-5.09999983608723));
#4746=CARTESIAN_POINT('',(19.359101529484,14.9999997764826,0.));
#4747=CARTESIAN_POINT('',(15.9058544262317,17.4569028156569,2.45690303917428));
#4748=CARTESIAN_POINT('',(14.633086412191,18.3624469335149,-3.36244711232883));
#4749=CARTESIAN_POINT('Origin',(19.3,15.0420491065963,-5.09999983608723));
#4750=CARTESIAN_POINT('',(19.240898470516,14.9999997764826,0.));
#4751=CARTESIAN_POINT('',(14.8536471940946,11.8785750210664,3.1214248001197));
#4752=CARTESIAN_POINT('',(13.5808791800539,10.9730309032083,-4.02696887327425));
#4753=CARTESIAN_POINT('Origin',(5.70000000000001,-2.64204900228821,-5.09999983608723));
#4754=CARTESIAN_POINT('',(5.19688937735583,-3.00000022351742,0.));
#4755=CARTESIAN_POINT('',(4.46517353728109,-3.5205986103512,0.520598431537271));
#4756=CARTESIAN_POINT('',(5.70000000000001,-2.64204900228821,0.357951221229202));
#4757=CARTESIAN_POINT('',(3.1924055232404,-4.42614272820924,-1.42614250469182));
#4758=CARTESIAN_POINT('',(5.70000000000001,-2.64204900228821,-5.09999983608723));
#4759=CARTESIAN_POINT('Origin',(6.97538692049989,-3.54945640969562,-5.09999983608723));
#4760=CARTESIAN_POINT('',(6.20311062264419,-3.00000022351742,0.));
#4761=CARTESIAN_POINT('',(5.85243896600213,-2.75050569468838,0.24949452882904));
#4762=CARTESIAN_POINT('',(4.57967095196144,-1.84496157683034,-1.15503860198359));
#4763=CARTESIAN_POINT('Origin',(19.3,-2.64204900228821,-5.09999983608723));
#4764=CARTESIAN_POINT('',(18.7968893773558,-3.00000022351742,0.));
#4765=CARTESIAN_POINT('',(14.6861180958026,-5.92471604981504,2.9247158710011));
#4766=CARTESIAN_POINT('',(19.3,-2.64204900228821,0.357951221229208));
#4767=CARTESIAN_POINT('',(13.4133500817619,-6.83026016767307,-3.83025994415565));
#4768=CARTESIAN_POINT('',(19.3,-2.64204900228821,-5.09999983608723));
#4769=CARTESIAN_POINT('Origin',(20.5753869204999,-3.54945640969562,-5.09999983608723));
#4770=CARTESIAN_POINT('',(19.8031106226442,-3.00000022351742,0.));
#4771=CARTESIAN_POINT('',(16.0733835245237,-0.346388255224537,2.65361196829288));
#4772=CARTESIAN_POINT('',(14.800615510483,0.559155862633498,-3.55915604144743));
#4773=CARTESIAN_POINT('Origin',(0.,10.4999997988343,1.50000002235174));
#4774=CARTESIAN_POINT('',(25.,11.9999997764826,0.));
#4775=CARTESIAN_POINT('',(0.,11.9999997764826,0.));
#4776=CARTESIAN_POINT('',(25.,10.4999997988343,1.50000002235174));
#4777=CARTESIAN_POINT('',(25.,10.4999997988343,1.50000002235174));
#4778=CARTESIAN_POINT('',(0.,10.4999997988343,1.50000002235174));
#4779=CARTESIAN_POINT('Origin',(0.,10.4999997988343,1.50000002235174));
#4780=CARTESIAN_POINT('',(0.,10.4999997988343,1.50000002235174));
#4781=CARTESIAN_POINT('',(0.,10.4999997988343,1.50000002235174));
#4782=CARTESIAN_POINT('',(0.,11.9999997764826,0.));
#4783=CARTESIAN_POINT('',(0.,10.4999997988343,1.50000002235174));
#4784=CARTESIAN_POINT('',(0.,11.9999997764826,0.));
#4785=CARTESIAN_POINT('Origin',(0.,10.4999997988343,1.50000002235174));
#4786=CARTESIAN_POINT('',(0.,11.9999997764826,0.));
#4787=CARTESIAN_POINT('',(0.,10.4999997988343,1.50000002235174));
#4788=CARTESIAN_POINT('Origin',(0.,11.9999997764826,0.));
#4789=CARTESIAN_POINT('',(25.,13.4999997988343,1.50000002235174));
#4790=CARTESIAN_POINT('',(0.,13.4999997988343,1.50000002235174));
#4791=CARTESIAN_POINT('',(25.,11.9999997764826,0.));
#4792=CARTESIAN_POINT('Origin',(0.,11.9999997764826,0.));
#4793=CARTESIAN_POINT('',(0.,13.4999997988343,1.50000002235174));
#4794=CARTESIAN_POINT('',(0.,11.9999997764826,0.));
#4795=CARTESIAN_POINT('',(0.,13.4999997988343,1.50000002235174));
#4796=CARTESIAN_POINT('Origin',(0.,11.9999997764826,0.));
#4797=CARTESIAN_POINT('',(0.,13.4999997988343,1.50000002235174));
#4798=CARTESIAN_POINT('Origin',(0.,13.4999997988343,1.50000002235174));
#4799=CARTESIAN_POINT('',(25.,14.9999997764826,0.));
#4800=CARTESIAN_POINT('',(0.,14.9999997764826,0.));
#4801=CARTESIAN_POINT('',(25.,13.4999997988343,1.50000002235174));
#4802=CARTESIAN_POINT('Origin',(0.,13.4999997988343,1.50000002235174));
#4803=CARTESIAN_POINT('',(0.,14.9999997764826,0.));
#4804=CARTESIAN_POINT('',(0.,13.4999997988343,1.50000002235174));
#4805=CARTESIAN_POINT('',(0.,14.9999997764826,0.));
#4806=CARTESIAN_POINT('Origin',(0.,13.4999997988343,1.50000002235174));
#4807=CARTESIAN_POINT('',(0.,14.9999997764826,0.));
#4808=CARTESIAN_POINT('Origin',(0.,14.9999997764826,0.));
#4809=CARTESIAN_POINT('',(0.,16.4999997988343,1.50000002235174));
#4810=CARTESIAN_POINT('',(0.,14.9999997764826,0.));
#4811=CARTESIAN_POINT('',(25.,16.4999997988343,1.50000002235174));
#4812=CARTESIAN_POINT('',(0.,16.4999997988343,1.50000002235174));
#4813=CARTESIAN_POINT('',(25.,14.9999997764826,0.));
#4814=CARTESIAN_POINT('Origin',(0.,-7.50000020116568,1.50000002235174));
#4815=CARTESIAN_POINT('',(25.,-6.00000022351742,0.));
#4816=CARTESIAN_POINT('',(0.,-6.00000022351742,0.));
#4817=CARTESIAN_POINT('',(25.,-7.50000020116568,1.50000002235174));
#4818=CARTESIAN_POINT('',(25.,-7.50000020116568,1.50000002235174));
#4819=CARTESIAN_POINT('',(0.,-7.50000020116568,1.50000002235174));
#4820=CARTESIAN_POINT('Origin',(0.,-7.50000020116568,1.50000002235174));
#4821=CARTESIAN_POINT('',(0.,-7.50000020116568,1.50000002235174));
#4822=CARTESIAN_POINT('',(0.,-7.50000020116568,1.50000002235174));
#4823=CARTESIAN_POINT('',(0.,-6.00000022351742,0.));
#4824=CARTESIAN_POINT('',(0.,-7.50000020116568,1.50000002235174));
#4825=CARTESIAN_POINT('',(0.,-6.00000022351742,0.));
#4826=CARTESIAN_POINT('Origin',(0.,-7.50000020116568,1.50000002235174));
#4827=CARTESIAN_POINT('',(0.,-6.00000022351742,0.));
#4828=CARTESIAN_POINT('',(0.,-7.50000020116568,1.50000002235174));
#4829=CARTESIAN_POINT('Origin',(0.,-6.00000022351742,0.));
#4830=CARTESIAN_POINT('',(25.,-4.50000020116567,1.50000002235174));
#4831=CARTESIAN_POINT('',(0.,-4.50000020116567,1.50000002235174));
#4832=CARTESIAN_POINT('',(25.,-6.00000022351742,0.));
#4833=CARTESIAN_POINT('Origin',(0.,-6.00000022351742,0.));
#4834=CARTESIAN_POINT('',(0.,-4.50000020116567,1.50000002235174));
#4835=CARTESIAN_POINT('',(0.,-6.00000022351742,0.));
#4836=CARTESIAN_POINT('',(0.,-4.50000020116567,1.50000002235174));
#4837=CARTESIAN_POINT('Origin',(0.,-6.00000022351742,0.));
#4838=CARTESIAN_POINT('',(0.,-4.50000020116567,1.50000002235174));
#4839=CARTESIAN_POINT('Origin',(0.,-4.50000020116567,1.50000002235174));
#4840=CARTESIAN_POINT('',(25.,-3.00000022351742,0.));
#4841=CARTESIAN_POINT('',(0.,-3.00000022351742,0.));
#4842=CARTESIAN_POINT('',(25.,-4.50000020116567,1.50000002235174));
#4843=CARTESIAN_POINT('Origin',(0.,-4.50000020116567,1.50000002235174));
#4844=CARTESIAN_POINT('',(0.,-3.00000022351742,0.));
#4845=CARTESIAN_POINT('',(0.,-4.50000020116567,1.50000002235174));
#4846=CARTESIAN_POINT('',(0.,-3.00000022351742,0.));
#4847=CARTESIAN_POINT('Origin',(0.,-4.50000020116567,1.50000002235174));
#4848=CARTESIAN_POINT('',(0.,-3.00000022351742,0.));
#4849=CARTESIAN_POINT('Origin',(0.,-3.00000022351742,0.));
#4850=CARTESIAN_POINT('',(0.,-1.50000020116567,1.50000002235174));
#4851=CARTESIAN_POINT('',(0.,-3.00000022351742,0.));
#4852=CARTESIAN_POINT('',(25.,-1.50000020116567,1.50000002235174));
#4853=CARTESIAN_POINT('',(0.,-1.50000020116567,1.50000002235174));
#4854=CARTESIAN_POINT('',(25.,-3.00000022351742,0.));
#4855=CARTESIAN_POINT('Origin',(0.,20.9999997913837,6.70000002235174));
#4856=CARTESIAN_POINT('',(0.,21.0000003129244,6.70000002235174));
#4857=CARTESIAN_POINT('',(0.,-14.0000002086163,6.70000002235174));
#4858=CARTESIAN_POINT('',(0.,12.2499999171123,6.70000002235174));
#4859=CARTESIAN_POINT('',(1.9,21.0000003129244,6.70000002235174));
#4860=CARTESIAN_POINT('',(0.,21.0000003129244,6.70000002235174));
#4861=CARTESIAN_POINT('',(1.9,-14.0000002086163,6.70000002235174));
#4862=CARTESIAN_POINT('',(1.9,12.2499997913837,6.70000002235174));
#4863=CARTESIAN_POINT('',(0.,-14.0000002086163,6.70000002235174));
#4864=CARTESIAN_POINT('Origin',(0.,-14.0000002086163,2.80000002235174));
#4865=CARTESIAN_POINT('',(0.,-14.0000002086163,2.80000002235174));
#4866=CARTESIAN_POINT('',(0.,21.0000003129244,2.80000002235174));
#4867=CARTESIAN_POINT('',(0.,-5.25000008288771,2.80000002235174));
#4868=CARTESIAN_POINT('',(1.9,-14.0000002086163,2.80000002235174));
#4869=CARTESIAN_POINT('',(0.,-14.0000002086163,2.80000002235174));
#4870=CARTESIAN_POINT('',(1.9,21.0000003129244,2.80000002235174));
#4871=CARTESIAN_POINT('',(1.9,-5.25000020861626,2.80000002235174));
#4872=CARTESIAN_POINT('',(0.,21.0000003129244,2.80000002235174));
#4873=CARTESIAN_POINT('Origin',(1.9,3.49999979138374,4.75000002235174));
#4874=CARTESIAN_POINT('',(1.9,-14.0000002086163,7.87500009313226));
#4875=CARTESIAN_POINT('',(1.9,21.0000003129244,2.37500001117587));
#4876=CARTESIAN_POINT('Origin',(0.,3.50000004284084,2.95000016391277));
#4877=CARTESIAN_POINT('',(0.,20.9999998211861,0.));
#4878=CARTESIAN_POINT('',(0.,21.0000003129244,11.0000001639128));
#4879=CARTESIAN_POINT('',(0.,19.4999997988343,1.50000002235174));
#4880=CARTESIAN_POINT('',(0.,19.4999997988343,1.50000002235174));
#4881=CARTESIAN_POINT('',(0.,17.9999997764826,0.));
#4882=CARTESIAN_POINT('',(0.,17.9999997764826,0.));
#4883=CARTESIAN_POINT('',(0.,16.4999997988343,1.50000002235174));
#4884=CARTESIAN_POINT('',(0.,8.99999977648259,0.));
#4885=CARTESIAN_POINT('',(0.,8.99999977648259,0.));
#4886=CARTESIAN_POINT('',(0.,7.49999979883433,1.50000002235174));
#4887=CARTESIAN_POINT('',(0.,7.49999979883433,1.50000002235174));
#4888=CARTESIAN_POINT('',(0.,5.99999977648259,0.));
#4889=CARTESIAN_POINT('',(0.,5.99999977648259,0.));
#4890=CARTESIAN_POINT('',(0.,4.49999979883433,1.50000002235174));
#4891=CARTESIAN_POINT('',(0.,4.49999979883433,1.50000002235174));
#4892=CARTESIAN_POINT('',(0.,2.99999977648258,0.));
#4893=CARTESIAN_POINT('',(0.,2.99999977648258,0.));
#4894=CARTESIAN_POINT('',(0.,1.49999979883433,1.50000002235174));
#4895=CARTESIAN_POINT('',(0.,1.49999979883433,1.50000002235174));
#4896=CARTESIAN_POINT('',(0.,-2.23517415687269E-7,0.));
#4897=CARTESIAN_POINT('',(0.,-2.23517415687269E-7,0.));
#4898=CARTESIAN_POINT('',(0.,-1.50000020116567,1.50000002235174));
#4899=CARTESIAN_POINT('',(0.,-9.00000022351742,0.));
#4900=CARTESIAN_POINT('',(0.,-9.00000022351742,0.));
#4901=CARTESIAN_POINT('',(0.,-10.5000002011657,1.50000002235174));
#4902=CARTESIAN_POINT('',(0.,-10.5000002011657,1.50000002235174));
#4903=CARTESIAN_POINT('',(0.,-12.0000002235174,0.));
#4904=CARTESIAN_POINT('',(0.,-12.0000002235174,0.));
#4905=CARTESIAN_POINT('',(0.,-13.5000002011657,1.50000002235174));
#4906=CARTESIAN_POINT('',(0.,-13.5000002011657,1.50000002235174));
#4907=CARTESIAN_POINT('',(0.,-14.0000002086163,1.00000001490116));
#4908=CARTESIAN_POINT('',(0.,-15.0000002235174,0.));
#4909=CARTESIAN_POINT('',(0.,-14.0000002086163,11.0000001639128));
#4910=CARTESIAN_POINT('Origin',(0.,3.50000004284084,2.95000016391277));
#4911=CARTESIAN_POINT('',(0.,-14.0000002086163,11.0000001639128));
#4912=CARTESIAN_POINT('',(0.,-14.0000002086163,11.0000001639128));
#4913=CARTESIAN_POINT('',(0.,21.0000003129244,11.0000001639128));
#4914=CARTESIAN_POINT('',(0.,21.0000003129244,11.0000001639128));
#4915=CARTESIAN_POINT('',(0.,21.0000003129244,11.0000001639128));
#4916=CARTESIAN_POINT('Origin',(0.,-14.0000002086163,11.0000001639128));
#4917=CARTESIAN_POINT('',(25.,-14.0000002086163,1.00000001490116));
#4918=CARTESIAN_POINT('',(0.,-14.0000002086163,1.00000001490116));
#4919=CARTESIAN_POINT('',(25.,-14.0000002086163,2.80000002235174));
#4920=CARTESIAN_POINT('',(25.,-14.0000002086163,11.0000001639128));
#4921=CARTESIAN_POINT('',(23.1,-14.0000002086163,2.80000002235174));
#4922=CARTESIAN_POINT('',(12.5,-14.0000002086163,2.80000002235174));
#4923=CARTESIAN_POINT('',(23.1,-14.0000002086163,6.70000002235174));
#4924=CARTESIAN_POINT('',(23.1,-14.0000002086163,7.87500009313226));
#4925=CARTESIAN_POINT('',(25.,-14.0000002086163,6.70000002235174));
#4926=CARTESIAN_POINT('',(12.5,-14.0000002086163,6.70000002235174));
#4927=CARTESIAN_POINT('',(25.,-14.0000002086163,11.0000001639128));
#4928=CARTESIAN_POINT('',(25.,-14.0000002086163,11.0000001639128));
#4929=CARTESIAN_POINT('',(0.,-14.0000002086163,11.0000001639128));
#4930=CARTESIAN_POINT('',(12.5,-14.0000002086163,3.4999996572733));
#4931=CARTESIAN_POINT('Origin',(12.5,-14.0000002086163,6.2499996572733));
#4932=CARTESIAN_POINT('Origin',(25.,20.9999997913837,2.80000002235174));
#4933=CARTESIAN_POINT('',(25.,21.0000003129244,2.80000002235174));
#4934=CARTESIAN_POINT('',(25.,12.2499999171123,2.80000002235174));
#4935=CARTESIAN_POINT('',(23.1,21.0000003129244,2.80000002235174));
#4936=CARTESIAN_POINT('',(12.5,21.0000003129244,2.80000002235174));
#4937=CARTESIAN_POINT('',(23.1,12.2499997913837,2.80000002235174));
#4938=CARTESIAN_POINT('Origin',(25.,-14.0000002086163,6.70000002235174));
#4939=CARTESIAN_POINT('',(25.,21.0000003129244,6.70000002235174));
#4940=CARTESIAN_POINT('',(25.,-5.25000008288771,6.70000002235174));
#4941=CARTESIAN_POINT('',(23.1,21.0000003129244,6.70000002235174));
#4942=CARTESIAN_POINT('',(23.1,-5.25000020861626,6.70000002235174));
#4943=CARTESIAN_POINT('',(12.5,21.0000003129244,6.70000002235174));
#4944=CARTESIAN_POINT('Origin',(23.1,3.49999979138374,4.75000002235174));
#4945=CARTESIAN_POINT('',(23.1,21.0000003129244,2.37500001117587));
#4946=CARTESIAN_POINT('Origin',(25.,3.50000004284084,2.95000016391277));
#4947=CARTESIAN_POINT('',(25.,21.0000003129244,11.0000001639128));
#4948=CARTESIAN_POINT('',(25.,21.0000003129244,11.0000001639128));
#4949=CARTESIAN_POINT('',(25.,21.0000003129244,11.0000001639128));
#4950=CARTESIAN_POINT('Origin',(25.,3.50000004284084,2.95000016391277));
#4951=CARTESIAN_POINT('',(25.,-13.5000002011657,1.50000002235174));
#4952=CARTESIAN_POINT('',(25.,-15.0000002235174,0.));
#4953=CARTESIAN_POINT('',(25.,-12.0000002235174,0.));
#4954=CARTESIAN_POINT('',(25.,-13.5000002011657,1.50000002235174));
#4955=CARTESIAN_POINT('',(25.,-10.5000002011657,1.50000002235174));
#4956=CARTESIAN_POINT('',(25.,-12.0000002235174,0.));
#4957=CARTESIAN_POINT('',(25.,-9.00000022351742,0.));
#4958=CARTESIAN_POINT('',(25.,-10.5000002011657,1.50000002235174));
#4959=CARTESIAN_POINT('',(25.,-9.00000022351742,0.));
#4960=CARTESIAN_POINT('',(25.,-2.23517415687269E-7,0.));
#4961=CARTESIAN_POINT('',(25.,-1.50000020116567,1.50000002235174));
#4962=CARTESIAN_POINT('',(25.,1.49999979883433,1.50000002235174));
#4963=CARTESIAN_POINT('',(25.,-2.23517415687269E-7,0.));
#4964=CARTESIAN_POINT('',(25.,2.99999977648258,0.));
#4965=CARTESIAN_POINT('',(25.,1.49999979883433,1.50000002235174));
#4966=CARTESIAN_POINT('',(25.,4.49999979883433,1.50000002235174));
#4967=CARTESIAN_POINT('',(25.,2.99999977648258,0.));
#4968=CARTESIAN_POINT('',(25.,5.99999977648259,0.));
#4969=CARTESIAN_POINT('',(25.,4.49999979883433,1.50000002235174));
#4970=CARTESIAN_POINT('',(25.,7.49999979883433,1.50000002235174));
#4971=CARTESIAN_POINT('',(25.,5.99999977648259,0.));
#4972=CARTESIAN_POINT('',(25.,8.99999977648259,0.));
#4973=CARTESIAN_POINT('',(25.,7.49999979883433,1.50000002235174));
#4974=CARTESIAN_POINT('',(25.,8.99999977648259,0.));
#4975=CARTESIAN_POINT('',(25.,17.9999997764826,0.));
#4976=CARTESIAN_POINT('',(25.,16.4999997988343,1.50000002235174));
#4977=CARTESIAN_POINT('',(25.,19.4999997988343,1.50000002235174));
#4978=CARTESIAN_POINT('',(25.,17.9999997764826,0.));
#4979=CARTESIAN_POINT('',(25.,20.9999998211861,0.));
#4980=CARTESIAN_POINT('',(25.,19.4999997988343,1.50000002235174));
#4981=CARTESIAN_POINT('',(25.,21.0000003129244,11.0000001639128));
#4982=CARTESIAN_POINT('Origin',(10.1705100311318,21.0000003129244,10.2383338732432));
#4983=CARTESIAN_POINT('',(10.1705100311318,21.0000003129244,10.2383338732432));
#4984=CARTESIAN_POINT('',(7.88125626575333,21.0000003129244,6.22676927435739));
#4985=CARTESIAN_POINT('',(6.71760267415203,21.0000003129244,4.18764559832306));
#4986=CARTESIAN_POINT('',(10.1705100311318,17.0000003129244,10.2383338732432));
#4987=CARTESIAN_POINT('',(10.1705100311318,21.0000003129244,10.2383338732432));
#4988=CARTESIAN_POINT('',(7.88125626575333,17.0000003129244,6.22676927435739));
#4989=CARTESIAN_POINT('',(7.88125626575333,17.0000003129244,6.22676927435739));
#4990=CARTESIAN_POINT('',(7.88125626575333,21.0000003129244,6.22676927435739));
#4991=CARTESIAN_POINT('Origin',(14.7892537653785,21.0000003129244,10.2615642561591));
#4992=CARTESIAN_POINT('',(14.7892537653785,21.0000003129244,10.2615642561591));
#4993=CARTESIAN_POINT('',(7.36900886527302,21.0000003129244,10.2242434736525));
#4994=CARTESIAN_POINT('',(14.7892537653785,17.0000003129244,10.2615642561591));
#4995=CARTESIAN_POINT('',(14.7892537653785,21.0000003129244,10.2615642561591));
#4996=CARTESIAN_POINT('',(10.1705100311318,17.0000003129244,10.2383338732432));
#4997=CARTESIAN_POINT('Origin',(17.1187437342467,21.0000003129244,6.27323004018921));
#4998=CARTESIAN_POINT('',(17.1187437342467,21.0000003129244,6.27323004018921));
#4999=CARTESIAN_POINT('',(16.3075241242086,21.0000003129244,7.66212416320293));
#5000=CARTESIAN_POINT('',(17.1187437342467,17.0000003129244,6.27323004018921));
#5001=CARTESIAN_POINT('',(17.1187437342467,21.0000003129244,6.27323004018921));
#5002=CARTESIAN_POINT('',(14.7892537653785,17.0000003129244,10.2615642561591));
#5003=CARTESIAN_POINT('Origin',(14.8294899688682,21.0000003129244,2.26166544130343));
#5004=CARTESIAN_POINT('',(14.8294899688682,21.0000003129244,2.26166544130343));
#5005=CARTESIAN_POINT('',(12.5212094945776,21.0000003129244,-1.78324053417378));
#5006=CARTESIAN_POINT('',(14.8294899688682,17.0000003129244,2.26166544130343));
#5007=CARTESIAN_POINT('',(14.8294899688682,21.0000003129244,2.26166544130343));
#5008=CARTESIAN_POINT('',(17.1187437342467,17.0000003129244,6.27323004018921));
#5009=CARTESIAN_POINT('Origin',(10.2107462346215,21.0000003129244,2.23843505838752));
#5010=CARTESIAN_POINT('',(10.2107462346215,21.0000003129244,2.23843505838752));
#5011=CARTESIAN_POINT('',(5.09987320163933,21.0000003129244,2.21272946733892));
#5012=CARTESIAN_POINT('',(10.2107462346215,17.0000003129244,2.23843505838752));
#5013=CARTESIAN_POINT('',(10.2107462346215,21.0000003129244,2.23843505838752));
#5014=CARTESIAN_POINT('',(14.8294899688682,17.0000003129244,2.26166544130343));
#5015=CARTESIAN_POINT('Origin',(7.88125626575333,21.0000003129244,6.22676927435739));
#5016=CARTESIAN_POINT('',(8.23478164014938,21.0000003129244,5.62149628938617));
#5017=CARTESIAN_POINT('',(10.2107462346215,17.0000003129244,2.23843505838752));
#5018=CARTESIAN_POINT('Origin',(12.5,17.0000003129244,6.2499996572733));
#5019=CARTESIAN_POINT('',(12.5,17.0000003129244,3.4999996572733));
#5020=CARTESIAN_POINT('Origin',(12.5,17.0000003129244,6.2499996572733));
#5021=CARTESIAN_POINT('Origin',(12.5,2.75000031292438,6.2499996572733));
#5022=CARTESIAN_POINT('',(12.5,2.75000031292438,3.4999996572733));
#5023=CARTESIAN_POINT('Origin',(0.,-14.0000002086163,1.00000001490116));
#5024=CARTESIAN_POINT('',(0.,-13.5000002011657,1.50000002235174));
#5025=CARTESIAN_POINT('Origin',(0.,21.0000003129244,11.0000001639128));
#5026=CARTESIAN_POINT('',(0.,21.0000003129244,11.0000001639128));
#5027=CARTESIAN_POINT('Origin',(0.,21.0000003129244,0.));
#5028=CARTESIAN_POINT('',(0.,20.9999998211861,0.));
#5029=CARTESIAN_POINT('Origin',(0.,19.4999997988343,1.50000002235174));
#5030=CARTESIAN_POINT('',(0.,19.4999997988343,1.50000002235174));
#5031=CARTESIAN_POINT('Origin',(0.,17.9999997764826,0.));
#5032=CARTESIAN_POINT('',(0.,17.9999997764826,0.));
#5033=CARTESIAN_POINT('Origin',(0.,16.4999997988343,1.50000002235174));
#5034=CARTESIAN_POINT('Origin',(0.,8.99999977648259,0.));
#5035=CARTESIAN_POINT('',(0.,8.99999977648259,0.));
#5036=CARTESIAN_POINT('Origin',(0.,7.49999979883433,1.50000002235174));
#5037=CARTESIAN_POINT('',(0.,7.49999979883433,1.50000002235174));
#5038=CARTESIAN_POINT('Origin',(0.,5.99999977648259,0.));
#5039=CARTESIAN_POINT('',(0.,5.99999977648259,0.));
#5040=CARTESIAN_POINT('Origin',(0.,4.49999979883433,1.50000002235174));
#5041=CARTESIAN_POINT('',(0.,4.49999979883433,1.50000002235174));
#5042=CARTESIAN_POINT('Origin',(0.,2.99999977648258,0.));
#5043=CARTESIAN_POINT('',(0.,2.99999977648258,0.));
#5044=CARTESIAN_POINT('Origin',(0.,1.49999979883433,1.50000002235174));
#5045=CARTESIAN_POINT('',(0.,1.49999979883433,1.50000002235174));
#5046=CARTESIAN_POINT('Origin',(0.,-2.23517415687269E-7,0.));
#5047=CARTESIAN_POINT('',(0.,-2.23517415687269E-7,0.));
#5048=CARTESIAN_POINT('Origin',(0.,-1.50000020116567,1.50000002235174));
#5049=CARTESIAN_POINT('Origin',(0.,-9.00000022351742,0.));
#5050=CARTESIAN_POINT('',(0.,-9.00000022351742,0.));
#5051=CARTESIAN_POINT('Origin',(0.,-10.5000002011657,1.50000002235174));
#5052=CARTESIAN_POINT('',(0.,-10.5000002011657,1.50000002235174));
#5053=CARTESIAN_POINT('Origin',(0.,-12.0000002235174,0.));
#5054=CARTESIAN_POINT('',(0.,-12.0000002235174,0.));
#5055=CARTESIAN_POINT('Origin',(0.,-13.5000002011657,1.50000002235174));
#5056=UNCERTAINTY_MEASURE_WITH_UNIT(LENGTH_MEASURE(0.01),#5060,
'DISTANCE_ACCURACY_VALUE',
'Maximum model space distance between geometric entities at asserted c
onnectivities');
#5057=UNCERTAINTY_MEASURE_WITH_UNIT(LENGTH_MEASURE(0.01),#5060,
'DISTANCE_ACCURACY_VALUE',
'Maximum model space distance between geometric entities at asserted c
onnectivities');
#5058=(
GEOMETRIC_REPRESENTATION_CONTEXT(3)
GLOBAL_UNCERTAINTY_ASSIGNED_CONTEXT((#5056))
GLOBAL_UNIT_ASSIGNED_CONTEXT((#5060,#5062,#5063))
REPRESENTATION_CONTEXT('','3D')
);
#5059=(
GEOMETRIC_REPRESENTATION_CONTEXT(3)
GLOBAL_UNCERTAINTY_ASSIGNED_CONTEXT((#5057))
GLOBAL_UNIT_ASSIGNED_CONTEXT((#5060,#5062,#5063))
REPRESENTATION_CONTEXT('','3D')
);
#5060=(
LENGTH_UNIT()
NAMED_UNIT(*)
SI_UNIT(.MILLI.,.METRE.)
);
#5061=(
LENGTH_UNIT()
NAMED_UNIT(*)
SI_UNIT($,.METRE.)
);
#5062=(
NAMED_UNIT(*)
PLANE_ANGLE_UNIT()
SI_UNIT($,.RADIAN.)
);
#5063=(
NAMED_UNIT(*)
SI_UNIT($,.STERADIAN.)
SOLID_ANGLE_UNIT()
);
#5064=SHAPE_DEFINITION_REPRESENTATION(#5065,#5066);
#5065=PRODUCT_DEFINITION_SHAPE('',$,#5068);
#5066=SHAPE_REPRESENTATION('',(#3128),#5058);
#5067=PRODUCT_DEFINITION_CONTEXT('part definition',#5072,'design');
#5068=PRODUCT_DEFINITION('60AIMTensioner_HGR','60AIMTensioner_HGR v4',#5069,
#5067);
#5069=PRODUCT_DEFINITION_FORMATION('',$,#5074);
#5070=PRODUCT_RELATED_PRODUCT_CATEGORY('60AIMTensioner_HGR v4',
'60AIMTensioner_HGR v4',(#5074));
#5071=APPLICATION_PROTOCOL_DEFINITION('international standard',
'automotive_design',2009,#5072);
#5072=APPLICATION_CONTEXT(
'Core Data for Automotive Mechanical Design Process');
#5073=PRODUCT_CONTEXT('part definition',#5072,'mechanical');
#5074=PRODUCT('60AIMTensioner_HGR','60AIMTensioner_HGR v4',$,(#5073));
#5075=PRESENTATION_STYLE_ASSIGNMENT((#5076));
#5076=SURFACE_STYLE_USAGE(.BOTH.,#5077);
#5077=SURFACE_SIDE_STYLE('',(#5078));
#5078=SURFACE_STYLE_FILL_AREA(#5079);
#5079=FILL_AREA_STYLE('Steel - Satin',(#5080));
#5080=FILL_AREA_STYLE_COLOUR('Steel - Satin',#5081);
#5081=COLOUR_RGB('Steel - Satin',0.627450980392157,0.627450980392157,0.627450980392157);
ENDSEC;
END-ISO-10303-21;
