ISO-10303-21;
HEADER;
/* Generated by software containing ST-Developer
 * from STEP Tools, Inc. (www.steptools.com) 
 */

FILE_DESCRIPTION(
/* description */ (''),
/* implementation_level */ '2;1');

FILE_NAME(
/* name */ 'Tensioner - Upper.step',
/* time_stamp */ '2026-02-21T14:32:52-05:00',
/* author */ (''),
/* organization */ (''),
/* preprocessor_version */ 'ST-DEVELOPER v20.1',
/* originating_system */ 'Autodesk Translation Framework v14.24.0.0',
/* authorisation */ '');

FILE_SCHEMA (('AUTOMOTIVE_DESIGN { 1 0 10303 214 3 1 1 }'));
ENDSEC;

DATA;
#10=MECHANICAL_DESIGN_GEOMETRIC_PRESENTATION_REPRESENTATION('',(#13),#5943);
#11=SHAPE_REPRESENTATION_RELATIONSHIP('SRR','None',#5950,#12);
#12=ADVANCED_BREP_SHAPE_REPRESENTATION('',(#14),#5942);
#13=STYLED_ITEM('',(#5960),#14);
#14=MANIFOLD_SOLID_BREP('Body2',#3529);
#15=ELLIPSE('',#3612,0.565685424949239,0.4);
#16=ELLIPSE('',#3643,0.565685424949238,0.4);
#17=ELLIPSE('',#3645,0.565685424949239,0.4);
#18=ELLIPSE('',#3706,0.565685424949238,0.4);
#19=ELLIPSE('',#3708,0.565685424949238,0.4);
#20=ELLIPSE('',#3709,0.565685424949238,0.4);
#21=ELLIPSE('',#3711,0.565685424949238,0.4);
#22=ELLIPSE('',#3712,0.565685424949238,0.4);
#23=ELLIPSE('',#3714,0.565685424949238,0.4);
#24=ELLIPSE('',#3715,0.565685424949238,0.4);
#25=ELLIPSE('',#3717,0.565685424949238,0.4);
#26=ELLIPSE('',#3718,0.565685424949238,0.4);
#27=ELLIPSE('',#3720,0.565685424949238,0.4);
#28=ELLIPSE('',#3721,0.565685424949238,0.4);
#29=ELLIPSE('',#3723,0.565685424949238,0.4);
#30=ELLIPSE('',#3724,0.565685424949238,0.4);
#31=ELLIPSE('',#3726,0.565685424949238,0.4);
#32=ELLIPSE('',#3727,0.565685424949238,0.4);
#33=ELLIPSE('',#3729,0.565685424949238,0.4);
#34=ELLIPSE('',#3730,0.565685424949238,0.4);
#35=ELLIPSE('',#3732,0.565685424949238,0.4);
#36=ELLIPSE('',#3733,0.565685424949238,0.4);
#37=ELLIPSE('',#3735,0.565685424949238,0.4);
#38=ELLIPSE('',#3736,0.565685424949238,0.4);
#39=ELLIPSE('',#3738,0.565685424949238,0.4);
#40=ELLIPSE('',#3739,0.565685424949238,0.4);
#41=ELLIPSE('',#3741,0.565685424949239,0.4);
#42=ELLIPSE('',#3742,0.565685424949239,0.4);
#43=ELLIPSE('',#3744,0.565685424949239,0.4);
#44=ELLIPSE('',#3745,0.565685424949239,0.4);
#45=ELLIPSE('',#3747,0.565685424949239,0.4);
#46=ELLIPSE('',#3748,0.565685424949239,0.4);
#47=ELLIPSE('',#3750,0.565685424949239,0.4);
#48=ELLIPSE('',#3751,0.565685424949239,0.4);
#49=ELLIPSE('',#3753,0.565685424949239,0.4);
#50=ELLIPSE('',#3754,0.565685424949239,0.4);
#51=ELLIPSE('',#3756,0.565685424949239,0.4);
#52=ELLIPSE('',#3757,0.565685424949239,0.4);
#53=ELLIPSE('',#3759,0.565685424949239,0.4);
#54=ELLIPSE('',#3760,0.565685424949239,0.4);
#55=ELLIPSE('',#3762,0.565685424949239,0.4);
#56=ELLIPSE('',#3763,0.565685424949239,0.4);
#57=ELLIPSE('',#3765,0.565685424949239,0.4);
#58=ELLIPSE('',#3766,0.565685424949239,0.4);
#59=ELLIPSE('',#3768,0.565685424949239,0.4);
#60=ELLIPSE('',#3769,0.565685424949239,0.4);
#61=ELLIPSE('',#3771,0.565685424949239,0.4);
#62=ELLIPSE('',#3772,0.565685424949239,0.4);
#63=ELLIPSE('',#3776,3.11126983722081,2.2);
#64=ELLIPSE('',#3778,3.11126983722081,2.2);
#65=ELLIPSE('',#3784,3.11126983722081,2.2);
#66=ELLIPSE('',#3797,3.11126983722081,2.2);
#67=ELLIPSE('',#3798,3.11126983722081,2.2);
#68=ELLIPSE('',#3799,3.11126983722081,2.2);
#69=ELLIPSE('',#3800,3.11126983722081,2.2);
#70=ELLIPSE('',#3801,3.11126983722081,2.2);
#71=ELLIPSE('',#3802,3.11126983722081,2.2);
#72=ELLIPSE('',#3803,3.11126983722081,2.2);
#73=ELLIPSE('',#3808,3.11126983722081,2.2);
#74=ELLIPSE('',#3810,3.11126983722081,2.2);
#75=ELLIPSE('',#3811,3.11126983722081,2.2);
#76=ELLIPSE('',#3812,3.11126983722081,2.2);
#77=ELLIPSE('',#3813,3.11126983722081,2.2);
#78=ELLIPSE('',#3814,3.11126983722081,2.2);
#79=ELLIPSE('',#3815,3.11126983722081,2.2);
#80=ELLIPSE('',#3845,3.11126983722081,2.2);
#81=ELLIPSE('',#3846,3.11126983722081,2.2);
#82=ELLIPSE('',#3847,3.11126983722081,2.2);
#83=ELLIPSE('',#3848,3.11126983722081,2.2);
#84=ELLIPSE('',#3849,3.11126983722081,2.2);
#85=ELLIPSE('',#3851,3.11126983722081,2.2);
#86=ELLIPSE('',#3852,3.11126983722081,2.2);
#87=ELLIPSE('',#3853,3.11126983722081,2.2);
#88=ELLIPSE('',#3854,3.11126983722081,2.2);
#89=ELLIPSE('',#3855,3.11126983722081,2.2);
#90=ELLIPSE('',#3856,3.11126983722081,2.2);
#91=FACE_BOUND('',#459,.T.);
#92=FACE_BOUND('',#462,.T.);
#93=FACE_BOUND('',#482,.T.);
#94=FACE_BOUND('',#538,.T.);
#95=FACE_BOUND('',#539,.T.);
#96=FACE_BOUND('',#540,.T.);
#97=FACE_BOUND('',#541,.T.);
#98=FACE_BOUND('',#600,.T.);
#99=FACE_BOUND('',#603,.T.);
#100=FACE_BOUND('',#614,.T.);
#101=FACE_BOUND('',#628,.T.);
#102=PLANE('',#3548);
#103=PLANE('',#3557);
#104=PLANE('',#3568);
#105=PLANE('',#3572);
#106=PLANE('',#3576);
#107=PLANE('',#3580);
#108=PLANE('',#3584);
#109=PLANE('',#3588);
#110=PLANE('',#3593);
#111=PLANE('',#3595);
#112=PLANE('',#3597);
#113=PLANE('',#3598);
#114=PLANE('',#3611);
#115=PLANE('',#3615);
#116=PLANE('',#3618);
#117=PLANE('',#3621);
#118=PLANE('',#3624);
#119=PLANE('',#3627);
#120=PLANE('',#3630);
#121=PLANE('',#3633);
#122=PLANE('',#3636);
#123=PLANE('',#3639);
#124=PLANE('',#3642);
#125=PLANE('',#3646);
#126=PLANE('',#3647);
#127=PLANE('',#3650);
#128=PLANE('',#3653);
#129=PLANE('',#3656);
#130=PLANE('',#3659);
#131=PLANE('',#3662);
#132=PLANE('',#3665);
#133=PLANE('',#3668);
#134=PLANE('',#3671);
#135=PLANE('',#3674);
#136=PLANE('',#3677);
#137=PLANE('',#3678);
#138=PLANE('',#3680);
#139=PLANE('',#3682);
#140=PLANE('',#3684);
#141=PLANE('',#3686);
#142=PLANE('',#3688);
#143=PLANE('',#3690);
#144=PLANE('',#3692);
#145=PLANE('',#3694);
#146=PLANE('',#3696);
#147=PLANE('',#3698);
#148=PLANE('',#3700);
#149=PLANE('',#3702);
#150=PLANE('',#3704);
#151=PLANE('',#3773);
#152=PLANE('',#3774);
#153=PLANE('',#3775);
#154=PLANE('',#3777);
#155=PLANE('',#3779);
#156=PLANE('',#3780);
#157=PLANE('',#3781);
#158=PLANE('',#3782);
#159=PLANE('',#3783);
#160=PLANE('',#3785);
#161=PLANE('',#3786);
#162=PLANE('',#3787);
#163=PLANE('',#3788);
#164=PLANE('',#3789);
#165=PLANE('',#3790);
#166=PLANE('',#3791);
#167=PLANE('',#3792);
#168=PLANE('',#3793);
#169=PLANE('',#3794);
#170=PLANE('',#3805);
#171=PLANE('',#3807);
#172=PLANE('',#3817);
#173=PLANE('',#3818);
#174=PLANE('',#3819);
#175=PLANE('',#3820);
#176=PLANE('',#3821);
#177=PLANE('',#3822);
#178=PLANE('',#3823);
#179=PLANE('',#3824);
#180=PLANE('',#3825);
#181=PLANE('',#3826);
#182=PLANE('',#3827);
#183=PLANE('',#3828);
#184=PLANE('',#3829);
#185=PLANE('',#3830);
#186=PLANE('',#3831);
#187=PLANE('',#3832);
#188=PLANE('',#3833);
#189=PLANE('',#3834);
#190=PLANE('',#3835);
#191=PLANE('',#3836);
#192=PLANE('',#3837);
#193=PLANE('',#3838);
#194=PLANE('',#3839);
#195=PLANE('',#3840);
#196=PLANE('',#3841);
#197=PLANE('',#3842);
#198=PLANE('',#3843);
#199=PLANE('',#3857);
#200=PLANE('',#3858);
#201=PLANE('',#3859);
#202=PLANE('',#3860);
#203=PLANE('',#3861);
#204=PLANE('',#3862);
#205=PLANE('',#3863);
#206=PLANE('',#3864);
#207=PLANE('',#3865);
#208=PLANE('',#3866);
#209=PLANE('',#3867);
#210=PLANE('',#3868);
#211=PLANE('',#3869);
#212=PLANE('',#3870);
#213=PLANE('',#3871);
#214=PLANE('',#3872);
#215=PLANE('',#3873);
#216=PLANE('',#3874);
#217=PLANE('',#3875);
#218=PLANE('',#3876);
#219=PLANE('',#3877);
#220=CYLINDRICAL_SURFACE('',#3546,2.75);
#221=CYLINDRICAL_SURFACE('',#3592,0.4);
#222=CYLINDRICAL_SURFACE('',#3594,0.4);
#223=CYLINDRICAL_SURFACE('',#3596,0.4);
#224=CYLINDRICAL_SURFACE('',#3644,0.4);
#225=CYLINDRICAL_SURFACE('',#3679,0.4);
#226=CYLINDRICAL_SURFACE('',#3681,0.4);
#227=CYLINDRICAL_SURFACE('',#3683,0.4);
#228=CYLINDRICAL_SURFACE('',#3685,0.4);
#229=CYLINDRICAL_SURFACE('',#3687,0.399999999999998);
#230=CYLINDRICAL_SURFACE('',#3689,0.4);
#231=CYLINDRICAL_SURFACE('',#3691,0.4);
#232=CYLINDRICAL_SURFACE('',#3693,0.4);
#233=CYLINDRICAL_SURFACE('',#3695,0.4);
#234=CYLINDRICAL_SURFACE('',#3697,0.4);
#235=CYLINDRICAL_SURFACE('',#3699,0.4);
#236=CYLINDRICAL_SURFACE('',#3701,0.4);
#237=CYLINDRICAL_SURFACE('',#3703,0.4);
#238=CYLINDRICAL_SURFACE('',#3705,0.4);
#239=CYLINDRICAL_SURFACE('',#3707,0.4);
#240=CYLINDRICAL_SURFACE('',#3710,0.4);
#241=CYLINDRICAL_SURFACE('',#3713,0.4);
#242=CYLINDRICAL_SURFACE('',#3716,0.4);
#243=CYLINDRICAL_SURFACE('',#3719,0.4);
#244=CYLINDRICAL_SURFACE('',#3722,0.4);
#245=CYLINDRICAL_SURFACE('',#3725,0.4);
#246=CYLINDRICAL_SURFACE('',#3728,0.4);
#247=CYLINDRICAL_SURFACE('',#3731,0.4);
#248=CYLINDRICAL_SURFACE('',#3734,0.4);
#249=CYLINDRICAL_SURFACE('',#3737,0.4);
#250=CYLINDRICAL_SURFACE('',#3740,0.4);
#251=CYLINDRICAL_SURFACE('',#3743,0.4);
#252=CYLINDRICAL_SURFACE('',#3746,0.4);
#253=CYLINDRICAL_SURFACE('',#3749,0.4);
#254=CYLINDRICAL_SURFACE('',#3752,0.4);
#255=CYLINDRICAL_SURFACE('',#3755,0.4);
#256=CYLINDRICAL_SURFACE('',#3758,0.4);
#257=CYLINDRICAL_SURFACE('',#3761,0.4);
#258=CYLINDRICAL_SURFACE('',#3764,0.4);
#259=CYLINDRICAL_SURFACE('',#3767,0.4);
#260=CYLINDRICAL_SURFACE('',#3770,0.4);
#261=CYLINDRICAL_SURFACE('',#3796,2.2);
#262=CYLINDRICAL_SURFACE('',#3809,2.2);
#263=CYLINDRICAL_SURFACE('',#3844,2.2);
#264=CYLINDRICAL_SURFACE('',#3850,2.2);
#265=FACE_OUTER_BOUND('',#456,.T.);
#266=FACE_OUTER_BOUND('',#457,.T.);
#267=FACE_OUTER_BOUND('',#458,.T.);
#268=FACE_OUTER_BOUND('',#460,.T.);
#269=FACE_OUTER_BOUND('',#461,.T.);
#270=FACE_OUTER_BOUND('',#463,.T.);
#271=FACE_OUTER_BOUND('',#464,.T.);
#272=FACE_OUTER_BOUND('',#465,.T.);
#273=FACE_OUTER_BOUND('',#466,.T.);
#274=FACE_OUTER_BOUND('',#467,.T.);
#275=FACE_OUTER_BOUND('',#468,.T.);
#276=FACE_OUTER_BOUND('',#469,.T.);
#277=FACE_OUTER_BOUND('',#470,.T.);
#278=FACE_OUTER_BOUND('',#471,.T.);
#279=FACE_OUTER_BOUND('',#472,.T.);
#280=FACE_OUTER_BOUND('',#473,.T.);
#281=FACE_OUTER_BOUND('',#474,.T.);
#282=FACE_OUTER_BOUND('',#475,.T.);
#283=FACE_OUTER_BOUND('',#476,.T.);
#284=FACE_OUTER_BOUND('',#477,.T.);
#285=FACE_OUTER_BOUND('',#478,.T.);
#286=FACE_OUTER_BOUND('',#479,.T.);
#287=FACE_OUTER_BOUND('',#480,.T.);
#288=FACE_OUTER_BOUND('',#481,.T.);
#289=FACE_OUTER_BOUND('',#483,.T.);
#290=FACE_OUTER_BOUND('',#484,.T.);
#291=FACE_OUTER_BOUND('',#485,.T.);
#292=FACE_OUTER_BOUND('',#486,.T.);
#293=FACE_OUTER_BOUND('',#487,.T.);
#294=FACE_OUTER_BOUND('',#488,.T.);
#295=FACE_OUTER_BOUND('',#489,.T.);
#296=FACE_OUTER_BOUND('',#490,.T.);
#297=FACE_OUTER_BOUND('',#491,.T.);
#298=FACE_OUTER_BOUND('',#492,.T.);
#299=FACE_OUTER_BOUND('',#493,.T.);
#300=FACE_OUTER_BOUND('',#494,.T.);
#301=FACE_OUTER_BOUND('',#495,.T.);
#302=FACE_OUTER_BOUND('',#496,.T.);
#303=FACE_OUTER_BOUND('',#497,.T.);
#304=FACE_OUTER_BOUND('',#498,.T.);
#305=FACE_OUTER_BOUND('',#499,.T.);
#306=FACE_OUTER_BOUND('',#500,.T.);
#307=FACE_OUTER_BOUND('',#501,.T.);
#308=FACE_OUTER_BOUND('',#502,.T.);
#309=FACE_OUTER_BOUND('',#503,.T.);
#310=FACE_OUTER_BOUND('',#504,.T.);
#311=FACE_OUTER_BOUND('',#505,.T.);
#312=FACE_OUTER_BOUND('',#506,.T.);
#313=FACE_OUTER_BOUND('',#507,.T.);
#314=FACE_OUTER_BOUND('',#508,.T.);
#315=FACE_OUTER_BOUND('',#509,.T.);
#316=FACE_OUTER_BOUND('',#510,.T.);
#317=FACE_OUTER_BOUND('',#511,.T.);
#318=FACE_OUTER_BOUND('',#512,.T.);
#319=FACE_OUTER_BOUND('',#513,.T.);
#320=FACE_OUTER_BOUND('',#514,.T.);
#321=FACE_OUTER_BOUND('',#515,.T.);
#322=FACE_OUTER_BOUND('',#516,.T.);
#323=FACE_OUTER_BOUND('',#517,.T.);
#324=FACE_OUTER_BOUND('',#518,.T.);
#325=FACE_OUTER_BOUND('',#519,.T.);
#326=FACE_OUTER_BOUND('',#520,.T.);
#327=FACE_OUTER_BOUND('',#521,.T.);
#328=FACE_OUTER_BOUND('',#522,.T.);
#329=FACE_OUTER_BOUND('',#523,.T.);
#330=FACE_OUTER_BOUND('',#524,.T.);
#331=FACE_OUTER_BOUND('',#525,.T.);
#332=FACE_OUTER_BOUND('',#526,.T.);
#333=FACE_OUTER_BOUND('',#527,.T.);
#334=FACE_OUTER_BOUND('',#528,.T.);
#335=FACE_OUTER_BOUND('',#529,.T.);
#336=FACE_OUTER_BOUND('',#530,.T.);
#337=FACE_OUTER_BOUND('',#531,.T.);
#338=FACE_OUTER_BOUND('',#532,.T.);
#339=FACE_OUTER_BOUND('',#533,.T.);
#340=FACE_OUTER_BOUND('',#534,.T.);
#341=FACE_OUTER_BOUND('',#535,.T.);
#342=FACE_OUTER_BOUND('',#536,.T.);
#343=FACE_OUTER_BOUND('',#537,.T.);
#344=FACE_OUTER_BOUND('',#542,.T.);
#345=FACE_OUTER_BOUND('',#543,.T.);
#346=FACE_OUTER_BOUND('',#544,.T.);
#347=FACE_OUTER_BOUND('',#545,.T.);
#348=FACE_OUTER_BOUND('',#546,.T.);
#349=FACE_OUTER_BOUND('',#547,.T.);
#350=FACE_OUTER_BOUND('',#548,.T.);
#351=FACE_OUTER_BOUND('',#549,.T.);
#352=FACE_OUTER_BOUND('',#550,.T.);
#353=FACE_OUTER_BOUND('',#551,.T.);
#354=FACE_OUTER_BOUND('',#552,.T.);
#355=FACE_OUTER_BOUND('',#553,.T.);
#356=FACE_OUTER_BOUND('',#554,.T.);
#357=FACE_OUTER_BOUND('',#555,.T.);
#358=FACE_OUTER_BOUND('',#556,.T.);
#359=FACE_OUTER_BOUND('',#557,.T.);
#360=FACE_OUTER_BOUND('',#558,.T.);
#361=FACE_OUTER_BOUND('',#559,.T.);
#362=FACE_OUTER_BOUND('',#560,.T.);
#363=FACE_OUTER_BOUND('',#561,.T.);
#364=FACE_OUTER_BOUND('',#562,.T.);
#365=FACE_OUTER_BOUND('',#563,.T.);
#366=FACE_OUTER_BOUND('',#564,.T.);
#367=FACE_OUTER_BOUND('',#565,.T.);
#368=FACE_OUTER_BOUND('',#566,.T.);
#369=FACE_OUTER_BOUND('',#567,.T.);
#370=FACE_OUTER_BOUND('',#568,.T.);
#371=FACE_OUTER_BOUND('',#569,.T.);
#372=FACE_OUTER_BOUND('',#570,.T.);
#373=FACE_OUTER_BOUND('',#571,.T.);
#374=FACE_OUTER_BOUND('',#572,.T.);
#375=FACE_OUTER_BOUND('',#573,.T.);
#376=FACE_OUTER_BOUND('',#574,.T.);
#377=FACE_OUTER_BOUND('',#575,.T.);
#378=FACE_OUTER_BOUND('',#576,.T.);
#379=FACE_OUTER_BOUND('',#577,.T.);
#380=FACE_OUTER_BOUND('',#578,.T.);
#381=FACE_OUTER_BOUND('',#579,.T.);
#382=FACE_OUTER_BOUND('',#580,.T.);
#383=FACE_OUTER_BOUND('',#581,.T.);
#384=FACE_OUTER_BOUND('',#582,.T.);
#385=FACE_OUTER_BOUND('',#583,.T.);
#386=FACE_OUTER_BOUND('',#584,.T.);
#387=FACE_OUTER_BOUND('',#585,.T.);
#388=FACE_OUTER_BOUND('',#586,.T.);
#389=FACE_OUTER_BOUND('',#587,.T.);
#390=FACE_OUTER_BOUND('',#588,.T.);
#391=FACE_OUTER_BOUND('',#589,.T.);
#392=FACE_OUTER_BOUND('',#590,.T.);
#393=FACE_OUTER_BOUND('',#591,.T.);
#394=FACE_OUTER_BOUND('',#592,.T.);
#395=FACE_OUTER_BOUND('',#593,.T.);
#396=FACE_OUTER_BOUND('',#594,.T.);
#397=FACE_OUTER_BOUND('',#595,.T.);
#398=FACE_OUTER_BOUND('',#596,.T.);
#399=FACE_OUTER_BOUND('',#597,.T.);
#400=FACE_OUTER_BOUND('',#598,.T.);
#401=FACE_OUTER_BOUND('',#599,.T.);
#402=FACE_OUTER_BOUND('',#601,.T.);
#403=FACE_OUTER_BOUND('',#602,.T.);
#404=FACE_OUTER_BOUND('',#604,.T.);
#405=FACE_OUTER_BOUND('',#605,.T.);
#406=FACE_OUTER_BOUND('',#606,.T.);
#407=FACE_OUTER_BOUND('',#607,.T.);
#408=FACE_OUTER_BOUND('',#608,.T.);
#409=FACE_OUTER_BOUND('',#609,.T.);
#410=FACE_OUTER_BOUND('',#610,.T.);
#411=FACE_OUTER_BOUND('',#611,.T.);
#412=FACE_OUTER_BOUND('',#612,.T.);
#413=FACE_OUTER_BOUND('',#613,.T.);
#414=FACE_OUTER_BOUND('',#615,.T.);
#415=FACE_OUTER_BOUND('',#616,.T.);
#416=FACE_OUTER_BOUND('',#617,.T.);
#417=FACE_OUTER_BOUND('',#618,.T.);
#418=FACE_OUTER_BOUND('',#619,.T.);
#419=FACE_OUTER_BOUND('',#620,.T.);
#420=FACE_OUTER_BOUND('',#621,.T.);
#421=FACE_OUTER_BOUND('',#622,.T.);
#422=FACE_OUTER_BOUND('',#623,.T.);
#423=FACE_OUTER_BOUND('',#624,.T.);
#424=FACE_OUTER_BOUND('',#625,.T.);
#425=FACE_OUTER_BOUND('',#626,.T.);
#426=FACE_OUTER_BOUND('',#627,.T.);
#427=FACE_OUTER_BOUND('',#629,.T.);
#428=FACE_OUTER_BOUND('',#630,.T.);
#429=FACE_OUTER_BOUND('',#631,.T.);
#430=FACE_OUTER_BOUND('',#632,.T.);
#431=FACE_OUTER_BOUND('',#633,.T.);
#432=FACE_OUTER_BOUND('',#634,.T.);
#433=FACE_OUTER_BOUND('',#635,.T.);
#434=FACE_OUTER_BOUND('',#636,.T.);
#435=FACE_OUTER_BOUND('',#637,.T.);
#436=FACE_OUTER_BOUND('',#638,.T.);
#437=FACE_OUTER_BOUND('',#639,.T.);
#438=FACE_OUTER_BOUND('',#640,.T.);
#439=FACE_OUTER_BOUND('',#641,.T.);
#440=FACE_OUTER_BOUND('',#642,.T.);
#441=FACE_OUTER_BOUND('',#643,.T.);
#442=FACE_OUTER_BOUND('',#644,.T.);
#443=FACE_OUTER_BOUND('',#645,.T.);
#444=FACE_OUTER_BOUND('',#646,.T.);
#445=FACE_OUTER_BOUND('',#647,.T.);
#446=FACE_OUTER_BOUND('',#648,.T.);
#447=FACE_OUTER_BOUND('',#649,.T.);
#448=FACE_OUTER_BOUND('',#650,.T.);
#449=FACE_OUTER_BOUND('',#651,.T.);
#450=FACE_OUTER_BOUND('',#652,.T.);
#451=FACE_OUTER_BOUND('',#653,.T.);
#452=FACE_OUTER_BOUND('',#654,.T.);
#453=FACE_OUTER_BOUND('',#655,.T.);
#454=FACE_OUTER_BOUND('',#656,.T.);
#455=FACE_OUTER_BOUND('',#657,.T.);
#456=EDGE_LOOP('',(#2290,#2291,#2292,#2293));
#457=EDGE_LOOP('',(#2294,#2295,#2296,#2297));
#458=EDGE_LOOP('',(#2298,#2299,#2300,#2301,#2302,#2303,#2304,#2305,#2306,
#2307,#2308,#2309));
#459=EDGE_LOOP('',(#2310));
#460=EDGE_LOOP('',(#2311,#2312,#2313,#2314));
#461=EDGE_LOOP('',(#2315,#2316,#2317,#2318,#2319,#2320,#2321,#2322,#2323,
#2324,#2325,#2326,#2327,#2328,#2329,#2330,#2331,#2332,#2333,#2334,#2335,
#2336));
#462=EDGE_LOOP('',(#2337));
#463=EDGE_LOOP('',(#2338,#2339,#2340,#2341));
#464=EDGE_LOOP('',(#2342,#2343,#2344,#2345));
#465=EDGE_LOOP('',(#2346,#2347,#2348,#2349));
#466=EDGE_LOOP('',(#2350,#2351,#2352,#2353));
#467=EDGE_LOOP('',(#2354,#2355,#2356,#2357));
#468=EDGE_LOOP('',(#2358,#2359,#2360,#2361));
#469=EDGE_LOOP('',(#2362,#2363,#2364,#2365));
#470=EDGE_LOOP('',(#2366,#2367,#2368,#2369));
#471=EDGE_LOOP('',(#2370,#2371,#2372,#2373));
#472=EDGE_LOOP('',(#2374,#2375,#2376,#2377));
#473=EDGE_LOOP('',(#2378,#2379,#2380,#2381));
#474=EDGE_LOOP('',(#2382,#2383,#2384,#2385));
#475=EDGE_LOOP('',(#2386,#2387,#2388,#2389));
#476=EDGE_LOOP('',(#2390,#2391,#2392,#2393));
#477=EDGE_LOOP('',(#2394,#2395,#2396,#2397));
#478=EDGE_LOOP('',(#2398,#2399,#2400,#2401));
#479=EDGE_LOOP('',(#2402,#2403,#2404,#2405));
#480=EDGE_LOOP('',(#2406,#2407,#2408,#2409));
#481=EDGE_LOOP('',(#2410,#2411,#2412,#2413,#2414,#2415,#2416,#2417,#2418,
#2419,#2420,#2421,#2422,#2423,#2424,#2425,#2426,#2427,#2428,#2429,#2430,
#2431,#2432,#2433));
#482=EDGE_LOOP('',(#2434,#2435,#2436,#2437,#2438,#2439,#2440,#2441,#2442,
#2443,#2444,#2445));
#483=EDGE_LOOP('',(#2446,#2447,#2448,#2449));
#484=EDGE_LOOP('',(#2450,#2451,#2452,#2453));
#485=EDGE_LOOP('',(#2454,#2455,#2456,#2457));
#486=EDGE_LOOP('',(#2458,#2459,#2460,#2461));
#487=EDGE_LOOP('',(#2462,#2463,#2464,#2465));
#488=EDGE_LOOP('',(#2466,#2467,#2468,#2469));
#489=EDGE_LOOP('',(#2470,#2471,#2472,#2473));
#490=EDGE_LOOP('',(#2474,#2475,#2476,#2477));
#491=EDGE_LOOP('',(#2478,#2479,#2480,#2481));
#492=EDGE_LOOP('',(#2482,#2483,#2484,#2485));
#493=EDGE_LOOP('',(#2486,#2487,#2488,#2489));
#494=EDGE_LOOP('',(#2490,#2491,#2492,#2493));
#495=EDGE_LOOP('',(#2494,#2495,#2496,#2497));
#496=EDGE_LOOP('',(#2498,#2499,#2500,#2501));
#497=EDGE_LOOP('',(#2502,#2503,#2504,#2505));
#498=EDGE_LOOP('',(#2506,#2507,#2508,#2509));
#499=EDGE_LOOP('',(#2510,#2511,#2512,#2513));
#500=EDGE_LOOP('',(#2514,#2515,#2516,#2517));
#501=EDGE_LOOP('',(#2518,#2519,#2520,#2521));
#502=EDGE_LOOP('',(#2522,#2523,#2524,#2525));
#503=EDGE_LOOP('',(#2526,#2527,#2528,#2529));
#504=EDGE_LOOP('',(#2530,#2531,#2532,#2533));
#505=EDGE_LOOP('',(#2534,#2535,#2536,#2537,#2538,#2539,#2540,#2541,#2542,
#2543,#2544,#2545,#2546,#2547,#2548,#2549,#2550,#2551,#2552,#2553,#2554,
#2555,#2556,#2557,#2558,#2559,#2560,#2561,#2562,#2563,#2564,#2565,#2566,
#2567,#2568,#2569,#2570,#2571,#2572));
#506=EDGE_LOOP('',(#2573,#2574,#2575,#2576));
#507=EDGE_LOOP('',(#2577,#2578,#2579,#2580));
#508=EDGE_LOOP('',(#2581,#2582,#2583,#2584));
#509=EDGE_LOOP('',(#2585,#2586,#2587,#2588));
#510=EDGE_LOOP('',(#2589,#2590,#2591,#2592));
#511=EDGE_LOOP('',(#2593,#2594,#2595,#2596));
#512=EDGE_LOOP('',(#2597,#2598,#2599,#2600));
#513=EDGE_LOOP('',(#2601,#2602,#2603,#2604));
#514=EDGE_LOOP('',(#2605,#2606,#2607,#2608));
#515=EDGE_LOOP('',(#2609,#2610,#2611,#2612));
#516=EDGE_LOOP('',(#2613,#2614,#2615,#2616));
#517=EDGE_LOOP('',(#2617,#2618,#2619,#2620));
#518=EDGE_LOOP('',(#2621,#2622,#2623,#2624));
#519=EDGE_LOOP('',(#2625,#2626,#2627,#2628));
#520=EDGE_LOOP('',(#2629,#2630,#2631,#2632));
#521=EDGE_LOOP('',(#2633,#2634,#2635,#2636));
#522=EDGE_LOOP('',(#2637,#2638,#2639,#2640));
#523=EDGE_LOOP('',(#2641,#2642,#2643,#2644));
#524=EDGE_LOOP('',(#2645,#2646,#2647,#2648));
#525=EDGE_LOOP('',(#2649,#2650,#2651,#2652));
#526=EDGE_LOOP('',(#2653,#2654,#2655,#2656));
#527=EDGE_LOOP('',(#2657,#2658,#2659,#2660,#2661,#2662,#2663,#2664,#2665,
#2666,#2667,#2668,#2669,#2670,#2671,#2672,#2673,#2674,#2675,#2676,#2677,
#2678,#2679,#2680,#2681,#2682,#2683,#2684,#2685,#2686,#2687,#2688,#2689,
#2690,#2691,#2692,#2693,#2694,#2695));
#528=EDGE_LOOP('',(#2696,#2697,#2698,#2699));
#529=EDGE_LOOP('',(#2700,#2701,#2702,#2703));
#530=EDGE_LOOP('',(#2704,#2705,#2706,#2707));
#531=EDGE_LOOP('',(#2708,#2709,#2710,#2711));
#532=EDGE_LOOP('',(#2712,#2713,#2714,#2715));
#533=EDGE_LOOP('',(#2716,#2717,#2718,#2719));
#534=EDGE_LOOP('',(#2720,#2721,#2722,#2723));
#535=EDGE_LOOP('',(#2724,#2725,#2726,#2727));
#536=EDGE_LOOP('',(#2728,#2729,#2730,#2731));
#537=EDGE_LOOP('',(#2732,#2733,#2734,#2735));
#538=EDGE_LOOP('',(#2736,#2737,#2738,#2739,#2740,#2741));
#539=EDGE_LOOP('',(#2742,#2743,#2744,#2745,#2746,#2747));
#540=EDGE_LOOP('',(#2748,#2749,#2750,#2751,#2752,#2753));
#541=EDGE_LOOP('',(#2754,#2755,#2756,#2757,#2758,#2759));
#542=EDGE_LOOP('',(#2760,#2761,#2762,#2763));
#543=EDGE_LOOP('',(#2764,#2765,#2766,#2767));
#544=EDGE_LOOP('',(#2768,#2769,#2770,#2771));
#545=EDGE_LOOP('',(#2772,#2773,#2774,#2775));
#546=EDGE_LOOP('',(#2776,#2777,#2778,#2779));
#547=EDGE_LOOP('',(#2780,#2781,#2782,#2783));
#548=EDGE_LOOP('',(#2784,#2785,#2786,#2787));
#549=EDGE_LOOP('',(#2788,#2789,#2790,#2791));
#550=EDGE_LOOP('',(#2792,#2793,#2794,#2795));
#551=EDGE_LOOP('',(#2796,#2797,#2798,#2799,#2800,#2801));
#552=EDGE_LOOP('',(#2802,#2803,#2804,#2805));
#553=EDGE_LOOP('',(#2806,#2807,#2808,#2809));
#554=EDGE_LOOP('',(#2810,#2811,#2812,#2813));
#555=EDGE_LOOP('',(#2814,#2815,#2816,#2817));
#556=EDGE_LOOP('',(#2818,#2819,#2820,#2821));
#557=EDGE_LOOP('',(#2822,#2823,#2824,#2825));
#558=EDGE_LOOP('',(#2826,#2827,#2828,#2829));
#559=EDGE_LOOP('',(#2830,#2831,#2832));
#560=EDGE_LOOP('',(#2833,#2834,#2835));
#561=EDGE_LOOP('',(#2836,#2837,#2838));
#562=EDGE_LOOP('',(#2839,#2840,#2841));
#563=EDGE_LOOP('',(#2842,#2843,#2844));
#564=EDGE_LOOP('',(#2845,#2846,#2847));
#565=EDGE_LOOP('',(#2848,#2849,#2850));
#566=EDGE_LOOP('',(#2851,#2852,#2853));
#567=EDGE_LOOP('',(#2854,#2855,#2856));
#568=EDGE_LOOP('',(#2857,#2858,#2859));
#569=EDGE_LOOP('',(#2860,#2861,#2862));
#570=EDGE_LOOP('',(#2863,#2864,#2865));
#571=EDGE_LOOP('',(#2866,#2867,#2868));
#572=EDGE_LOOP('',(#2869,#2870,#2871));
#573=EDGE_LOOP('',(#2872,#2873,#2874));
#574=EDGE_LOOP('',(#2875,#2876,#2877));
#575=EDGE_LOOP('',(#2878,#2879,#2880));
#576=EDGE_LOOP('',(#2881,#2882,#2883));
#577=EDGE_LOOP('',(#2884,#2885,#2886));
#578=EDGE_LOOP('',(#2887,#2888,#2889));
#579=EDGE_LOOP('',(#2890,#2891,#2892));
#580=EDGE_LOOP('',(#2893,#2894,#2895));
#581=EDGE_LOOP('',(#2896,#2897,#2898,#2899,#2900,#2901));
#582=EDGE_LOOP('',(#2902,#2903,#2904,#2905,#2906,#2907));
#583=EDGE_LOOP('',(#2908,#2909,#2910,#2911,#2912));
#584=EDGE_LOOP('',(#2913,#2914,#2915,#2916,#2917,#2918));
#585=EDGE_LOOP('',(#2919,#2920,#2921,#2922,#2923,#2924));
#586=EDGE_LOOP('',(#2925,#2926,#2927,#2928,#2929,#2930));
#587=EDGE_LOOP('',(#2931,#2932,#2933,#2934,#2935,#2936));
#588=EDGE_LOOP('',(#2937,#2938,#2939,#2940,#2941,#2942));
#589=EDGE_LOOP('',(#2943,#2944,#2945,#2946,#2947));
#590=EDGE_LOOP('',(#2948,#2949,#2950,#2951,#2952,#2953));
#591=EDGE_LOOP('',(#2954,#2955,#2956,#2957,#2958));
#592=EDGE_LOOP('',(#2959,#2960,#2961,#2962,#2963));
#593=EDGE_LOOP('',(#2964,#2965,#2966,#2967));
#594=EDGE_LOOP('',(#2968,#2969,#2970,#2971));
#595=EDGE_LOOP('',(#2972,#2973,#2974,#2975,#2976));
#596=EDGE_LOOP('',(#2977,#2978,#2979,#2980,#2981));
#597=EDGE_LOOP('',(#2982,#2983,#2984,#2985));
#598=EDGE_LOOP('',(#2986,#2987,#2988,#2989));
#599=EDGE_LOOP('',(#2990,#2991,#2992,#2993,#2994,#2995));
#600=EDGE_LOOP('',(#2996,#2997,#2998));
#601=EDGE_LOOP('',(#2999,#3000,#3001,#3002,#3003,#3004,#3005,#3006,#3007,
#3008));
#602=EDGE_LOOP('',(#3009,#3010,#3011,#3012,#3013,#3014));
#603=EDGE_LOOP('',(#3015,#3016,#3017));
#604=EDGE_LOOP('',(#3018,#3019,#3020,#3021,#3022,#3023));
#605=EDGE_LOOP('',(#3024,#3025,#3026,#3027,#3028,#3029,#3030,#3031,#3032,
#3033));
#606=EDGE_LOOP('',(#3034,#3035,#3036,#3037,#3038,#3039,#3040,#3041,#3042,
#3043,#3044,#3045,#3046,#3047,#3048,#3049));
#607=EDGE_LOOP('',(#3050,#3051,#3052,#3053));
#608=EDGE_LOOP('',(#3054,#3055,#3056,#3057));
#609=EDGE_LOOP('',(#3058,#3059,#3060,#3061));
#610=EDGE_LOOP('',(#3062,#3063,#3064,#3065));
#611=EDGE_LOOP('',(#3066,#3067,#3068,#3069));
#612=EDGE_LOOP('',(#3070,#3071,#3072,#3073));
#613=EDGE_LOOP('',(#3074,#3075,#3076,#3077,#3078,#3079));
#614=EDGE_LOOP('',(#3080,#3081,#3082));
#615=EDGE_LOOP('',(#3083,#3084,#3085,#3086));
#616=EDGE_LOOP('',(#3087,#3088,#3089,#3090));
#617=EDGE_LOOP('',(#3091,#3092,#3093,#3094));
#618=EDGE_LOOP('',(#3095,#3096,#3097,#3098));
#619=EDGE_LOOP('',(#3099,#3100,#3101,#3102));
#620=EDGE_LOOP('',(#3103,#3104,#3105,#3106));
#621=EDGE_LOOP('',(#3107,#3108,#3109,#3110));
#622=EDGE_LOOP('',(#3111,#3112,#3113,#3114));
#623=EDGE_LOOP('',(#3115,#3116,#3117,#3118));
#624=EDGE_LOOP('',(#3119,#3120,#3121,#3122));
#625=EDGE_LOOP('',(#3123,#3124,#3125,#3126));
#626=EDGE_LOOP('',(#3127,#3128,#3129,#3130));
#627=EDGE_LOOP('',(#3131,#3132,#3133,#3134,#3135,#3136));
#628=EDGE_LOOP('',(#3137,#3138,#3139));
#629=EDGE_LOOP('',(#3140,#3141,#3142,#3143));
#630=EDGE_LOOP('',(#3144,#3145,#3146,#3147));
#631=EDGE_LOOP('',(#3148,#3149,#3150,#3151));
#632=EDGE_LOOP('',(#3152,#3153,#3154,#3155));
#633=EDGE_LOOP('',(#3156,#3157,#3158,#3159));
#634=EDGE_LOOP('',(#3160,#3161,#3162,#3163));
#635=EDGE_LOOP('',(#3164,#3165,#3166,#3167,#3168,#3169,#3170,#3171,#3172,
#3173));
#636=EDGE_LOOP('',(#3174,#3175,#3176,#3177,#3178,#3179,#3180,#3181,#3182,
#3183));
#637=EDGE_LOOP('',(#3184,#3185,#3186,#3187,#3188,#3189,#3190,#3191,#3192,
#3193));
#638=EDGE_LOOP('',(#3194,#3195,#3196,#3197,#3198));
#639=EDGE_LOOP('',(#3199,#3200,#3201,#3202,#3203));
#640=EDGE_LOOP('',(#3204,#3205,#3206,#3207,#3208));
#641=EDGE_LOOP('',(#3209,#3210,#3211,#3212,#3213,#3214,#3215,#3216,#3217,
#3218));
#642=EDGE_LOOP('',(#3219,#3220,#3221,#3222,#3223));
#643=EDGE_LOOP('',(#3224,#3225,#3226,#3227,#3228));
#644=EDGE_LOOP('',(#3229,#3230,#3231,#3232,#3233));
#645=EDGE_LOOP('',(#3234,#3235,#3236,#3237,#3238,#3239));
#646=EDGE_LOOP('',(#3240,#3241,#3242,#3243,#3244,#3245));
#647=EDGE_LOOP('',(#3246,#3247,#3248,#3249,#3250,#3251));
#648=EDGE_LOOP('',(#3252,#3253,#3254,#3255));
#649=EDGE_LOOP('',(#3256,#3257,#3258,#3259));
#650=EDGE_LOOP('',(#3260,#3261,#3262,#3263,#3264,#3265));
#651=EDGE_LOOP('',(#3266,#3267,#3268,#3269,#3270,#3271));
#652=EDGE_LOOP('',(#3272,#3273,#3274,#3275,#3276,#3277));
#653=EDGE_LOOP('',(#3278,#3279,#3280,#3281,#3282,#3283,#3284,#3285,#3286,
#3287,#3288,#3289));
#654=EDGE_LOOP('',(#3290,#3291,#3292,#3293,#3294,#3295));
#655=EDGE_LOOP('',(#3296,#3297,#3298,#3299));
#656=EDGE_LOOP('',(#3300,#3301,#3302,#3303));
#657=EDGE_LOOP('',(#3304,#3305,#3306,#3307,#3308,#3309));
#658=LINE('',#4921,#1024);
#659=LINE('',#4925,#1025);
#660=LINE('',#4932,#1026);
#661=LINE('',#4936,#1027);
#662=LINE('',#4940,#1028);
#663=LINE('',#4944,#1029);
#664=LINE('',#4948,#1030);
#665=LINE('',#4951,#1031);
#666=LINE('',#4955,#1032);
#667=LINE('',#4959,#1033);
#668=LINE('',#4961,#1034);
#669=LINE('',#4963,#1035);
#670=LINE('',#4967,#1036);
#671=LINE('',#4971,#1037);
#672=LINE('',#4975,#1038);
#673=LINE('',#4979,#1039);
#674=LINE('',#4983,#1040);
#675=LINE('',#4987,#1041);
#676=LINE('',#4991,#1042);
#677=LINE('',#4995,#1043);
#678=LINE('',#4999,#1044);
#679=LINE('',#5004,#1045);
#680=LINE('',#5006,#1046);
#681=LINE('',#5008,#1047);
#682=LINE('',#5009,#1048);
#683=LINE('',#5014,#1049);
#684=LINE('',#5019,#1050);
#685=LINE('',#5020,#1051);
#686=LINE('',#5021,#1052);
#687=LINE('',#5026,#1053);
#688=LINE('',#5031,#1054);
#689=LINE('',#5032,#1055);
#690=LINE('',#5033,#1056);
#691=LINE('',#5038,#1057);
#692=LINE('',#5043,#1058);
#693=LINE('',#5044,#1059);
#694=LINE('',#5045,#1060);
#695=LINE('',#5050,#1061);
#696=LINE('',#5055,#1062);
#697=LINE('',#5056,#1063);
#698=LINE('',#5057,#1064);
#699=LINE('',#5062,#1065);
#700=LINE('',#5067,#1066);
#701=LINE('',#5068,#1067);
#702=LINE('',#5069,#1068);
#703=LINE('',#5074,#1069);
#704=LINE('',#5075,#1070);
#705=LINE('',#5077,#1071);
#706=LINE('',#5079,#1072);
#707=LINE('',#5081,#1073);
#708=LINE('',#5083,#1074);
#709=LINE('',#5085,#1075);
#710=LINE('',#5089,#1076);
#711=LINE('',#5093,#1077);
#712=LINE('',#5097,#1078);
#713=LINE('',#5101,#1079);
#714=LINE('',#5105,#1080);
#715=LINE('',#5109,#1081);
#716=LINE('',#5113,#1082);
#717=LINE('',#5117,#1083);
#718=LINE('',#5121,#1084);
#719=LINE('',#5125,#1085);
#720=LINE('',#5129,#1086);
#721=LINE('',#5133,#1087);
#722=LINE('',#5139,#1088);
#723=LINE('',#5140,#1089);
#724=LINE('',#5143,#1090);
#725=LINE('',#5147,#1091);
#726=LINE('',#5148,#1092);
#727=LINE('',#5151,#1093);
#728=LINE('',#5155,#1094);
#729=LINE('',#5156,#1095);
#730=LINE('',#5159,#1096);
#731=LINE('',#5163,#1097);
#732=LINE('',#5164,#1098);
#733=LINE('',#5167,#1099);
#734=LINE('',#5171,#1100);
#735=LINE('',#5172,#1101);
#736=LINE('',#5175,#1102);
#737=LINE('',#5179,#1103);
#738=LINE('',#5180,#1104);
#739=LINE('',#5183,#1105);
#740=LINE('',#5187,#1106);
#741=LINE('',#5188,#1107);
#742=LINE('',#5191,#1108);
#743=LINE('',#5195,#1109);
#744=LINE('',#5196,#1110);
#745=LINE('',#5199,#1111);
#746=LINE('',#5203,#1112);
#747=LINE('',#5204,#1113);
#748=LINE('',#5207,#1114);
#749=LINE('',#5211,#1115);
#750=LINE('',#5212,#1116);
#751=LINE('',#5215,#1117);
#752=LINE('',#5220,#1118);
#753=LINE('',#5223,#1119);
#754=LINE('',#5227,#1120);
#755=LINE('',#5229,#1121);
#756=LINE('',#5231,#1122);
#757=LINE('',#5233,#1123);
#758=LINE('',#5235,#1124);
#759=LINE('',#5237,#1125);
#760=LINE('',#5239,#1126);
#761=LINE('',#5241,#1127);
#762=LINE('',#5243,#1128);
#763=LINE('',#5245,#1129);
#764=LINE('',#5247,#1130);
#765=LINE('',#5249,#1131);
#766=LINE('',#5251,#1132);
#767=LINE('',#5253,#1133);
#768=LINE('',#5255,#1134);
#769=LINE('',#5257,#1135);
#770=LINE('',#5259,#1136);
#771=LINE('',#5261,#1137);
#772=LINE('',#5263,#1138);
#773=LINE('',#5265,#1139);
#774=LINE('',#5267,#1140);
#775=LINE('',#5269,#1141);
#776=LINE('',#5271,#1142);
#777=LINE('',#5273,#1143);
#778=LINE('',#5275,#1144);
#779=LINE('',#5277,#1145);
#780=LINE('',#5279,#1146);
#781=LINE('',#5281,#1147);
#782=LINE('',#5283,#1148);
#783=LINE('',#5285,#1149);
#784=LINE('',#5287,#1150);
#785=LINE('',#5289,#1151);
#786=LINE('',#5291,#1152);
#787=LINE('',#5293,#1153);
#788=LINE('',#5295,#1154);
#789=LINE('',#5297,#1155);
#790=LINE('',#5298,#1156);
#791=LINE('',#5300,#1157);
#792=LINE('',#5301,#1158);
#793=LINE('',#5305,#1159);
#794=LINE('',#5308,#1160);
#795=LINE('',#5309,#1161);
#796=LINE('',#5313,#1162);
#797=LINE('',#5316,#1163);
#798=LINE('',#5317,#1164);
#799=LINE('',#5321,#1165);
#800=LINE('',#5324,#1166);
#801=LINE('',#5325,#1167);
#802=LINE('',#5329,#1168);
#803=LINE('',#5332,#1169);
#804=LINE('',#5333,#1170);
#805=LINE('',#5336,#1171);
#806=LINE('',#5340,#1172);
#807=LINE('',#5341,#1173);
#808=LINE('',#5344,#1174);
#809=LINE('',#5348,#1175);
#810=LINE('',#5349,#1176);
#811=LINE('',#5353,#1177);
#812=LINE('',#5356,#1178);
#813=LINE('',#5357,#1179);
#814=LINE('',#5361,#1180);
#815=LINE('',#5364,#1181);
#816=LINE('',#5365,#1182);
#817=LINE('',#5369,#1183);
#818=LINE('',#5372,#1184);
#819=LINE('',#5373,#1185);
#820=LINE('',#5377,#1186);
#821=LINE('',#5380,#1187);
#822=LINE('',#5381,#1188);
#823=LINE('',#5384,#1189);
#824=LINE('',#5386,#1190);
#825=LINE('',#5388,#1191);
#826=LINE('',#5390,#1192);
#827=LINE('',#5392,#1193);
#828=LINE('',#5394,#1194);
#829=LINE('',#5396,#1195);
#830=LINE('',#5398,#1196);
#831=LINE('',#5400,#1197);
#832=LINE('',#5402,#1198);
#833=LINE('',#5404,#1199);
#834=LINE('',#5406,#1200);
#835=LINE('',#5408,#1201);
#836=LINE('',#5410,#1202);
#837=LINE('',#5412,#1203);
#838=LINE('',#5414,#1204);
#839=LINE('',#5416,#1205);
#840=LINE('',#5418,#1206);
#841=LINE('',#5420,#1207);
#842=LINE('',#5422,#1208);
#843=LINE('',#5424,#1209);
#844=LINE('',#5426,#1210);
#845=LINE('',#5428,#1211);
#846=LINE('',#5430,#1212);
#847=LINE('',#5432,#1213);
#848=LINE('',#5434,#1214);
#849=LINE('',#5436,#1215);
#850=LINE('',#5438,#1216);
#851=LINE('',#5440,#1217);
#852=LINE('',#5442,#1218);
#853=LINE('',#5444,#1219);
#854=LINE('',#5446,#1220);
#855=LINE('',#5448,#1221);
#856=LINE('',#5450,#1222);
#857=LINE('',#5452,#1223);
#858=LINE('',#5453,#1224);
#859=LINE('',#5454,#1225);
#860=LINE('',#5456,#1226);
#861=LINE('',#5458,#1227);
#862=LINE('',#5460,#1228);
#863=LINE('',#5462,#1229);
#864=LINE('',#5464,#1230);
#865=LINE('',#5466,#1231);
#866=LINE('',#5468,#1232);
#867=LINE('',#5470,#1233);
#868=LINE('',#5472,#1234);
#869=LINE('',#5474,#1235);
#870=LINE('',#5477,#1236);
#871=LINE('',#5479,#1237);
#872=LINE('',#5481,#1238);
#873=LINE('',#5483,#1239);
#874=LINE('',#5485,#1240);
#875=LINE('',#5486,#1241);
#876=LINE('',#5489,#1242);
#877=LINE('',#5491,#1243);
#878=LINE('',#5493,#1244);
#879=LINE('',#5495,#1245);
#880=LINE('',#5497,#1246);
#881=LINE('',#5498,#1247);
#882=LINE('',#5501,#1248);
#883=LINE('',#5503,#1249);
#884=LINE('',#5505,#1250);
#885=LINE('',#5507,#1251);
#886=LINE('',#5509,#1252);
#887=LINE('',#5510,#1253);
#888=LINE('',#5513,#1254);
#889=LINE('',#5515,#1255);
#890=LINE('',#5517,#1256);
#891=LINE('',#5519,#1257);
#892=LINE('',#5521,#1258);
#893=LINE('',#5522,#1259);
#894=LINE('',#5524,#1260);
#895=LINE('',#5526,#1261);
#896=LINE('',#5528,#1262);
#897=LINE('',#5530,#1263);
#898=LINE('',#5532,#1264);
#899=LINE('',#5534,#1265);
#900=LINE('',#5536,#1266);
#901=LINE('',#5538,#1267);
#902=LINE('',#5541,#1268);
#903=LINE('',#5543,#1269);
#904=LINE('',#5544,#1270);
#905=LINE('',#5547,#1271);
#906=LINE('',#5548,#1272);
#907=LINE('',#5551,#1273);
#908=LINE('',#5644,#1274);
#909=LINE('',#5645,#1275);
#910=LINE('',#5647,#1276);
#911=LINE('',#5650,#1277);
#912=LINE('',#5653,#1278);
#913=LINE('',#5656,#1279);
#914=LINE('',#5660,#1280);
#915=LINE('',#5661,#1281);
#916=LINE('',#5663,#1282);
#917=LINE('',#5664,#1283);
#918=LINE('',#5666,#1284);
#919=LINE('',#5667,#1285);
#920=LINE('',#5669,#1286);
#921=LINE('',#5670,#1287);
#922=LINE('',#5672,#1288);
#923=LINE('',#5675,#1289);
#924=LINE('',#5678,#1290);
#925=LINE('',#5680,#1291);
#926=LINE('',#5681,#1292);
#927=LINE('',#5684,#1293);
#928=LINE('',#5686,#1294);
#929=LINE('',#5688,#1295);
#930=LINE('',#5689,#1296);
#931=LINE('',#5693,#1297);
#932=LINE('',#5694,#1298);
#933=LINE('',#5696,#1299);
#934=LINE('',#5697,#1300);
#935=LINE('',#5701,#1301);
#936=LINE('',#5703,#1302);
#937=LINE('',#5705,#1303);
#938=LINE('',#5706,#1304);
#939=LINE('',#5709,#1305);
#940=LINE('',#5711,#1306);
#941=LINE('',#5712,#1307);
#942=LINE('',#5716,#1308);
#943=LINE('',#5718,#1309);
#944=LINE('',#5720,#1310);
#945=LINE('',#5722,#1311);
#946=LINE('',#5723,#1312);
#947=LINE('',#5727,#1313);
#948=LINE('',#5728,#1314);
#949=LINE('',#5730,#1315);
#950=LINE('',#5731,#1316);
#951=LINE('',#5735,#1317);
#952=LINE('',#5737,#1318);
#953=LINE('',#5739,#1319);
#954=LINE('',#5740,#1320);
#955=LINE('',#5743,#1321);
#956=LINE('',#5745,#1322);
#957=LINE('',#5746,#1323);
#958=LINE('',#5750,#1324);
#959=LINE('',#5752,#1325);
#960=LINE('',#5754,#1326);
#961=LINE('',#5756,#1327);
#962=LINE('',#5758,#1328);
#963=LINE('',#5759,#1329);
#964=LINE('',#5779,#1330);
#965=LINE('',#5781,#1331);
#966=LINE('',#5783,#1332);
#967=LINE('',#5785,#1333);
#968=LINE('',#5787,#1334);
#969=LINE('',#5788,#1335);
#970=LINE('',#5791,#1336);
#971=LINE('',#5794,#1337);
#972=LINE('',#5808,#1338);
#973=LINE('',#5809,#1339);
#974=LINE('',#5810,#1340);
#975=LINE('',#5811,#1341);
#976=LINE('',#5814,#1342);
#977=LINE('',#5816,#1343);
#978=LINE('',#5817,#1344);
#979=LINE('',#5820,#1345);
#980=LINE('',#5821,#1346);
#981=LINE('',#5824,#1347);
#982=LINE('',#5825,#1348);
#983=LINE('',#5828,#1349);
#984=LINE('',#5829,#1350);
#985=LINE('',#5832,#1351);
#986=LINE('',#5833,#1352);
#987=LINE('',#5835,#1353);
#988=LINE('',#5838,#1354);
#989=LINE('',#5839,#1355);
#990=LINE('',#5841,#1356);
#991=LINE('',#5843,#1357);
#992=LINE('',#5845,#1358);
#993=LINE('',#5847,#1359);
#994=LINE('',#5851,#1360);
#995=LINE('',#5853,#1361);
#996=LINE('',#5854,#1362);
#997=LINE('',#5857,#1363);
#998=LINE('',#5858,#1364);
#999=LINE('',#5861,#1365);
#1000=LINE('',#5862,#1366);
#1001=LINE('',#5865,#1367);
#1002=LINE('',#5866,#1368);
#1003=LINE('',#5869,#1369);
#1004=LINE('',#5870,#1370);
#1005=LINE('',#5872,#1371);
#1006=LINE('',#5875,#1372);
#1007=LINE('',#5876,#1373);
#1008=LINE('',#5878,#1374);
#1009=LINE('',#5880,#1375);
#1010=LINE('',#5882,#1376);
#1011=LINE('',#5884,#1377);
#1012=LINE('',#5908,#1378);
#1013=LINE('',#5909,#1379);
#1014=LINE('',#5911,#1380);
#1015=LINE('',#5915,#1381);
#1016=LINE('',#5916,#1382);
#1017=LINE('',#5918,#1383);
#1018=LINE('',#5923,#1384);
#1019=LINE('',#5926,#1385);
#1020=LINE('',#5931,#1386);
#1021=LINE('',#5933,#1387);
#1022=LINE('',#5935,#1388);
#1023=LINE('',#5937,#1389);
#1024=VECTOR('',#3884,2.95);
#1025=VECTOR('',#3889,2.75);
#1026=VECTOR('',#3896,9.99999999999999);
#1027=VECTOR('',#3899,10.);
#1028=VECTOR('',#3902,10.);
#1029=VECTOR('',#3905,9.99999999999999);
#1030=VECTOR('',#3908,10.);
#1031=VECTOR('',#3911,10.);
#1032=VECTOR('',#3916,2.95);
#1033=VECTOR('',#3919,10.);
#1034=VECTOR('',#3920,10.);
#1035=VECTOR('',#3921,10.);
#1036=VECTOR('',#3924,10.);
#1037=VECTOR('',#3927,10.);
#1038=VECTOR('',#3930,10.);
#1039=VECTOR('',#3933,10.);
#1040=VECTOR('',#3936,10.);
#1041=VECTOR('',#3939,10.);
#1042=VECTOR('',#3942,10.);
#1043=VECTOR('',#3945,10.);
#1044=VECTOR('',#3948,10.);
#1045=VECTOR('',#3953,10.);
#1046=VECTOR('',#3954,10.);
#1047=VECTOR('',#3955,10.);
#1048=VECTOR('',#3956,10.);
#1049=VECTOR('',#3961,10.);
#1050=VECTOR('',#3966,10.);
#1051=VECTOR('',#3967,10.);
#1052=VECTOR('',#3968,10.);
#1053=VECTOR('',#3973,10.);
#1054=VECTOR('',#3978,10.);
#1055=VECTOR('',#3979,10.);
#1056=VECTOR('',#3980,10.);
#1057=VECTOR('',#3985,10.);
#1058=VECTOR('',#3990,10.);
#1059=VECTOR('',#3991,10.);
#1060=VECTOR('',#3992,10.);
#1061=VECTOR('',#3997,10.);
#1062=VECTOR('',#4002,10.);
#1063=VECTOR('',#4003,10.);
#1064=VECTOR('',#4004,10.);
#1065=VECTOR('',#4009,10.);
#1066=VECTOR('',#4014,10.);
#1067=VECTOR('',#4015,10.);
#1068=VECTOR('',#4016,10.);
#1069=VECTOR('',#4025,10.);
#1070=VECTOR('',#4026,10.);
#1071=VECTOR('',#4029,10.);
#1072=VECTOR('',#4032,10.);
#1073=VECTOR('',#4035,10.);
#1074=VECTOR('',#4038,10.);
#1075=VECTOR('',#4041,10.);
#1076=VECTOR('',#4044,10.);
#1077=VECTOR('',#4047,10.);
#1078=VECTOR('',#4050,10.);
#1079=VECTOR('',#4053,10.);
#1080=VECTOR('',#4056,10.);
#1081=VECTOR('',#4059,10.);
#1082=VECTOR('',#4062,10.);
#1083=VECTOR('',#4065,10.);
#1084=VECTOR('',#4068,10.);
#1085=VECTOR('',#4071,10.);
#1086=VECTOR('',#4074,10.);
#1087=VECTOR('',#4077,10.);
#1088=VECTOR('',#4084,10.);
#1089=VECTOR('',#4085,10.);
#1090=VECTOR('',#4088,10.);
#1091=VECTOR('',#4093,10.);
#1092=VECTOR('',#4094,10.);
#1093=VECTOR('',#4097,10.);
#1094=VECTOR('',#4102,10.);
#1095=VECTOR('',#4103,10.);
#1096=VECTOR('',#4106,10.);
#1097=VECTOR('',#4111,10.);
#1098=VECTOR('',#4112,10.);
#1099=VECTOR('',#4115,10.);
#1100=VECTOR('',#4120,10.);
#1101=VECTOR('',#4121,10.);
#1102=VECTOR('',#4124,10.);
#1103=VECTOR('',#4129,10.);
#1104=VECTOR('',#4130,10.);
#1105=VECTOR('',#4133,10.);
#1106=VECTOR('',#4138,10.);
#1107=VECTOR('',#4139,10.);
#1108=VECTOR('',#4142,10.);
#1109=VECTOR('',#4147,10.);
#1110=VECTOR('',#4148,10.);
#1111=VECTOR('',#4151,10.);
#1112=VECTOR('',#4156,10.);
#1113=VECTOR('',#4157,10.);
#1114=VECTOR('',#4160,10.);
#1115=VECTOR('',#4165,10.);
#1116=VECTOR('',#4166,10.);
#1117=VECTOR('',#4169,10.);
#1118=VECTOR('',#4176,10.);
#1119=VECTOR('',#4179,10.);
#1120=VECTOR('',#4184,10.);
#1121=VECTOR('',#4185,10.);
#1122=VECTOR('',#4186,9.99999999999999);
#1123=VECTOR('',#4187,9.99999999999999);
#1124=VECTOR('',#4188,10.);
#1125=VECTOR('',#4189,9.99999999999999);
#1126=VECTOR('',#4190,9.99999999999999);
#1127=VECTOR('',#4191,10.);
#1128=VECTOR('',#4192,9.99999999999999);
#1129=VECTOR('',#4193,9.99999999999999);
#1130=VECTOR('',#4194,10.);
#1131=VECTOR('',#4195,9.99999999999999);
#1132=VECTOR('',#4196,9.99999999999999);
#1133=VECTOR('',#4197,10.);
#1134=VECTOR('',#4198,9.99999999999999);
#1135=VECTOR('',#4199,9.99999999999999);
#1136=VECTOR('',#4200,10.);
#1137=VECTOR('',#4201,9.99999999999999);
#1138=VECTOR('',#4202,9.99999999999999);
#1139=VECTOR('',#4203,10.);
#1140=VECTOR('',#4204,9.99999999999999);
#1141=VECTOR('',#4205,9.99999999999999);
#1142=VECTOR('',#4206,10.);
#1143=VECTOR('',#4207,9.99999999999999);
#1144=VECTOR('',#4208,10.);
#1145=VECTOR('',#4209,10.);
#1146=VECTOR('',#4210,9.99999999999999);
#1147=VECTOR('',#4211,10.);
#1148=VECTOR('',#4212,10.);
#1149=VECTOR('',#4213,9.99999999999999);
#1150=VECTOR('',#4214,9.99999999999999);
#1151=VECTOR('',#4215,10.);
#1152=VECTOR('',#4216,9.99999999999999);
#1153=VECTOR('',#4217,9.99999999999999);
#1154=VECTOR('',#4218,10.);
#1155=VECTOR('',#4219,9.99999999999999);
#1156=VECTOR('',#4220,9.99999999999999);
#1157=VECTOR('',#4223,10.);
#1158=VECTOR('',#4224,10.);
#1159=VECTOR('',#4229,10.);
#1160=VECTOR('',#4232,10.);
#1161=VECTOR('',#4233,10.);
#1162=VECTOR('',#4238,10.);
#1163=VECTOR('',#4241,10.);
#1164=VECTOR('',#4242,10.);
#1165=VECTOR('',#4247,10.);
#1166=VECTOR('',#4250,10.);
#1167=VECTOR('',#4251,10.);
#1168=VECTOR('',#4256,10.);
#1169=VECTOR('',#4259,10.);
#1170=VECTOR('',#4260,10.);
#1171=VECTOR('',#4263,10.);
#1172=VECTOR('',#4268,10.);
#1173=VECTOR('',#4269,10.);
#1174=VECTOR('',#4272,10.);
#1175=VECTOR('',#4277,10.);
#1176=VECTOR('',#4278,10.);
#1177=VECTOR('',#4283,10.);
#1178=VECTOR('',#4286,10.);
#1179=VECTOR('',#4287,10.);
#1180=VECTOR('',#4292,10.);
#1181=VECTOR('',#4295,10.);
#1182=VECTOR('',#4296,10.);
#1183=VECTOR('',#4301,10.);
#1184=VECTOR('',#4304,10.);
#1185=VECTOR('',#4305,10.);
#1186=VECTOR('',#4310,10.);
#1187=VECTOR('',#4313,10.);
#1188=VECTOR('',#4314,10.);
#1189=VECTOR('',#4317,10.);
#1190=VECTOR('',#4318,9.99999999999999);
#1191=VECTOR('',#4319,9.99999999999999);
#1192=VECTOR('',#4320,10.);
#1193=VECTOR('',#4321,9.99999999999999);
#1194=VECTOR('',#4322,9.99999999999999);
#1195=VECTOR('',#4323,10.);
#1196=VECTOR('',#4324,9.99999999999999);
#1197=VECTOR('',#4325,9.99999999999999);
#1198=VECTOR('',#4326,10.);
#1199=VECTOR('',#4327,10.);
#1200=VECTOR('',#4328,9.99999999999999);
#1201=VECTOR('',#4329,10.);
#1202=VECTOR('',#4330,10.);
#1203=VECTOR('',#4331,9.99999999999999);
#1204=VECTOR('',#4332,10.);
#1205=VECTOR('',#4333,9.99999999999999);
#1206=VECTOR('',#4334,9.99999999999999);
#1207=VECTOR('',#4335,10.);
#1208=VECTOR('',#4336,9.99999999999999);
#1209=VECTOR('',#4337,9.99999999999999);
#1210=VECTOR('',#4338,10.);
#1211=VECTOR('',#4339,9.99999999999999);
#1212=VECTOR('',#4340,9.99999999999999);
#1213=VECTOR('',#4341,10.);
#1214=VECTOR('',#4342,9.99999999999999);
#1215=VECTOR('',#4343,9.99999999999999);
#1216=VECTOR('',#4344,10.);
#1217=VECTOR('',#4345,9.99999999999999);
#1218=VECTOR('',#4346,9.99999999999999);
#1219=VECTOR('',#4347,10.);
#1220=VECTOR('',#4348,9.99999999999999);
#1221=VECTOR('',#4349,9.99999999999999);
#1222=VECTOR('',#4350,10.);
#1223=VECTOR('',#4351,9.99999999999999);
#1224=VECTOR('',#4352,9.99999999999999);
#1225=VECTOR('',#4353,10.);
#1226=VECTOR('',#4356,10.);
#1227=VECTOR('',#4359,10.);
#1228=VECTOR('',#4362,10.);
#1229=VECTOR('',#4365,10.);
#1230=VECTOR('',#4368,10.);
#1231=VECTOR('',#4371,10.);
#1232=VECTOR('',#4374,10.);
#1233=VECTOR('',#4377,10.);
#1234=VECTOR('',#4380,10.);
#1235=VECTOR('',#4383,10.);
#1236=VECTOR('',#4384,9.99999999999999);
#1237=VECTOR('',#4385,10.);
#1238=VECTOR('',#4386,10.);
#1239=VECTOR('',#4387,9.99999999999999);
#1240=VECTOR('',#4388,10.);
#1241=VECTOR('',#4389,10.);
#1242=VECTOR('',#4390,10.);
#1243=VECTOR('',#4391,10.);
#1244=VECTOR('',#4392,10.);
#1245=VECTOR('',#4393,10.);
#1246=VECTOR('',#4394,10.);
#1247=VECTOR('',#4395,10.);
#1248=VECTOR('',#4396,10.);
#1249=VECTOR('',#4397,10.);
#1250=VECTOR('',#4398,10.);
#1251=VECTOR('',#4399,10.);
#1252=VECTOR('',#4400,9.99999999999999);
#1253=VECTOR('',#4401,10.);
#1254=VECTOR('',#4402,10.);
#1255=VECTOR('',#4403,10.);
#1256=VECTOR('',#4404,10.);
#1257=VECTOR('',#4405,10.);
#1258=VECTOR('',#4406,10.);
#1259=VECTOR('',#4407,10.);
#1260=VECTOR('',#4410,10.);
#1261=VECTOR('',#4413,10.);
#1262=VECTOR('',#4416,10.);
#1263=VECTOR('',#4419,10.);
#1264=VECTOR('',#4422,10.);
#1265=VECTOR('',#4425,10.);
#1266=VECTOR('',#4428,10.);
#1267=VECTOR('',#4431,10.);
#1268=VECTOR('',#4436,10.);
#1269=VECTOR('',#4439,10.);
#1270=VECTOR('',#4440,10.);
#1271=VECTOR('',#4445,10.);
#1272=VECTOR('',#4446,10.);
#1273=VECTOR('',#4451,10.);
#1274=VECTOR('',#4592,10.);
#1275=VECTOR('',#4593,10.);
#1276=VECTOR('',#4596,10.);
#1277=VECTOR('',#4599,10.);
#1278=VECTOR('',#4602,10.);
#1279=VECTOR('',#4605,10.);
#1280=VECTOR('',#4608,10.);
#1281=VECTOR('',#4609,10.);
#1282=VECTOR('',#4612,10.);
#1283=VECTOR('',#4613,10.);
#1284=VECTOR('',#4616,10.);
#1285=VECTOR('',#4617,10.);
#1286=VECTOR('',#4620,10.);
#1287=VECTOR('',#4621,10.);
#1288=VECTOR('',#4624,10.);
#1289=VECTOR('',#4627,10.);
#1290=VECTOR('',#4630,10.);
#1291=VECTOR('',#4633,10.);
#1292=VECTOR('',#4634,10.);
#1293=VECTOR('',#4637,10.);
#1294=VECTOR('',#4638,10.);
#1295=VECTOR('',#4639,10.);
#1296=VECTOR('',#4640,10.);
#1297=VECTOR('',#4643,10.);
#1298=VECTOR('',#4644,10.);
#1299=VECTOR('',#4645,10.);
#1300=VECTOR('',#4646,10.);
#1301=VECTOR('',#4649,10.);
#1302=VECTOR('',#4650,10.);
#1303=VECTOR('',#4651,10.);
#1304=VECTOR('',#4652,10.);
#1305=VECTOR('',#4655,10.);
#1306=VECTOR('',#4656,10.);
#1307=VECTOR('',#4657,10.);
#1308=VECTOR('',#4660,10.);
#1309=VECTOR('',#4661,10.);
#1310=VECTOR('',#4662,10.);
#1311=VECTOR('',#4663,10.);
#1312=VECTOR('',#4664,10.);
#1313=VECTOR('',#4667,10.);
#1314=VECTOR('',#4668,10.);
#1315=VECTOR('',#4669,10.);
#1316=VECTOR('',#4670,10.);
#1317=VECTOR('',#4673,10.);
#1318=VECTOR('',#4674,10.);
#1319=VECTOR('',#4675,10.);
#1320=VECTOR('',#4676,10.);
#1321=VECTOR('',#4679,10.);
#1322=VECTOR('',#4680,10.);
#1323=VECTOR('',#4681,10.);
#1324=VECTOR('',#4684,10.);
#1325=VECTOR('',#4685,10.);
#1326=VECTOR('',#4686,10.);
#1327=VECTOR('',#4687,10.);
#1328=VECTOR('',#4688,10.);
#1329=VECTOR('',#4689,10.);
#1330=VECTOR('',#4712,10.);
#1331=VECTOR('',#4713,10.);
#1332=VECTOR('',#4714,10.);
#1333=VECTOR('',#4715,10.);
#1334=VECTOR('',#4716,10.);
#1335=VECTOR('',#4717,10.);
#1336=VECTOR('',#4722,10.);
#1337=VECTOR('',#4725,10.);
#1338=VECTOR('',#4744,10.);
#1339=VECTOR('',#4745,10.);
#1340=VECTOR('',#4746,10.);
#1341=VECTOR('',#4747,10.);
#1342=VECTOR('',#4750,10.);
#1343=VECTOR('',#4751,9.99999999999999);
#1344=VECTOR('',#4752,10.);
#1345=VECTOR('',#4755,10.);
#1346=VECTOR('',#4756,10.);
#1347=VECTOR('',#4759,10.);
#1348=VECTOR('',#4760,10.);
#1349=VECTOR('',#4763,10.);
#1350=VECTOR('',#4764,9.99999999999999);
#1351=VECTOR('',#4767,10.);
#1352=VECTOR('',#4768,10.);
#1353=VECTOR('',#4771,10.);
#1354=VECTOR('',#4776,10.);
#1355=VECTOR('',#4777,10.);
#1356=VECTOR('',#4780,10.);
#1357=VECTOR('',#4783,10.);
#1358=VECTOR('',#4786,10.);
#1359=VECTOR('',#4789,10.);
#1360=VECTOR('',#4794,10.);
#1361=VECTOR('',#4795,10.);
#1362=VECTOR('',#4796,10.);
#1363=VECTOR('',#4799,10.);
#1364=VECTOR('',#4800,10.);
#1365=VECTOR('',#4803,10.);
#1366=VECTOR('',#4804,10.);
#1367=VECTOR('',#4807,10.);
#1368=VECTOR('',#4808,10.);
#1369=VECTOR('',#4811,10.);
#1370=VECTOR('',#4812,10.);
#1371=VECTOR('',#4815,10.);
#1372=VECTOR('',#4820,10.);
#1373=VECTOR('',#4821,10.);
#1374=VECTOR('',#4824,10.);
#1375=VECTOR('',#4827,10.);
#1376=VECTOR('',#4830,10.);
#1377=VECTOR('',#4833,10.);
#1378=VECTOR('',#4864,10.);
#1379=VECTOR('',#4865,10.);
#1380=VECTOR('',#4868,10.);
#1381=VECTOR('',#4875,10.);
#1382=VECTOR('',#4876,10.);
#1383=VECTOR('',#4879,10.);
#1384=VECTOR('',#4888,10.);
#1385=VECTOR('',#4893,10.);
#1386=VECTOR('',#4902,10.);
#1387=VECTOR('',#4905,10.);
#1388=VECTOR('',#4908,10.);
#1389=VECTOR('',#4911,10.);
#1390=CIRCLE('',#3544,2.75);
#1391=CIRCLE('',#3545,3.15);
#1392=CIRCLE('',#3547,2.75);
#1393=CIRCLE('',#3549,0.4);
#1394=CIRCLE('',#3550,0.4);
#1395=CIRCLE('',#3551,0.4);
#1396=CIRCLE('',#3552,0.4);
#1397=CIRCLE('',#3553,0.4);
#1398=CIRCLE('',#3554,0.4);
#1399=CIRCLE('',#3556,3.15);
#1400=CIRCLE('',#3558,0.2);
#1401=CIRCLE('',#3559,0.600000000000001);
#1402=CIRCLE('',#3560,0.6);
#1403=CIRCLE('',#3561,0.2);
#1404=CIRCLE('',#3562,0.199999999999999);
#1405=CIRCLE('',#3563,0.199999999999997);
#1406=CIRCLE('',#3564,0.200000000000001);
#1407=CIRCLE('',#3565,0.6);
#1408=CIRCLE('',#3566,0.6);
#1409=CIRCLE('',#3567,0.2);
#1410=CIRCLE('',#3570,0.4);
#1411=CIRCLE('',#3571,0.600000000000001);
#1412=CIRCLE('',#3574,0.4);
#1413=CIRCLE('',#3575,0.6);
#1414=CIRCLE('',#3578,0.4);
#1415=CIRCLE('',#3579,0.6);
#1416=CIRCLE('',#3582,0.4);
#1417=CIRCLE('',#3583,0.600000000000001);
#1418=CIRCLE('',#3586,0.4);
#1419=CIRCLE('',#3587,0.6);
#1420=CIRCLE('',#3590,0.4);
#1421=CIRCLE('',#3591,0.6);
#1422=CIRCLE('',#3599,0.2);
#1423=CIRCLE('',#3600,0.6);
#1424=CIRCLE('',#3601,0.6);
#1425=CIRCLE('',#3602,0.200000000000001);
#1426=CIRCLE('',#3603,0.199999999999997);
#1427=CIRCLE('',#3604,0.199999999999999);
#1428=CIRCLE('',#3605,0.2);
#1429=CIRCLE('',#3606,0.6);
#1430=CIRCLE('',#3607,0.600000000000001);
#1431=CIRCLE('',#3608,0.2);
#1432=CIRCLE('',#3609,0.4);
#1433=CIRCLE('',#3610,0.4);
#1434=CIRCLE('',#3614,0.4);
#1435=CIRCLE('',#3617,0.4);
#1436=CIRCLE('',#3620,0.4);
#1437=CIRCLE('',#3623,0.4);
#1438=CIRCLE('',#3626,0.4);
#1439=CIRCLE('',#3629,0.399999999999998);
#1440=CIRCLE('',#3632,0.4);
#1441=CIRCLE('',#3635,0.4);
#1442=CIRCLE('',#3638,0.4);
#1443=CIRCLE('',#3641,0.4);
#1444=CIRCLE('',#3649,0.4);
#1445=CIRCLE('',#3652,0.4);
#1446=CIRCLE('',#3655,0.4);
#1447=CIRCLE('',#3658,0.4);
#1448=CIRCLE('',#3661,0.4);
#1449=CIRCLE('',#3664,0.399999999999998);
#1450=CIRCLE('',#3667,0.4);
#1451=CIRCLE('',#3670,0.4);
#1452=CIRCLE('',#3673,0.4);
#1453=CIRCLE('',#3676,0.4);
#1454=CIRCLE('',#3795,2.2);
#1455=CIRCLE('',#3804,2.2);
#1456=CIRCLE('',#3806,2.2);
#1457=CIRCLE('',#3816,2.2);
#1458=VERTEX_POINT('',#4918);
#1459=VERTEX_POINT('',#4920);
#1460=VERTEX_POINT('',#4924);
#1461=VERTEX_POINT('',#4928);
#1462=VERTEX_POINT('',#4929);
#1463=VERTEX_POINT('',#4931);
#1464=VERTEX_POINT('',#4933);
#1465=VERTEX_POINT('',#4935);
#1466=VERTEX_POINT('',#4937);
#1467=VERTEX_POINT('',#4939);
#1468=VERTEX_POINT('',#4941);
#1469=VERTEX_POINT('',#4943);
#1470=VERTEX_POINT('',#4945);
#1471=VERTEX_POINT('',#4947);
#1472=VERTEX_POINT('',#4949);
#1473=VERTEX_POINT('',#4953);
#1474=VERTEX_POINT('',#4957);
#1475=VERTEX_POINT('',#4958);
#1476=VERTEX_POINT('',#4960);
#1477=VERTEX_POINT('',#4962);
#1478=VERTEX_POINT('',#4964);
#1479=VERTEX_POINT('',#4966);
#1480=VERTEX_POINT('',#4968);
#1481=VERTEX_POINT('',#4970);
#1482=VERTEX_POINT('',#4972);
#1483=VERTEX_POINT('',#4974);
#1484=VERTEX_POINT('',#4976);
#1485=VERTEX_POINT('',#4978);
#1486=VERTEX_POINT('',#4980);
#1487=VERTEX_POINT('',#4982);
#1488=VERTEX_POINT('',#4984);
#1489=VERTEX_POINT('',#4986);
#1490=VERTEX_POINT('',#4988);
#1491=VERTEX_POINT('',#4990);
#1492=VERTEX_POINT('',#4992);
#1493=VERTEX_POINT('',#4994);
#1494=VERTEX_POINT('',#4996);
#1495=VERTEX_POINT('',#4998);
#1496=VERTEX_POINT('',#5002);
#1497=VERTEX_POINT('',#5003);
#1498=VERTEX_POINT('',#5005);
#1499=VERTEX_POINT('',#5007);
#1500=VERTEX_POINT('',#5011);
#1501=VERTEX_POINT('',#5013);
#1502=VERTEX_POINT('',#5017);
#1503=VERTEX_POINT('',#5018);
#1504=VERTEX_POINT('',#5023);
#1505=VERTEX_POINT('',#5025);
#1506=VERTEX_POINT('',#5029);
#1507=VERTEX_POINT('',#5030);
#1508=VERTEX_POINT('',#5035);
#1509=VERTEX_POINT('',#5037);
#1510=VERTEX_POINT('',#5041);
#1511=VERTEX_POINT('',#5042);
#1512=VERTEX_POINT('',#5047);
#1513=VERTEX_POINT('',#5049);
#1514=VERTEX_POINT('',#5053);
#1515=VERTEX_POINT('',#5054);
#1516=VERTEX_POINT('',#5059);
#1517=VERTEX_POINT('',#5061);
#1518=VERTEX_POINT('',#5065);
#1519=VERTEX_POINT('',#5066);
#1520=VERTEX_POINT('',#5087);
#1521=VERTEX_POINT('',#5088);
#1522=VERTEX_POINT('',#5090);
#1523=VERTEX_POINT('',#5092);
#1524=VERTEX_POINT('',#5094);
#1525=VERTEX_POINT('',#5096);
#1526=VERTEX_POINT('',#5098);
#1527=VERTEX_POINT('',#5100);
#1528=VERTEX_POINT('',#5102);
#1529=VERTEX_POINT('',#5104);
#1530=VERTEX_POINT('',#5106);
#1531=VERTEX_POINT('',#5108);
#1532=VERTEX_POINT('',#5110);
#1533=VERTEX_POINT('',#5112);
#1534=VERTEX_POINT('',#5114);
#1535=VERTEX_POINT('',#5116);
#1536=VERTEX_POINT('',#5118);
#1537=VERTEX_POINT('',#5120);
#1538=VERTEX_POINT('',#5122);
#1539=VERTEX_POINT('',#5124);
#1540=VERTEX_POINT('',#5126);
#1541=VERTEX_POINT('',#5128);
#1542=VERTEX_POINT('',#5130);
#1543=VERTEX_POINT('',#5132);
#1544=VERTEX_POINT('',#5136);
#1545=VERTEX_POINT('',#5138);
#1546=VERTEX_POINT('',#5142);
#1547=VERTEX_POINT('',#5146);
#1548=VERTEX_POINT('',#5150);
#1549=VERTEX_POINT('',#5154);
#1550=VERTEX_POINT('',#5158);
#1551=VERTEX_POINT('',#5162);
#1552=VERTEX_POINT('',#5166);
#1553=VERTEX_POINT('',#5170);
#1554=VERTEX_POINT('',#5174);
#1555=VERTEX_POINT('',#5178);
#1556=VERTEX_POINT('',#5182);
#1557=VERTEX_POINT('',#5186);
#1558=VERTEX_POINT('',#5190);
#1559=VERTEX_POINT('',#5194);
#1560=VERTEX_POINT('',#5198);
#1561=VERTEX_POINT('',#5202);
#1562=VERTEX_POINT('',#5206);
#1563=VERTEX_POINT('',#5210);
#1564=VERTEX_POINT('',#5214);
#1565=VERTEX_POINT('',#5218);
#1566=VERTEX_POINT('',#5222);
#1567=VERTEX_POINT('',#5226);
#1568=VERTEX_POINT('',#5228);
#1569=VERTEX_POINT('',#5230);
#1570=VERTEX_POINT('',#5232);
#1571=VERTEX_POINT('',#5234);
#1572=VERTEX_POINT('',#5236);
#1573=VERTEX_POINT('',#5238);
#1574=VERTEX_POINT('',#5240);
#1575=VERTEX_POINT('',#5242);
#1576=VERTEX_POINT('',#5244);
#1577=VERTEX_POINT('',#5246);
#1578=VERTEX_POINT('',#5248);
#1579=VERTEX_POINT('',#5250);
#1580=VERTEX_POINT('',#5252);
#1581=VERTEX_POINT('',#5254);
#1582=VERTEX_POINT('',#5256);
#1583=VERTEX_POINT('',#5258);
#1584=VERTEX_POINT('',#5260);
#1585=VERTEX_POINT('',#5262);
#1586=VERTEX_POINT('',#5264);
#1587=VERTEX_POINT('',#5266);
#1588=VERTEX_POINT('',#5268);
#1589=VERTEX_POINT('',#5270);
#1590=VERTEX_POINT('',#5272);
#1591=VERTEX_POINT('',#5274);
#1592=VERTEX_POINT('',#5276);
#1593=VERTEX_POINT('',#5278);
#1594=VERTEX_POINT('',#5280);
#1595=VERTEX_POINT('',#5282);
#1596=VERTEX_POINT('',#5284);
#1597=VERTEX_POINT('',#5286);
#1598=VERTEX_POINT('',#5288);
#1599=VERTEX_POINT('',#5290);
#1600=VERTEX_POINT('',#5292);
#1601=VERTEX_POINT('',#5294);
#1602=VERTEX_POINT('',#5296);
#1603=VERTEX_POINT('',#5303);
#1604=VERTEX_POINT('',#5307);
#1605=VERTEX_POINT('',#5311);
#1606=VERTEX_POINT('',#5315);
#1607=VERTEX_POINT('',#5319);
#1608=VERTEX_POINT('',#5323);
#1609=VERTEX_POINT('',#5327);
#1610=VERTEX_POINT('',#5331);
#1611=VERTEX_POINT('',#5335);
#1612=VERTEX_POINT('',#5339);
#1613=VERTEX_POINT('',#5343);
#1614=VERTEX_POINT('',#5347);
#1615=VERTEX_POINT('',#5351);
#1616=VERTEX_POINT('',#5355);
#1617=VERTEX_POINT('',#5359);
#1618=VERTEX_POINT('',#5363);
#1619=VERTEX_POINT('',#5367);
#1620=VERTEX_POINT('',#5371);
#1621=VERTEX_POINT('',#5375);
#1622=VERTEX_POINT('',#5379);
#1623=VERTEX_POINT('',#5383);
#1624=VERTEX_POINT('',#5385);
#1625=VERTEX_POINT('',#5387);
#1626=VERTEX_POINT('',#5389);
#1627=VERTEX_POINT('',#5391);
#1628=VERTEX_POINT('',#5393);
#1629=VERTEX_POINT('',#5395);
#1630=VERTEX_POINT('',#5397);
#1631=VERTEX_POINT('',#5399);
#1632=VERTEX_POINT('',#5401);
#1633=VERTEX_POINT('',#5403);
#1634=VERTEX_POINT('',#5405);
#1635=VERTEX_POINT('',#5407);
#1636=VERTEX_POINT('',#5409);
#1637=VERTEX_POINT('',#5411);
#1638=VERTEX_POINT('',#5413);
#1639=VERTEX_POINT('',#5415);
#1640=VERTEX_POINT('',#5417);
#1641=VERTEX_POINT('',#5419);
#1642=VERTEX_POINT('',#5421);
#1643=VERTEX_POINT('',#5423);
#1644=VERTEX_POINT('',#5425);
#1645=VERTEX_POINT('',#5427);
#1646=VERTEX_POINT('',#5429);
#1647=VERTEX_POINT('',#5431);
#1648=VERTEX_POINT('',#5433);
#1649=VERTEX_POINT('',#5435);
#1650=VERTEX_POINT('',#5437);
#1651=VERTEX_POINT('',#5439);
#1652=VERTEX_POINT('',#5441);
#1653=VERTEX_POINT('',#5443);
#1654=VERTEX_POINT('',#5445);
#1655=VERTEX_POINT('',#5447);
#1656=VERTEX_POINT('',#5449);
#1657=VERTEX_POINT('',#5451);
#1658=VERTEX_POINT('',#5475);
#1659=VERTEX_POINT('',#5476);
#1660=VERTEX_POINT('',#5478);
#1661=VERTEX_POINT('',#5480);
#1662=VERTEX_POINT('',#5482);
#1663=VERTEX_POINT('',#5484);
#1664=VERTEX_POINT('',#5487);
#1665=VERTEX_POINT('',#5488);
#1666=VERTEX_POINT('',#5490);
#1667=VERTEX_POINT('',#5492);
#1668=VERTEX_POINT('',#5494);
#1669=VERTEX_POINT('',#5496);
#1670=VERTEX_POINT('',#5499);
#1671=VERTEX_POINT('',#5500);
#1672=VERTEX_POINT('',#5502);
#1673=VERTEX_POINT('',#5504);
#1674=VERTEX_POINT('',#5506);
#1675=VERTEX_POINT('',#5508);
#1676=VERTEX_POINT('',#5511);
#1677=VERTEX_POINT('',#5512);
#1678=VERTEX_POINT('',#5514);
#1679=VERTEX_POINT('',#5516);
#1680=VERTEX_POINT('',#5518);
#1681=VERTEX_POINT('',#5520);
#1682=VERTEX_POINT('',#5556);
#1683=VERTEX_POINT('',#5560);
#1684=VERTEX_POINT('',#5564);
#1685=VERTEX_POINT('',#5568);
#1686=VERTEX_POINT('',#5572);
#1687=VERTEX_POINT('',#5576);
#1688=VERTEX_POINT('',#5580);
#1689=VERTEX_POINT('',#5584);
#1690=VERTEX_POINT('',#5588);
#1691=VERTEX_POINT('',#5592);
#1692=VERTEX_POINT('',#5596);
#1693=VERTEX_POINT('',#5600);
#1694=VERTEX_POINT('',#5604);
#1695=VERTEX_POINT('',#5608);
#1696=VERTEX_POINT('',#5612);
#1697=VERTEX_POINT('',#5616);
#1698=VERTEX_POINT('',#5620);
#1699=VERTEX_POINT('',#5624);
#1700=VERTEX_POINT('',#5628);
#1701=VERTEX_POINT('',#5632);
#1702=VERTEX_POINT('',#5636);
#1703=VERTEX_POINT('',#5640);
#1704=VERTEX_POINT('',#5649);
#1705=VERTEX_POINT('',#5651);
#1706=VERTEX_POINT('',#5655);
#1707=VERTEX_POINT('',#5657);
#1708=VERTEX_POINT('',#5659);
#1709=VERTEX_POINT('',#5674);
#1710=VERTEX_POINT('',#5676);
#1711=VERTEX_POINT('',#5683);
#1712=VERTEX_POINT('',#5685);
#1713=VERTEX_POINT('',#5687);
#1714=VERTEX_POINT('',#5691);
#1715=VERTEX_POINT('',#5692);
#1716=VERTEX_POINT('',#5695);
#1717=VERTEX_POINT('',#5699);
#1718=VERTEX_POINT('',#5700);
#1719=VERTEX_POINT('',#5702);
#1720=VERTEX_POINT('',#5704);
#1721=VERTEX_POINT('',#5708);
#1722=VERTEX_POINT('',#5710);
#1723=VERTEX_POINT('',#5714);
#1724=VERTEX_POINT('',#5715);
#1725=VERTEX_POINT('',#5717);
#1726=VERTEX_POINT('',#5719);
#1727=VERTEX_POINT('',#5721);
#1728=VERTEX_POINT('',#5725);
#1729=VERTEX_POINT('',#5726);
#1730=VERTEX_POINT('',#5729);
#1731=VERTEX_POINT('',#5733);
#1732=VERTEX_POINT('',#5734);
#1733=VERTEX_POINT('',#5736);
#1734=VERTEX_POINT('',#5738);
#1735=VERTEX_POINT('',#5742);
#1736=VERTEX_POINT('',#5744);
#1737=VERTEX_POINT('',#5748);
#1738=VERTEX_POINT('',#5749);
#1739=VERTEX_POINT('',#5751);
#1740=VERTEX_POINT('',#5753);
#1741=VERTEX_POINT('',#5755);
#1742=VERTEX_POINT('',#5757);
#1743=VERTEX_POINT('',#5762);
#1744=VERTEX_POINT('',#5764);
#1745=VERTEX_POINT('',#5766);
#1746=VERTEX_POINT('',#5768);
#1747=VERTEX_POINT('',#5770);
#1748=VERTEX_POINT('',#5772);
#1749=VERTEX_POINT('',#5777);
#1750=VERTEX_POINT('',#5778);
#1751=VERTEX_POINT('',#5780);
#1752=VERTEX_POINT('',#5782);
#1753=VERTEX_POINT('',#5784);
#1754=VERTEX_POINT('',#5786);
#1755=VERTEX_POINT('',#5792);
#1756=VERTEX_POINT('',#5796);
#1757=VERTEX_POINT('',#5799);
#1758=VERTEX_POINT('',#5801);
#1759=VERTEX_POINT('',#5803);
#1760=VERTEX_POINT('',#5813);
#1761=VERTEX_POINT('',#5815);
#1762=VERTEX_POINT('',#5819);
#1763=VERTEX_POINT('',#5823);
#1764=VERTEX_POINT('',#5827);
#1765=VERTEX_POINT('',#5831);
#1766=VERTEX_POINT('',#5850);
#1767=VERTEX_POINT('',#5852);
#1768=VERTEX_POINT('',#5856);
#1769=VERTEX_POINT('',#5860);
#1770=VERTEX_POINT('',#5864);
#1771=VERTEX_POINT('',#5868);
#1772=VERTEX_POINT('',#5888);
#1773=VERTEX_POINT('',#5890);
#1774=VERTEX_POINT('',#5892);
#1775=VERTEX_POINT('',#5896);
#1776=VERTEX_POINT('',#5898);
#1777=VERTEX_POINT('',#5900);
#1778=VERTEX_POINT('',#5902);
#1779=VERTEX_POINT('',#5904);
#1780=EDGE_CURVE('',#1458,#1458,#1390,.T.);
#1781=EDGE_CURVE('',#1458,#1459,#658,.T.);
#1782=EDGE_CURVE('',#1459,#1459,#1391,.T.);
#1783=EDGE_CURVE('',#1458,#1460,#659,.T.);
#1784=EDGE_CURVE('',#1460,#1460,#1392,.T.);
#1785=EDGE_CURVE('',#1461,#1462,#1393,.T.);
#1786=EDGE_CURVE('',#1463,#1462,#660,.T.);
#1787=EDGE_CURVE('',#1463,#1464,#1394,.T.);
#1788=EDGE_CURVE('',#1465,#1464,#661,.T.);
#1789=EDGE_CURVE('',#1465,#1466,#1395,.T.);
#1790=EDGE_CURVE('',#1467,#1466,#662,.T.);
#1791=EDGE_CURVE('',#1467,#1468,#1396,.T.);
#1792=EDGE_CURVE('',#1469,#1468,#663,.T.);
#1793=EDGE_CURVE('',#1469,#1470,#1397,.T.);
#1794=EDGE_CURVE('',#1471,#1470,#664,.T.);
#1795=EDGE_CURVE('',#1471,#1472,#1398,.T.);
#1796=EDGE_CURVE('',#1461,#1472,#665,.T.);
#1797=EDGE_CURVE('',#1473,#1473,#1399,.T.);
#1798=EDGE_CURVE('',#1473,#1460,#666,.T.);
#1799=EDGE_CURVE('',#1474,#1475,#667,.T.);
#1800=EDGE_CURVE('',#1474,#1476,#668,.T.);
#1801=EDGE_CURVE('',#1477,#1476,#669,.T.);
#1802=EDGE_CURVE('',#1478,#1477,#1400,.T.);
#1803=EDGE_CURVE('',#1479,#1478,#670,.T.);
#1804=EDGE_CURVE('',#1480,#1479,#1401,.T.);
#1805=EDGE_CURVE('',#1481,#1480,#671,.T.);
#1806=EDGE_CURVE('',#1482,#1481,#1402,.T.);
#1807=EDGE_CURVE('',#1483,#1482,#672,.T.);
#1808=EDGE_CURVE('',#1484,#1483,#1403,.T.);
#1809=EDGE_CURVE('',#1485,#1484,#673,.T.);
#1810=EDGE_CURVE('',#1486,#1485,#1404,.T.);
#1811=EDGE_CURVE('',#1487,#1486,#674,.T.);
#1812=EDGE_CURVE('',#1488,#1487,#1405,.T.);
#1813=EDGE_CURVE('',#1489,#1488,#675,.T.);
#1814=EDGE_CURVE('',#1490,#1489,#1406,.T.);
#1815=EDGE_CURVE('',#1491,#1490,#676,.T.);
#1816=EDGE_CURVE('',#1492,#1491,#1407,.T.);
#1817=EDGE_CURVE('',#1493,#1492,#677,.T.);
#1818=EDGE_CURVE('',#1494,#1493,#1408,.T.);
#1819=EDGE_CURVE('',#1495,#1494,#678,.T.);
#1820=EDGE_CURVE('',#1475,#1495,#1409,.T.);
#1821=EDGE_CURVE('',#1496,#1497,#679,.T.);
#1822=EDGE_CURVE('',#1497,#1498,#680,.T.);
#1823=EDGE_CURVE('',#1498,#1499,#681,.T.);
#1824=EDGE_CURVE('',#1499,#1496,#682,.T.);
#1825=EDGE_CURVE('',#1496,#1500,#1410,.T.);
#1826=EDGE_CURVE('',#1500,#1501,#683,.T.);
#1827=EDGE_CURVE('',#1501,#1497,#1411,.T.);
#1828=EDGE_CURVE('',#1502,#1503,#684,.T.);
#1829=EDGE_CURVE('',#1503,#1501,#685,.T.);
#1830=EDGE_CURVE('',#1500,#1502,#686,.T.);
#1831=EDGE_CURVE('',#1502,#1504,#1412,.T.);
#1832=EDGE_CURVE('',#1504,#1505,#687,.T.);
#1833=EDGE_CURVE('',#1505,#1503,#1413,.T.);
#1834=EDGE_CURVE('',#1506,#1507,#688,.T.);
#1835=EDGE_CURVE('',#1507,#1505,#689,.T.);
#1836=EDGE_CURVE('',#1504,#1506,#690,.T.);
#1837=EDGE_CURVE('',#1506,#1508,#1414,.T.);
#1838=EDGE_CURVE('',#1508,#1509,#691,.T.);
#1839=EDGE_CURVE('',#1509,#1507,#1415,.T.);
#1840=EDGE_CURVE('',#1510,#1511,#692,.T.);
#1841=EDGE_CURVE('',#1511,#1509,#693,.T.);
#1842=EDGE_CURVE('',#1508,#1510,#694,.T.);
#1843=EDGE_CURVE('',#1510,#1512,#1416,.T.);
#1844=EDGE_CURVE('',#1512,#1513,#695,.T.);
#1845=EDGE_CURVE('',#1513,#1511,#1417,.T.);
#1846=EDGE_CURVE('',#1514,#1515,#696,.T.);
#1847=EDGE_CURVE('',#1515,#1513,#697,.T.);
#1848=EDGE_CURVE('',#1512,#1514,#698,.T.);
#1849=EDGE_CURVE('',#1514,#1516,#1418,.T.);
#1850=EDGE_CURVE('',#1516,#1517,#699,.T.);
#1851=EDGE_CURVE('',#1517,#1515,#1419,.T.);
#1852=EDGE_CURVE('',#1518,#1519,#700,.T.);
#1853=EDGE_CURVE('',#1519,#1517,#701,.T.);
#1854=EDGE_CURVE('',#1516,#1518,#702,.T.);
#1855=EDGE_CURVE('',#1518,#1499,#1420,.T.);
#1856=EDGE_CURVE('',#1498,#1519,#1421,.T.);
#1857=EDGE_CURVE('',#1506,#1472,#703,.T.);
#1858=EDGE_CURVE('',#1471,#1508,#704,.T.);
#1859=EDGE_CURVE('',#1461,#1504,#705,.T.);
#1860=EDGE_CURVE('',#1502,#1462,#706,.T.);
#1861=EDGE_CURVE('',#1463,#1500,#707,.T.);
#1862=EDGE_CURVE('',#1496,#1464,#708,.T.);
#1863=EDGE_CURVE('',#1465,#1499,#709,.T.);
#1864=EDGE_CURVE('',#1520,#1521,#710,.T.);
#1865=EDGE_CURVE('',#1522,#1520,#1422,.T.);
#1866=EDGE_CURVE('',#1523,#1522,#711,.T.);
#1867=EDGE_CURVE('',#1524,#1523,#1423,.T.);
#1868=EDGE_CURVE('',#1525,#1524,#712,.T.);
#1869=EDGE_CURVE('',#1526,#1525,#1424,.T.);
#1870=EDGE_CURVE('',#1527,#1526,#713,.T.);
#1871=EDGE_CURVE('',#1528,#1527,#1425,.T.);
#1872=EDGE_CURVE('',#1529,#1528,#714,.T.);
#1873=EDGE_CURVE('',#1530,#1529,#1426,.T.);
#1874=EDGE_CURVE('',#1531,#1530,#715,.T.);
#1875=EDGE_CURVE('',#1532,#1531,#1427,.T.);
#1876=EDGE_CURVE('',#1533,#1532,#716,.T.);
#1877=EDGE_CURVE('',#1534,#1533,#1428,.T.);
#1878=EDGE_CURVE('',#1535,#1534,#717,.T.);
#1879=EDGE_CURVE('',#1536,#1535,#1429,.T.);
#1880=EDGE_CURVE('',#1537,#1536,#718,.T.);
#1881=EDGE_CURVE('',#1538,#1537,#1430,.T.);
#1882=EDGE_CURVE('',#1539,#1538,#719,.T.);
#1883=EDGE_CURVE('',#1540,#1539,#1431,.T.);
#1884=EDGE_CURVE('',#1541,#1540,#720,.T.);
#1885=EDGE_CURVE('',#1541,#1542,#1432,.T.);
#1886=EDGE_CURVE('',#1543,#1542,#721,.T.);
#1887=EDGE_CURVE('',#1543,#1521,#1433,.T.);
#1888=EDGE_CURVE('',#1544,#1541,#15,.T.);
#1889=EDGE_CURVE('',#1540,#1545,#722,.T.);
#1890=EDGE_CURVE('',#1545,#1544,#723,.T.);
#1891=EDGE_CURVE('',#1539,#1546,#724,.T.);
#1892=EDGE_CURVE('',#1546,#1545,#1434,.T.);
#1893=EDGE_CURVE('',#1538,#1547,#725,.T.);
#1894=EDGE_CURVE('',#1547,#1546,#726,.T.);
#1895=EDGE_CURVE('',#1537,#1548,#727,.T.);
#1896=EDGE_CURVE('',#1548,#1547,#1435,.T.);
#1897=EDGE_CURVE('',#1536,#1549,#728,.T.);
#1898=EDGE_CURVE('',#1549,#1548,#729,.T.);
#1899=EDGE_CURVE('',#1535,#1550,#730,.T.);
#1900=EDGE_CURVE('',#1550,#1549,#1436,.T.);
#1901=EDGE_CURVE('',#1534,#1551,#731,.T.);
#1902=EDGE_CURVE('',#1551,#1550,#732,.T.);
#1903=EDGE_CURVE('',#1533,#1552,#733,.T.);
#1904=EDGE_CURVE('',#1552,#1551,#1437,.T.);
#1905=EDGE_CURVE('',#1532,#1553,#734,.T.);
#1906=EDGE_CURVE('',#1553,#1552,#735,.T.);
#1907=EDGE_CURVE('',#1531,#1554,#736,.T.);
#1908=EDGE_CURVE('',#1554,#1553,#1438,.T.);
#1909=EDGE_CURVE('',#1530,#1555,#737,.T.);
#1910=EDGE_CURVE('',#1555,#1554,#738,.T.);
#1911=EDGE_CURVE('',#1529,#1556,#739,.T.);
#1912=EDGE_CURVE('',#1556,#1555,#1439,.T.);
#1913=EDGE_CURVE('',#1528,#1557,#740,.T.);
#1914=EDGE_CURVE('',#1557,#1556,#741,.T.);
#1915=EDGE_CURVE('',#1527,#1558,#742,.T.);
#1916=EDGE_CURVE('',#1558,#1557,#1440,.T.);
#1917=EDGE_CURVE('',#1526,#1559,#743,.T.);
#1918=EDGE_CURVE('',#1559,#1558,#744,.T.);
#1919=EDGE_CURVE('',#1525,#1560,#745,.T.);
#1920=EDGE_CURVE('',#1560,#1559,#1441,.T.);
#1921=EDGE_CURVE('',#1524,#1561,#746,.T.);
#1922=EDGE_CURVE('',#1561,#1560,#747,.T.);
#1923=EDGE_CURVE('',#1523,#1562,#748,.T.);
#1924=EDGE_CURVE('',#1562,#1561,#1442,.T.);
#1925=EDGE_CURVE('',#1522,#1563,#749,.T.);
#1926=EDGE_CURVE('',#1563,#1562,#750,.T.);
#1927=EDGE_CURVE('',#1520,#1564,#751,.T.);
#1928=EDGE_CURVE('',#1564,#1563,#1443,.T.);
#1929=EDGE_CURVE('',#1521,#1565,#16,.T.);
#1930=EDGE_CURVE('',#1565,#1564,#752,.T.);
#1931=EDGE_CURVE('',#1566,#1544,#753,.T.);
#1932=EDGE_CURVE('',#1542,#1566,#17,.T.);
#1933=EDGE_CURVE('',#1567,#1545,#754,.T.);
#1934=EDGE_CURVE('',#1568,#1567,#755,.T.);
#1935=EDGE_CURVE('',#1568,#1569,#756,.T.);
#1936=EDGE_CURVE('',#1569,#1570,#757,.T.);
#1937=EDGE_CURVE('',#1570,#1571,#758,.T.);
#1938=EDGE_CURVE('',#1571,#1572,#759,.T.);
#1939=EDGE_CURVE('',#1572,#1573,#760,.T.);
#1940=EDGE_CURVE('',#1573,#1574,#761,.T.);
#1941=EDGE_CURVE('',#1574,#1575,#762,.T.);
#1942=EDGE_CURVE('',#1575,#1576,#763,.T.);
#1943=EDGE_CURVE('',#1576,#1577,#764,.T.);
#1944=EDGE_CURVE('',#1577,#1578,#765,.T.);
#1945=EDGE_CURVE('',#1578,#1579,#766,.T.);
#1946=EDGE_CURVE('',#1579,#1580,#767,.T.);
#1947=EDGE_CURVE('',#1580,#1581,#768,.T.);
#1948=EDGE_CURVE('',#1581,#1582,#769,.T.);
#1949=EDGE_CURVE('',#1582,#1583,#770,.T.);
#1950=EDGE_CURVE('',#1583,#1584,#771,.T.);
#1951=EDGE_CURVE('',#1584,#1585,#772,.T.);
#1952=EDGE_CURVE('',#1585,#1586,#773,.T.);
#1953=EDGE_CURVE('',#1586,#1587,#774,.T.);
#1954=EDGE_CURVE('',#1587,#1588,#775,.T.);
#1955=EDGE_CURVE('',#1588,#1589,#776,.T.);
#1956=EDGE_CURVE('',#1589,#1590,#777,.T.);
#1957=EDGE_CURVE('',#1590,#1591,#778,.T.);
#1958=EDGE_CURVE('',#1591,#1592,#779,.T.);
#1959=EDGE_CURVE('',#1592,#1593,#780,.T.);
#1960=EDGE_CURVE('',#1593,#1594,#781,.T.);
#1961=EDGE_CURVE('',#1594,#1595,#782,.T.);
#1962=EDGE_CURVE('',#1595,#1596,#783,.T.);
#1963=EDGE_CURVE('',#1596,#1597,#784,.T.);
#1964=EDGE_CURVE('',#1597,#1598,#785,.T.);
#1965=EDGE_CURVE('',#1598,#1599,#786,.T.);
#1966=EDGE_CURVE('',#1599,#1600,#787,.T.);
#1967=EDGE_CURVE('',#1600,#1601,#788,.T.);
#1968=EDGE_CURVE('',#1601,#1602,#789,.T.);
#1969=EDGE_CURVE('',#1602,#1566,#790,.T.);
#1970=EDGE_CURVE('',#1476,#1568,#791,.T.);
#1971=EDGE_CURVE('',#1567,#1477,#792,.T.);
#1972=EDGE_CURVE('',#1567,#1603,#1444,.T.);
#1973=EDGE_CURVE('',#1603,#1478,#793,.T.);
#1974=EDGE_CURVE('',#1604,#1479,#794,.T.);
#1975=EDGE_CURVE('',#1603,#1604,#795,.T.);
#1976=EDGE_CURVE('',#1604,#1605,#1445,.T.);
#1977=EDGE_CURVE('',#1605,#1480,#796,.T.);
#1978=EDGE_CURVE('',#1606,#1481,#797,.T.);
#1979=EDGE_CURVE('',#1605,#1606,#798,.T.);
#1980=EDGE_CURVE('',#1606,#1607,#1446,.T.);
#1981=EDGE_CURVE('',#1607,#1482,#799,.T.);
#1982=EDGE_CURVE('',#1608,#1483,#800,.T.);
#1983=EDGE_CURVE('',#1607,#1608,#801,.T.);
#1984=EDGE_CURVE('',#1608,#1609,#1447,.T.);
#1985=EDGE_CURVE('',#1609,#1484,#802,.T.);
#1986=EDGE_CURVE('',#1609,#1610,#803,.T.);
#1987=EDGE_CURVE('',#1610,#1485,#804,.T.);
#1988=EDGE_CURVE('',#1611,#1486,#805,.T.);
#1989=EDGE_CURVE('',#1610,#1611,#1448,.T.);
#1990=EDGE_CURVE('',#1611,#1612,#806,.T.);
#1991=EDGE_CURVE('',#1612,#1487,#807,.T.);
#1992=EDGE_CURVE('',#1613,#1488,#808,.T.);
#1993=EDGE_CURVE('',#1612,#1613,#1449,.T.);
#1994=EDGE_CURVE('',#1614,#1489,#809,.T.);
#1995=EDGE_CURVE('',#1613,#1614,#810,.T.);
#1996=EDGE_CURVE('',#1614,#1615,#1450,.T.);
#1997=EDGE_CURVE('',#1615,#1490,#811,.T.);
#1998=EDGE_CURVE('',#1616,#1491,#812,.T.);
#1999=EDGE_CURVE('',#1615,#1616,#813,.T.);
#2000=EDGE_CURVE('',#1616,#1617,#1451,.T.);
#2001=EDGE_CURVE('',#1617,#1492,#814,.T.);
#2002=EDGE_CURVE('',#1618,#1493,#815,.T.);
#2003=EDGE_CURVE('',#1617,#1618,#816,.T.);
#2004=EDGE_CURVE('',#1618,#1619,#1452,.T.);
#2005=EDGE_CURVE('',#1619,#1494,#817,.T.);
#2006=EDGE_CURVE('',#1620,#1495,#818,.T.);
#2007=EDGE_CURVE('',#1619,#1620,#819,.T.);
#2008=EDGE_CURVE('',#1620,#1621,#1453,.T.);
#2009=EDGE_CURVE('',#1621,#1475,#820,.T.);
#2010=EDGE_CURVE('',#1622,#1474,#821,.T.);
#2011=EDGE_CURVE('',#1621,#1622,#822,.T.);
#2012=EDGE_CURVE('',#1623,#1565,#823,.T.);
#2013=EDGE_CURVE('',#1624,#1623,#824,.T.);
#2014=EDGE_CURVE('',#1625,#1624,#825,.T.);
#2015=EDGE_CURVE('',#1626,#1625,#826,.T.);
#2016=EDGE_CURVE('',#1627,#1626,#827,.T.);
#2017=EDGE_CURVE('',#1628,#1627,#828,.T.);
#2018=EDGE_CURVE('',#1629,#1628,#829,.T.);
#2019=EDGE_CURVE('',#1630,#1629,#830,.T.);
#2020=EDGE_CURVE('',#1631,#1630,#831,.T.);
#2021=EDGE_CURVE('',#1632,#1631,#832,.T.);
#2022=EDGE_CURVE('',#1633,#1632,#833,.T.);
#2023=EDGE_CURVE('',#1634,#1633,#834,.T.);
#2024=EDGE_CURVE('',#1635,#1634,#835,.T.);
#2025=EDGE_CURVE('',#1636,#1635,#836,.T.);
#2026=EDGE_CURVE('',#1637,#1636,#837,.T.);
#2027=EDGE_CURVE('',#1638,#1637,#838,.T.);
#2028=EDGE_CURVE('',#1639,#1638,#839,.T.);
#2029=EDGE_CURVE('',#1640,#1639,#840,.T.);
#2030=EDGE_CURVE('',#1641,#1640,#841,.T.);
#2031=EDGE_CURVE('',#1642,#1641,#842,.T.);
#2032=EDGE_CURVE('',#1643,#1642,#843,.T.);
#2033=EDGE_CURVE('',#1644,#1643,#844,.T.);
#2034=EDGE_CURVE('',#1645,#1644,#845,.T.);
#2035=EDGE_CURVE('',#1646,#1645,#846,.T.);
#2036=EDGE_CURVE('',#1647,#1646,#847,.T.);
#2037=EDGE_CURVE('',#1648,#1647,#848,.T.);
#2038=EDGE_CURVE('',#1649,#1648,#849,.T.);
#2039=EDGE_CURVE('',#1650,#1649,#850,.T.);
#2040=EDGE_CURVE('',#1651,#1650,#851,.T.);
#2041=EDGE_CURVE('',#1652,#1651,#852,.T.);
#2042=EDGE_CURVE('',#1653,#1652,#853,.T.);
#2043=EDGE_CURVE('',#1654,#1653,#854,.T.);
#2044=EDGE_CURVE('',#1655,#1654,#855,.T.);
#2045=EDGE_CURVE('',#1656,#1655,#856,.T.);
#2046=EDGE_CURVE('',#1657,#1656,#857,.T.);
#2047=EDGE_CURVE('',#1622,#1657,#858,.T.);
#2048=EDGE_CURVE('',#1564,#1621,#859,.T.);
#2049=EDGE_CURVE('',#1620,#1563,#860,.T.);
#2050=EDGE_CURVE('',#1562,#1619,#861,.T.);
#2051=EDGE_CURVE('',#1618,#1561,#862,.T.);
#2052=EDGE_CURVE('',#1560,#1617,#863,.T.);
#2053=EDGE_CURVE('',#1616,#1559,#864,.T.);
#2054=EDGE_CURVE('',#1558,#1615,#865,.T.);
#2055=EDGE_CURVE('',#1614,#1557,#866,.T.);
#2056=EDGE_CURVE('',#1613,#1556,#867,.T.);
#2057=EDGE_CURVE('',#1612,#1555,#868,.T.);
#2058=EDGE_CURVE('',#1611,#1554,#869,.T.);
#2059=EDGE_CURVE('',#1658,#1659,#870,.T.);
#2060=EDGE_CURVE('',#1659,#1660,#871,.T.);
#2061=EDGE_CURVE('',#1660,#1661,#872,.T.);
#2062=EDGE_CURVE('',#1661,#1662,#873,.T.);
#2063=EDGE_CURVE('',#1662,#1663,#874,.T.);
#2064=EDGE_CURVE('',#1663,#1658,#875,.T.);
#2065=EDGE_CURVE('',#1664,#1665,#876,.T.);
#2066=EDGE_CURVE('',#1665,#1666,#877,.T.);
#2067=EDGE_CURVE('',#1666,#1667,#878,.T.);
#2068=EDGE_CURVE('',#1667,#1668,#879,.T.);
#2069=EDGE_CURVE('',#1668,#1669,#880,.T.);
#2070=EDGE_CURVE('',#1669,#1664,#881,.T.);
#2071=EDGE_CURVE('',#1670,#1671,#882,.T.);
#2072=EDGE_CURVE('',#1671,#1672,#883,.T.);
#2073=EDGE_CURVE('',#1672,#1673,#884,.T.);
#2074=EDGE_CURVE('',#1673,#1674,#885,.T.);
#2075=EDGE_CURVE('',#1674,#1675,#886,.T.);
#2076=EDGE_CURVE('',#1675,#1670,#887,.T.);
#2077=EDGE_CURVE('',#1676,#1677,#888,.T.);
#2078=EDGE_CURVE('',#1677,#1678,#889,.T.);
#2079=EDGE_CURVE('',#1678,#1679,#890,.T.);
#2080=EDGE_CURVE('',#1679,#1680,#891,.T.);
#2081=EDGE_CURVE('',#1680,#1681,#892,.T.);
#2082=EDGE_CURVE('',#1681,#1676,#893,.T.);
#2083=EDGE_CURVE('',#1610,#1553,#894,.T.);
#2084=EDGE_CURVE('',#1552,#1609,#895,.T.);
#2085=EDGE_CURVE('',#1608,#1551,#896,.T.);
#2086=EDGE_CURVE('',#1550,#1607,#897,.T.);
#2087=EDGE_CURVE('',#1606,#1549,#898,.T.);
#2088=EDGE_CURVE('',#1548,#1605,#899,.T.);
#2089=EDGE_CURVE('',#1604,#1547,#900,.T.);
#2090=EDGE_CURVE('',#1546,#1603,#901,.T.);
#2091=EDGE_CURVE('',#1657,#1569,#902,.T.);
#2092=EDGE_CURVE('',#1510,#1470,#903,.T.);
#2093=EDGE_CURVE('',#1469,#1512,#904,.T.);
#2094=EDGE_CURVE('',#1514,#1468,#905,.T.);
#2095=EDGE_CURVE('',#1467,#1516,#906,.T.);
#2096=EDGE_CURVE('',#1518,#1466,#907,.T.);
#2097=EDGE_CURVE('',#1623,#1543,#18,.T.);
#2098=EDGE_CURVE('',#1682,#1625,#19,.T.);
#2099=EDGE_CURVE('',#1626,#1682,#20,.T.);
#2100=EDGE_CURVE('',#1683,#1640,#21,.T.);
#2101=EDGE_CURVE('',#1641,#1683,#22,.T.);
#2102=EDGE_CURVE('',#1684,#1643,#23,.T.);
#2103=EDGE_CURVE('',#1644,#1684,#24,.T.);
#2104=EDGE_CURVE('',#1685,#1649,#25,.T.);
#2105=EDGE_CURVE('',#1650,#1685,#26,.T.);
#2106=EDGE_CURVE('',#1686,#1655,#27,.T.);
#2107=EDGE_CURVE('',#1656,#1686,#28,.T.);
#2108=EDGE_CURVE('',#1653,#1687,#29,.T.);
#2109=EDGE_CURVE('',#1687,#1652,#30,.T.);
#2110=EDGE_CURVE('',#1688,#1631,#31,.T.);
#2111=EDGE_CURVE('',#1632,#1688,#32,.T.);
#2112=EDGE_CURVE('',#1689,#1637,#33,.T.);
#2113=EDGE_CURVE('',#1638,#1689,#34,.T.);
#2114=EDGE_CURVE('',#1635,#1690,#35,.T.);
#2115=EDGE_CURVE('',#1690,#1634,#36,.T.);
#2116=EDGE_CURVE('',#1691,#1628,#37,.T.);
#2117=EDGE_CURVE('',#1629,#1691,#38,.T.);
#2118=EDGE_CURVE('',#1692,#1646,#39,.T.);
#2119=EDGE_CURVE('',#1647,#1692,#40,.T.);
#2120=EDGE_CURVE('',#1601,#1693,#41,.T.);
#2121=EDGE_CURVE('',#1693,#1600,#42,.T.);
#2122=EDGE_CURVE('',#1598,#1694,#43,.T.);
#2123=EDGE_CURVE('',#1694,#1597,#44,.T.);
#2124=EDGE_CURVE('',#1595,#1695,#45,.T.);
#2125=EDGE_CURVE('',#1695,#1594,#46,.T.);
#2126=EDGE_CURVE('',#1592,#1696,#47,.T.);
#2127=EDGE_CURVE('',#1696,#1591,#48,.T.);
#2128=EDGE_CURVE('',#1589,#1697,#49,.T.);
#2129=EDGE_CURVE('',#1697,#1588,#50,.T.);
#2130=EDGE_CURVE('',#1586,#1698,#51,.T.);
#2131=EDGE_CURVE('',#1698,#1585,#52,.T.);
#2132=EDGE_CURVE('',#1583,#1699,#53,.T.);
#2133=EDGE_CURVE('',#1699,#1582,#54,.T.);
#2134=EDGE_CURVE('',#1580,#1700,#55,.T.);
#2135=EDGE_CURVE('',#1700,#1579,#56,.T.);
#2136=EDGE_CURVE('',#1577,#1701,#57,.T.);
#2137=EDGE_CURVE('',#1701,#1576,#58,.T.);
#2138=EDGE_CURVE('',#1574,#1702,#59,.T.);
#2139=EDGE_CURVE('',#1702,#1573,#60,.T.);
#2140=EDGE_CURVE('',#1571,#1703,#61,.T.);
#2141=EDGE_CURVE('',#1703,#1570,#62,.T.);
#2142=EDGE_CURVE('',#1654,#1572,#908,.T.);
#2143=EDGE_CURVE('',#1686,#1703,#909,.T.);
#2144=EDGE_CURVE('',#1687,#1702,#910,.T.);
#2145=EDGE_CURVE('',#1704,#1575,#911,.T.);
#2146=EDGE_CURVE('',#1704,#1705,#63,.T.);
#2147=EDGE_CURVE('',#1705,#1701,#912,.T.);
#2148=EDGE_CURVE('',#1706,#1578,#913,.T.);
#2149=EDGE_CURVE('',#1706,#1707,#64,.T.);
#2150=EDGE_CURVE('',#1707,#1708,#914,.T.);
#2151=EDGE_CURVE('',#1708,#1700,#915,.T.);
#2152=EDGE_CURVE('',#1642,#1584,#916,.T.);
#2153=EDGE_CURVE('',#1684,#1699,#917,.T.);
#2154=EDGE_CURVE('',#1639,#1587,#918,.T.);
#2155=EDGE_CURVE('',#1683,#1698,#919,.T.);
#2156=EDGE_CURVE('',#1636,#1590,#920,.T.);
#2157=EDGE_CURVE('',#1689,#1697,#921,.T.);
#2158=EDGE_CURVE('',#1690,#1696,#922,.T.);
#2159=EDGE_CURVE('',#1709,#1593,#923,.T.);
#2160=EDGE_CURVE('',#1709,#1710,#65,.T.);
#2161=EDGE_CURVE('',#1710,#1695,#924,.T.);
#2162=EDGE_CURVE('',#1624,#1602,#925,.T.);
#2163=EDGE_CURVE('',#1682,#1693,#926,.T.);
#2164=EDGE_CURVE('',#1711,#1707,#927,.T.);
#2165=EDGE_CURVE('',#1712,#1711,#928,.T.);
#2166=EDGE_CURVE('',#1712,#1713,#929,.T.);
#2167=EDGE_CURVE('',#1708,#1713,#930,.T.);
#2168=EDGE_CURVE('',#1714,#1715,#931,.T.);
#2169=EDGE_CURVE('',#1713,#1714,#932,.T.);
#2170=EDGE_CURVE('',#1716,#1712,#933,.T.);
#2171=EDGE_CURVE('',#1716,#1715,#934,.T.);
#2172=EDGE_CURVE('',#1717,#1718,#935,.T.);
#2173=EDGE_CURVE('',#1719,#1717,#936,.T.);
#2174=EDGE_CURVE('',#1720,#1719,#937,.T.);
#2175=EDGE_CURVE('',#1720,#1718,#938,.T.);
#2176=EDGE_CURVE('',#1721,#1717,#939,.T.);
#2177=EDGE_CURVE('',#1722,#1721,#940,.T.);
#2178=EDGE_CURVE('',#1719,#1722,#941,.T.);
#2179=EDGE_CURVE('',#1723,#1724,#942,.T.);
#2180=EDGE_CURVE('',#1725,#1723,#943,.T.);
#2181=EDGE_CURVE('',#1726,#1725,#944,.T.);
#2182=EDGE_CURVE('',#1726,#1727,#945,.T.);
#2183=EDGE_CURVE('',#1724,#1727,#946,.T.);
#2184=EDGE_CURVE('',#1728,#1729,#947,.T.);
#2185=EDGE_CURVE('',#1727,#1728,#948,.T.);
#2186=EDGE_CURVE('',#1730,#1726,#949,.T.);
#2187=EDGE_CURVE('',#1730,#1729,#950,.T.);
#2188=EDGE_CURVE('',#1731,#1732,#951,.T.);
#2189=EDGE_CURVE('',#1733,#1731,#952,.T.);
#2190=EDGE_CURVE('',#1734,#1733,#953,.T.);
#2191=EDGE_CURVE('',#1734,#1732,#954,.T.);
#2192=EDGE_CURVE('',#1735,#1731,#955,.T.);
#2193=EDGE_CURVE('',#1736,#1735,#956,.T.);
#2194=EDGE_CURVE('',#1733,#1736,#957,.T.);
#2195=EDGE_CURVE('',#1737,#1738,#958,.T.);
#2196=EDGE_CURVE('',#1739,#1737,#959,.T.);
#2197=EDGE_CURVE('',#1740,#1739,#960,.T.);
#2198=EDGE_CURVE('',#1741,#1740,#961,.T.);
#2199=EDGE_CURVE('',#1742,#1741,#962,.T.);
#2200=EDGE_CURVE('',#1738,#1742,#963,.T.);
#2201=EDGE_CURVE('',#1716,#1711,#1454,.T.);
#2202=EDGE_CURVE('',#1743,#1721,#66,.T.);
#2203=EDGE_CURVE('',#1744,#1743,#67,.T.);
#2204=EDGE_CURVE('',#1745,#1744,#68,.T.);
#2205=EDGE_CURVE('',#1746,#1745,#69,.T.);
#2206=EDGE_CURVE('',#1747,#1746,#70,.T.);
#2207=EDGE_CURVE('',#1748,#1747,#71,.T.);
#2208=EDGE_CURVE('',#1718,#1748,#72,.T.);
#2209=EDGE_CURVE('',#1720,#1722,#1455,.T.);
#2210=EDGE_CURVE('',#1749,#1750,#964,.T.);
#2211=EDGE_CURVE('',#1751,#1749,#965,.T.);
#2212=EDGE_CURVE('',#1752,#1751,#966,.T.);
#2213=EDGE_CURVE('',#1753,#1752,#967,.T.);
#2214=EDGE_CURVE('',#1754,#1753,#968,.T.);
#2215=EDGE_CURVE('',#1750,#1754,#969,.T.);
#2216=EDGE_CURVE('',#1730,#1725,#1456,.T.);
#2217=EDGE_CURVE('',#1692,#1728,#970,.T.);
#2218=EDGE_CURVE('',#1729,#1755,#73,.T.);
#2219=EDGE_CURVE('',#1648,#1755,#971,.T.);
#2220=EDGE_CURVE('',#1756,#1735,#74,.T.);
#2221=EDGE_CURVE('',#1710,#1756,#75,.T.);
#2222=EDGE_CURVE('',#1757,#1709,#76,.T.);
#2223=EDGE_CURVE('',#1758,#1757,#77,.T.);
#2224=EDGE_CURVE('',#1759,#1758,#78,.T.);
#2225=EDGE_CURVE('',#1732,#1759,#79,.T.);
#2226=EDGE_CURVE('',#1734,#1736,#1457,.T.);
#2227=EDGE_CURVE('',#1691,#1694,#972,.T.);
#2228=EDGE_CURVE('',#1756,#1596,#973,.T.);
#2229=EDGE_CURVE('',#1743,#1759,#974,.T.);
#2230=EDGE_CURVE('',#1630,#1748,#975,.T.);
#2231=EDGE_CURVE('',#1658,#1760,#976,.T.);
#2232=EDGE_CURVE('',#1760,#1761,#977,.T.);
#2233=EDGE_CURVE('',#1659,#1761,#978,.T.);
#2234=EDGE_CURVE('',#1663,#1762,#979,.T.);
#2235=EDGE_CURVE('',#1762,#1760,#980,.T.);
#2236=EDGE_CURVE('',#1662,#1763,#981,.T.);
#2237=EDGE_CURVE('',#1763,#1762,#982,.T.);
#2238=EDGE_CURVE('',#1661,#1764,#983,.T.);
#2239=EDGE_CURVE('',#1764,#1763,#984,.T.);
#2240=EDGE_CURVE('',#1660,#1765,#985,.T.);
#2241=EDGE_CURVE('',#1765,#1764,#986,.T.);
#2242=EDGE_CURVE('',#1761,#1765,#987,.T.);
#2243=EDGE_CURVE('',#1664,#1751,#988,.T.);
#2244=EDGE_CURVE('',#1665,#1749,#989,.T.);
#2245=EDGE_CURVE('',#1669,#1752,#990,.T.);
#2246=EDGE_CURVE('',#1668,#1753,#991,.T.);
#2247=EDGE_CURVE('',#1667,#1754,#992,.T.);
#2248=EDGE_CURVE('',#1666,#1750,#993,.T.);
#2249=EDGE_CURVE('',#1670,#1766,#994,.T.);
#2250=EDGE_CURVE('',#1766,#1767,#995,.T.);
#2251=EDGE_CURVE('',#1671,#1767,#996,.T.);
#2252=EDGE_CURVE('',#1675,#1768,#997,.T.);
#2253=EDGE_CURVE('',#1768,#1766,#998,.T.);
#2254=EDGE_CURVE('',#1674,#1769,#999,.T.);
#2255=EDGE_CURVE('',#1769,#1768,#1000,.T.);
#2256=EDGE_CURVE('',#1673,#1770,#1001,.T.);
#2257=EDGE_CURVE('',#1770,#1769,#1002,.T.);
#2258=EDGE_CURVE('',#1672,#1771,#1003,.T.);
#2259=EDGE_CURVE('',#1771,#1770,#1004,.T.);
#2260=EDGE_CURVE('',#1767,#1771,#1005,.T.);
#2261=EDGE_CURVE('',#1676,#1739,#1006,.T.);
#2262=EDGE_CURVE('',#1677,#1737,#1007,.T.);
#2263=EDGE_CURVE('',#1681,#1740,#1008,.T.);
#2264=EDGE_CURVE('',#1680,#1741,#1009,.T.);
#2265=EDGE_CURVE('',#1679,#1742,#1010,.T.);
#2266=EDGE_CURVE('',#1678,#1738,#1011,.T.);
#2267=EDGE_CURVE('',#1705,#1706,#80,.T.);
#2268=EDGE_CURVE('',#1772,#1704,#81,.T.);
#2269=EDGE_CURVE('',#1773,#1772,#82,.T.);
#2270=EDGE_CURVE('',#1774,#1773,#83,.T.);
#2271=EDGE_CURVE('',#1715,#1774,#84,.T.);
#2272=EDGE_CURVE('',#1775,#1723,#85,.T.);
#2273=EDGE_CURVE('',#1776,#1775,#86,.T.);
#2274=EDGE_CURVE('',#1777,#1776,#87,.T.);
#2275=EDGE_CURVE('',#1778,#1777,#88,.T.);
#2276=EDGE_CURVE('',#1779,#1778,#89,.T.);
#2277=EDGE_CURVE('',#1755,#1779,#90,.T.);
#2278=EDGE_CURVE('',#1633,#1746,#1012,.T.);
#2279=EDGE_CURVE('',#1745,#1757,#1013,.T.);
#2280=EDGE_CURVE('',#1688,#1747,#1014,.T.);
#2281=EDGE_CURVE('',#1651,#1778,#1015,.T.);
#2282=EDGE_CURVE('',#1777,#1772,#1016,.T.);
#2283=EDGE_CURVE('',#1685,#1779,#1017,.T.);
#2284=EDGE_CURVE('',#1627,#1599,#1018,.T.);
#2285=EDGE_CURVE('',#1744,#1758,#1019,.T.);
#2286=EDGE_CURVE('',#1645,#1581,#1020,.T.);
#2287=EDGE_CURVE('',#1724,#1714,#1021,.T.);
#2288=EDGE_CURVE('',#1775,#1774,#1022,.T.);
#2289=EDGE_CURVE('',#1776,#1773,#1023,.T.);
#2290=ORIENTED_EDGE('',*,*,#1780,.T.);
#2291=ORIENTED_EDGE('',*,*,#1781,.T.);
#2292=ORIENTED_EDGE('',*,*,#1782,.T.);
#2293=ORIENTED_EDGE('',*,*,#1781,.F.);
#2294=ORIENTED_EDGE('',*,*,#1780,.F.);
#2295=ORIENTED_EDGE('',*,*,#1783,.T.);
#2296=ORIENTED_EDGE('',*,*,#1784,.F.);
#2297=ORIENTED_EDGE('',*,*,#1783,.F.);
#2298=ORIENTED_EDGE('',*,*,#1785,.T.);
#2299=ORIENTED_EDGE('',*,*,#1786,.F.);
#2300=ORIENTED_EDGE('',*,*,#1787,.T.);
#2301=ORIENTED_EDGE('',*,*,#1788,.F.);
#2302=ORIENTED_EDGE('',*,*,#1789,.T.);
#2303=ORIENTED_EDGE('',*,*,#1790,.F.);
#2304=ORIENTED_EDGE('',*,*,#1791,.T.);
#2305=ORIENTED_EDGE('',*,*,#1792,.F.);
#2306=ORIENTED_EDGE('',*,*,#1793,.T.);
#2307=ORIENTED_EDGE('',*,*,#1794,.F.);
#2308=ORIENTED_EDGE('',*,*,#1795,.T.);
#2309=ORIENTED_EDGE('',*,*,#1796,.F.);
#2310=ORIENTED_EDGE('',*,*,#1782,.F.);
#2311=ORIENTED_EDGE('',*,*,#1797,.T.);
#2312=ORIENTED_EDGE('',*,*,#1798,.T.);
#2313=ORIENTED_EDGE('',*,*,#1784,.T.);
#2314=ORIENTED_EDGE('',*,*,#1798,.F.);
#2315=ORIENTED_EDGE('',*,*,#1799,.F.);
#2316=ORIENTED_EDGE('',*,*,#1800,.T.);
#2317=ORIENTED_EDGE('',*,*,#1801,.F.);
#2318=ORIENTED_EDGE('',*,*,#1802,.F.);
#2319=ORIENTED_EDGE('',*,*,#1803,.F.);
#2320=ORIENTED_EDGE('',*,*,#1804,.F.);
#2321=ORIENTED_EDGE('',*,*,#1805,.F.);
#2322=ORIENTED_EDGE('',*,*,#1806,.F.);
#2323=ORIENTED_EDGE('',*,*,#1807,.F.);
#2324=ORIENTED_EDGE('',*,*,#1808,.F.);
#2325=ORIENTED_EDGE('',*,*,#1809,.F.);
#2326=ORIENTED_EDGE('',*,*,#1810,.F.);
#2327=ORIENTED_EDGE('',*,*,#1811,.F.);
#2328=ORIENTED_EDGE('',*,*,#1812,.F.);
#2329=ORIENTED_EDGE('',*,*,#1813,.F.);
#2330=ORIENTED_EDGE('',*,*,#1814,.F.);
#2331=ORIENTED_EDGE('',*,*,#1815,.F.);
#2332=ORIENTED_EDGE('',*,*,#1816,.F.);
#2333=ORIENTED_EDGE('',*,*,#1817,.F.);
#2334=ORIENTED_EDGE('',*,*,#1818,.F.);
#2335=ORIENTED_EDGE('',*,*,#1819,.F.);
#2336=ORIENTED_EDGE('',*,*,#1820,.F.);
#2337=ORIENTED_EDGE('',*,*,#1797,.F.);
#2338=ORIENTED_EDGE('',*,*,#1821,.T.);
#2339=ORIENTED_EDGE('',*,*,#1822,.T.);
#2340=ORIENTED_EDGE('',*,*,#1823,.T.);
#2341=ORIENTED_EDGE('',*,*,#1824,.T.);
#2342=ORIENTED_EDGE('',*,*,#1821,.F.);
#2343=ORIENTED_EDGE('',*,*,#1825,.T.);
#2344=ORIENTED_EDGE('',*,*,#1826,.T.);
#2345=ORIENTED_EDGE('',*,*,#1827,.T.);
#2346=ORIENTED_EDGE('',*,*,#1828,.T.);
#2347=ORIENTED_EDGE('',*,*,#1829,.T.);
#2348=ORIENTED_EDGE('',*,*,#1826,.F.);
#2349=ORIENTED_EDGE('',*,*,#1830,.T.);
#2350=ORIENTED_EDGE('',*,*,#1828,.F.);
#2351=ORIENTED_EDGE('',*,*,#1831,.T.);
#2352=ORIENTED_EDGE('',*,*,#1832,.T.);
#2353=ORIENTED_EDGE('',*,*,#1833,.T.);
#2354=ORIENTED_EDGE('',*,*,#1834,.T.);
#2355=ORIENTED_EDGE('',*,*,#1835,.T.);
#2356=ORIENTED_EDGE('',*,*,#1832,.F.);
#2357=ORIENTED_EDGE('',*,*,#1836,.T.);
#2358=ORIENTED_EDGE('',*,*,#1834,.F.);
#2359=ORIENTED_EDGE('',*,*,#1837,.T.);
#2360=ORIENTED_EDGE('',*,*,#1838,.T.);
#2361=ORIENTED_EDGE('',*,*,#1839,.T.);
#2362=ORIENTED_EDGE('',*,*,#1840,.T.);
#2363=ORIENTED_EDGE('',*,*,#1841,.T.);
#2364=ORIENTED_EDGE('',*,*,#1838,.F.);
#2365=ORIENTED_EDGE('',*,*,#1842,.T.);
#2366=ORIENTED_EDGE('',*,*,#1840,.F.);
#2367=ORIENTED_EDGE('',*,*,#1843,.T.);
#2368=ORIENTED_EDGE('',*,*,#1844,.T.);
#2369=ORIENTED_EDGE('',*,*,#1845,.T.);
#2370=ORIENTED_EDGE('',*,*,#1846,.T.);
#2371=ORIENTED_EDGE('',*,*,#1847,.T.);
#2372=ORIENTED_EDGE('',*,*,#1844,.F.);
#2373=ORIENTED_EDGE('',*,*,#1848,.T.);
#2374=ORIENTED_EDGE('',*,*,#1846,.F.);
#2375=ORIENTED_EDGE('',*,*,#1849,.T.);
#2376=ORIENTED_EDGE('',*,*,#1850,.T.);
#2377=ORIENTED_EDGE('',*,*,#1851,.T.);
#2378=ORIENTED_EDGE('',*,*,#1852,.T.);
#2379=ORIENTED_EDGE('',*,*,#1853,.T.);
#2380=ORIENTED_EDGE('',*,*,#1850,.F.);
#2381=ORIENTED_EDGE('',*,*,#1854,.T.);
#2382=ORIENTED_EDGE('',*,*,#1852,.F.);
#2383=ORIENTED_EDGE('',*,*,#1855,.T.);
#2384=ORIENTED_EDGE('',*,*,#1823,.F.);
#2385=ORIENTED_EDGE('',*,*,#1856,.T.);
#2386=ORIENTED_EDGE('',*,*,#1837,.F.);
#2387=ORIENTED_EDGE('',*,*,#1857,.T.);
#2388=ORIENTED_EDGE('',*,*,#1795,.F.);
#2389=ORIENTED_EDGE('',*,*,#1858,.T.);
#2390=ORIENTED_EDGE('',*,*,#1836,.F.);
#2391=ORIENTED_EDGE('',*,*,#1859,.F.);
#2392=ORIENTED_EDGE('',*,*,#1796,.T.);
#2393=ORIENTED_EDGE('',*,*,#1857,.F.);
#2394=ORIENTED_EDGE('',*,*,#1831,.F.);
#2395=ORIENTED_EDGE('',*,*,#1860,.T.);
#2396=ORIENTED_EDGE('',*,*,#1785,.F.);
#2397=ORIENTED_EDGE('',*,*,#1859,.T.);
#2398=ORIENTED_EDGE('',*,*,#1830,.F.);
#2399=ORIENTED_EDGE('',*,*,#1861,.F.);
#2400=ORIENTED_EDGE('',*,*,#1786,.T.);
#2401=ORIENTED_EDGE('',*,*,#1860,.F.);
#2402=ORIENTED_EDGE('',*,*,#1825,.F.);
#2403=ORIENTED_EDGE('',*,*,#1862,.T.);
#2404=ORIENTED_EDGE('',*,*,#1787,.F.);
#2405=ORIENTED_EDGE('',*,*,#1861,.T.);
#2406=ORIENTED_EDGE('',*,*,#1824,.F.);
#2407=ORIENTED_EDGE('',*,*,#1863,.F.);
#2408=ORIENTED_EDGE('',*,*,#1788,.T.);
#2409=ORIENTED_EDGE('',*,*,#1862,.F.);
#2410=ORIENTED_EDGE('',*,*,#1864,.F.);
#2411=ORIENTED_EDGE('',*,*,#1865,.F.);
#2412=ORIENTED_EDGE('',*,*,#1866,.F.);
#2413=ORIENTED_EDGE('',*,*,#1867,.F.);
#2414=ORIENTED_EDGE('',*,*,#1868,.F.);
#2415=ORIENTED_EDGE('',*,*,#1869,.F.);
#2416=ORIENTED_EDGE('',*,*,#1870,.F.);
#2417=ORIENTED_EDGE('',*,*,#1871,.F.);
#2418=ORIENTED_EDGE('',*,*,#1872,.F.);
#2419=ORIENTED_EDGE('',*,*,#1873,.F.);
#2420=ORIENTED_EDGE('',*,*,#1874,.F.);
#2421=ORIENTED_EDGE('',*,*,#1875,.F.);
#2422=ORIENTED_EDGE('',*,*,#1876,.F.);
#2423=ORIENTED_EDGE('',*,*,#1877,.F.);
#2424=ORIENTED_EDGE('',*,*,#1878,.F.);
#2425=ORIENTED_EDGE('',*,*,#1879,.F.);
#2426=ORIENTED_EDGE('',*,*,#1880,.F.);
#2427=ORIENTED_EDGE('',*,*,#1881,.F.);
#2428=ORIENTED_EDGE('',*,*,#1882,.F.);
#2429=ORIENTED_EDGE('',*,*,#1883,.F.);
#2430=ORIENTED_EDGE('',*,*,#1884,.F.);
#2431=ORIENTED_EDGE('',*,*,#1885,.T.);
#2432=ORIENTED_EDGE('',*,*,#1886,.F.);
#2433=ORIENTED_EDGE('',*,*,#1887,.T.);
#2434=ORIENTED_EDGE('',*,*,#1822,.F.);
#2435=ORIENTED_EDGE('',*,*,#1827,.F.);
#2436=ORIENTED_EDGE('',*,*,#1829,.F.);
#2437=ORIENTED_EDGE('',*,*,#1833,.F.);
#2438=ORIENTED_EDGE('',*,*,#1835,.F.);
#2439=ORIENTED_EDGE('',*,*,#1839,.F.);
#2440=ORIENTED_EDGE('',*,*,#1841,.F.);
#2441=ORIENTED_EDGE('',*,*,#1845,.F.);
#2442=ORIENTED_EDGE('',*,*,#1847,.F.);
#2443=ORIENTED_EDGE('',*,*,#1851,.F.);
#2444=ORIENTED_EDGE('',*,*,#1853,.F.);
#2445=ORIENTED_EDGE('',*,*,#1856,.F.);
#2446=ORIENTED_EDGE('',*,*,#1888,.T.);
#2447=ORIENTED_EDGE('',*,*,#1884,.T.);
#2448=ORIENTED_EDGE('',*,*,#1889,.T.);
#2449=ORIENTED_EDGE('',*,*,#1890,.T.);
#2450=ORIENTED_EDGE('',*,*,#1891,.T.);
#2451=ORIENTED_EDGE('',*,*,#1892,.T.);
#2452=ORIENTED_EDGE('',*,*,#1889,.F.);
#2453=ORIENTED_EDGE('',*,*,#1883,.T.);
#2454=ORIENTED_EDGE('',*,*,#1891,.F.);
#2455=ORIENTED_EDGE('',*,*,#1882,.T.);
#2456=ORIENTED_EDGE('',*,*,#1893,.T.);
#2457=ORIENTED_EDGE('',*,*,#1894,.T.);
#2458=ORIENTED_EDGE('',*,*,#1895,.T.);
#2459=ORIENTED_EDGE('',*,*,#1896,.T.);
#2460=ORIENTED_EDGE('',*,*,#1893,.F.);
#2461=ORIENTED_EDGE('',*,*,#1881,.T.);
#2462=ORIENTED_EDGE('',*,*,#1895,.F.);
#2463=ORIENTED_EDGE('',*,*,#1880,.T.);
#2464=ORIENTED_EDGE('',*,*,#1897,.T.);
#2465=ORIENTED_EDGE('',*,*,#1898,.T.);
#2466=ORIENTED_EDGE('',*,*,#1899,.T.);
#2467=ORIENTED_EDGE('',*,*,#1900,.T.);
#2468=ORIENTED_EDGE('',*,*,#1897,.F.);
#2469=ORIENTED_EDGE('',*,*,#1879,.T.);
#2470=ORIENTED_EDGE('',*,*,#1899,.F.);
#2471=ORIENTED_EDGE('',*,*,#1878,.T.);
#2472=ORIENTED_EDGE('',*,*,#1901,.T.);
#2473=ORIENTED_EDGE('',*,*,#1902,.T.);
#2474=ORIENTED_EDGE('',*,*,#1903,.T.);
#2475=ORIENTED_EDGE('',*,*,#1904,.T.);
#2476=ORIENTED_EDGE('',*,*,#1901,.F.);
#2477=ORIENTED_EDGE('',*,*,#1877,.T.);
#2478=ORIENTED_EDGE('',*,*,#1905,.T.);
#2479=ORIENTED_EDGE('',*,*,#1906,.T.);
#2480=ORIENTED_EDGE('',*,*,#1903,.F.);
#2481=ORIENTED_EDGE('',*,*,#1876,.T.);
#2482=ORIENTED_EDGE('',*,*,#1905,.F.);
#2483=ORIENTED_EDGE('',*,*,#1875,.T.);
#2484=ORIENTED_EDGE('',*,*,#1907,.T.);
#2485=ORIENTED_EDGE('',*,*,#1908,.T.);
#2486=ORIENTED_EDGE('',*,*,#1907,.F.);
#2487=ORIENTED_EDGE('',*,*,#1874,.T.);
#2488=ORIENTED_EDGE('',*,*,#1909,.T.);
#2489=ORIENTED_EDGE('',*,*,#1910,.T.);
#2490=ORIENTED_EDGE('',*,*,#1909,.F.);
#2491=ORIENTED_EDGE('',*,*,#1873,.T.);
#2492=ORIENTED_EDGE('',*,*,#1911,.T.);
#2493=ORIENTED_EDGE('',*,*,#1912,.T.);
#2494=ORIENTED_EDGE('',*,*,#1913,.T.);
#2495=ORIENTED_EDGE('',*,*,#1914,.T.);
#2496=ORIENTED_EDGE('',*,*,#1911,.F.);
#2497=ORIENTED_EDGE('',*,*,#1872,.T.);
#2498=ORIENTED_EDGE('',*,*,#1915,.T.);
#2499=ORIENTED_EDGE('',*,*,#1916,.T.);
#2500=ORIENTED_EDGE('',*,*,#1913,.F.);
#2501=ORIENTED_EDGE('',*,*,#1871,.T.);
#2502=ORIENTED_EDGE('',*,*,#1915,.F.);
#2503=ORIENTED_EDGE('',*,*,#1870,.T.);
#2504=ORIENTED_EDGE('',*,*,#1917,.T.);
#2505=ORIENTED_EDGE('',*,*,#1918,.T.);
#2506=ORIENTED_EDGE('',*,*,#1919,.T.);
#2507=ORIENTED_EDGE('',*,*,#1920,.T.);
#2508=ORIENTED_EDGE('',*,*,#1917,.F.);
#2509=ORIENTED_EDGE('',*,*,#1869,.T.);
#2510=ORIENTED_EDGE('',*,*,#1919,.F.);
#2511=ORIENTED_EDGE('',*,*,#1868,.T.);
#2512=ORIENTED_EDGE('',*,*,#1921,.T.);
#2513=ORIENTED_EDGE('',*,*,#1922,.T.);
#2514=ORIENTED_EDGE('',*,*,#1923,.T.);
#2515=ORIENTED_EDGE('',*,*,#1924,.T.);
#2516=ORIENTED_EDGE('',*,*,#1921,.F.);
#2517=ORIENTED_EDGE('',*,*,#1867,.T.);
#2518=ORIENTED_EDGE('',*,*,#1923,.F.);
#2519=ORIENTED_EDGE('',*,*,#1866,.T.);
#2520=ORIENTED_EDGE('',*,*,#1925,.T.);
#2521=ORIENTED_EDGE('',*,*,#1926,.T.);
#2522=ORIENTED_EDGE('',*,*,#1927,.T.);
#2523=ORIENTED_EDGE('',*,*,#1928,.T.);
#2524=ORIENTED_EDGE('',*,*,#1925,.F.);
#2525=ORIENTED_EDGE('',*,*,#1865,.T.);
#2526=ORIENTED_EDGE('',*,*,#1929,.T.);
#2527=ORIENTED_EDGE('',*,*,#1930,.T.);
#2528=ORIENTED_EDGE('',*,*,#1927,.F.);
#2529=ORIENTED_EDGE('',*,*,#1864,.T.);
#2530=ORIENTED_EDGE('',*,*,#1888,.F.);
#2531=ORIENTED_EDGE('',*,*,#1931,.F.);
#2532=ORIENTED_EDGE('',*,*,#1932,.F.);
#2533=ORIENTED_EDGE('',*,*,#1885,.F.);
#2534=ORIENTED_EDGE('',*,*,#1890,.F.);
#2535=ORIENTED_EDGE('',*,*,#1933,.F.);
#2536=ORIENTED_EDGE('',*,*,#1934,.F.);
#2537=ORIENTED_EDGE('',*,*,#1935,.T.);
#2538=ORIENTED_EDGE('',*,*,#1936,.T.);
#2539=ORIENTED_EDGE('',*,*,#1937,.T.);
#2540=ORIENTED_EDGE('',*,*,#1938,.T.);
#2541=ORIENTED_EDGE('',*,*,#1939,.T.);
#2542=ORIENTED_EDGE('',*,*,#1940,.T.);
#2543=ORIENTED_EDGE('',*,*,#1941,.T.);
#2544=ORIENTED_EDGE('',*,*,#1942,.T.);
#2545=ORIENTED_EDGE('',*,*,#1943,.T.);
#2546=ORIENTED_EDGE('',*,*,#1944,.T.);
#2547=ORIENTED_EDGE('',*,*,#1945,.T.);
#2548=ORIENTED_EDGE('',*,*,#1946,.T.);
#2549=ORIENTED_EDGE('',*,*,#1947,.T.);
#2550=ORIENTED_EDGE('',*,*,#1948,.T.);
#2551=ORIENTED_EDGE('',*,*,#1949,.T.);
#2552=ORIENTED_EDGE('',*,*,#1950,.T.);
#2553=ORIENTED_EDGE('',*,*,#1951,.T.);
#2554=ORIENTED_EDGE('',*,*,#1952,.T.);
#2555=ORIENTED_EDGE('',*,*,#1953,.T.);
#2556=ORIENTED_EDGE('',*,*,#1954,.T.);
#2557=ORIENTED_EDGE('',*,*,#1955,.T.);
#2558=ORIENTED_EDGE('',*,*,#1956,.T.);
#2559=ORIENTED_EDGE('',*,*,#1957,.T.);
#2560=ORIENTED_EDGE('',*,*,#1958,.T.);
#2561=ORIENTED_EDGE('',*,*,#1959,.T.);
#2562=ORIENTED_EDGE('',*,*,#1960,.T.);
#2563=ORIENTED_EDGE('',*,*,#1961,.T.);
#2564=ORIENTED_EDGE('',*,*,#1962,.T.);
#2565=ORIENTED_EDGE('',*,*,#1963,.T.);
#2566=ORIENTED_EDGE('',*,*,#1964,.T.);
#2567=ORIENTED_EDGE('',*,*,#1965,.T.);
#2568=ORIENTED_EDGE('',*,*,#1966,.T.);
#2569=ORIENTED_EDGE('',*,*,#1967,.T.);
#2570=ORIENTED_EDGE('',*,*,#1968,.T.);
#2571=ORIENTED_EDGE('',*,*,#1969,.T.);
#2572=ORIENTED_EDGE('',*,*,#1931,.T.);
#2573=ORIENTED_EDGE('',*,*,#1970,.T.);
#2574=ORIENTED_EDGE('',*,*,#1934,.T.);
#2575=ORIENTED_EDGE('',*,*,#1971,.T.);
#2576=ORIENTED_EDGE('',*,*,#1801,.T.);
#2577=ORIENTED_EDGE('',*,*,#1971,.F.);
#2578=ORIENTED_EDGE('',*,*,#1972,.T.);
#2579=ORIENTED_EDGE('',*,*,#1973,.T.);
#2580=ORIENTED_EDGE('',*,*,#1802,.T.);
#2581=ORIENTED_EDGE('',*,*,#1974,.T.);
#2582=ORIENTED_EDGE('',*,*,#1803,.T.);
#2583=ORIENTED_EDGE('',*,*,#1973,.F.);
#2584=ORIENTED_EDGE('',*,*,#1975,.T.);
#2585=ORIENTED_EDGE('',*,*,#1974,.F.);
#2586=ORIENTED_EDGE('',*,*,#1976,.T.);
#2587=ORIENTED_EDGE('',*,*,#1977,.T.);
#2588=ORIENTED_EDGE('',*,*,#1804,.T.);
#2589=ORIENTED_EDGE('',*,*,#1978,.T.);
#2590=ORIENTED_EDGE('',*,*,#1805,.T.);
#2591=ORIENTED_EDGE('',*,*,#1977,.F.);
#2592=ORIENTED_EDGE('',*,*,#1979,.T.);
#2593=ORIENTED_EDGE('',*,*,#1978,.F.);
#2594=ORIENTED_EDGE('',*,*,#1980,.T.);
#2595=ORIENTED_EDGE('',*,*,#1981,.T.);
#2596=ORIENTED_EDGE('',*,*,#1806,.T.);
#2597=ORIENTED_EDGE('',*,*,#1982,.T.);
#2598=ORIENTED_EDGE('',*,*,#1807,.T.);
#2599=ORIENTED_EDGE('',*,*,#1981,.F.);
#2600=ORIENTED_EDGE('',*,*,#1983,.T.);
#2601=ORIENTED_EDGE('',*,*,#1982,.F.);
#2602=ORIENTED_EDGE('',*,*,#1984,.T.);
#2603=ORIENTED_EDGE('',*,*,#1985,.T.);
#2604=ORIENTED_EDGE('',*,*,#1808,.T.);
#2605=ORIENTED_EDGE('',*,*,#1985,.F.);
#2606=ORIENTED_EDGE('',*,*,#1986,.T.);
#2607=ORIENTED_EDGE('',*,*,#1987,.T.);
#2608=ORIENTED_EDGE('',*,*,#1809,.T.);
#2609=ORIENTED_EDGE('',*,*,#1988,.T.);
#2610=ORIENTED_EDGE('',*,*,#1810,.T.);
#2611=ORIENTED_EDGE('',*,*,#1987,.F.);
#2612=ORIENTED_EDGE('',*,*,#1989,.T.);
#2613=ORIENTED_EDGE('',*,*,#1988,.F.);
#2614=ORIENTED_EDGE('',*,*,#1990,.T.);
#2615=ORIENTED_EDGE('',*,*,#1991,.T.);
#2616=ORIENTED_EDGE('',*,*,#1811,.T.);
#2617=ORIENTED_EDGE('',*,*,#1992,.T.);
#2618=ORIENTED_EDGE('',*,*,#1812,.T.);
#2619=ORIENTED_EDGE('',*,*,#1991,.F.);
#2620=ORIENTED_EDGE('',*,*,#1993,.T.);
#2621=ORIENTED_EDGE('',*,*,#1994,.T.);
#2622=ORIENTED_EDGE('',*,*,#1813,.T.);
#2623=ORIENTED_EDGE('',*,*,#1992,.F.);
#2624=ORIENTED_EDGE('',*,*,#1995,.T.);
#2625=ORIENTED_EDGE('',*,*,#1994,.F.);
#2626=ORIENTED_EDGE('',*,*,#1996,.T.);
#2627=ORIENTED_EDGE('',*,*,#1997,.T.);
#2628=ORIENTED_EDGE('',*,*,#1814,.T.);
#2629=ORIENTED_EDGE('',*,*,#1998,.T.);
#2630=ORIENTED_EDGE('',*,*,#1815,.T.);
#2631=ORIENTED_EDGE('',*,*,#1997,.F.);
#2632=ORIENTED_EDGE('',*,*,#1999,.T.);
#2633=ORIENTED_EDGE('',*,*,#1998,.F.);
#2634=ORIENTED_EDGE('',*,*,#2000,.T.);
#2635=ORIENTED_EDGE('',*,*,#2001,.T.);
#2636=ORIENTED_EDGE('',*,*,#1816,.T.);
#2637=ORIENTED_EDGE('',*,*,#2002,.T.);
#2638=ORIENTED_EDGE('',*,*,#1817,.T.);
#2639=ORIENTED_EDGE('',*,*,#2001,.F.);
#2640=ORIENTED_EDGE('',*,*,#2003,.T.);
#2641=ORIENTED_EDGE('',*,*,#2002,.F.);
#2642=ORIENTED_EDGE('',*,*,#2004,.T.);
#2643=ORIENTED_EDGE('',*,*,#2005,.T.);
#2644=ORIENTED_EDGE('',*,*,#1818,.T.);
#2645=ORIENTED_EDGE('',*,*,#2006,.T.);
#2646=ORIENTED_EDGE('',*,*,#1819,.T.);
#2647=ORIENTED_EDGE('',*,*,#2005,.F.);
#2648=ORIENTED_EDGE('',*,*,#2007,.T.);
#2649=ORIENTED_EDGE('',*,*,#2006,.F.);
#2650=ORIENTED_EDGE('',*,*,#2008,.T.);
#2651=ORIENTED_EDGE('',*,*,#2009,.T.);
#2652=ORIENTED_EDGE('',*,*,#1820,.T.);
#2653=ORIENTED_EDGE('',*,*,#2010,.T.);
#2654=ORIENTED_EDGE('',*,*,#1799,.T.);
#2655=ORIENTED_EDGE('',*,*,#2009,.F.);
#2656=ORIENTED_EDGE('',*,*,#2011,.T.);
#2657=ORIENTED_EDGE('',*,*,#1930,.F.);
#2658=ORIENTED_EDGE('',*,*,#2012,.F.);
#2659=ORIENTED_EDGE('',*,*,#2013,.F.);
#2660=ORIENTED_EDGE('',*,*,#2014,.F.);
#2661=ORIENTED_EDGE('',*,*,#2015,.F.);
#2662=ORIENTED_EDGE('',*,*,#2016,.F.);
#2663=ORIENTED_EDGE('',*,*,#2017,.F.);
#2664=ORIENTED_EDGE('',*,*,#2018,.F.);
#2665=ORIENTED_EDGE('',*,*,#2019,.F.);
#2666=ORIENTED_EDGE('',*,*,#2020,.F.);
#2667=ORIENTED_EDGE('',*,*,#2021,.F.);
#2668=ORIENTED_EDGE('',*,*,#2022,.F.);
#2669=ORIENTED_EDGE('',*,*,#2023,.F.);
#2670=ORIENTED_EDGE('',*,*,#2024,.F.);
#2671=ORIENTED_EDGE('',*,*,#2025,.F.);
#2672=ORIENTED_EDGE('',*,*,#2026,.F.);
#2673=ORIENTED_EDGE('',*,*,#2027,.F.);
#2674=ORIENTED_EDGE('',*,*,#2028,.F.);
#2675=ORIENTED_EDGE('',*,*,#2029,.F.);
#2676=ORIENTED_EDGE('',*,*,#2030,.F.);
#2677=ORIENTED_EDGE('',*,*,#2031,.F.);
#2678=ORIENTED_EDGE('',*,*,#2032,.F.);
#2679=ORIENTED_EDGE('',*,*,#2033,.F.);
#2680=ORIENTED_EDGE('',*,*,#2034,.F.);
#2681=ORIENTED_EDGE('',*,*,#2035,.F.);
#2682=ORIENTED_EDGE('',*,*,#2036,.F.);
#2683=ORIENTED_EDGE('',*,*,#2037,.F.);
#2684=ORIENTED_EDGE('',*,*,#2038,.F.);
#2685=ORIENTED_EDGE('',*,*,#2039,.F.);
#2686=ORIENTED_EDGE('',*,*,#2040,.F.);
#2687=ORIENTED_EDGE('',*,*,#2041,.F.);
#2688=ORIENTED_EDGE('',*,*,#2042,.F.);
#2689=ORIENTED_EDGE('',*,*,#2043,.F.);
#2690=ORIENTED_EDGE('',*,*,#2044,.F.);
#2691=ORIENTED_EDGE('',*,*,#2045,.F.);
#2692=ORIENTED_EDGE('',*,*,#2046,.F.);
#2693=ORIENTED_EDGE('',*,*,#2047,.F.);
#2694=ORIENTED_EDGE('',*,*,#2011,.F.);
#2695=ORIENTED_EDGE('',*,*,#2048,.F.);
#2696=ORIENTED_EDGE('',*,*,#1928,.F.);
#2697=ORIENTED_EDGE('',*,*,#2048,.T.);
#2698=ORIENTED_EDGE('',*,*,#2008,.F.);
#2699=ORIENTED_EDGE('',*,*,#2049,.T.);
#2700=ORIENTED_EDGE('',*,*,#1926,.F.);
#2701=ORIENTED_EDGE('',*,*,#2049,.F.);
#2702=ORIENTED_EDGE('',*,*,#2007,.F.);
#2703=ORIENTED_EDGE('',*,*,#2050,.F.);
#2704=ORIENTED_EDGE('',*,*,#1924,.F.);
#2705=ORIENTED_EDGE('',*,*,#2050,.T.);
#2706=ORIENTED_EDGE('',*,*,#2004,.F.);
#2707=ORIENTED_EDGE('',*,*,#2051,.T.);
#2708=ORIENTED_EDGE('',*,*,#1922,.F.);
#2709=ORIENTED_EDGE('',*,*,#2051,.F.);
#2710=ORIENTED_EDGE('',*,*,#2003,.F.);
#2711=ORIENTED_EDGE('',*,*,#2052,.F.);
#2712=ORIENTED_EDGE('',*,*,#1920,.F.);
#2713=ORIENTED_EDGE('',*,*,#2052,.T.);
#2714=ORIENTED_EDGE('',*,*,#2000,.F.);
#2715=ORIENTED_EDGE('',*,*,#2053,.T.);
#2716=ORIENTED_EDGE('',*,*,#1918,.F.);
#2717=ORIENTED_EDGE('',*,*,#2053,.F.);
#2718=ORIENTED_EDGE('',*,*,#1999,.F.);
#2719=ORIENTED_EDGE('',*,*,#2054,.F.);
#2720=ORIENTED_EDGE('',*,*,#1916,.F.);
#2721=ORIENTED_EDGE('',*,*,#2054,.T.);
#2722=ORIENTED_EDGE('',*,*,#1996,.F.);
#2723=ORIENTED_EDGE('',*,*,#2055,.T.);
#2724=ORIENTED_EDGE('',*,*,#1914,.F.);
#2725=ORIENTED_EDGE('',*,*,#2055,.F.);
#2726=ORIENTED_EDGE('',*,*,#1995,.F.);
#2727=ORIENTED_EDGE('',*,*,#2056,.T.);
#2728=ORIENTED_EDGE('',*,*,#1912,.F.);
#2729=ORIENTED_EDGE('',*,*,#2056,.F.);
#2730=ORIENTED_EDGE('',*,*,#1993,.F.);
#2731=ORIENTED_EDGE('',*,*,#2057,.T.);
#2732=ORIENTED_EDGE('',*,*,#1910,.F.);
#2733=ORIENTED_EDGE('',*,*,#2057,.F.);
#2734=ORIENTED_EDGE('',*,*,#1990,.F.);
#2735=ORIENTED_EDGE('',*,*,#2058,.T.);
#2736=ORIENTED_EDGE('',*,*,#2059,.T.);
#2737=ORIENTED_EDGE('',*,*,#2060,.T.);
#2738=ORIENTED_EDGE('',*,*,#2061,.T.);
#2739=ORIENTED_EDGE('',*,*,#2062,.T.);
#2740=ORIENTED_EDGE('',*,*,#2063,.T.);
#2741=ORIENTED_EDGE('',*,*,#2064,.T.);
#2742=ORIENTED_EDGE('',*,*,#2065,.T.);
#2743=ORIENTED_EDGE('',*,*,#2066,.T.);
#2744=ORIENTED_EDGE('',*,*,#2067,.T.);
#2745=ORIENTED_EDGE('',*,*,#2068,.T.);
#2746=ORIENTED_EDGE('',*,*,#2069,.T.);
#2747=ORIENTED_EDGE('',*,*,#2070,.T.);
#2748=ORIENTED_EDGE('',*,*,#2071,.T.);
#2749=ORIENTED_EDGE('',*,*,#2072,.T.);
#2750=ORIENTED_EDGE('',*,*,#2073,.T.);
#2751=ORIENTED_EDGE('',*,*,#2074,.T.);
#2752=ORIENTED_EDGE('',*,*,#2075,.T.);
#2753=ORIENTED_EDGE('',*,*,#2076,.T.);
#2754=ORIENTED_EDGE('',*,*,#2077,.T.);
#2755=ORIENTED_EDGE('',*,*,#2078,.T.);
#2756=ORIENTED_EDGE('',*,*,#2079,.T.);
#2757=ORIENTED_EDGE('',*,*,#2080,.T.);
#2758=ORIENTED_EDGE('',*,*,#2081,.T.);
#2759=ORIENTED_EDGE('',*,*,#2082,.T.);
#2760=ORIENTED_EDGE('',*,*,#1908,.F.);
#2761=ORIENTED_EDGE('',*,*,#2058,.F.);
#2762=ORIENTED_EDGE('',*,*,#1989,.F.);
#2763=ORIENTED_EDGE('',*,*,#2083,.T.);
#2764=ORIENTED_EDGE('',*,*,#1906,.F.);
#2765=ORIENTED_EDGE('',*,*,#2083,.F.);
#2766=ORIENTED_EDGE('',*,*,#1986,.F.);
#2767=ORIENTED_EDGE('',*,*,#2084,.F.);
#2768=ORIENTED_EDGE('',*,*,#1904,.F.);
#2769=ORIENTED_EDGE('',*,*,#2084,.T.);
#2770=ORIENTED_EDGE('',*,*,#1984,.F.);
#2771=ORIENTED_EDGE('',*,*,#2085,.T.);
#2772=ORIENTED_EDGE('',*,*,#1902,.F.);
#2773=ORIENTED_EDGE('',*,*,#2085,.F.);
#2774=ORIENTED_EDGE('',*,*,#1983,.F.);
#2775=ORIENTED_EDGE('',*,*,#2086,.F.);
#2776=ORIENTED_EDGE('',*,*,#1900,.F.);
#2777=ORIENTED_EDGE('',*,*,#2086,.T.);
#2778=ORIENTED_EDGE('',*,*,#1980,.F.);
#2779=ORIENTED_EDGE('',*,*,#2087,.T.);
#2780=ORIENTED_EDGE('',*,*,#1898,.F.);
#2781=ORIENTED_EDGE('',*,*,#2087,.F.);
#2782=ORIENTED_EDGE('',*,*,#1979,.F.);
#2783=ORIENTED_EDGE('',*,*,#2088,.F.);
#2784=ORIENTED_EDGE('',*,*,#1896,.F.);
#2785=ORIENTED_EDGE('',*,*,#2088,.T.);
#2786=ORIENTED_EDGE('',*,*,#1976,.F.);
#2787=ORIENTED_EDGE('',*,*,#2089,.T.);
#2788=ORIENTED_EDGE('',*,*,#1894,.F.);
#2789=ORIENTED_EDGE('',*,*,#2089,.F.);
#2790=ORIENTED_EDGE('',*,*,#1975,.F.);
#2791=ORIENTED_EDGE('',*,*,#2090,.F.);
#2792=ORIENTED_EDGE('',*,*,#1892,.F.);
#2793=ORIENTED_EDGE('',*,*,#2090,.T.);
#2794=ORIENTED_EDGE('',*,*,#1972,.F.);
#2795=ORIENTED_EDGE('',*,*,#1933,.T.);
#2796=ORIENTED_EDGE('',*,*,#2010,.F.);
#2797=ORIENTED_EDGE('',*,*,#2047,.T.);
#2798=ORIENTED_EDGE('',*,*,#2091,.T.);
#2799=ORIENTED_EDGE('',*,*,#1935,.F.);
#2800=ORIENTED_EDGE('',*,*,#1970,.F.);
#2801=ORIENTED_EDGE('',*,*,#1800,.F.);
#2802=ORIENTED_EDGE('',*,*,#1843,.F.);
#2803=ORIENTED_EDGE('',*,*,#2092,.T.);
#2804=ORIENTED_EDGE('',*,*,#1793,.F.);
#2805=ORIENTED_EDGE('',*,*,#2093,.T.);
#2806=ORIENTED_EDGE('',*,*,#1842,.F.);
#2807=ORIENTED_EDGE('',*,*,#1858,.F.);
#2808=ORIENTED_EDGE('',*,*,#1794,.T.);
#2809=ORIENTED_EDGE('',*,*,#2092,.F.);
#2810=ORIENTED_EDGE('',*,*,#1849,.F.);
#2811=ORIENTED_EDGE('',*,*,#2094,.T.);
#2812=ORIENTED_EDGE('',*,*,#1791,.F.);
#2813=ORIENTED_EDGE('',*,*,#2095,.T.);
#2814=ORIENTED_EDGE('',*,*,#1848,.F.);
#2815=ORIENTED_EDGE('',*,*,#2093,.F.);
#2816=ORIENTED_EDGE('',*,*,#1792,.T.);
#2817=ORIENTED_EDGE('',*,*,#2094,.F.);
#2818=ORIENTED_EDGE('',*,*,#1855,.F.);
#2819=ORIENTED_EDGE('',*,*,#2096,.T.);
#2820=ORIENTED_EDGE('',*,*,#1789,.F.);
#2821=ORIENTED_EDGE('',*,*,#1863,.T.);
#2822=ORIENTED_EDGE('',*,*,#1854,.F.);
#2823=ORIENTED_EDGE('',*,*,#2095,.F.);
#2824=ORIENTED_EDGE('',*,*,#1790,.T.);
#2825=ORIENTED_EDGE('',*,*,#2096,.F.);
#2826=ORIENTED_EDGE('',*,*,#1929,.F.);
#2827=ORIENTED_EDGE('',*,*,#1887,.F.);
#2828=ORIENTED_EDGE('',*,*,#2097,.F.);
#2829=ORIENTED_EDGE('',*,*,#2012,.T.);
#2830=ORIENTED_EDGE('',*,*,#2098,.F.);
#2831=ORIENTED_EDGE('',*,*,#2099,.F.);
#2832=ORIENTED_EDGE('',*,*,#2015,.T.);
#2833=ORIENTED_EDGE('',*,*,#2100,.F.);
#2834=ORIENTED_EDGE('',*,*,#2101,.F.);
#2835=ORIENTED_EDGE('',*,*,#2030,.T.);
#2836=ORIENTED_EDGE('',*,*,#2102,.F.);
#2837=ORIENTED_EDGE('',*,*,#2103,.F.);
#2838=ORIENTED_EDGE('',*,*,#2033,.T.);
#2839=ORIENTED_EDGE('',*,*,#2104,.F.);
#2840=ORIENTED_EDGE('',*,*,#2105,.F.);
#2841=ORIENTED_EDGE('',*,*,#2039,.T.);
#2842=ORIENTED_EDGE('',*,*,#2106,.F.);
#2843=ORIENTED_EDGE('',*,*,#2107,.F.);
#2844=ORIENTED_EDGE('',*,*,#2045,.T.);
#2845=ORIENTED_EDGE('',*,*,#2108,.F.);
#2846=ORIENTED_EDGE('',*,*,#2042,.T.);
#2847=ORIENTED_EDGE('',*,*,#2109,.F.);
#2848=ORIENTED_EDGE('',*,*,#2110,.F.);
#2849=ORIENTED_EDGE('',*,*,#2111,.F.);
#2850=ORIENTED_EDGE('',*,*,#2021,.T.);
#2851=ORIENTED_EDGE('',*,*,#2112,.F.);
#2852=ORIENTED_EDGE('',*,*,#2113,.F.);
#2853=ORIENTED_EDGE('',*,*,#2027,.T.);
#2854=ORIENTED_EDGE('',*,*,#2114,.F.);
#2855=ORIENTED_EDGE('',*,*,#2024,.T.);
#2856=ORIENTED_EDGE('',*,*,#2115,.F.);
#2857=ORIENTED_EDGE('',*,*,#2116,.F.);
#2858=ORIENTED_EDGE('',*,*,#2117,.F.);
#2859=ORIENTED_EDGE('',*,*,#2018,.T.);
#2860=ORIENTED_EDGE('',*,*,#2118,.F.);
#2861=ORIENTED_EDGE('',*,*,#2119,.F.);
#2862=ORIENTED_EDGE('',*,*,#2036,.T.);
#2863=ORIENTED_EDGE('',*,*,#2120,.F.);
#2864=ORIENTED_EDGE('',*,*,#1967,.F.);
#2865=ORIENTED_EDGE('',*,*,#2121,.F.);
#2866=ORIENTED_EDGE('',*,*,#2122,.F.);
#2867=ORIENTED_EDGE('',*,*,#1964,.F.);
#2868=ORIENTED_EDGE('',*,*,#2123,.F.);
#2869=ORIENTED_EDGE('',*,*,#2124,.F.);
#2870=ORIENTED_EDGE('',*,*,#1961,.F.);
#2871=ORIENTED_EDGE('',*,*,#2125,.F.);
#2872=ORIENTED_EDGE('',*,*,#2126,.F.);
#2873=ORIENTED_EDGE('',*,*,#1958,.F.);
#2874=ORIENTED_EDGE('',*,*,#2127,.F.);
#2875=ORIENTED_EDGE('',*,*,#2128,.F.);
#2876=ORIENTED_EDGE('',*,*,#1955,.F.);
#2877=ORIENTED_EDGE('',*,*,#2129,.F.);
#2878=ORIENTED_EDGE('',*,*,#2130,.F.);
#2879=ORIENTED_EDGE('',*,*,#1952,.F.);
#2880=ORIENTED_EDGE('',*,*,#2131,.F.);
#2881=ORIENTED_EDGE('',*,*,#2132,.F.);
#2882=ORIENTED_EDGE('',*,*,#1949,.F.);
#2883=ORIENTED_EDGE('',*,*,#2133,.F.);
#2884=ORIENTED_EDGE('',*,*,#2134,.F.);
#2885=ORIENTED_EDGE('',*,*,#1946,.F.);
#2886=ORIENTED_EDGE('',*,*,#2135,.F.);
#2887=ORIENTED_EDGE('',*,*,#2136,.F.);
#2888=ORIENTED_EDGE('',*,*,#1943,.F.);
#2889=ORIENTED_EDGE('',*,*,#2137,.F.);
#2890=ORIENTED_EDGE('',*,*,#2138,.F.);
#2891=ORIENTED_EDGE('',*,*,#1940,.F.);
#2892=ORIENTED_EDGE('',*,*,#2139,.F.);
#2893=ORIENTED_EDGE('',*,*,#2140,.F.);
#2894=ORIENTED_EDGE('',*,*,#1937,.F.);
#2895=ORIENTED_EDGE('',*,*,#2141,.F.);
#2896=ORIENTED_EDGE('',*,*,#2106,.T.);
#2897=ORIENTED_EDGE('',*,*,#2044,.T.);
#2898=ORIENTED_EDGE('',*,*,#2142,.T.);
#2899=ORIENTED_EDGE('',*,*,#1938,.F.);
#2900=ORIENTED_EDGE('',*,*,#2140,.T.);
#2901=ORIENTED_EDGE('',*,*,#2143,.F.);
#2902=ORIENTED_EDGE('',*,*,#2108,.T.);
#2903=ORIENTED_EDGE('',*,*,#2144,.T.);
#2904=ORIENTED_EDGE('',*,*,#2139,.T.);
#2905=ORIENTED_EDGE('',*,*,#1939,.F.);
#2906=ORIENTED_EDGE('',*,*,#2142,.F.);
#2907=ORIENTED_EDGE('',*,*,#2043,.T.);
#2908=ORIENTED_EDGE('',*,*,#2137,.T.);
#2909=ORIENTED_EDGE('',*,*,#1942,.F.);
#2910=ORIENTED_EDGE('',*,*,#2145,.F.);
#2911=ORIENTED_EDGE('',*,*,#2146,.T.);
#2912=ORIENTED_EDGE('',*,*,#2147,.T.);
#2913=ORIENTED_EDGE('',*,*,#2135,.T.);
#2914=ORIENTED_EDGE('',*,*,#1945,.F.);
#2915=ORIENTED_EDGE('',*,*,#2148,.F.);
#2916=ORIENTED_EDGE('',*,*,#2149,.T.);
#2917=ORIENTED_EDGE('',*,*,#2150,.T.);
#2918=ORIENTED_EDGE('',*,*,#2151,.T.);
#2919=ORIENTED_EDGE('',*,*,#2102,.T.);
#2920=ORIENTED_EDGE('',*,*,#2032,.T.);
#2921=ORIENTED_EDGE('',*,*,#2152,.T.);
#2922=ORIENTED_EDGE('',*,*,#1950,.F.);
#2923=ORIENTED_EDGE('',*,*,#2132,.T.);
#2924=ORIENTED_EDGE('',*,*,#2153,.F.);
#2925=ORIENTED_EDGE('',*,*,#2100,.T.);
#2926=ORIENTED_EDGE('',*,*,#2029,.T.);
#2927=ORIENTED_EDGE('',*,*,#2154,.T.);
#2928=ORIENTED_EDGE('',*,*,#1953,.F.);
#2929=ORIENTED_EDGE('',*,*,#2130,.T.);
#2930=ORIENTED_EDGE('',*,*,#2155,.F.);
#2931=ORIENTED_EDGE('',*,*,#2112,.T.);
#2932=ORIENTED_EDGE('',*,*,#2026,.T.);
#2933=ORIENTED_EDGE('',*,*,#2156,.T.);
#2934=ORIENTED_EDGE('',*,*,#1956,.F.);
#2935=ORIENTED_EDGE('',*,*,#2128,.T.);
#2936=ORIENTED_EDGE('',*,*,#2157,.F.);
#2937=ORIENTED_EDGE('',*,*,#2114,.T.);
#2938=ORIENTED_EDGE('',*,*,#2158,.T.);
#2939=ORIENTED_EDGE('',*,*,#2127,.T.);
#2940=ORIENTED_EDGE('',*,*,#1957,.F.);
#2941=ORIENTED_EDGE('',*,*,#2156,.F.);
#2942=ORIENTED_EDGE('',*,*,#2025,.T.);
#2943=ORIENTED_EDGE('',*,*,#2125,.T.);
#2944=ORIENTED_EDGE('',*,*,#1960,.F.);
#2945=ORIENTED_EDGE('',*,*,#2159,.F.);
#2946=ORIENTED_EDGE('',*,*,#2160,.T.);
#2947=ORIENTED_EDGE('',*,*,#2161,.T.);
#2948=ORIENTED_EDGE('',*,*,#2098,.T.);
#2949=ORIENTED_EDGE('',*,*,#2014,.T.);
#2950=ORIENTED_EDGE('',*,*,#2162,.T.);
#2951=ORIENTED_EDGE('',*,*,#1968,.F.);
#2952=ORIENTED_EDGE('',*,*,#2120,.T.);
#2953=ORIENTED_EDGE('',*,*,#2163,.F.);
#2954=ORIENTED_EDGE('',*,*,#2150,.F.);
#2955=ORIENTED_EDGE('',*,*,#2164,.F.);
#2956=ORIENTED_EDGE('',*,*,#2165,.F.);
#2957=ORIENTED_EDGE('',*,*,#2166,.T.);
#2958=ORIENTED_EDGE('',*,*,#2167,.F.);
#2959=ORIENTED_EDGE('',*,*,#2168,.F.);
#2960=ORIENTED_EDGE('',*,*,#2169,.F.);
#2961=ORIENTED_EDGE('',*,*,#2166,.F.);
#2962=ORIENTED_EDGE('',*,*,#2170,.F.);
#2963=ORIENTED_EDGE('',*,*,#2171,.T.);
#2964=ORIENTED_EDGE('',*,*,#2172,.F.);
#2965=ORIENTED_EDGE('',*,*,#2173,.F.);
#2966=ORIENTED_EDGE('',*,*,#2174,.F.);
#2967=ORIENTED_EDGE('',*,*,#2175,.T.);
#2968=ORIENTED_EDGE('',*,*,#2176,.F.);
#2969=ORIENTED_EDGE('',*,*,#2177,.F.);
#2970=ORIENTED_EDGE('',*,*,#2178,.F.);
#2971=ORIENTED_EDGE('',*,*,#2173,.T.);
#2972=ORIENTED_EDGE('',*,*,#2179,.F.);
#2973=ORIENTED_EDGE('',*,*,#2180,.F.);
#2974=ORIENTED_EDGE('',*,*,#2181,.F.);
#2975=ORIENTED_EDGE('',*,*,#2182,.T.);
#2976=ORIENTED_EDGE('',*,*,#2183,.F.);
#2977=ORIENTED_EDGE('',*,*,#2184,.F.);
#2978=ORIENTED_EDGE('',*,*,#2185,.F.);
#2979=ORIENTED_EDGE('',*,*,#2182,.F.);
#2980=ORIENTED_EDGE('',*,*,#2186,.F.);
#2981=ORIENTED_EDGE('',*,*,#2187,.T.);
#2982=ORIENTED_EDGE('',*,*,#2188,.F.);
#2983=ORIENTED_EDGE('',*,*,#2189,.F.);
#2984=ORIENTED_EDGE('',*,*,#2190,.F.);
#2985=ORIENTED_EDGE('',*,*,#2191,.T.);
#2986=ORIENTED_EDGE('',*,*,#2192,.F.);
#2987=ORIENTED_EDGE('',*,*,#2193,.F.);
#2988=ORIENTED_EDGE('',*,*,#2194,.F.);
#2989=ORIENTED_EDGE('',*,*,#2189,.T.);
#2990=ORIENTED_EDGE('',*,*,#2195,.F.);
#2991=ORIENTED_EDGE('',*,*,#2196,.F.);
#2992=ORIENTED_EDGE('',*,*,#2197,.F.);
#2993=ORIENTED_EDGE('',*,*,#2198,.F.);
#2994=ORIENTED_EDGE('',*,*,#2199,.F.);
#2995=ORIENTED_EDGE('',*,*,#2200,.F.);
#2996=ORIENTED_EDGE('',*,*,#2170,.T.);
#2997=ORIENTED_EDGE('',*,*,#2165,.T.);
#2998=ORIENTED_EDGE('',*,*,#2201,.F.);
#2999=ORIENTED_EDGE('',*,*,#2177,.T.);
#3000=ORIENTED_EDGE('',*,*,#2202,.F.);
#3001=ORIENTED_EDGE('',*,*,#2203,.F.);
#3002=ORIENTED_EDGE('',*,*,#2204,.F.);
#3003=ORIENTED_EDGE('',*,*,#2205,.F.);
#3004=ORIENTED_EDGE('',*,*,#2206,.F.);
#3005=ORIENTED_EDGE('',*,*,#2207,.F.);
#3006=ORIENTED_EDGE('',*,*,#2208,.F.);
#3007=ORIENTED_EDGE('',*,*,#2175,.F.);
#3008=ORIENTED_EDGE('',*,*,#2209,.T.);
#3009=ORIENTED_EDGE('',*,*,#2210,.F.);
#3010=ORIENTED_EDGE('',*,*,#2211,.F.);
#3011=ORIENTED_EDGE('',*,*,#2212,.F.);
#3012=ORIENTED_EDGE('',*,*,#2213,.F.);
#3013=ORIENTED_EDGE('',*,*,#2214,.F.);
#3014=ORIENTED_EDGE('',*,*,#2215,.F.);
#3015=ORIENTED_EDGE('',*,*,#2186,.T.);
#3016=ORIENTED_EDGE('',*,*,#2181,.T.);
#3017=ORIENTED_EDGE('',*,*,#2216,.F.);
#3018=ORIENTED_EDGE('',*,*,#2119,.T.);
#3019=ORIENTED_EDGE('',*,*,#2217,.T.);
#3020=ORIENTED_EDGE('',*,*,#2184,.T.);
#3021=ORIENTED_EDGE('',*,*,#2218,.T.);
#3022=ORIENTED_EDGE('',*,*,#2219,.F.);
#3023=ORIENTED_EDGE('',*,*,#2037,.T.);
#3024=ORIENTED_EDGE('',*,*,#2193,.T.);
#3025=ORIENTED_EDGE('',*,*,#2220,.F.);
#3026=ORIENTED_EDGE('',*,*,#2221,.F.);
#3027=ORIENTED_EDGE('',*,*,#2160,.F.);
#3028=ORIENTED_EDGE('',*,*,#2222,.F.);
#3029=ORIENTED_EDGE('',*,*,#2223,.F.);
#3030=ORIENTED_EDGE('',*,*,#2224,.F.);
#3031=ORIENTED_EDGE('',*,*,#2225,.F.);
#3032=ORIENTED_EDGE('',*,*,#2191,.F.);
#3033=ORIENTED_EDGE('',*,*,#2226,.T.);
#3034=ORIENTED_EDGE('',*,*,#2117,.T.);
#3035=ORIENTED_EDGE('',*,*,#2227,.T.);
#3036=ORIENTED_EDGE('',*,*,#2123,.T.);
#3037=ORIENTED_EDGE('',*,*,#1963,.F.);
#3038=ORIENTED_EDGE('',*,*,#2228,.F.);
#3039=ORIENTED_EDGE('',*,*,#2220,.T.);
#3040=ORIENTED_EDGE('',*,*,#2192,.T.);
#3041=ORIENTED_EDGE('',*,*,#2188,.T.);
#3042=ORIENTED_EDGE('',*,*,#2225,.T.);
#3043=ORIENTED_EDGE('',*,*,#2229,.F.);
#3044=ORIENTED_EDGE('',*,*,#2202,.T.);
#3045=ORIENTED_EDGE('',*,*,#2176,.T.);
#3046=ORIENTED_EDGE('',*,*,#2172,.T.);
#3047=ORIENTED_EDGE('',*,*,#2208,.T.);
#3048=ORIENTED_EDGE('',*,*,#2230,.F.);
#3049=ORIENTED_EDGE('',*,*,#2019,.T.);
#3050=ORIENTED_EDGE('',*,*,#2059,.F.);
#3051=ORIENTED_EDGE('',*,*,#2231,.T.);
#3052=ORIENTED_EDGE('',*,*,#2232,.T.);
#3053=ORIENTED_EDGE('',*,*,#2233,.F.);
#3054=ORIENTED_EDGE('',*,*,#2064,.F.);
#3055=ORIENTED_EDGE('',*,*,#2234,.T.);
#3056=ORIENTED_EDGE('',*,*,#2235,.T.);
#3057=ORIENTED_EDGE('',*,*,#2231,.F.);
#3058=ORIENTED_EDGE('',*,*,#2063,.F.);
#3059=ORIENTED_EDGE('',*,*,#2236,.T.);
#3060=ORIENTED_EDGE('',*,*,#2237,.T.);
#3061=ORIENTED_EDGE('',*,*,#2234,.F.);
#3062=ORIENTED_EDGE('',*,*,#2062,.F.);
#3063=ORIENTED_EDGE('',*,*,#2238,.T.);
#3064=ORIENTED_EDGE('',*,*,#2239,.T.);
#3065=ORIENTED_EDGE('',*,*,#2236,.F.);
#3066=ORIENTED_EDGE('',*,*,#2061,.F.);
#3067=ORIENTED_EDGE('',*,*,#2240,.T.);
#3068=ORIENTED_EDGE('',*,*,#2241,.T.);
#3069=ORIENTED_EDGE('',*,*,#2238,.F.);
#3070=ORIENTED_EDGE('',*,*,#2060,.F.);
#3071=ORIENTED_EDGE('',*,*,#2233,.T.);
#3072=ORIENTED_EDGE('',*,*,#2242,.T.);
#3073=ORIENTED_EDGE('',*,*,#2240,.F.);
#3074=ORIENTED_EDGE('',*,*,#2242,.F.);
#3075=ORIENTED_EDGE('',*,*,#2232,.F.);
#3076=ORIENTED_EDGE('',*,*,#2235,.F.);
#3077=ORIENTED_EDGE('',*,*,#2237,.F.);
#3078=ORIENTED_EDGE('',*,*,#2239,.F.);
#3079=ORIENTED_EDGE('',*,*,#2241,.F.);
#3080=ORIENTED_EDGE('',*,*,#2178,.T.);
#3081=ORIENTED_EDGE('',*,*,#2209,.F.);
#3082=ORIENTED_EDGE('',*,*,#2174,.T.);
#3083=ORIENTED_EDGE('',*,*,#2065,.F.);
#3084=ORIENTED_EDGE('',*,*,#2243,.T.);
#3085=ORIENTED_EDGE('',*,*,#2211,.T.);
#3086=ORIENTED_EDGE('',*,*,#2244,.F.);
#3087=ORIENTED_EDGE('',*,*,#2070,.F.);
#3088=ORIENTED_EDGE('',*,*,#2245,.T.);
#3089=ORIENTED_EDGE('',*,*,#2212,.T.);
#3090=ORIENTED_EDGE('',*,*,#2243,.F.);
#3091=ORIENTED_EDGE('',*,*,#2069,.F.);
#3092=ORIENTED_EDGE('',*,*,#2246,.T.);
#3093=ORIENTED_EDGE('',*,*,#2213,.T.);
#3094=ORIENTED_EDGE('',*,*,#2245,.F.);
#3095=ORIENTED_EDGE('',*,*,#2068,.F.);
#3096=ORIENTED_EDGE('',*,*,#2247,.T.);
#3097=ORIENTED_EDGE('',*,*,#2214,.T.);
#3098=ORIENTED_EDGE('',*,*,#2246,.F.);
#3099=ORIENTED_EDGE('',*,*,#2067,.F.);
#3100=ORIENTED_EDGE('',*,*,#2248,.T.);
#3101=ORIENTED_EDGE('',*,*,#2215,.T.);
#3102=ORIENTED_EDGE('',*,*,#2247,.F.);
#3103=ORIENTED_EDGE('',*,*,#2066,.F.);
#3104=ORIENTED_EDGE('',*,*,#2244,.T.);
#3105=ORIENTED_EDGE('',*,*,#2210,.T.);
#3106=ORIENTED_EDGE('',*,*,#2248,.F.);
#3107=ORIENTED_EDGE('',*,*,#2071,.F.);
#3108=ORIENTED_EDGE('',*,*,#2249,.T.);
#3109=ORIENTED_EDGE('',*,*,#2250,.T.);
#3110=ORIENTED_EDGE('',*,*,#2251,.F.);
#3111=ORIENTED_EDGE('',*,*,#2076,.F.);
#3112=ORIENTED_EDGE('',*,*,#2252,.T.);
#3113=ORIENTED_EDGE('',*,*,#2253,.T.);
#3114=ORIENTED_EDGE('',*,*,#2249,.F.);
#3115=ORIENTED_EDGE('',*,*,#2075,.F.);
#3116=ORIENTED_EDGE('',*,*,#2254,.T.);
#3117=ORIENTED_EDGE('',*,*,#2255,.T.);
#3118=ORIENTED_EDGE('',*,*,#2252,.F.);
#3119=ORIENTED_EDGE('',*,*,#2074,.F.);
#3120=ORIENTED_EDGE('',*,*,#2256,.T.);
#3121=ORIENTED_EDGE('',*,*,#2257,.T.);
#3122=ORIENTED_EDGE('',*,*,#2254,.F.);
#3123=ORIENTED_EDGE('',*,*,#2073,.F.);
#3124=ORIENTED_EDGE('',*,*,#2258,.T.);
#3125=ORIENTED_EDGE('',*,*,#2259,.T.);
#3126=ORIENTED_EDGE('',*,*,#2256,.F.);
#3127=ORIENTED_EDGE('',*,*,#2072,.F.);
#3128=ORIENTED_EDGE('',*,*,#2251,.T.);
#3129=ORIENTED_EDGE('',*,*,#2260,.T.);
#3130=ORIENTED_EDGE('',*,*,#2258,.F.);
#3131=ORIENTED_EDGE('',*,*,#2260,.F.);
#3132=ORIENTED_EDGE('',*,*,#2250,.F.);
#3133=ORIENTED_EDGE('',*,*,#2253,.F.);
#3134=ORIENTED_EDGE('',*,*,#2255,.F.);
#3135=ORIENTED_EDGE('',*,*,#2257,.F.);
#3136=ORIENTED_EDGE('',*,*,#2259,.F.);
#3137=ORIENTED_EDGE('',*,*,#2194,.T.);
#3138=ORIENTED_EDGE('',*,*,#2226,.F.);
#3139=ORIENTED_EDGE('',*,*,#2190,.T.);
#3140=ORIENTED_EDGE('',*,*,#2077,.F.);
#3141=ORIENTED_EDGE('',*,*,#2261,.T.);
#3142=ORIENTED_EDGE('',*,*,#2196,.T.);
#3143=ORIENTED_EDGE('',*,*,#2262,.F.);
#3144=ORIENTED_EDGE('',*,*,#2082,.F.);
#3145=ORIENTED_EDGE('',*,*,#2263,.T.);
#3146=ORIENTED_EDGE('',*,*,#2197,.T.);
#3147=ORIENTED_EDGE('',*,*,#2261,.F.);
#3148=ORIENTED_EDGE('',*,*,#2081,.F.);
#3149=ORIENTED_EDGE('',*,*,#2264,.T.);
#3150=ORIENTED_EDGE('',*,*,#2198,.T.);
#3151=ORIENTED_EDGE('',*,*,#2263,.F.);
#3152=ORIENTED_EDGE('',*,*,#2080,.F.);
#3153=ORIENTED_EDGE('',*,*,#2265,.T.);
#3154=ORIENTED_EDGE('',*,*,#2199,.T.);
#3155=ORIENTED_EDGE('',*,*,#2264,.F.);
#3156=ORIENTED_EDGE('',*,*,#2079,.F.);
#3157=ORIENTED_EDGE('',*,*,#2266,.T.);
#3158=ORIENTED_EDGE('',*,*,#2200,.T.);
#3159=ORIENTED_EDGE('',*,*,#2265,.F.);
#3160=ORIENTED_EDGE('',*,*,#2078,.F.);
#3161=ORIENTED_EDGE('',*,*,#2262,.T.);
#3162=ORIENTED_EDGE('',*,*,#2195,.T.);
#3163=ORIENTED_EDGE('',*,*,#2266,.F.);
#3164=ORIENTED_EDGE('',*,*,#2171,.F.);
#3165=ORIENTED_EDGE('',*,*,#2201,.T.);
#3166=ORIENTED_EDGE('',*,*,#2164,.T.);
#3167=ORIENTED_EDGE('',*,*,#2149,.F.);
#3168=ORIENTED_EDGE('',*,*,#2267,.F.);
#3169=ORIENTED_EDGE('',*,*,#2146,.F.);
#3170=ORIENTED_EDGE('',*,*,#2268,.F.);
#3171=ORIENTED_EDGE('',*,*,#2269,.F.);
#3172=ORIENTED_EDGE('',*,*,#2270,.F.);
#3173=ORIENTED_EDGE('',*,*,#2271,.F.);
#3174=ORIENTED_EDGE('',*,*,#2187,.F.);
#3175=ORIENTED_EDGE('',*,*,#2216,.T.);
#3176=ORIENTED_EDGE('',*,*,#2180,.T.);
#3177=ORIENTED_EDGE('',*,*,#2272,.F.);
#3178=ORIENTED_EDGE('',*,*,#2273,.F.);
#3179=ORIENTED_EDGE('',*,*,#2274,.F.);
#3180=ORIENTED_EDGE('',*,*,#2275,.F.);
#3181=ORIENTED_EDGE('',*,*,#2276,.F.);
#3182=ORIENTED_EDGE('',*,*,#2277,.F.);
#3183=ORIENTED_EDGE('',*,*,#2218,.F.);
#3184=ORIENTED_EDGE('',*,*,#2115,.T.);
#3185=ORIENTED_EDGE('',*,*,#2023,.T.);
#3186=ORIENTED_EDGE('',*,*,#2278,.T.);
#3187=ORIENTED_EDGE('',*,*,#2205,.T.);
#3188=ORIENTED_EDGE('',*,*,#2279,.T.);
#3189=ORIENTED_EDGE('',*,*,#2222,.T.);
#3190=ORIENTED_EDGE('',*,*,#2159,.T.);
#3191=ORIENTED_EDGE('',*,*,#1959,.F.);
#3192=ORIENTED_EDGE('',*,*,#2126,.T.);
#3193=ORIENTED_EDGE('',*,*,#2158,.F.);
#3194=ORIENTED_EDGE('',*,*,#2111,.T.);
#3195=ORIENTED_EDGE('',*,*,#2280,.T.);
#3196=ORIENTED_EDGE('',*,*,#2206,.T.);
#3197=ORIENTED_EDGE('',*,*,#2278,.F.);
#3198=ORIENTED_EDGE('',*,*,#2022,.T.);
#3199=ORIENTED_EDGE('',*,*,#2124,.T.);
#3200=ORIENTED_EDGE('',*,*,#2161,.F.);
#3201=ORIENTED_EDGE('',*,*,#2221,.T.);
#3202=ORIENTED_EDGE('',*,*,#2228,.T.);
#3203=ORIENTED_EDGE('',*,*,#1962,.F.);
#3204=ORIENTED_EDGE('',*,*,#2110,.T.);
#3205=ORIENTED_EDGE('',*,*,#2020,.T.);
#3206=ORIENTED_EDGE('',*,*,#2230,.T.);
#3207=ORIENTED_EDGE('',*,*,#2207,.T.);
#3208=ORIENTED_EDGE('',*,*,#2280,.F.);
#3209=ORIENTED_EDGE('',*,*,#2109,.T.);
#3210=ORIENTED_EDGE('',*,*,#2041,.T.);
#3211=ORIENTED_EDGE('',*,*,#2281,.T.);
#3212=ORIENTED_EDGE('',*,*,#2275,.T.);
#3213=ORIENTED_EDGE('',*,*,#2282,.T.);
#3214=ORIENTED_EDGE('',*,*,#2268,.T.);
#3215=ORIENTED_EDGE('',*,*,#2145,.T.);
#3216=ORIENTED_EDGE('',*,*,#1941,.F.);
#3217=ORIENTED_EDGE('',*,*,#2138,.T.);
#3218=ORIENTED_EDGE('',*,*,#2144,.F.);
#3219=ORIENTED_EDGE('',*,*,#2105,.T.);
#3220=ORIENTED_EDGE('',*,*,#2283,.T.);
#3221=ORIENTED_EDGE('',*,*,#2276,.T.);
#3222=ORIENTED_EDGE('',*,*,#2281,.F.);
#3223=ORIENTED_EDGE('',*,*,#2040,.T.);
#3224=ORIENTED_EDGE('',*,*,#2136,.T.);
#3225=ORIENTED_EDGE('',*,*,#2147,.F.);
#3226=ORIENTED_EDGE('',*,*,#2267,.T.);
#3227=ORIENTED_EDGE('',*,*,#2148,.T.);
#3228=ORIENTED_EDGE('',*,*,#1944,.F.);
#3229=ORIENTED_EDGE('',*,*,#2104,.T.);
#3230=ORIENTED_EDGE('',*,*,#2038,.T.);
#3231=ORIENTED_EDGE('',*,*,#2219,.T.);
#3232=ORIENTED_EDGE('',*,*,#2277,.T.);
#3233=ORIENTED_EDGE('',*,*,#2283,.F.);
#3234=ORIENTED_EDGE('',*,*,#2097,.T.);
#3235=ORIENTED_EDGE('',*,*,#1886,.T.);
#3236=ORIENTED_EDGE('',*,*,#1932,.T.);
#3237=ORIENTED_EDGE('',*,*,#1969,.F.);
#3238=ORIENTED_EDGE('',*,*,#2162,.F.);
#3239=ORIENTED_EDGE('',*,*,#2013,.T.);
#3240=ORIENTED_EDGE('',*,*,#2099,.T.);
#3241=ORIENTED_EDGE('',*,*,#2163,.T.);
#3242=ORIENTED_EDGE('',*,*,#2121,.T.);
#3243=ORIENTED_EDGE('',*,*,#1966,.F.);
#3244=ORIENTED_EDGE('',*,*,#2284,.F.);
#3245=ORIENTED_EDGE('',*,*,#2016,.T.);
#3246=ORIENTED_EDGE('',*,*,#2116,.T.);
#3247=ORIENTED_EDGE('',*,*,#2017,.T.);
#3248=ORIENTED_EDGE('',*,*,#2284,.T.);
#3249=ORIENTED_EDGE('',*,*,#1965,.F.);
#3250=ORIENTED_EDGE('',*,*,#2122,.T.);
#3251=ORIENTED_EDGE('',*,*,#2227,.F.);
#3252=ORIENTED_EDGE('',*,*,#2224,.T.);
#3253=ORIENTED_EDGE('',*,*,#2285,.F.);
#3254=ORIENTED_EDGE('',*,*,#2203,.T.);
#3255=ORIENTED_EDGE('',*,*,#2229,.T.);
#3256=ORIENTED_EDGE('',*,*,#2223,.T.);
#3257=ORIENTED_EDGE('',*,*,#2279,.F.);
#3258=ORIENTED_EDGE('',*,*,#2204,.T.);
#3259=ORIENTED_EDGE('',*,*,#2285,.T.);
#3260=ORIENTED_EDGE('',*,*,#2113,.T.);
#3261=ORIENTED_EDGE('',*,*,#2157,.T.);
#3262=ORIENTED_EDGE('',*,*,#2129,.T.);
#3263=ORIENTED_EDGE('',*,*,#1954,.F.);
#3264=ORIENTED_EDGE('',*,*,#2154,.F.);
#3265=ORIENTED_EDGE('',*,*,#2028,.T.);
#3266=ORIENTED_EDGE('',*,*,#2101,.T.);
#3267=ORIENTED_EDGE('',*,*,#2155,.T.);
#3268=ORIENTED_EDGE('',*,*,#2131,.T.);
#3269=ORIENTED_EDGE('',*,*,#1951,.F.);
#3270=ORIENTED_EDGE('',*,*,#2152,.F.);
#3271=ORIENTED_EDGE('',*,*,#2031,.T.);
#3272=ORIENTED_EDGE('',*,*,#2103,.T.);
#3273=ORIENTED_EDGE('',*,*,#2153,.T.);
#3274=ORIENTED_EDGE('',*,*,#2133,.T.);
#3275=ORIENTED_EDGE('',*,*,#1948,.F.);
#3276=ORIENTED_EDGE('',*,*,#2286,.F.);
#3277=ORIENTED_EDGE('',*,*,#2034,.T.);
#3278=ORIENTED_EDGE('',*,*,#2118,.T.);
#3279=ORIENTED_EDGE('',*,*,#2035,.T.);
#3280=ORIENTED_EDGE('',*,*,#2286,.T.);
#3281=ORIENTED_EDGE('',*,*,#1947,.F.);
#3282=ORIENTED_EDGE('',*,*,#2134,.T.);
#3283=ORIENTED_EDGE('',*,*,#2151,.F.);
#3284=ORIENTED_EDGE('',*,*,#2167,.T.);
#3285=ORIENTED_EDGE('',*,*,#2169,.T.);
#3286=ORIENTED_EDGE('',*,*,#2287,.F.);
#3287=ORIENTED_EDGE('',*,*,#2183,.T.);
#3288=ORIENTED_EDGE('',*,*,#2185,.T.);
#3289=ORIENTED_EDGE('',*,*,#2217,.F.);
#3290=ORIENTED_EDGE('',*,*,#2168,.T.);
#3291=ORIENTED_EDGE('',*,*,#2271,.T.);
#3292=ORIENTED_EDGE('',*,*,#2288,.F.);
#3293=ORIENTED_EDGE('',*,*,#2272,.T.);
#3294=ORIENTED_EDGE('',*,*,#2179,.T.);
#3295=ORIENTED_EDGE('',*,*,#2287,.T.);
#3296=ORIENTED_EDGE('',*,*,#2270,.T.);
#3297=ORIENTED_EDGE('',*,*,#2289,.F.);
#3298=ORIENTED_EDGE('',*,*,#2273,.T.);
#3299=ORIENTED_EDGE('',*,*,#2288,.T.);
#3300=ORIENTED_EDGE('',*,*,#2269,.T.);
#3301=ORIENTED_EDGE('',*,*,#2282,.F.);
#3302=ORIENTED_EDGE('',*,*,#2274,.T.);
#3303=ORIENTED_EDGE('',*,*,#2289,.T.);
#3304=ORIENTED_EDGE('',*,*,#2107,.T.);
#3305=ORIENTED_EDGE('',*,*,#2143,.T.);
#3306=ORIENTED_EDGE('',*,*,#2141,.T.);
#3307=ORIENTED_EDGE('',*,*,#1936,.F.);
#3308=ORIENTED_EDGE('',*,*,#2091,.F.);
#3309=ORIENTED_EDGE('',*,*,#2046,.T.);
#3310=CONICAL_SURFACE('',#3543,2.95,0.785398163397448);
#3311=CONICAL_SURFACE('',#3555,2.95,0.785398163397448);
#3312=CONICAL_SURFACE('',#3569,0.500000000000001,0.78539816339745);
#3313=CONICAL_SURFACE('',#3573,0.5,0.785398163397448);
#3314=CONICAL_SURFACE('',#3577,0.5,0.785398163397449);
#3315=CONICAL_SURFACE('',#3581,0.500000000000001,0.785398163397451);
#3316=CONICAL_SURFACE('',#3585,0.5,0.785398163397448);
#3317=CONICAL_SURFACE('',#3589,0.5,0.785398163397449);
#3318=CONICAL_SURFACE('',#3613,0.3,0.785398163397449);
#3319=CONICAL_SURFACE('',#3616,0.500000000000001,0.78539816339745);
#3320=CONICAL_SURFACE('',#3619,0.5,0.785398163397448);
#3321=CONICAL_SURFACE('',#3622,0.3,0.785398163397448);
#3322=CONICAL_SURFACE('',#3625,0.3,0.78539816339745);
#3323=CONICAL_SURFACE('',#3628,0.299999999999998,0.785398163397451);
#3324=CONICAL_SURFACE('',#3631,0.3,0.785398163397447);
#3325=CONICAL_SURFACE('',#3634,0.5,0.785398163397447);
#3326=CONICAL_SURFACE('',#3637,0.5,0.785398163397448);
#3327=CONICAL_SURFACE('',#3640,0.3,0.785398163397448);
#3328=CONICAL_SURFACE('',#3648,0.3,0.785398163397449);
#3329=CONICAL_SURFACE('',#3651,0.500000000000001,0.78539816339745);
#3330=CONICAL_SURFACE('',#3654,0.5,0.785398163397448);
#3331=CONICAL_SURFACE('',#3657,0.3,0.785398163397448);
#3332=CONICAL_SURFACE('',#3660,0.3,0.78539816339745);
#3333=CONICAL_SURFACE('',#3663,0.299999999999998,0.785398163397451);
#3334=CONICAL_SURFACE('',#3666,0.3,0.785398163397447);
#3335=CONICAL_SURFACE('',#3669,0.5,0.785398163397447);
#3336=CONICAL_SURFACE('',#3672,0.5,0.785398163397448);
#3337=CONICAL_SURFACE('',#3675,0.3,0.785398163397448);
#3338=ADVANCED_FACE('',(#265),#3310,.F.);
#3339=ADVANCED_FACE('',(#266),#220,.F.);
#3340=ADVANCED_FACE('',(#267,#91),#102,.T.);
#3341=ADVANCED_FACE('',(#268),#3311,.F.);
#3342=ADVANCED_FACE('',(#269,#92),#103,.T.);
#3343=ADVANCED_FACE('',(#270),#104,.T.);
#3344=ADVANCED_FACE('',(#271),#3312,.F.);
#3345=ADVANCED_FACE('',(#272),#105,.T.);
#3346=ADVANCED_FACE('',(#273),#3313,.F.);
#3347=ADVANCED_FACE('',(#274),#106,.T.);
#3348=ADVANCED_FACE('',(#275),#3314,.F.);
#3349=ADVANCED_FACE('',(#276),#107,.T.);
#3350=ADVANCED_FACE('',(#277),#3315,.F.);
#3351=ADVANCED_FACE('',(#278),#108,.T.);
#3352=ADVANCED_FACE('',(#279),#3316,.F.);
#3353=ADVANCED_FACE('',(#280),#109,.T.);
#3354=ADVANCED_FACE('',(#281),#3317,.F.);
#3355=ADVANCED_FACE('',(#282),#221,.F.);
#3356=ADVANCED_FACE('',(#283),#110,.F.);
#3357=ADVANCED_FACE('',(#284),#222,.F.);
#3358=ADVANCED_FACE('',(#285),#111,.F.);
#3359=ADVANCED_FACE('',(#286),#223,.F.);
#3360=ADVANCED_FACE('',(#287),#112,.F.);
#3361=ADVANCED_FACE('',(#288,#93),#113,.T.);
#3362=ADVANCED_FACE('',(#289),#114,.T.);
#3363=ADVANCED_FACE('',(#290),#3318,.T.);
#3364=ADVANCED_FACE('',(#291),#115,.T.);
#3365=ADVANCED_FACE('',(#292),#3319,.F.);
#3366=ADVANCED_FACE('',(#293),#116,.T.);
#3367=ADVANCED_FACE('',(#294),#3320,.F.);
#3368=ADVANCED_FACE('',(#295),#117,.T.);
#3369=ADVANCED_FACE('',(#296),#3321,.T.);
#3370=ADVANCED_FACE('',(#297),#118,.T.);
#3371=ADVANCED_FACE('',(#298),#3322,.T.);
#3372=ADVANCED_FACE('',(#299),#119,.T.);
#3373=ADVANCED_FACE('',(#300),#3323,.T.);
#3374=ADVANCED_FACE('',(#301),#120,.T.);
#3375=ADVANCED_FACE('',(#302),#3324,.T.);
#3376=ADVANCED_FACE('',(#303),#121,.T.);
#3377=ADVANCED_FACE('',(#304),#3325,.F.);
#3378=ADVANCED_FACE('',(#305),#122,.T.);
#3379=ADVANCED_FACE('',(#306),#3326,.F.);
#3380=ADVANCED_FACE('',(#307),#123,.T.);
#3381=ADVANCED_FACE('',(#308),#3327,.T.);
#3382=ADVANCED_FACE('',(#309),#124,.T.);
#3383=ADVANCED_FACE('',(#310),#224,.T.);
#3384=ADVANCED_FACE('',(#311),#125,.T.);
#3385=ADVANCED_FACE('',(#312),#126,.T.);
#3386=ADVANCED_FACE('',(#313),#3328,.T.);
#3387=ADVANCED_FACE('',(#314),#127,.T.);
#3388=ADVANCED_FACE('',(#315),#3329,.F.);
#3389=ADVANCED_FACE('',(#316),#128,.T.);
#3390=ADVANCED_FACE('',(#317),#3330,.F.);
#3391=ADVANCED_FACE('',(#318),#129,.T.);
#3392=ADVANCED_FACE('',(#319),#3331,.T.);
#3393=ADVANCED_FACE('',(#320),#130,.T.);
#3394=ADVANCED_FACE('',(#321),#3332,.T.);
#3395=ADVANCED_FACE('',(#322),#131,.T.);
#3396=ADVANCED_FACE('',(#323),#3333,.T.);
#3397=ADVANCED_FACE('',(#324),#132,.T.);
#3398=ADVANCED_FACE('',(#325),#3334,.T.);
#3399=ADVANCED_FACE('',(#326),#133,.T.);
#3400=ADVANCED_FACE('',(#327),#3335,.F.);
#3401=ADVANCED_FACE('',(#328),#134,.T.);
#3402=ADVANCED_FACE('',(#329),#3336,.F.);
#3403=ADVANCED_FACE('',(#330),#135,.T.);
#3404=ADVANCED_FACE('',(#331),#3337,.T.);
#3405=ADVANCED_FACE('',(#332),#136,.T.);
#3406=ADVANCED_FACE('',(#333),#137,.F.);
#3407=ADVANCED_FACE('',(#334),#225,.T.);
#3408=ADVANCED_FACE('',(#335),#138,.F.);
#3409=ADVANCED_FACE('',(#336),#226,.F.);
#3410=ADVANCED_FACE('',(#337),#139,.F.);
#3411=ADVANCED_FACE('',(#338),#227,.F.);
#3412=ADVANCED_FACE('',(#339),#140,.F.);
#3413=ADVANCED_FACE('',(#340),#228,.T.);
#3414=ADVANCED_FACE('',(#341),#141,.F.);
#3415=ADVANCED_FACE('',(#342),#229,.T.);
#3416=ADVANCED_FACE('',(#343,#94,#95,#96,#97),#142,.T.);
#3417=ADVANCED_FACE('',(#344),#230,.T.);
#3418=ADVANCED_FACE('',(#345),#143,.T.);
#3419=ADVANCED_FACE('',(#346),#231,.T.);
#3420=ADVANCED_FACE('',(#347),#144,.F.);
#3421=ADVANCED_FACE('',(#348),#232,.F.);
#3422=ADVANCED_FACE('',(#349),#145,.F.);
#3423=ADVANCED_FACE('',(#350),#233,.F.);
#3424=ADVANCED_FACE('',(#351),#146,.F.);
#3425=ADVANCED_FACE('',(#352),#234,.T.);
#3426=ADVANCED_FACE('',(#353),#147,.T.);
#3427=ADVANCED_FACE('',(#354),#235,.F.);
#3428=ADVANCED_FACE('',(#355),#148,.F.);
#3429=ADVANCED_FACE('',(#356),#236,.F.);
#3430=ADVANCED_FACE('',(#357),#149,.F.);
#3431=ADVANCED_FACE('',(#358),#237,.F.);
#3432=ADVANCED_FACE('',(#359),#150,.F.);
#3433=ADVANCED_FACE('',(#360),#238,.T.);
#3434=ADVANCED_FACE('',(#361),#239,.T.);
#3435=ADVANCED_FACE('',(#362),#240,.T.);
#3436=ADVANCED_FACE('',(#363),#241,.T.);
#3437=ADVANCED_FACE('',(#364),#242,.T.);
#3438=ADVANCED_FACE('',(#365),#243,.T.);
#3439=ADVANCED_FACE('',(#366),#244,.T.);
#3440=ADVANCED_FACE('',(#367),#245,.T.);
#3441=ADVANCED_FACE('',(#368),#246,.T.);
#3442=ADVANCED_FACE('',(#369),#247,.T.);
#3443=ADVANCED_FACE('',(#370),#248,.T.);
#3444=ADVANCED_FACE('',(#371),#249,.T.);
#3445=ADVANCED_FACE('',(#372),#250,.T.);
#3446=ADVANCED_FACE('',(#373),#251,.T.);
#3447=ADVANCED_FACE('',(#374),#252,.T.);
#3448=ADVANCED_FACE('',(#375),#253,.T.);
#3449=ADVANCED_FACE('',(#376),#254,.T.);
#3450=ADVANCED_FACE('',(#377),#255,.T.);
#3451=ADVANCED_FACE('',(#378),#256,.T.);
#3452=ADVANCED_FACE('',(#379),#257,.T.);
#3453=ADVANCED_FACE('',(#380),#258,.T.);
#3454=ADVANCED_FACE('',(#381),#259,.T.);
#3455=ADVANCED_FACE('',(#382),#260,.T.);
#3456=ADVANCED_FACE('',(#383),#151,.T.);
#3457=ADVANCED_FACE('',(#384),#152,.T.);
#3458=ADVANCED_FACE('',(#385),#153,.T.);
#3459=ADVANCED_FACE('',(#386),#154,.T.);
#3460=ADVANCED_FACE('',(#387),#155,.T.);
#3461=ADVANCED_FACE('',(#388),#156,.T.);
#3462=ADVANCED_FACE('',(#389),#157,.T.);
#3463=ADVANCED_FACE('',(#390),#158,.T.);
#3464=ADVANCED_FACE('',(#391),#159,.T.);
#3465=ADVANCED_FACE('',(#392),#160,.T.);
#3466=ADVANCED_FACE('',(#393),#161,.F.);
#3467=ADVANCED_FACE('',(#394),#162,.F.);
#3468=ADVANCED_FACE('',(#395),#163,.F.);
#3469=ADVANCED_FACE('',(#396),#164,.F.);
#3470=ADVANCED_FACE('',(#397),#165,.F.);
#3471=ADVANCED_FACE('',(#398),#166,.F.);
#3472=ADVANCED_FACE('',(#399),#167,.F.);
#3473=ADVANCED_FACE('',(#400),#168,.F.);
#3474=ADVANCED_FACE('',(#401,#98),#169,.T.);
#3475=ADVANCED_FACE('',(#402),#261,.F.);
#3476=ADVANCED_FACE('',(#403,#99),#170,.T.);
#3477=ADVANCED_FACE('',(#404),#171,.T.);
#3478=ADVANCED_FACE('',(#405),#262,.F.);
#3479=ADVANCED_FACE('',(#406),#172,.T.);
#3480=ADVANCED_FACE('',(#407),#173,.F.);
#3481=ADVANCED_FACE('',(#408),#174,.F.);
#3482=ADVANCED_FACE('',(#409),#175,.F.);
#3483=ADVANCED_FACE('',(#410),#176,.F.);
#3484=ADVANCED_FACE('',(#411),#177,.F.);
#3485=ADVANCED_FACE('',(#412),#178,.F.);
#3486=ADVANCED_FACE('',(#413,#100),#179,.T.);
#3487=ADVANCED_FACE('',(#414),#180,.F.);
#3488=ADVANCED_FACE('',(#415),#181,.F.);
#3489=ADVANCED_FACE('',(#416),#182,.F.);
#3490=ADVANCED_FACE('',(#417),#183,.F.);
#3491=ADVANCED_FACE('',(#418),#184,.F.);
#3492=ADVANCED_FACE('',(#419),#185,.F.);
#3493=ADVANCED_FACE('',(#420),#186,.F.);
#3494=ADVANCED_FACE('',(#421),#187,.F.);
#3495=ADVANCED_FACE('',(#422),#188,.F.);
#3496=ADVANCED_FACE('',(#423),#189,.F.);
#3497=ADVANCED_FACE('',(#424),#190,.F.);
#3498=ADVANCED_FACE('',(#425),#191,.F.);
#3499=ADVANCED_FACE('',(#426,#101),#192,.F.);
#3500=ADVANCED_FACE('',(#427),#193,.F.);
#3501=ADVANCED_FACE('',(#428),#194,.F.);
#3502=ADVANCED_FACE('',(#429),#195,.F.);
#3503=ADVANCED_FACE('',(#430),#196,.F.);
#3504=ADVANCED_FACE('',(#431),#197,.F.);
#3505=ADVANCED_FACE('',(#432),#198,.F.);
#3506=ADVANCED_FACE('',(#433),#263,.F.);
#3507=ADVANCED_FACE('',(#434),#264,.F.);
#3508=ADVANCED_FACE('',(#435),#199,.T.);
#3509=ADVANCED_FACE('',(#436),#200,.T.);
#3510=ADVANCED_FACE('',(#437),#201,.T.);
#3511=ADVANCED_FACE('',(#438),#202,.T.);
#3512=ADVANCED_FACE('',(#439),#203,.T.);
#3513=ADVANCED_FACE('',(#440),#204,.T.);
#3514=ADVANCED_FACE('',(#441),#205,.T.);
#3515=ADVANCED_FACE('',(#442),#206,.T.);
#3516=ADVANCED_FACE('',(#443),#207,.T.);
#3517=ADVANCED_FACE('',(#444),#208,.T.);
#3518=ADVANCED_FACE('',(#445),#209,.T.);
#3519=ADVANCED_FACE('',(#446),#210,.T.);
#3520=ADVANCED_FACE('',(#447),#211,.T.);
#3521=ADVANCED_FACE('',(#448),#212,.T.);
#3522=ADVANCED_FACE('',(#449),#213,.T.);
#3523=ADVANCED_FACE('',(#450),#214,.T.);
#3524=ADVANCED_FACE('',(#451),#215,.T.);
#3525=ADVANCED_FACE('',(#452),#216,.T.);
#3526=ADVANCED_FACE('',(#453),#217,.T.);
#3527=ADVANCED_FACE('',(#454),#218,.T.);
#3528=ADVANCED_FACE('',(#455),#219,.T.);
#3529=CLOSED_SHELL('',(#3338,#3339,#3340,#3341,#3342,#3343,#3344,#3345,
#3346,#3347,#3348,#3349,#3350,#3351,#3352,#3353,#3354,#3355,#3356,#3357,
#3358,#3359,#3360,#3361,#3362,#3363,#3364,#3365,#3366,#3367,#3368,#3369,
#3370,#3371,#3372,#3373,#3374,#3375,#3376,#3377,#3378,#3379,#3380,#3381,
#3382,#3383,#3384,#3385,#3386,#3387,#3388,#3389,#3390,#3391,#3392,#3393,
#3394,#3395,#3396,#3397,#3398,#3399,#3400,#3401,#3402,#3403,#3404,#3405,
#3406,#3407,#3408,#3409,#3410,#3411,#3412,#3413,#3414,#3415,#3416,#3417,
#3418,#3419,#3420,#3421,#3422,#3423,#3424,#3425,#3426,#3427,#3428,#3429,
#3430,#3431,#3432,#3433,#3434,#3435,#3436,#3437,#3438,#3439,#3440,#3441,
#3442,#3443,#3444,#3445,#3446,#3447,#3448,#3449,#3450,#3451,#3452,#3453,
#3454,#3455,#3456,#3457,#3458,#3459,#3460,#3461,#3462,#3463,#3464,#3465,
#3466,#3467,#3468,#3469,#3470,#3471,#3472,#3473,#3474,#3475,#3476,#3477,
#3478,#3479,#3480,#3481,#3482,#3483,#3484,#3485,#3486,#3487,#3488,#3489,
#3490,#3491,#3492,#3493,#3494,#3495,#3496,#3497,#3498,#3499,#3500,#3501,
#3502,#3503,#3504,#3505,#3506,#3507,#3508,#3509,#3510,#3511,#3512,#3513,
#3514,#3515,#3516,#3517,#3518,#3519,#3520,#3521,#3522,#3523,#3524,#3525,
#3526,#3527,#3528));
#3530=DERIVED_UNIT_ELEMENT(#3532,1.);
#3531=DERIVED_UNIT_ELEMENT(#5945,-3.);
#3532=(
MASS_UNIT()
NAMED_UNIT(*)
SI_UNIT(.KILO.,.GRAM.)
);
#3533=DERIVED_UNIT((#3530,#3531));
#3534=MEASURE_REPRESENTATION_ITEM('density measure',
POSITIVE_RATIO_MEASURE(7850.),#3533);
#3535=PROPERTY_DEFINITION_REPRESENTATION(#3540,#3537);
#3536=PROPERTY_DEFINITION_REPRESENTATION(#3541,#3538);
#3537=REPRESENTATION('material name',(#3539),#5942);
#3538=REPRESENTATION('density',(#3534),#5942);
#3539=DESCRIPTIVE_REPRESENTATION_ITEM('Steel','Steel');
#3540=PROPERTY_DEFINITION('material property','material name',#5952);
#3541=PROPERTY_DEFINITION('material property','density of part',#5952);
#3542=AXIS2_PLACEMENT_3D('',#4916,#3878,#3879);
#3543=AXIS2_PLACEMENT_3D('',#4917,#3880,#3881);
#3544=AXIS2_PLACEMENT_3D('',#4919,#3882,#3883);
#3545=AXIS2_PLACEMENT_3D('',#4922,#3885,#3886);
#3546=AXIS2_PLACEMENT_3D('',#4923,#3887,#3888);
#3547=AXIS2_PLACEMENT_3D('',#4926,#3890,#3891);
#3548=AXIS2_PLACEMENT_3D('',#4927,#3892,#3893);
#3549=AXIS2_PLACEMENT_3D('',#4930,#3894,#3895);
#3550=AXIS2_PLACEMENT_3D('',#4934,#3897,#3898);
#3551=AXIS2_PLACEMENT_3D('',#4938,#3900,#3901);
#3552=AXIS2_PLACEMENT_3D('',#4942,#3903,#3904);
#3553=AXIS2_PLACEMENT_3D('',#4946,#3906,#3907);
#3554=AXIS2_PLACEMENT_3D('',#4950,#3909,#3910);
#3555=AXIS2_PLACEMENT_3D('',#4952,#3912,#3913);
#3556=AXIS2_PLACEMENT_3D('',#4954,#3914,#3915);
#3557=AXIS2_PLACEMENT_3D('',#4956,#3917,#3918);
#3558=AXIS2_PLACEMENT_3D('',#4965,#3922,#3923);
#3559=AXIS2_PLACEMENT_3D('',#4969,#3925,#3926);
#3560=AXIS2_PLACEMENT_3D('',#4973,#3928,#3929);
#3561=AXIS2_PLACEMENT_3D('',#4977,#3931,#3932);
#3562=AXIS2_PLACEMENT_3D('',#4981,#3934,#3935);
#3563=AXIS2_PLACEMENT_3D('',#4985,#3937,#3938);
#3564=AXIS2_PLACEMENT_3D('',#4989,#3940,#3941);
#3565=AXIS2_PLACEMENT_3D('',#4993,#3943,#3944);
#3566=AXIS2_PLACEMENT_3D('',#4997,#3946,#3947);
#3567=AXIS2_PLACEMENT_3D('',#5000,#3949,#3950);
#3568=AXIS2_PLACEMENT_3D('',#5001,#3951,#3952);
#3569=AXIS2_PLACEMENT_3D('',#5010,#3957,#3958);
#3570=AXIS2_PLACEMENT_3D('',#5012,#3959,#3960);
#3571=AXIS2_PLACEMENT_3D('',#5015,#3962,#3963);
#3572=AXIS2_PLACEMENT_3D('',#5016,#3964,#3965);
#3573=AXIS2_PLACEMENT_3D('',#5022,#3969,#3970);
#3574=AXIS2_PLACEMENT_3D('',#5024,#3971,#3972);
#3575=AXIS2_PLACEMENT_3D('',#5027,#3974,#3975);
#3576=AXIS2_PLACEMENT_3D('',#5028,#3976,#3977);
#3577=AXIS2_PLACEMENT_3D('',#5034,#3981,#3982);
#3578=AXIS2_PLACEMENT_3D('',#5036,#3983,#3984);
#3579=AXIS2_PLACEMENT_3D('',#5039,#3986,#3987);
#3580=AXIS2_PLACEMENT_3D('',#5040,#3988,#3989);
#3581=AXIS2_PLACEMENT_3D('',#5046,#3993,#3994);
#3582=AXIS2_PLACEMENT_3D('',#5048,#3995,#3996);
#3583=AXIS2_PLACEMENT_3D('',#5051,#3998,#3999);
#3584=AXIS2_PLACEMENT_3D('',#5052,#4000,#4001);
#3585=AXIS2_PLACEMENT_3D('',#5058,#4005,#4006);
#3586=AXIS2_PLACEMENT_3D('',#5060,#4007,#4008);
#3587=AXIS2_PLACEMENT_3D('',#5063,#4010,#4011);
#3588=AXIS2_PLACEMENT_3D('',#5064,#4012,#4013);
#3589=AXIS2_PLACEMENT_3D('',#5070,#4017,#4018);
#3590=AXIS2_PLACEMENT_3D('',#5071,#4019,#4020);
#3591=AXIS2_PLACEMENT_3D('',#5072,#4021,#4022);
#3592=AXIS2_PLACEMENT_3D('',#5073,#4023,#4024);
#3593=AXIS2_PLACEMENT_3D('',#5076,#4027,#4028);
#3594=AXIS2_PLACEMENT_3D('',#5078,#4030,#4031);
#3595=AXIS2_PLACEMENT_3D('',#5080,#4033,#4034);
#3596=AXIS2_PLACEMENT_3D('',#5082,#4036,#4037);
#3597=AXIS2_PLACEMENT_3D('',#5084,#4039,#4040);
#3598=AXIS2_PLACEMENT_3D('',#5086,#4042,#4043);
#3599=AXIS2_PLACEMENT_3D('',#5091,#4045,#4046);
#3600=AXIS2_PLACEMENT_3D('',#5095,#4048,#4049);
#3601=AXIS2_PLACEMENT_3D('',#5099,#4051,#4052);
#3602=AXIS2_PLACEMENT_3D('',#5103,#4054,#4055);
#3603=AXIS2_PLACEMENT_3D('',#5107,#4057,#4058);
#3604=AXIS2_PLACEMENT_3D('',#5111,#4060,#4061);
#3605=AXIS2_PLACEMENT_3D('',#5115,#4063,#4064);
#3606=AXIS2_PLACEMENT_3D('',#5119,#4066,#4067);
#3607=AXIS2_PLACEMENT_3D('',#5123,#4069,#4070);
#3608=AXIS2_PLACEMENT_3D('',#5127,#4072,#4073);
#3609=AXIS2_PLACEMENT_3D('',#5131,#4075,#4076);
#3610=AXIS2_PLACEMENT_3D('',#5134,#4078,#4079);
#3611=AXIS2_PLACEMENT_3D('',#5135,#4080,#4081);
#3612=AXIS2_PLACEMENT_3D('',#5137,#4082,#4083);
#3613=AXIS2_PLACEMENT_3D('',#5141,#4086,#4087);
#3614=AXIS2_PLACEMENT_3D('',#5144,#4089,#4090);
#3615=AXIS2_PLACEMENT_3D('',#5145,#4091,#4092);
#3616=AXIS2_PLACEMENT_3D('',#5149,#4095,#4096);
#3617=AXIS2_PLACEMENT_3D('',#5152,#4098,#4099);
#3618=AXIS2_PLACEMENT_3D('',#5153,#4100,#4101);
#3619=AXIS2_PLACEMENT_3D('',#5157,#4104,#4105);
#3620=AXIS2_PLACEMENT_3D('',#5160,#4107,#4108);
#3621=AXIS2_PLACEMENT_3D('',#5161,#4109,#4110);
#3622=AXIS2_PLACEMENT_3D('',#5165,#4113,#4114);
#3623=AXIS2_PLACEMENT_3D('',#5168,#4116,#4117);
#3624=AXIS2_PLACEMENT_3D('',#5169,#4118,#4119);
#3625=AXIS2_PLACEMENT_3D('',#5173,#4122,#4123);
#3626=AXIS2_PLACEMENT_3D('',#5176,#4125,#4126);
#3627=AXIS2_PLACEMENT_3D('',#5177,#4127,#4128);
#3628=AXIS2_PLACEMENT_3D('',#5181,#4131,#4132);
#3629=AXIS2_PLACEMENT_3D('',#5184,#4134,#4135);
#3630=AXIS2_PLACEMENT_3D('',#5185,#4136,#4137);
#3631=AXIS2_PLACEMENT_3D('',#5189,#4140,#4141);
#3632=AXIS2_PLACEMENT_3D('',#5192,#4143,#4144);
#3633=AXIS2_PLACEMENT_3D('',#5193,#4145,#4146);
#3634=AXIS2_PLACEMENT_3D('',#5197,#4149,#4150);
#3635=AXIS2_PLACEMENT_3D('',#5200,#4152,#4153);
#3636=AXIS2_PLACEMENT_3D('',#5201,#4154,#4155);
#3637=AXIS2_PLACEMENT_3D('',#5205,#4158,#4159);
#3638=AXIS2_PLACEMENT_3D('',#5208,#4161,#4162);
#3639=AXIS2_PLACEMENT_3D('',#5209,#4163,#4164);
#3640=AXIS2_PLACEMENT_3D('',#5213,#4167,#4168);
#3641=AXIS2_PLACEMENT_3D('',#5216,#4170,#4171);
#3642=AXIS2_PLACEMENT_3D('',#5217,#4172,#4173);
#3643=AXIS2_PLACEMENT_3D('',#5219,#4174,#4175);
#3644=AXIS2_PLACEMENT_3D('',#5221,#4177,#4178);
#3645=AXIS2_PLACEMENT_3D('',#5224,#4180,#4181);
#3646=AXIS2_PLACEMENT_3D('',#5225,#4182,#4183);
#3647=AXIS2_PLACEMENT_3D('',#5299,#4221,#4222);
#3648=AXIS2_PLACEMENT_3D('',#5302,#4225,#4226);
#3649=AXIS2_PLACEMENT_3D('',#5304,#4227,#4228);
#3650=AXIS2_PLACEMENT_3D('',#5306,#4230,#4231);
#3651=AXIS2_PLACEMENT_3D('',#5310,#4234,#4235);
#3652=AXIS2_PLACEMENT_3D('',#5312,#4236,#4237);
#3653=AXIS2_PLACEMENT_3D('',#5314,#4239,#4240);
#3654=AXIS2_PLACEMENT_3D('',#5318,#4243,#4244);
#3655=AXIS2_PLACEMENT_3D('',#5320,#4245,#4246);
#3656=AXIS2_PLACEMENT_3D('',#5322,#4248,#4249);
#3657=AXIS2_PLACEMENT_3D('',#5326,#4252,#4253);
#3658=AXIS2_PLACEMENT_3D('',#5328,#4254,#4255);
#3659=AXIS2_PLACEMENT_3D('',#5330,#4257,#4258);
#3660=AXIS2_PLACEMENT_3D('',#5334,#4261,#4262);
#3661=AXIS2_PLACEMENT_3D('',#5337,#4264,#4265);
#3662=AXIS2_PLACEMENT_3D('',#5338,#4266,#4267);
#3663=AXIS2_PLACEMENT_3D('',#5342,#4270,#4271);
#3664=AXIS2_PLACEMENT_3D('',#5345,#4273,#4274);
#3665=AXIS2_PLACEMENT_3D('',#5346,#4275,#4276);
#3666=AXIS2_PLACEMENT_3D('',#5350,#4279,#4280);
#3667=AXIS2_PLACEMENT_3D('',#5352,#4281,#4282);
#3668=AXIS2_PLACEMENT_3D('',#5354,#4284,#4285);
#3669=AXIS2_PLACEMENT_3D('',#5358,#4288,#4289);
#3670=AXIS2_PLACEMENT_3D('',#5360,#4290,#4291);
#3671=AXIS2_PLACEMENT_3D('',#5362,#4293,#4294);
#3672=AXIS2_PLACEMENT_3D('',#5366,#4297,#4298);
#3673=AXIS2_PLACEMENT_3D('',#5368,#4299,#4300);
#3674=AXIS2_PLACEMENT_3D('',#5370,#4302,#4303);
#3675=AXIS2_PLACEMENT_3D('',#5374,#4306,#4307);
#3676=AXIS2_PLACEMENT_3D('',#5376,#4308,#4309);
#3677=AXIS2_PLACEMENT_3D('',#5378,#4311,#4312);
#3678=AXIS2_PLACEMENT_3D('',#5382,#4315,#4316);
#3679=AXIS2_PLACEMENT_3D('',#5455,#4354,#4355);
#3680=AXIS2_PLACEMENT_3D('',#5457,#4357,#4358);
#3681=AXIS2_PLACEMENT_3D('',#5459,#4360,#4361);
#3682=AXIS2_PLACEMENT_3D('',#5461,#4363,#4364);
#3683=AXIS2_PLACEMENT_3D('',#5463,#4366,#4367);
#3684=AXIS2_PLACEMENT_3D('',#5465,#4369,#4370);
#3685=AXIS2_PLACEMENT_3D('',#5467,#4372,#4373);
#3686=AXIS2_PLACEMENT_3D('',#5469,#4375,#4376);
#3687=AXIS2_PLACEMENT_3D('',#5471,#4378,#4379);
#3688=AXIS2_PLACEMENT_3D('',#5473,#4381,#4382);
#3689=AXIS2_PLACEMENT_3D('',#5523,#4408,#4409);
#3690=AXIS2_PLACEMENT_3D('',#5525,#4411,#4412);
#3691=AXIS2_PLACEMENT_3D('',#5527,#4414,#4415);
#3692=AXIS2_PLACEMENT_3D('',#5529,#4417,#4418);
#3693=AXIS2_PLACEMENT_3D('',#5531,#4420,#4421);
#3694=AXIS2_PLACEMENT_3D('',#5533,#4423,#4424);
#3695=AXIS2_PLACEMENT_3D('',#5535,#4426,#4427);
#3696=AXIS2_PLACEMENT_3D('',#5537,#4429,#4430);
#3697=AXIS2_PLACEMENT_3D('',#5539,#4432,#4433);
#3698=AXIS2_PLACEMENT_3D('',#5540,#4434,#4435);
#3699=AXIS2_PLACEMENT_3D('',#5542,#4437,#4438);
#3700=AXIS2_PLACEMENT_3D('',#5545,#4441,#4442);
#3701=AXIS2_PLACEMENT_3D('',#5546,#4443,#4444);
#3702=AXIS2_PLACEMENT_3D('',#5549,#4447,#4448);
#3703=AXIS2_PLACEMENT_3D('',#5550,#4449,#4450);
#3704=AXIS2_PLACEMENT_3D('',#5552,#4452,#4453);
#3705=AXIS2_PLACEMENT_3D('',#5553,#4454,#4455);
#3706=AXIS2_PLACEMENT_3D('',#5554,#4456,#4457);
#3707=AXIS2_PLACEMENT_3D('',#5555,#4458,#4459);
#3708=AXIS2_PLACEMENT_3D('',#5557,#4460,#4461);
#3709=AXIS2_PLACEMENT_3D('',#5558,#4462,#4463);
#3710=AXIS2_PLACEMENT_3D('',#5559,#4464,#4465);
#3711=AXIS2_PLACEMENT_3D('',#5561,#4466,#4467);
#3712=AXIS2_PLACEMENT_3D('',#5562,#4468,#4469);
#3713=AXIS2_PLACEMENT_3D('',#5563,#4470,#4471);
#3714=AXIS2_PLACEMENT_3D('',#5565,#4472,#4473);
#3715=AXIS2_PLACEMENT_3D('',#5566,#4474,#4475);
#3716=AXIS2_PLACEMENT_3D('',#5567,#4476,#4477);
#3717=AXIS2_PLACEMENT_3D('',#5569,#4478,#4479);
#3718=AXIS2_PLACEMENT_3D('',#5570,#4480,#4481);
#3719=AXIS2_PLACEMENT_3D('',#5571,#4482,#4483);
#3720=AXIS2_PLACEMENT_3D('',#5573,#4484,#4485);
#3721=AXIS2_PLACEMENT_3D('',#5574,#4486,#4487);
#3722=AXIS2_PLACEMENT_3D('',#5575,#4488,#4489);
#3723=AXIS2_PLACEMENT_3D('',#5577,#4490,#4491);
#3724=AXIS2_PLACEMENT_3D('',#5578,#4492,#4493);
#3725=AXIS2_PLACEMENT_3D('',#5579,#4494,#4495);
#3726=AXIS2_PLACEMENT_3D('',#5581,#4496,#4497);
#3727=AXIS2_PLACEMENT_3D('',#5582,#4498,#4499);
#3728=AXIS2_PLACEMENT_3D('',#5583,#4500,#4501);
#3729=AXIS2_PLACEMENT_3D('',#5585,#4502,#4503);
#3730=AXIS2_PLACEMENT_3D('',#5586,#4504,#4505);
#3731=AXIS2_PLACEMENT_3D('',#5587,#4506,#4507);
#3732=AXIS2_PLACEMENT_3D('',#5589,#4508,#4509);
#3733=AXIS2_PLACEMENT_3D('',#5590,#4510,#4511);
#3734=AXIS2_PLACEMENT_3D('',#5591,#4512,#4513);
#3735=AXIS2_PLACEMENT_3D('',#5593,#4514,#4515);
#3736=AXIS2_PLACEMENT_3D('',#5594,#4516,#4517);
#3737=AXIS2_PLACEMENT_3D('',#5595,#4518,#4519);
#3738=AXIS2_PLACEMENT_3D('',#5597,#4520,#4521);
#3739=AXIS2_PLACEMENT_3D('',#5598,#4522,#4523);
#3740=AXIS2_PLACEMENT_3D('',#5599,#4524,#4525);
#3741=AXIS2_PLACEMENT_3D('',#5601,#4526,#4527);
#3742=AXIS2_PLACEMENT_3D('',#5602,#4528,#4529);
#3743=AXIS2_PLACEMENT_3D('',#5603,#4530,#4531);
#3744=AXIS2_PLACEMENT_3D('',#5605,#4532,#4533);
#3745=AXIS2_PLACEMENT_3D('',#5606,#4534,#4535);
#3746=AXIS2_PLACEMENT_3D('',#5607,#4536,#4537);
#3747=AXIS2_PLACEMENT_3D('',#5609,#4538,#4539);
#3748=AXIS2_PLACEMENT_3D('',#5610,#4540,#4541);
#3749=AXIS2_PLACEMENT_3D('',#5611,#4542,#4543);
#3750=AXIS2_PLACEMENT_3D('',#5613,#4544,#4545);
#3751=AXIS2_PLACEMENT_3D('',#5614,#4546,#4547);
#3752=AXIS2_PLACEMENT_3D('',#5615,#4548,#4549);
#3753=AXIS2_PLACEMENT_3D('',#5617,#4550,#4551);
#3754=AXIS2_PLACEMENT_3D('',#5618,#4552,#4553);
#3755=AXIS2_PLACEMENT_3D('',#5619,#4554,#4555);
#3756=AXIS2_PLACEMENT_3D('',#5621,#4556,#4557);
#3757=AXIS2_PLACEMENT_3D('',#5622,#4558,#4559);
#3758=AXIS2_PLACEMENT_3D('',#5623,#4560,#4561);
#3759=AXIS2_PLACEMENT_3D('',#5625,#4562,#4563);
#3760=AXIS2_PLACEMENT_3D('',#5626,#4564,#4565);
#3761=AXIS2_PLACEMENT_3D('',#5627,#4566,#4567);
#3762=AXIS2_PLACEMENT_3D('',#5629,#4568,#4569);
#3763=AXIS2_PLACEMENT_3D('',#5630,#4570,#4571);
#3764=AXIS2_PLACEMENT_3D('',#5631,#4572,#4573);
#3765=AXIS2_PLACEMENT_3D('',#5633,#4574,#4575);
#3766=AXIS2_PLACEMENT_3D('',#5634,#4576,#4577);
#3767=AXIS2_PLACEMENT_3D('',#5635,#4578,#4579);
#3768=AXIS2_PLACEMENT_3D('',#5637,#4580,#4581);
#3769=AXIS2_PLACEMENT_3D('',#5638,#4582,#4583);
#3770=AXIS2_PLACEMENT_3D('',#5639,#4584,#4585);
#3771=AXIS2_PLACEMENT_3D('',#5641,#4586,#4587);
#3772=AXIS2_PLACEMENT_3D('',#5642,#4588,#4589);
#3773=AXIS2_PLACEMENT_3D('',#5643,#4590,#4591);
#3774=AXIS2_PLACEMENT_3D('',#5646,#4594,#4595);
#3775=AXIS2_PLACEMENT_3D('',#5648,#4597,#4598);
#3776=AXIS2_PLACEMENT_3D('',#5652,#4600,#4601);
#3777=AXIS2_PLACEMENT_3D('',#5654,#4603,#4604);
#3778=AXIS2_PLACEMENT_3D('',#5658,#4606,#4607);
#3779=AXIS2_PLACEMENT_3D('',#5662,#4610,#4611);
#3780=AXIS2_PLACEMENT_3D('',#5665,#4614,#4615);
#3781=AXIS2_PLACEMENT_3D('',#5668,#4618,#4619);
#3782=AXIS2_PLACEMENT_3D('',#5671,#4622,#4623);
#3783=AXIS2_PLACEMENT_3D('',#5673,#4625,#4626);
#3784=AXIS2_PLACEMENT_3D('',#5677,#4628,#4629);
#3785=AXIS2_PLACEMENT_3D('',#5679,#4631,#4632);
#3786=AXIS2_PLACEMENT_3D('',#5682,#4635,#4636);
#3787=AXIS2_PLACEMENT_3D('',#5690,#4641,#4642);
#3788=AXIS2_PLACEMENT_3D('',#5698,#4647,#4648);
#3789=AXIS2_PLACEMENT_3D('',#5707,#4653,#4654);
#3790=AXIS2_PLACEMENT_3D('',#5713,#4658,#4659);
#3791=AXIS2_PLACEMENT_3D('',#5724,#4665,#4666);
#3792=AXIS2_PLACEMENT_3D('',#5732,#4671,#4672);
#3793=AXIS2_PLACEMENT_3D('',#5741,#4677,#4678);
#3794=AXIS2_PLACEMENT_3D('',#5747,#4682,#4683);
#3795=AXIS2_PLACEMENT_3D('',#5760,#4690,#4691);
#3796=AXIS2_PLACEMENT_3D('',#5761,#4692,#4693);
#3797=AXIS2_PLACEMENT_3D('',#5763,#4694,#4695);
#3798=AXIS2_PLACEMENT_3D('',#5765,#4696,#4697);
#3799=AXIS2_PLACEMENT_3D('',#5767,#4698,#4699);
#3800=AXIS2_PLACEMENT_3D('',#5769,#4700,#4701);
#3801=AXIS2_PLACEMENT_3D('',#5771,#4702,#4703);
#3802=AXIS2_PLACEMENT_3D('',#5773,#4704,#4705);
#3803=AXIS2_PLACEMENT_3D('',#5774,#4706,#4707);
#3804=AXIS2_PLACEMENT_3D('',#5775,#4708,#4709);
#3805=AXIS2_PLACEMENT_3D('',#5776,#4710,#4711);
#3806=AXIS2_PLACEMENT_3D('',#5789,#4718,#4719);
#3807=AXIS2_PLACEMENT_3D('',#5790,#4720,#4721);
#3808=AXIS2_PLACEMENT_3D('',#5793,#4723,#4724);
#3809=AXIS2_PLACEMENT_3D('',#5795,#4726,#4727);
#3810=AXIS2_PLACEMENT_3D('',#5797,#4728,#4729);
#3811=AXIS2_PLACEMENT_3D('',#5798,#4730,#4731);
#3812=AXIS2_PLACEMENT_3D('',#5800,#4732,#4733);
#3813=AXIS2_PLACEMENT_3D('',#5802,#4734,#4735);
#3814=AXIS2_PLACEMENT_3D('',#5804,#4736,#4737);
#3815=AXIS2_PLACEMENT_3D('',#5805,#4738,#4739);
#3816=AXIS2_PLACEMENT_3D('',#5806,#4740,#4741);
#3817=AXIS2_PLACEMENT_3D('',#5807,#4742,#4743);
#3818=AXIS2_PLACEMENT_3D('',#5812,#4748,#4749);
#3819=AXIS2_PLACEMENT_3D('',#5818,#4753,#4754);
#3820=AXIS2_PLACEMENT_3D('',#5822,#4757,#4758);
#3821=AXIS2_PLACEMENT_3D('',#5826,#4761,#4762);
#3822=AXIS2_PLACEMENT_3D('',#5830,#4765,#4766);
#3823=AXIS2_PLACEMENT_3D('',#5834,#4769,#4770);
#3824=AXIS2_PLACEMENT_3D('',#5836,#4772,#4773);
#3825=AXIS2_PLACEMENT_3D('',#5837,#4774,#4775);
#3826=AXIS2_PLACEMENT_3D('',#5840,#4778,#4779);
#3827=AXIS2_PLACEMENT_3D('',#5842,#4781,#4782);
#3828=AXIS2_PLACEMENT_3D('',#5844,#4784,#4785);
#3829=AXIS2_PLACEMENT_3D('',#5846,#4787,#4788);
#3830=AXIS2_PLACEMENT_3D('',#5848,#4790,#4791);
#3831=AXIS2_PLACEMENT_3D('',#5849,#4792,#4793);
#3832=AXIS2_PLACEMENT_3D('',#5855,#4797,#4798);
#3833=AXIS2_PLACEMENT_3D('',#5859,#4801,#4802);
#3834=AXIS2_PLACEMENT_3D('',#5863,#4805,#4806);
#3835=AXIS2_PLACEMENT_3D('',#5867,#4809,#4810);
#3836=AXIS2_PLACEMENT_3D('',#5871,#4813,#4814);
#3837=AXIS2_PLACEMENT_3D('',#5873,#4816,#4817);
#3838=AXIS2_PLACEMENT_3D('',#5874,#4818,#4819);
#3839=AXIS2_PLACEMENT_3D('',#5877,#4822,#4823);
#3840=AXIS2_PLACEMENT_3D('',#5879,#4825,#4826);
#3841=AXIS2_PLACEMENT_3D('',#5881,#4828,#4829);
#3842=AXIS2_PLACEMENT_3D('',#5883,#4831,#4832);
#3843=AXIS2_PLACEMENT_3D('',#5885,#4834,#4835);
#3844=AXIS2_PLACEMENT_3D('',#5886,#4836,#4837);
#3845=AXIS2_PLACEMENT_3D('',#5887,#4838,#4839);
#3846=AXIS2_PLACEMENT_3D('',#5889,#4840,#4841);
#3847=AXIS2_PLACEMENT_3D('',#5891,#4842,#4843);
#3848=AXIS2_PLACEMENT_3D('',#5893,#4844,#4845);
#3849=AXIS2_PLACEMENT_3D('',#5894,#4846,#4847);
#3850=AXIS2_PLACEMENT_3D('',#5895,#4848,#4849);
#3851=AXIS2_PLACEMENT_3D('',#5897,#4850,#4851);
#3852=AXIS2_PLACEMENT_3D('',#5899,#4852,#4853);
#3853=AXIS2_PLACEMENT_3D('',#5901,#4854,#4855);
#3854=AXIS2_PLACEMENT_3D('',#5903,#4856,#4857);
#3855=AXIS2_PLACEMENT_3D('',#5905,#4858,#4859);
#3856=AXIS2_PLACEMENT_3D('',#5906,#4860,#4861);
#3857=AXIS2_PLACEMENT_3D('',#5907,#4862,#4863);
#3858=AXIS2_PLACEMENT_3D('',#5910,#4866,#4867);
#3859=AXIS2_PLACEMENT_3D('',#5912,#4869,#4870);
#3860=AXIS2_PLACEMENT_3D('',#5913,#4871,#4872);
#3861=AXIS2_PLACEMENT_3D('',#5914,#4873,#4874);
#3862=AXIS2_PLACEMENT_3D('',#5917,#4877,#4878);
#3863=AXIS2_PLACEMENT_3D('',#5919,#4880,#4881);
#3864=AXIS2_PLACEMENT_3D('',#5920,#4882,#4883);
#3865=AXIS2_PLACEMENT_3D('',#5921,#4884,#4885);
#3866=AXIS2_PLACEMENT_3D('',#5922,#4886,#4887);
#3867=AXIS2_PLACEMENT_3D('',#5924,#4889,#4890);
#3868=AXIS2_PLACEMENT_3D('',#5925,#4891,#4892);
#3869=AXIS2_PLACEMENT_3D('',#5927,#4894,#4895);
#3870=AXIS2_PLACEMENT_3D('',#5928,#4896,#4897);
#3871=AXIS2_PLACEMENT_3D('',#5929,#4898,#4899);
#3872=AXIS2_PLACEMENT_3D('',#5930,#4900,#4901);
#3873=AXIS2_PLACEMENT_3D('',#5932,#4903,#4904);
#3874=AXIS2_PLACEMENT_3D('',#5934,#4906,#4907);
#3875=AXIS2_PLACEMENT_3D('',#5936,#4909,#4910);
#3876=AXIS2_PLACEMENT_3D('',#5938,#4912,#4913);
#3877=AXIS2_PLACEMENT_3D('',#5939,#4914,#4915);
#3878=DIRECTION('axis',(0.,0.,1.));
#3879=DIRECTION('refdir',(1.,0.,0.));
#3880=DIRECTION('center_axis',(0.,1.,0.));
#3881=DIRECTION('ref_axis',(0.,0.,1.));
#3882=DIRECTION('center_axis',(0.,-1.,0.));
#3883=DIRECTION('ref_axis',(0.,0.,1.));
#3884=DIRECTION('',(8.65956056235493E-17,0.707106781186548,-0.707106781186548));
#3885=DIRECTION('center_axis',(0.,1.,0.));
#3886=DIRECTION('ref_axis',(0.,0.,1.));
#3887=DIRECTION('center_axis',(0.,-1.,0.));
#3888=DIRECTION('ref_axis',(0.,0.,1.));
#3889=DIRECTION('',(0.,-1.,0.));
#3890=DIRECTION('center_axis',(0.,1.,0.));
#3891=DIRECTION('ref_axis',(0.,0.,1.));
#3892=DIRECTION('center_axis',(0.,1.,0.));
#3893=DIRECTION('ref_axis',(-1.,0.,0.));
#3894=DIRECTION('center_axis',(0.,1.,0.));
#3895=DIRECTION('ref_axis',(-0.504349372725214,0.,0.863499687453148));
#3896=DIRECTION('',(-0.999987351856956,0.,-0.00502952543620518));
#3897=DIRECTION('center_axis',(0.,1.,0.));
#3898=DIRECTION('ref_axis',(0.495637979131744,0.,0.868529212889354));
#3899=DIRECTION('',(-0.504349372725212,0.,0.863499687453149));
#3900=DIRECTION('center_axis',(0.,1.,0.));
#3901=DIRECTION('ref_axis',(0.999987351856956,0.,0.00502952543620616));
#3902=DIRECTION('',(0.495637979131744,0.,0.868529212889354));
#3903=DIRECTION('center_axis',(0.,1.,0.));
#3904=DIRECTION('ref_axis',(0.504349372725209,0.,-0.86349968745315));
#3905=DIRECTION('',(0.999987351856956,0.,0.00502952543620554));
#3906=DIRECTION('center_axis',(0.,1.,0.));
#3907=DIRECTION('ref_axis',(-0.495637979131744,0.,-0.868529212889354));
#3908=DIRECTION('',(0.504349372725211,0.,-0.863499687453149));
#3909=DIRECTION('center_axis',(0.,1.,0.));
#3910=DIRECTION('ref_axis',(-0.999987351856956,0.,-0.00502952543620294));
#3911=DIRECTION('',(-0.495637979131744,0.,-0.868529212889354));
#3912=DIRECTION('center_axis',(0.,-1.,0.));
#3913=DIRECTION('ref_axis',(0.,0.,1.));
#3914=DIRECTION('center_axis',(0.,-1.,0.));
#3915=DIRECTION('ref_axis',(0.,0.,1.));
#3916=DIRECTION('',(-8.65956056235493E-17,0.707106781186548,0.707106781186548));
#3917=DIRECTION('center_axis',(0.,-1.,0.));
#3918=DIRECTION('ref_axis',(0.,0.,-1.));
#3919=DIRECTION('',(0.,0.,1.));
#3920=DIRECTION('',(1.,0.,0.));
#3921=DIRECTION('',(0.,0.,-1.));
#3922=DIRECTION('center_axis',(0.,1.,0.));
#3923=DIRECTION('ref_axis',(0.707106781186548,0.,0.707106781186547));
#3924=DIRECTION('',(1.,0.,0.));
#3925=DIRECTION('center_axis',(0.,-1.,0.));
#3926=DIRECTION('ref_axis',(-0.707106781186548,0.,-0.707106781186548));
#3927=DIRECTION('',(0.,0.,-1.));
#3928=DIRECTION('center_axis',(0.,-1.,0.));
#3929=DIRECTION('ref_axis',(-0.707106781186548,0.,0.707106781186548));
#3930=DIRECTION('',(-1.,0.,0.));
#3931=DIRECTION('center_axis',(0.,1.,0.));
#3932=DIRECTION('ref_axis',(0.707106781186547,0.,-0.707106781186547));
#3933=DIRECTION('',(0.,0.,-1.));
#3934=DIRECTION('center_axis',(0.,1.,0.));
#3935=DIRECTION('ref_axis',(0.,0.,1.));
#3936=DIRECTION('',(1.,0.,0.));
#3937=DIRECTION('center_axis',(0.,1.,0.));
#3938=DIRECTION('ref_axis',(-1.,0.,-5.55111512312581E-15));
#3939=DIRECTION('',(0.,0.,1.));
#3940=DIRECTION('center_axis',(0.,1.,0.));
#3941=DIRECTION('ref_axis',(-0.707106781186547,0.,-0.707106781186548));
#3942=DIRECTION('',(-1.,0.,0.));
#3943=DIRECTION('center_axis',(0.,-1.,0.));
#3944=DIRECTION('ref_axis',(0.707106781186547,0.,0.707106781186548));
#3945=DIRECTION('',(0.,0.,1.));
#3946=DIRECTION('center_axis',(0.,-1.,0.));
#3947=DIRECTION('ref_axis',(0.707106781186547,0.,-0.707106781186548));
#3948=DIRECTION('',(1.,0.,0.));
#3949=DIRECTION('center_axis',(0.,1.,0.));
#3950=DIRECTION('ref_axis',(-0.707106781186548,0.,0.707106781186547));
#3951=DIRECTION('center_axis',(-0.610586484550675,0.707106781186444,-0.356628861541231));
#3952=DIRECTION('ref_axis',(-0.504349372725212,0.,0.863499687453149));
#3953=DIRECTION('',(0.610586484550496,0.707106781186651,0.356628861541128));
#3954=DIRECTION('',(0.504349372725212,0.,-0.863499687453149));
#3955=DIRECTION('',(-0.610586484550496,-0.707106781186652,-0.356628861541124));
#3956=DIRECTION('',(-0.504349372725212,0.,0.863499687453149));
#3957=DIRECTION('center_axis',(0.,1.,0.));
#3958=DIRECTION('ref_axis',(0.495637979131744,0.,0.868529212889354));
#3959=DIRECTION('center_axis',(0.,-1.,0.));
#3960=DIRECTION('ref_axis',(0.495637979131744,0.,0.868529212889354));
#3961=DIRECTION('',(-0.00355641154209184,0.707106781186547,0.707097837598831));
#3962=DIRECTION('center_axis',(0.,1.,0.));
#3963=DIRECTION('ref_axis',(0.495637979131744,0.,0.868529212889354));
#3964=DIRECTION('center_axis',(0.00355641154209136,0.707106781186457,-0.707097837598921));
#3965=DIRECTION('ref_axis',(-0.999987351856955,0.,-0.00502952543620518));
#3966=DIRECTION('',(-0.00355641154209229,0.707106781186638,0.707097837598741));
#3967=DIRECTION('',(0.999987351856955,0.,0.00502952543620518));
#3968=DIRECTION('',(-0.999987351856955,0.,-0.00502952543620518));
#3969=DIRECTION('center_axis',(0.,1.,0.));
#3970=DIRECTION('ref_axis',(-0.504349372725214,0.,0.863499687453148));
#3971=DIRECTION('center_axis',(0.,-1.,0.));
#3972=DIRECTION('ref_axis',(-0.504349372725214,0.,0.863499687453148));
#3973=DIRECTION('',(-0.614142896092678,0.707106781186546,0.350468976057654));
#3974=DIRECTION('center_axis',(0.,1.,0.));
#3975=DIRECTION('ref_axis',(-0.504349372725214,0.,0.863499687453147));
#3976=DIRECTION('center_axis',(0.614142896092766,0.707106781186445,-0.350468976057704));
#3977=DIRECTION('ref_axis',(-0.495637979131744,0.,-0.868529212889354));
#3978=DIRECTION('',(-0.614142896092586,0.707106781186649,0.350468976057607));
#3979=DIRECTION('',(0.495637979131744,0.,0.868529212889354));
#3980=DIRECTION('',(-0.495637979131744,0.,-0.868529212889354));
#3981=DIRECTION('center_axis',(0.,1.,0.));
#3982=DIRECTION('ref_axis',(-0.999987351856956,0.,-0.00502952543620294));
#3983=DIRECTION('center_axis',(0.,-1.,0.));
#3984=DIRECTION('ref_axis',(-0.999987351856956,0.,-0.00502952543620294));
#3985=DIRECTION('',(-0.610586484550587,0.707106781186547,-0.356628861541177));
#3986=DIRECTION('center_axis',(0.,1.,0.));
#3987=DIRECTION('ref_axis',(-0.999987351856956,0.,-0.00502952543620294));
#3988=DIRECTION('center_axis',(0.610586484550581,0.707106781186553,0.356628861541176));
#3989=DIRECTION('ref_axis',(0.504349372725211,0.,-0.863499687453149));
#3990=DIRECTION('',(-0.61058648455059,0.707106781186542,-0.356628861541182));
#3991=DIRECTION('',(-0.504349372725211,0.,0.863499687453149));
#3992=DIRECTION('',(0.504349372725211,0.,-0.863499687453149));
#3993=DIRECTION('center_axis',(0.,1.,0.));
#3994=DIRECTION('ref_axis',(-0.495637979131744,0.,-0.868529212889354));
#3995=DIRECTION('center_axis',(0.,-1.,0.));
#3996=DIRECTION('ref_axis',(-0.495637979131744,0.,-0.868529212889354));
#3997=DIRECTION('',(0.00355641154209184,0.707106781186547,-0.707097837598831));
#3998=DIRECTION('center_axis',(0.,1.,0.));
#3999=DIRECTION('ref_axis',(-0.495637979131744,0.,-0.868529212889354));
#4000=DIRECTION('center_axis',(-0.00355641154209111,0.707106781186559,0.70709783759882));
#4001=DIRECTION('ref_axis',(0.999987351856955,0.,0.00502952543620554));
#4002=DIRECTION('',(0.00355641154209963,0.707106781186536,-0.707097837598843));
#4003=DIRECTION('',(-0.999987351856956,0.,-0.00502952543620554));
#4004=DIRECTION('',(0.999987351856955,0.,0.00502952543620554));
#4005=DIRECTION('center_axis',(0.,1.,0.));
#4006=DIRECTION('ref_axis',(0.504349372725209,0.,-0.86349968745315));
#4007=DIRECTION('center_axis',(0.,-1.,0.));
#4008=DIRECTION('ref_axis',(0.504349372725209,0.,-0.86349968745315));
#4009=DIRECTION('',(0.614142896092678,0.707106781186546,-0.350468976057654));
#4010=DIRECTION('center_axis',(0.,1.,0.));
#4011=DIRECTION('ref_axis',(0.504349372725209,0.,-0.86349968745315));
#4012=DIRECTION('center_axis',(-0.614142896092738,0.707106781186477,0.350468976057688));
#4013=DIRECTION('ref_axis',(0.495637979131744,0.,0.868529212889354));
#4014=DIRECTION('',(0.61414289609262,0.707106781186616,-0.350468976057614));
#4015=DIRECTION('',(-0.495637979131744,0.,-0.868529212889354));
#4016=DIRECTION('',(0.495637979131744,0.,0.868529212889354));
#4017=DIRECTION('center_axis',(0.,1.,0.));
#4018=DIRECTION('ref_axis',(0.999987351856956,0.,0.00502952543620616));
#4019=DIRECTION('center_axis',(0.,-1.,0.));
#4020=DIRECTION('ref_axis',(0.999987351856956,0.,0.00502952543620616));
#4021=DIRECTION('center_axis',(0.,1.,0.));
#4022=DIRECTION('ref_axis',(0.999987351856956,0.,0.00502952543620616));
#4023=DIRECTION('center_axis',(0.,-1.,0.));
#4024=DIRECTION('ref_axis',(-0.999987351856956,0.,-0.00502952543620294));
#4025=DIRECTION('',(0.,-1.,0.));
#4026=DIRECTION('',(0.,1.,0.));
#4027=DIRECTION('center_axis',(-0.868529212889354,0.,0.495637979131744));
#4028=DIRECTION('ref_axis',(-0.495637979131744,0.,-0.868529212889354));
#4029=DIRECTION('',(0.,1.,0.));
#4030=DIRECTION('center_axis',(0.,-1.,0.));
#4031=DIRECTION('ref_axis',(-0.504349372725214,0.,0.863499687453148));
#4032=DIRECTION('',(0.,-1.,0.));
#4033=DIRECTION('center_axis',(-0.00502952543620518,0.,0.999987351856956));
#4034=DIRECTION('ref_axis',(-0.999987351856956,0.,-0.00502952543620518));
#4035=DIRECTION('',(0.,1.,0.));
#4036=DIRECTION('center_axis',(0.,-1.,0.));
#4037=DIRECTION('ref_axis',(0.495637979131744,0.,0.868529212889354));
#4038=DIRECTION('',(0.,-1.,0.));
#4039=DIRECTION('center_axis',(0.863499687453149,0.,0.504349372725212));
#4040=DIRECTION('ref_axis',(-0.504349372725212,0.,0.863499687453149));
#4041=DIRECTION('',(0.,1.,0.));
#4042=DIRECTION('center_axis',(0.,1.,0.));
#4043=DIRECTION('ref_axis',(0.,0.,1.));
#4044=DIRECTION('',(0.,0.,-1.));
#4045=DIRECTION('center_axis',(0.,-1.,0.));
#4046=DIRECTION('ref_axis',(-0.707106781186548,0.,0.707106781186547));
#4047=DIRECTION('',(-1.,0.,0.));
#4048=DIRECTION('center_axis',(0.,1.,0.));
#4049=DIRECTION('ref_axis',(0.707106781186547,0.,-0.707106781186548));
#4050=DIRECTION('',(0.,0.,-1.));
#4051=DIRECTION('center_axis',(0.,1.,0.));
#4052=DIRECTION('ref_axis',(0.707106781186547,0.,0.707106781186548));
#4053=DIRECTION('',(1.,0.,0.));
#4054=DIRECTION('center_axis',(0.,-1.,0.));
#4055=DIRECTION('ref_axis',(-0.707106781186547,0.,-0.707106781186548));
#4056=DIRECTION('',(0.,0.,-1.));
#4057=DIRECTION('center_axis',(0.,-1.,0.));
#4058=DIRECTION('ref_axis',(-1.,0.,-5.55111512312581E-15));
#4059=DIRECTION('',(-1.,0.,0.));
#4060=DIRECTION('center_axis',(0.,-1.,0.));
#4061=DIRECTION('ref_axis',(0.,0.,1.));
#4062=DIRECTION('',(0.,0.,1.));
#4063=DIRECTION('center_axis',(0.,-1.,0.));
#4064=DIRECTION('ref_axis',(0.707106781186547,0.,-0.707106781186547));
#4065=DIRECTION('',(1.,0.,0.));
#4066=DIRECTION('center_axis',(0.,1.,0.));
#4067=DIRECTION('ref_axis',(-0.707106781186548,0.,0.707106781186548));
#4068=DIRECTION('',(0.,0.,1.));
#4069=DIRECTION('center_axis',(0.,1.,0.));
#4070=DIRECTION('ref_axis',(-0.707106781186548,0.,-0.707106781186548));
#4071=DIRECTION('',(-1.,0.,0.));
#4072=DIRECTION('center_axis',(0.,-1.,0.));
#4073=DIRECTION('ref_axis',(0.707106781186548,0.,0.707106781186547));
#4074=DIRECTION('',(0.,0.,1.));
#4075=DIRECTION('center_axis',(0.,1.,0.));
#4076=DIRECTION('ref_axis',(1.,0.,4.16333634234433E-15));
#4077=DIRECTION('',(1.,0.,0.));
#4078=DIRECTION('center_axis',(0.,1.,0.));
#4079=DIRECTION('ref_axis',(3.46944695195362E-16,0.,-1.));
#4080=DIRECTION('center_axis',(0.707106781186548,0.707106781186548,0.));
#4081=DIRECTION('ref_axis',(0.,0.,-1.));
#4082=DIRECTION('center_axis',(0.707106781186548,0.707106781186548,0.));
#4083=DIRECTION('ref_axis',(0.707106781186547,-0.707106781186547,2.94392336003208E-15));
#4084=DIRECTION('',(0.707106781186548,-0.707106781186548,0.));
#4085=DIRECTION('',(0.,0.,-1.));
#4086=DIRECTION('center_axis',(0.,-1.,0.));
#4087=DIRECTION('ref_axis',(0.707106781186548,0.,0.707106781186547));
#4088=DIRECTION('',(0.,-0.707106781186548,0.707106781186548));
#4089=DIRECTION('center_axis',(0.,1.,0.));
#4090=DIRECTION('ref_axis',(0.707106781186548,0.,0.707106781186547));
#4091=DIRECTION('center_axis',(0.,0.707106781186548,0.707106781186548));
#4092=DIRECTION('ref_axis',(1.,0.,0.));
#4093=DIRECTION('',(0.,-0.707106781186548,0.707106781186548));
#4094=DIRECTION('',(1.,0.,0.));
#4095=DIRECTION('center_axis',(0.,1.,0.));
#4096=DIRECTION('ref_axis',(-0.707106781186548,0.,-0.707106781186548));
#4097=DIRECTION('',(0.707106781186555,-0.70710678118654,0.));
#4098=DIRECTION('center_axis',(0.,-1.,0.));
#4099=DIRECTION('ref_axis',(-0.707106781186548,0.,-0.707106781186548));
#4100=DIRECTION('center_axis',(0.707106781186548,0.707106781186548,0.));
#4101=DIRECTION('ref_axis',(0.,0.,-1.));
#4102=DIRECTION('',(0.707106781186548,-0.707106781186548,0.));
#4103=DIRECTION('',(0.,0.,-1.));
#4104=DIRECTION('center_axis',(0.,1.,0.));
#4105=DIRECTION('ref_axis',(-0.707106781186548,0.,0.707106781186548));
#4106=DIRECTION('',(0.,-0.707106781186548,-0.707106781186548));
#4107=DIRECTION('center_axis',(0.,-1.,0.));
#4108=DIRECTION('ref_axis',(-0.707106781186548,0.,0.707106781186548));
#4109=DIRECTION('center_axis',(0.,0.707106781186548,-0.707106781186548));
#4110=DIRECTION('ref_axis',(-1.,0.,0.));
#4111=DIRECTION('',(0.,-0.707106781186548,-0.707106781186548));
#4112=DIRECTION('',(-1.,0.,0.));
#4113=DIRECTION('center_axis',(0.,-1.,0.));
#4114=DIRECTION('ref_axis',(0.707106781186547,0.,-0.707106781186547));
#4115=DIRECTION('',(0.707106781186555,-0.70710678118654,0.));
#4116=DIRECTION('center_axis',(0.,1.,0.));
#4117=DIRECTION('ref_axis',(0.707106781186548,0.,-0.707106781186548));
#4118=DIRECTION('center_axis',(0.707106781186548,0.707106781186548,0.));
#4119=DIRECTION('ref_axis',(0.,0.,-1.));
#4120=DIRECTION('',(0.707106781186548,-0.707106781186548,0.));
#4121=DIRECTION('',(0.,0.,-1.));
#4122=DIRECTION('center_axis',(0.,-1.,0.));
#4123=DIRECTION('ref_axis',(0.,0.,1.));
#4124=DIRECTION('',(0.,-0.707106781186548,0.707106781186548));
#4125=DIRECTION('center_axis',(0.,1.,0.));
#4126=DIRECTION('ref_axis',(0.,0.,1.));
#4127=DIRECTION('center_axis',(0.,0.707106781186548,0.707106781186548));
#4128=DIRECTION('ref_axis',(1.,0.,0.));
#4129=DIRECTION('',(0.,-0.707106781186548,0.707106781186548));
#4130=DIRECTION('',(1.,0.,0.));
#4131=DIRECTION('center_axis',(0.,-1.,0.));
#4132=DIRECTION('ref_axis',(-1.,0.,-5.55111512312581E-15));
#4133=DIRECTION('',(-0.70710678118655,-0.707106781186545,0.));
#4134=DIRECTION('center_axis',(0.,1.,0.));
#4135=DIRECTION('ref_axis',(-1.,0.,-5.55111512312581E-15));
#4136=DIRECTION('center_axis',(-0.707106781186548,0.707106781186547,0.));
#4137=DIRECTION('ref_axis',(0.,0.,1.));
#4138=DIRECTION('',(-0.707106781186547,-0.707106781186548,0.));
#4139=DIRECTION('',(0.,0.,1.));
#4140=DIRECTION('center_axis',(0.,-1.,0.));
#4141=DIRECTION('ref_axis',(-0.707106781186547,0.,-0.707106781186548));
#4142=DIRECTION('',(0.,-0.707106781186548,-0.707106781186548));
#4143=DIRECTION('center_axis',(0.,1.,0.));
#4144=DIRECTION('ref_axis',(-0.707106781186547,0.,-0.707106781186548));
#4145=DIRECTION('center_axis',(0.,0.707106781186548,-0.707106781186548));
#4146=DIRECTION('ref_axis',(-1.,0.,0.));
#4147=DIRECTION('',(0.,-0.707106781186548,-0.707106781186548));
#4148=DIRECTION('',(-1.,0.,0.));
#4149=DIRECTION('center_axis',(0.,1.,0.));
#4150=DIRECTION('ref_axis',(0.707106781186547,0.,0.707106781186548));
#4151=DIRECTION('',(-0.707106781186547,-0.707106781186548,0.));
#4152=DIRECTION('center_axis',(0.,-1.,0.));
#4153=DIRECTION('ref_axis',(0.707106781186547,0.,0.707106781186548));
#4154=DIRECTION('center_axis',(-0.707106781186548,0.707106781186548,0.));
#4155=DIRECTION('ref_axis',(0.,0.,1.));
#4156=DIRECTION('',(-0.707106781186548,-0.707106781186548,0.));
#4157=DIRECTION('',(0.,0.,1.));
#4158=DIRECTION('center_axis',(0.,1.,0.));
#4159=DIRECTION('ref_axis',(0.707106781186547,0.,-0.707106781186548));
#4160=DIRECTION('',(0.,-0.707106781186548,0.707106781186548));
#4161=DIRECTION('center_axis',(0.,-1.,0.));
#4162=DIRECTION('ref_axis',(0.707106781186547,0.,-0.707106781186548));
#4163=DIRECTION('center_axis',(0.,0.707106781186548,0.707106781186548));
#4164=DIRECTION('ref_axis',(1.,0.,0.));
#4165=DIRECTION('',(0.,-0.707106781186548,0.707106781186548));
#4166=DIRECTION('',(1.,0.,0.));
#4167=DIRECTION('center_axis',(0.,-1.,0.));
#4168=DIRECTION('ref_axis',(-0.707106781186548,0.,0.707106781186547));
#4169=DIRECTION('',(-0.707106781186547,-0.707106781186548,0.));
#4170=DIRECTION('center_axis',(0.,1.,0.));
#4171=DIRECTION('ref_axis',(-0.707106781186548,0.,0.707106781186547));
#4172=DIRECTION('center_axis',(-0.707106781186548,0.707106781186547,0.));
#4173=DIRECTION('ref_axis',(0.,0.,1.));
#4174=DIRECTION('center_axis',(-0.707106781186548,0.707106781186547,0.));
#4175=DIRECTION('ref_axis',(0.707106781186547,0.707106781186548,2.4532694666934E-16));
#4176=DIRECTION('',(0.,0.,1.));
#4177=DIRECTION('center_axis',(0.,-1.,0.));
#4178=DIRECTION('ref_axis',(1.,0.,4.16333634234433E-15));
#4179=DIRECTION('',(0.,1.,0.));
#4180=DIRECTION('center_axis',(0.,-0.707106781186548,-0.707106781186548));
#4181=DIRECTION('ref_axis',(-2.94392336003208E-15,-0.707106781186547,0.707106781186547));
#4182=DIRECTION('center_axis',(1.,0.,0.));
#4183=DIRECTION('ref_axis',(0.,0.,-1.));
#4184=DIRECTION('',(0.,1.,0.));
#4185=DIRECTION('',(0.,0.,1.));
#4186=DIRECTION('',(0.,0.707106781186547,0.707106781186547));
#4187=DIRECTION('',(0.,0.707106781186547,-0.707106781186547));
#4188=DIRECTION('',(0.,1.,0.));
#4189=DIRECTION('',(0.,0.707106781186547,0.707106781186547));
#4190=DIRECTION('',(0.,0.707106781186547,-0.707106781186547));
#4191=DIRECTION('',(0.,1.,0.));
#4192=DIRECTION('',(0.,0.707106781186547,0.707106781186547));
#4193=DIRECTION('',(0.,0.707106781186547,-0.707106781186547));
#4194=DIRECTION('',(0.,1.,0.));
#4195=DIRECTION('',(0.,0.707106781186547,0.707106781186547));
#4196=DIRECTION('',(0.,0.707106781186547,-0.707106781186547));
#4197=DIRECTION('',(0.,1.,0.));
#4198=DIRECTION('',(0.,0.707106781186547,0.707106781186547));
#4199=DIRECTION('',(0.,0.707106781186547,-0.707106781186547));
#4200=DIRECTION('',(0.,1.,0.));
#4201=DIRECTION('',(0.,0.707106781186547,0.707106781186547));
#4202=DIRECTION('',(0.,0.707106781186547,-0.707106781186547));
#4203=DIRECTION('',(0.,1.,0.));
#4204=DIRECTION('',(0.,0.707106781186547,0.707106781186547));
#4205=DIRECTION('',(0.,0.707106781186547,-0.707106781186547));
#4206=DIRECTION('',(0.,1.,0.));
#4207=DIRECTION('',(0.,0.707106781186547,0.707106781186547));
#4208=DIRECTION('',(0.,0.707106781186547,-0.707106781186547));
#4209=DIRECTION('',(0.,1.,0.));
#4210=DIRECTION('',(0.,0.707106781186547,0.707106781186547));
#4211=DIRECTION('',(0.,0.707106781186547,-0.707106781186547));
#4212=DIRECTION('',(0.,1.,0.));
#4213=DIRECTION('',(0.,0.707106781186547,0.707106781186547));
#4214=DIRECTION('',(0.,0.707106781186547,-0.707106781186547));
#4215=DIRECTION('',(0.,1.,0.));
#4216=DIRECTION('',(0.,0.707106781186547,0.707106781186547));
#4217=DIRECTION('',(0.,0.707106781186547,-0.707106781186547));
#4218=DIRECTION('',(0.,1.,0.));
#4219=DIRECTION('',(0.,0.707106781186547,0.707106781186547));
#4220=DIRECTION('',(0.,0.707106781186547,-0.707106781186547));
#4221=DIRECTION('center_axis',(0.707106781186548,-0.707106781186548,0.));
#4222=DIRECTION('ref_axis',(0.,0.,-1.));
#4223=DIRECTION('',(0.577350269189626,0.577350269189626,0.577350269189626));
#4224=DIRECTION('',(-0.707106781186548,-0.707106781186548,9.81307786677358E-16));
#4225=DIRECTION('center_axis',(0.,1.,0.));
#4226=DIRECTION('ref_axis',(0.707106781186548,0.,0.707106781186547));
#4227=DIRECTION('center_axis',(0.,-1.,0.));
#4228=DIRECTION('ref_axis',(0.707106781186548,0.,0.707106781186547));
#4229=DIRECTION('',(0.,-0.707106781186548,-0.707106781186548));
#4230=DIRECTION('center_axis',(0.,-0.707106781186547,0.707106781186548));
#4231=DIRECTION('ref_axis',(1.,0.,0.));
#4232=DIRECTION('',(0.,-0.707106781186548,-0.707106781186547));
#4233=DIRECTION('',(-1.,0.,0.));
#4234=DIRECTION('center_axis',(0.,-1.,0.));
#4235=DIRECTION('ref_axis',(-0.707106781186548,0.,-0.707106781186548));
#4236=DIRECTION('center_axis',(0.,1.,0.));
#4237=DIRECTION('ref_axis',(-0.707106781186548,0.,-0.707106781186548));
#4238=DIRECTION('',(-0.707106781186555,-0.70710678118654,0.));
#4239=DIRECTION('center_axis',(0.707106781186548,-0.707106781186548,0.));
#4240=DIRECTION('ref_axis',(0.,0.,-1.));
#4241=DIRECTION('',(-0.707106781186548,-0.707106781186548,0.));
#4242=DIRECTION('',(0.,0.,1.));
#4243=DIRECTION('center_axis',(0.,-1.,0.));
#4244=DIRECTION('ref_axis',(-0.707106781186548,0.,0.707106781186548));
#4245=DIRECTION('center_axis',(0.,1.,0.));
#4246=DIRECTION('ref_axis',(-0.707106781186548,0.,0.707106781186548));
#4247=DIRECTION('',(0.,-0.707106781186548,0.707106781186548));
#4248=DIRECTION('center_axis',(0.,-0.707106781186546,-0.70710678118655));
#4249=DIRECTION('ref_axis',(-1.,0.,0.));
#4250=DIRECTION('',(0.,-0.70710678118655,0.707106781186545));
#4251=DIRECTION('',(1.,0.,0.));
#4252=DIRECTION('center_axis',(0.,1.,0.));
#4253=DIRECTION('ref_axis',(0.707106781186547,0.,-0.707106781186547));
#4254=DIRECTION('center_axis',(0.,-1.,0.));
#4255=DIRECTION('ref_axis',(0.707106781186548,0.,-0.707106781186548));
#4256=DIRECTION('',(-0.707106781186555,-0.70710678118654,0.));
#4257=DIRECTION('center_axis',(0.707106781186548,-0.707106781186548,0.));
#4258=DIRECTION('ref_axis',(0.,0.,-1.));
#4259=DIRECTION('',(0.,0.,1.));
#4260=DIRECTION('',(-0.707106781186548,-0.707106781186548,0.));
#4261=DIRECTION('center_axis',(0.,1.,0.));
#4262=DIRECTION('ref_axis',(0.,0.,1.));
#4263=DIRECTION('',(0.,-0.707106781186548,-0.707106781186548));
#4264=DIRECTION('center_axis',(0.,-1.,0.));
#4265=DIRECTION('ref_axis',(0.,0.,1.));
#4266=DIRECTION('center_axis',(0.,-0.707106781186548,0.707106781186548));
#4267=DIRECTION('ref_axis',(1.,0.,0.));
#4268=DIRECTION('',(-1.,0.,0.));
#4269=DIRECTION('',(0.,-0.707106781186548,-0.707106781186548));
#4270=DIRECTION('center_axis',(0.,1.,0.));
#4271=DIRECTION('ref_axis',(-1.,0.,-5.55111512312581E-15));
#4272=DIRECTION('',(0.70710678118655,-0.707106781186545,0.));
#4273=DIRECTION('center_axis',(0.,-1.,0.));
#4274=DIRECTION('ref_axis',(-1.,0.,-5.55111512312581E-15));
#4275=DIRECTION('center_axis',(-0.707106781186548,-0.707106781186547,0.));
#4276=DIRECTION('ref_axis',(0.,0.,1.));
#4277=DIRECTION('',(0.707106781186547,-0.707106781186548,0.));
#4278=DIRECTION('',(0.,0.,-1.));
#4279=DIRECTION('center_axis',(0.,1.,0.));
#4280=DIRECTION('ref_axis',(-0.707106781186547,0.,-0.707106781186548));
#4281=DIRECTION('center_axis',(0.,-1.,0.));
#4282=DIRECTION('ref_axis',(-0.707106781186547,0.,-0.707106781186548));
#4283=DIRECTION('',(0.,-0.707106781186548,0.707106781186548));
#4284=DIRECTION('center_axis',(0.,-0.707106781186546,-0.70710678118655));
#4285=DIRECTION('ref_axis',(-1.,0.,0.));
#4286=DIRECTION('',(0.,-0.70710678118655,0.707106781186545));
#4287=DIRECTION('',(1.,0.,0.));
#4288=DIRECTION('center_axis',(0.,-1.,0.));
#4289=DIRECTION('ref_axis',(0.707106781186547,0.,0.707106781186548));
#4290=DIRECTION('center_axis',(0.,1.,0.));
#4291=DIRECTION('ref_axis',(0.707106781186547,0.,0.707106781186548));
#4292=DIRECTION('',(0.707106781186547,-0.707106781186548,0.));
#4293=DIRECTION('center_axis',(-0.707106781186548,-0.707106781186548,0.));
#4294=DIRECTION('ref_axis',(0.,0.,1.));
#4295=DIRECTION('',(0.707106781186548,-0.707106781186548,0.));
#4296=DIRECTION('',(0.,0.,-1.));
#4297=DIRECTION('center_axis',(0.,-1.,0.));
#4298=DIRECTION('ref_axis',(0.707106781186547,0.,-0.707106781186548));
#4299=DIRECTION('center_axis',(0.,1.,0.));
#4300=DIRECTION('ref_axis',(0.707106781186547,0.,-0.707106781186548));
#4301=DIRECTION('',(0.,-0.707106781186548,-0.707106781186548));
#4302=DIRECTION('center_axis',(0.,-0.707106781186547,0.707106781186548));
#4303=DIRECTION('ref_axis',(1.,0.,0.));
#4304=DIRECTION('',(0.,-0.707106781186548,-0.707106781186547));
#4305=DIRECTION('',(-1.,0.,0.));
#4306=DIRECTION('center_axis',(0.,1.,0.));
#4307=DIRECTION('ref_axis',(-0.707106781186548,0.,0.707106781186547));
#4308=DIRECTION('center_axis',(0.,-1.,0.));
#4309=DIRECTION('ref_axis',(-0.707106781186548,0.,0.707106781186547));
#4310=DIRECTION('',(0.707106781186547,-0.707106781186548,0.));
#4311=DIRECTION('center_axis',(-0.707106781186548,-0.707106781186547,0.));
#4312=DIRECTION('ref_axis',(0.,0.,1.));
#4313=DIRECTION('',(0.577350269189626,-0.577350269189626,-0.577350269189626));
#4314=DIRECTION('',(0.,0.,-1.));
#4315=DIRECTION('center_axis',(1.,0.,0.));
#4316=DIRECTION('ref_axis',(0.,1.,0.));
#4317=DIRECTION('',(0.,1.,0.));
#4318=DIRECTION('',(0.,0.707106781186547,-0.707106781186547));
#4319=DIRECTION('',(0.,0.707106781186547,0.707106781186547));
#4320=DIRECTION('',(0.,1.,0.));
#4321=DIRECTION('',(0.,0.707106781186547,-0.707106781186547));
#4322=DIRECTION('',(0.,0.707106781186547,0.707106781186547));
#4323=DIRECTION('',(0.,1.,0.));
#4324=DIRECTION('',(0.,0.707106781186547,-0.707106781186547));
#4325=DIRECTION('',(0.,0.707106781186547,0.707106781186547));
#4326=DIRECTION('',(0.,1.,0.));
#4327=DIRECTION('',(0.,0.707106781186547,-0.707106781186547));
#4328=DIRECTION('',(0.,0.707106781186547,0.707106781186547));
#4329=DIRECTION('',(0.,1.,0.));
#4330=DIRECTION('',(0.,0.707106781186547,-0.707106781186547));
#4331=DIRECTION('',(0.,0.707106781186547,0.707106781186547));
#4332=DIRECTION('',(0.,1.,0.));
#4333=DIRECTION('',(0.,0.707106781186547,-0.707106781186547));
#4334=DIRECTION('',(0.,0.707106781186547,0.707106781186547));
#4335=DIRECTION('',(0.,1.,0.));
#4336=DIRECTION('',(0.,0.707106781186547,-0.707106781186547));
#4337=DIRECTION('',(0.,0.707106781186547,0.707106781186547));
#4338=DIRECTION('',(0.,1.,0.));
#4339=DIRECTION('',(0.,0.707106781186547,-0.707106781186547));
#4340=DIRECTION('',(0.,0.707106781186547,0.707106781186547));
#4341=DIRECTION('',(0.,1.,0.));
#4342=DIRECTION('',(0.,0.707106781186547,-0.707106781186547));
#4343=DIRECTION('',(0.,0.707106781186547,0.707106781186547));
#4344=DIRECTION('',(0.,1.,0.));
#4345=DIRECTION('',(0.,0.707106781186547,-0.707106781186547));
#4346=DIRECTION('',(0.,0.707106781186547,0.707106781186547));
#4347=DIRECTION('',(0.,1.,0.));
#4348=DIRECTION('',(0.,0.707106781186547,-0.707106781186547));
#4349=DIRECTION('',(0.,0.707106781186547,0.707106781186547));
#4350=DIRECTION('',(0.,1.,0.));
#4351=DIRECTION('',(0.,0.707106781186547,-0.707106781186547));
#4352=DIRECTION('',(0.,0.707106781186547,0.707106781186547));
#4353=DIRECTION('',(0.,-1.,0.));
#4354=DIRECTION('center_axis',(0.,1.,0.));
#4355=DIRECTION('ref_axis',(-0.707106781186548,0.,0.707106781186547));
#4356=DIRECTION('',(0.,1.,0.));
#4357=DIRECTION('center_axis',(0.,0.,-1.));
#4358=DIRECTION('ref_axis',(0.,1.,0.));
#4359=DIRECTION('',(0.,-1.,0.));
#4360=DIRECTION('center_axis',(0.,1.,0.));
#4361=DIRECTION('ref_axis',(0.707106781186547,0.,-0.707106781186548));
#4362=DIRECTION('',(0.,1.,0.));
#4363=DIRECTION('center_axis',(1.,0.,0.));
#4364=DIRECTION('ref_axis',(0.,0.,-1.));
#4365=DIRECTION('',(0.,-1.,0.));
#4366=DIRECTION('center_axis',(0.,-1.,0.));
#4367=DIRECTION('ref_axis',(0.707106781186547,0.,0.707106781186548));
#4368=DIRECTION('',(0.,1.,0.));
#4369=DIRECTION('center_axis',(0.,0.,1.));
#4370=DIRECTION('ref_axis',(0.,-1.,0.));
#4371=DIRECTION('',(0.,-1.,0.));
#4372=DIRECTION('center_axis',(0.,-1.,0.));
#4373=DIRECTION('ref_axis',(-0.707106781186547,0.,-0.707106781186548));
#4374=DIRECTION('',(0.,1.,0.));
#4375=DIRECTION('center_axis',(1.,0.,0.));
#4376=DIRECTION('ref_axis',(0.,1.,0.));
#4377=DIRECTION('',(0.,1.,0.));
#4378=DIRECTION('center_axis',(0.,-1.,0.));
#4379=DIRECTION('ref_axis',(-1.,0.,-5.55111512312581E-15));
#4380=DIRECTION('',(0.,1.,0.));
#4381=DIRECTION('center_axis',(0.,0.,1.));
#4382=DIRECTION('ref_axis',(0.,-1.,0.));
#4383=DIRECTION('',(0.,1.,0.));
#4384=DIRECTION('',(0.866025403784438,-0.5,0.));
#4385=DIRECTION('',(-5.49417910395303E-16,-1.,0.));
#4386=DIRECTION('',(-0.866025403784439,-0.499999999999999,0.));
#4387=DIRECTION('',(-0.866025403784438,0.5,0.));
#4388=DIRECTION('',(6.8677238799413E-17,1.,0.));
#4389=DIRECTION('',(0.866025403784439,0.5,0.));
#4390=DIRECTION('',(-0.866025403784438,0.500000000000001,0.));
#4391=DIRECTION('',(4.12063432796478E-16,1.,0.));
#4392=DIRECTION('',(0.866025403784439,0.499999999999999,0.));
#4393=DIRECTION('',(0.866025403784438,-0.500000000000001,0.));
#4394=DIRECTION('',(-1.37354477598826E-15,-1.,0.));
#4395=DIRECTION('',(-0.866025403784439,-0.499999999999999,0.));
#4396=DIRECTION('',(0.866025403784437,0.500000000000002,0.));
#4397=DIRECTION('',(0.866025403784439,-0.499999999999999,0.));
#4398=DIRECTION('',(2.19767164158121E-15,-1.,0.));
#4399=DIRECTION('',(-0.866025403784438,-0.500000000000002,0.));
#4400=DIRECTION('',(-0.86602540378444,0.499999999999998,0.));
#4401=DIRECTION('',(-1.64825373118591E-15,1.,0.));
#4402=DIRECTION('',(-0.86602540378444,0.499999999999997,0.));
#4403=DIRECTION('',(-3.84592537276712E-15,1.,0.));
#4404=DIRECTION('',(0.866025403784437,0.500000000000002,0.));
#4405=DIRECTION('',(0.86602540378444,-0.499999999999998,0.));
#4406=DIRECTION('',(4.39534328316243E-15,-1.,0.));
#4407=DIRECTION('',(-0.866025403784437,-0.500000000000002,0.));
#4408=DIRECTION('center_axis',(0.,-1.,0.));
#4409=DIRECTION('ref_axis',(0.,0.,1.));
#4410=DIRECTION('',(0.,1.,0.));
#4411=DIRECTION('center_axis',(1.,0.,0.));
#4412=DIRECTION('ref_axis',(0.,0.,-1.));
#4413=DIRECTION('',(0.,-1.,0.));
#4414=DIRECTION('center_axis',(0.,1.,0.));
#4415=DIRECTION('ref_axis',(0.707106781186548,0.,-0.707106781186548));
#4416=DIRECTION('',(0.,1.,0.));
#4417=DIRECTION('center_axis',(0.,0.,1.));
#4418=DIRECTION('ref_axis',(0.,1.,0.));
#4419=DIRECTION('',(0.,-1.,0.));
#4420=DIRECTION('center_axis',(0.,1.,0.));
#4421=DIRECTION('ref_axis',(-0.707106781186548,0.,0.707106781186548));
#4422=DIRECTION('',(0.,1.,0.));
#4423=DIRECTION('center_axis',(-1.,0.,0.));
#4424=DIRECTION('ref_axis',(0.,0.,1.));
#4425=DIRECTION('',(0.,-1.,0.));
#4426=DIRECTION('center_axis',(0.,-1.,0.));
#4427=DIRECTION('ref_axis',(-0.707106781186548,0.,-0.707106781186548));
#4428=DIRECTION('',(0.,1.,0.));
#4429=DIRECTION('center_axis',(0.,0.,-1.));
#4430=DIRECTION('ref_axis',(0.,-1.,0.));
#4431=DIRECTION('',(0.,-1.,0.));
#4432=DIRECTION('center_axis',(0.,-1.,0.));
#4433=DIRECTION('ref_axis',(0.707106781186548,0.,0.707106781186547));
#4434=DIRECTION('center_axis',(0.,0.707106781186548,-0.707106781186548));
#4435=DIRECTION('ref_axis',(0.,0.707106781186548,0.707106781186548));
#4436=DIRECTION('',(1.,0.,0.));
#4437=DIRECTION('center_axis',(0.,-1.,0.));
#4438=DIRECTION('ref_axis',(-0.495637979131744,0.,-0.868529212889354));
#4439=DIRECTION('',(0.,-1.,0.));
#4440=DIRECTION('',(0.,1.,0.));
#4441=DIRECTION('center_axis',(-0.863499687453149,0.,-0.504349372725211));
#4442=DIRECTION('ref_axis',(0.504349372725211,0.,-0.863499687453149));
#4443=DIRECTION('center_axis',(0.,-1.,0.));
#4444=DIRECTION('ref_axis',(0.504349372725209,0.,-0.86349968745315));
#4445=DIRECTION('',(0.,-1.,0.));
#4446=DIRECTION('',(0.,1.,0.));
#4447=DIRECTION('center_axis',(0.00502952543620554,0.,-0.999987351856956));
#4448=DIRECTION('ref_axis',(0.999987351856956,0.,0.00502952543620554));
#4449=DIRECTION('center_axis',(0.,-1.,0.));
#4450=DIRECTION('ref_axis',(0.999987351856956,0.,0.00502952543620616));
#4451=DIRECTION('',(0.,-1.,0.));
#4452=DIRECTION('center_axis',(0.868529212889354,0.,-0.495637979131744));
#4453=DIRECTION('ref_axis',(0.495637979131744,0.,0.868529212889354));
#4454=DIRECTION('center_axis',(0.,-1.,0.));
#4455=DIRECTION('ref_axis',(3.46944695195362E-16,0.,-1.));
#4456=DIRECTION('center_axis',(0.,-0.707106781186548,-0.707106781186548));
#4457=DIRECTION('ref_axis',(2.4532694666934E-16,0.707106781186547,-0.707106781186547));
#4458=DIRECTION('center_axis',(0.,-1.,0.));
#4459=DIRECTION('ref_axis',(3.46944695195362E-16,0.,-1.));
#4460=DIRECTION('center_axis',(0.,0.707106781186548,-0.707106781186548));
#4461=DIRECTION('ref_axis',(2.4532694666934E-16,-0.707106781186547,-0.707106781186547));
#4462=DIRECTION('center_axis',(0.,-0.707106781186548,-0.707106781186548));
#4463=DIRECTION('ref_axis',(2.4532694666934E-16,0.707106781186547,-0.707106781186547));
#4464=DIRECTION('center_axis',(0.,-1.,0.));
#4465=DIRECTION('ref_axis',(3.46944695195362E-16,0.,-1.));
#4466=DIRECTION('center_axis',(0.,0.707106781186548,-0.707106781186548));
#4467=DIRECTION('ref_axis',(2.4532694666934E-16,-0.707106781186547,-0.707106781186547));
#4468=DIRECTION('center_axis',(0.,-0.707106781186548,-0.707106781186548));
#4469=DIRECTION('ref_axis',(2.4532694666934E-16,0.707106781186547,-0.707106781186547));
#4470=DIRECTION('center_axis',(0.,-1.,0.));
#4471=DIRECTION('ref_axis',(3.46944695195362E-16,0.,-1.));
#4472=DIRECTION('center_axis',(0.,0.707106781186548,-0.707106781186548));
#4473=DIRECTION('ref_axis',(2.4532694666934E-16,-0.707106781186547,-0.707106781186547));
#4474=DIRECTION('center_axis',(0.,-0.707106781186548,-0.707106781186548));
#4475=DIRECTION('ref_axis',(2.4532694666934E-16,0.707106781186547,-0.707106781186547));
#4476=DIRECTION('center_axis',(0.,-1.,0.));
#4477=DIRECTION('ref_axis',(3.46944695195362E-16,0.,-1.));
#4478=DIRECTION('center_axis',(0.,0.707106781186548,-0.707106781186548));
#4479=DIRECTION('ref_axis',(2.4532694666934E-16,-0.707106781186547,-0.707106781186547));
#4480=DIRECTION('center_axis',(0.,-0.707106781186548,-0.707106781186548));
#4481=DIRECTION('ref_axis',(2.4532694666934E-16,0.707106781186547,-0.707106781186547));
#4482=DIRECTION('center_axis',(0.,-1.,0.));
#4483=DIRECTION('ref_axis',(3.46944695195362E-16,0.,-1.));
#4484=DIRECTION('center_axis',(0.,0.707106781186548,-0.707106781186548));
#4485=DIRECTION('ref_axis',(2.4532694666934E-16,-0.707106781186547,-0.707106781186547));
#4486=DIRECTION('center_axis',(0.,-0.707106781186548,-0.707106781186548));
#4487=DIRECTION('ref_axis',(2.4532694666934E-16,0.707106781186547,-0.707106781186547));
#4488=DIRECTION('center_axis',(0.,-1.,0.));
#4489=DIRECTION('ref_axis',(3.46944695195362E-16,0.,-1.));
#4490=DIRECTION('center_axis',(0.,-0.707106781186548,-0.707106781186548));
#4491=DIRECTION('ref_axis',(2.4532694666934E-16,0.707106781186547,-0.707106781186547));
#4492=DIRECTION('center_axis',(0.,0.707106781186548,-0.707106781186548));
#4493=DIRECTION('ref_axis',(2.4532694666934E-16,-0.707106781186547,-0.707106781186547));
#4494=DIRECTION('center_axis',(0.,-1.,0.));
#4495=DIRECTION('ref_axis',(3.46944695195362E-16,0.,-1.));
#4496=DIRECTION('center_axis',(0.,0.707106781186548,-0.707106781186548));
#4497=DIRECTION('ref_axis',(2.4532694666934E-16,-0.707106781186547,-0.707106781186547));
#4498=DIRECTION('center_axis',(0.,-0.707106781186548,-0.707106781186548));
#4499=DIRECTION('ref_axis',(2.4532694666934E-16,0.707106781186547,-0.707106781186547));
#4500=DIRECTION('center_axis',(0.,-1.,0.));
#4501=DIRECTION('ref_axis',(3.46944695195362E-16,0.,-1.));
#4502=DIRECTION('center_axis',(0.,0.707106781186548,-0.707106781186548));
#4503=DIRECTION('ref_axis',(2.4532694666934E-16,-0.707106781186547,-0.707106781186547));
#4504=DIRECTION('center_axis',(0.,-0.707106781186548,-0.707106781186548));
#4505=DIRECTION('ref_axis',(2.4532694666934E-16,0.707106781186547,-0.707106781186547));
#4506=DIRECTION('center_axis',(0.,-1.,0.));
#4507=DIRECTION('ref_axis',(3.46944695195362E-16,0.,-1.));
#4508=DIRECTION('center_axis',(0.,-0.707106781186548,-0.707106781186548));
#4509=DIRECTION('ref_axis',(2.4532694666934E-16,0.707106781186547,-0.707106781186547));
#4510=DIRECTION('center_axis',(0.,0.707106781186548,-0.707106781186548));
#4511=DIRECTION('ref_axis',(2.4532694666934E-16,-0.707106781186547,-0.707106781186547));
#4512=DIRECTION('center_axis',(0.,-1.,0.));
#4513=DIRECTION('ref_axis',(3.46944695195362E-16,0.,-1.));
#4514=DIRECTION('center_axis',(0.,0.707106781186548,-0.707106781186548));
#4515=DIRECTION('ref_axis',(2.4532694666934E-16,-0.707106781186547,-0.707106781186547));
#4516=DIRECTION('center_axis',(0.,-0.707106781186548,-0.707106781186548));
#4517=DIRECTION('ref_axis',(2.4532694666934E-16,0.707106781186547,-0.707106781186547));
#4518=DIRECTION('center_axis',(0.,-1.,0.));
#4519=DIRECTION('ref_axis',(3.46944695195362E-16,0.,-1.));
#4520=DIRECTION('center_axis',(0.,0.707106781186548,-0.707106781186548));
#4521=DIRECTION('ref_axis',(2.4532694666934E-16,-0.707106781186547,-0.707106781186547));
#4522=DIRECTION('center_axis',(0.,-0.707106781186548,-0.707106781186548));
#4523=DIRECTION('ref_axis',(2.4532694666934E-16,0.707106781186547,-0.707106781186547));
#4524=DIRECTION('center_axis',(0.,-1.,0.));
#4525=DIRECTION('ref_axis',(1.,0.,4.16333634234433E-15));
#4526=DIRECTION('center_axis',(0.,0.707106781186548,-0.707106781186548));
#4527=DIRECTION('ref_axis',(-2.94392336003208E-15,0.707106781186547,0.707106781186547));
#4528=DIRECTION('center_axis',(0.,-0.707106781186548,-0.707106781186548));
#4529=DIRECTION('ref_axis',(-2.94392336003208E-15,-0.707106781186547,0.707106781186547));
#4530=DIRECTION('center_axis',(0.,-1.,0.));
#4531=DIRECTION('ref_axis',(1.,0.,4.16333634234433E-15));
#4532=DIRECTION('center_axis',(0.,0.707106781186548,-0.707106781186548));
#4533=DIRECTION('ref_axis',(-2.94392336003208E-15,0.707106781186547,0.707106781186547));
#4534=DIRECTION('center_axis',(0.,-0.707106781186548,-0.707106781186548));
#4535=DIRECTION('ref_axis',(-2.94392336003208E-15,-0.707106781186547,0.707106781186547));
#4536=DIRECTION('center_axis',(0.,-1.,0.));
#4537=DIRECTION('ref_axis',(1.,0.,4.16333634234433E-15));
#4538=DIRECTION('center_axis',(0.,0.707106781186548,-0.707106781186548));
#4539=DIRECTION('ref_axis',(-2.94392336003208E-15,0.707106781186547,0.707106781186547));
#4540=DIRECTION('center_axis',(0.,-0.707106781186548,-0.707106781186548));
#4541=DIRECTION('ref_axis',(-2.94392336003208E-15,-0.707106781186547,0.707106781186547));
#4542=DIRECTION('center_axis',(0.,-1.,0.));
#4543=DIRECTION('ref_axis',(1.,0.,4.16333634234433E-15));
#4544=DIRECTION('center_axis',(0.,0.707106781186548,-0.707106781186548));
#4545=DIRECTION('ref_axis',(-2.94392336003208E-15,0.707106781186547,0.707106781186547));
#4546=DIRECTION('center_axis',(0.,-0.707106781186548,-0.707106781186548));
#4547=DIRECTION('ref_axis',(-2.94392336003208E-15,-0.707106781186547,0.707106781186547));
#4548=DIRECTION('center_axis',(0.,-1.,0.));
#4549=DIRECTION('ref_axis',(1.,0.,4.16333634234433E-15));
#4550=DIRECTION('center_axis',(0.,0.707106781186548,-0.707106781186548));
#4551=DIRECTION('ref_axis',(-2.94392336003208E-15,0.707106781186547,0.707106781186547));
#4552=DIRECTION('center_axis',(0.,-0.707106781186548,-0.707106781186548));
#4553=DIRECTION('ref_axis',(-2.94392336003208E-15,-0.707106781186547,0.707106781186547));
#4554=DIRECTION('center_axis',(0.,-1.,0.));
#4555=DIRECTION('ref_axis',(1.,0.,4.16333634234433E-15));
#4556=DIRECTION('center_axis',(0.,0.707106781186548,-0.707106781186548));
#4557=DIRECTION('ref_axis',(-2.94392336003208E-15,0.707106781186547,0.707106781186547));
#4558=DIRECTION('center_axis',(0.,-0.707106781186548,-0.707106781186548));
#4559=DIRECTION('ref_axis',(-2.94392336003208E-15,-0.707106781186547,0.707106781186547));
#4560=DIRECTION('center_axis',(0.,-1.,0.));
#4561=DIRECTION('ref_axis',(1.,0.,4.16333634234433E-15));
#4562=DIRECTION('center_axis',(0.,0.707106781186548,-0.707106781186548));
#4563=DIRECTION('ref_axis',(-2.94392336003208E-15,0.707106781186547,0.707106781186547));
#4564=DIRECTION('center_axis',(0.,-0.707106781186548,-0.707106781186548));
#4565=DIRECTION('ref_axis',(-2.94392336003208E-15,-0.707106781186547,0.707106781186547));
#4566=DIRECTION('center_axis',(0.,-1.,0.));
#4567=DIRECTION('ref_axis',(1.,0.,4.16333634234433E-15));
#4568=DIRECTION('center_axis',(0.,0.707106781186548,-0.707106781186548));
#4569=DIRECTION('ref_axis',(-2.94392336003208E-15,0.707106781186547,0.707106781186547));
#4570=DIRECTION('center_axis',(0.,-0.707106781186548,-0.707106781186548));
#4571=DIRECTION('ref_axis',(-2.94392336003208E-15,-0.707106781186547,0.707106781186547));
#4572=DIRECTION('center_axis',(0.,-1.,0.));
#4573=DIRECTION('ref_axis',(1.,0.,4.16333634234433E-15));
#4574=DIRECTION('center_axis',(0.,0.707106781186548,-0.707106781186548));
#4575=DIRECTION('ref_axis',(-2.94392336003208E-15,0.707106781186547,0.707106781186547));
#4576=DIRECTION('center_axis',(0.,-0.707106781186548,-0.707106781186548));
#4577=DIRECTION('ref_axis',(-2.94392336003208E-15,-0.707106781186547,0.707106781186547));
#4578=DIRECTION('center_axis',(0.,-1.,0.));
#4579=DIRECTION('ref_axis',(1.,0.,4.16333634234433E-15));
#4580=DIRECTION('center_axis',(0.,0.707106781186548,-0.707106781186548));
#4581=DIRECTION('ref_axis',(-2.94392336003208E-15,0.707106781186547,0.707106781186547));
#4582=DIRECTION('center_axis',(0.,-0.707106781186548,-0.707106781186548));
#4583=DIRECTION('ref_axis',(-2.94392336003208E-15,-0.707106781186547,0.707106781186547));
#4584=DIRECTION('center_axis',(0.,-1.,0.));
#4585=DIRECTION('ref_axis',(1.,0.,4.16333634234433E-15));
#4586=DIRECTION('center_axis',(0.,0.707106781186548,-0.707106781186548));
#4587=DIRECTION('ref_axis',(-2.94392336003208E-15,0.707106781186547,0.707106781186547));
#4588=DIRECTION('center_axis',(0.,-0.707106781186548,-0.707106781186548));
#4589=DIRECTION('ref_axis',(-2.94392336003208E-15,-0.707106781186547,0.707106781186547));
#4590=DIRECTION('center_axis',(0.,0.707106781186548,-0.707106781186548));
#4591=DIRECTION('ref_axis',(0.,0.707106781186548,0.707106781186548));
#4592=DIRECTION('',(1.,0.,0.));
#4593=DIRECTION('',(1.,0.,0.));
#4594=DIRECTION('center_axis',(0.,-0.707106781186548,-0.707106781186548));
#4595=DIRECTION('ref_axis',(0.,0.707106781186548,-0.707106781186548));
#4596=DIRECTION('',(1.,0.,0.));
#4597=DIRECTION('center_axis',(0.,-0.707106781186548,-0.707106781186548));
#4598=DIRECTION('ref_axis',(0.,0.707106781186548,-0.707106781186548));
#4599=DIRECTION('',(1.,0.,0.));
#4600=DIRECTION('center_axis',(0.,0.707106781186548,0.707106781186548));
#4601=DIRECTION('ref_axis',(0.,-0.707106781186548,0.707106781186548));
#4602=DIRECTION('',(1.,0.,0.));
#4603=DIRECTION('center_axis',(0.,-0.707106781186548,-0.707106781186548));
#4604=DIRECTION('ref_axis',(0.,0.707106781186548,-0.707106781186548));
#4605=DIRECTION('',(1.,0.,0.));
#4606=DIRECTION('center_axis',(0.,0.707106781186548,0.707106781186548));
#4607=DIRECTION('ref_axis',(0.,-0.707106781186548,0.707106781186548));
#4608=DIRECTION('',(-0.746728656632344,0.470317081001772,-0.470317081001772));
#4609=DIRECTION('',(1.,0.,0.));
#4610=DIRECTION('center_axis',(0.,0.707106781186548,-0.707106781186548));
#4611=DIRECTION('ref_axis',(0.,0.707106781186548,0.707106781186548));
#4612=DIRECTION('',(1.,0.,0.));
#4613=DIRECTION('',(1.,0.,0.));
#4614=DIRECTION('center_axis',(0.,0.707106781186548,-0.707106781186548));
#4615=DIRECTION('ref_axis',(0.,0.707106781186548,0.707106781186548));
#4616=DIRECTION('',(1.,0.,0.));
#4617=DIRECTION('',(1.,0.,0.));
#4618=DIRECTION('center_axis',(0.,0.707106781186548,-0.707106781186548));
#4619=DIRECTION('ref_axis',(0.,0.707106781186548,0.707106781186548));
#4620=DIRECTION('',(1.,0.,0.));
#4621=DIRECTION('',(1.,0.,0.));
#4622=DIRECTION('center_axis',(0.,-0.707106781186548,-0.707106781186548));
#4623=DIRECTION('ref_axis',(0.,0.707106781186548,-0.707106781186548));
#4624=DIRECTION('',(1.,0.,0.));
#4625=DIRECTION('center_axis',(0.,-0.707106781186548,-0.707106781186548));
#4626=DIRECTION('ref_axis',(0.,0.707106781186548,-0.707106781186548));
#4627=DIRECTION('',(1.,0.,0.));
#4628=DIRECTION('center_axis',(0.,0.707106781186548,0.707106781186548));
#4629=DIRECTION('ref_axis',(0.,-0.707106781186548,0.707106781186548));
#4630=DIRECTION('',(1.,0.,0.));
#4631=DIRECTION('center_axis',(0.,0.707106781186548,-0.707106781186548));
#4632=DIRECTION('ref_axis',(0.,0.707106781186548,0.707106781186548));
#4633=DIRECTION('',(1.,0.,0.));
#4634=DIRECTION('',(1.,0.,0.));
#4635=DIRECTION('center_axis',(0.532938710021192,0.846153846153847,0.));
#4636=DIRECTION('ref_axis',(0.846153846153846,-0.532938710021192,0.));
#4637=DIRECTION('',(0.,0.,-1.));
#4638=DIRECTION('',(0.846153846153846,-0.532938710021192,0.));
#4639=DIRECTION('',(0.,0.,-1.));
#4640=DIRECTION('',(-0.746728656632344,0.470317081001772,0.470317081001772));
#4641=DIRECTION('center_axis',(-0.532938710021193,0.846153846153846,0.));
#4642=DIRECTION('ref_axis',(0.846153846153846,0.532938710021193,0.));
#4643=DIRECTION('',(-0.746728656632343,-0.470317081001772,0.470317081001772));
#4644=DIRECTION('',(-0.746728656632343,-0.470317081001772,-0.470317081001772));
#4645=DIRECTION('',(0.846153846153846,0.532938710021193,0.));
#4646=DIRECTION('',(0.,0.,-1.));
#4647=DIRECTION('center_axis',(-0.532938710021192,0.846153846153847,0.));
#4648=DIRECTION('ref_axis',(0.846153846153846,0.532938710021192,0.));
#4649=DIRECTION('',(-0.746728656632344,-0.470317081001772,0.470317081001772));
#4650=DIRECTION('',(0.,0.,-1.));
#4651=DIRECTION('',(0.846153846153846,0.532938710021192,0.));
#4652=DIRECTION('',(0.,0.,-1.));
#4653=DIRECTION('center_axis',(0.532938710021194,0.846153846153845,0.));
#4654=DIRECTION('ref_axis',(0.846153846153845,-0.532938710021194,0.));
#4655=DIRECTION('',(-0.746728656632343,0.470317081001773,-0.470317081001773));
#4656=DIRECTION('',(0.,0.,-1.));
#4657=DIRECTION('',(0.846153846153845,-0.532938710021194,0.));
#4658=DIRECTION('center_axis',(0.532938710021193,0.846153846153846,0.));
#4659=DIRECTION('ref_axis',(0.846153846153846,-0.532938710021193,0.));
#4660=DIRECTION('',(-0.746728656632343,0.470317081001773,-0.470317081001773));
#4661=DIRECTION('',(0.,0.,-1.));
#4662=DIRECTION('',(0.846153846153846,-0.532938710021193,0.));
#4663=DIRECTION('',(0.,0.,-1.));
#4664=DIRECTION('',(-0.746728656632343,0.470317081001773,0.470317081001773));
#4665=DIRECTION('center_axis',(-0.532938710021192,0.846153846153847,0.));
#4666=DIRECTION('ref_axis',(0.846153846153846,0.532938710021192,0.));
#4667=DIRECTION('',(-0.746728656632344,-0.470317081001772,0.470317081001772));
#4668=DIRECTION('',(-0.746728656632344,-0.470317081001772,-0.470317081001772));
#4669=DIRECTION('',(0.846153846153846,0.532938710021192,0.));
#4670=DIRECTION('',(0.,0.,-1.));
#4671=DIRECTION('center_axis',(-0.532938710021192,0.846153846153847,0.));
#4672=DIRECTION('ref_axis',(0.846153846153847,0.532938710021192,0.));
#4673=DIRECTION('',(-0.746728656632344,-0.470317081001772,0.470317081001772));
#4674=DIRECTION('',(0.,0.,-1.));
#4675=DIRECTION('',(0.846153846153847,0.532938710021192,0.));
#4676=DIRECTION('',(0.,0.,-1.));
#4677=DIRECTION('center_axis',(0.532938710021193,0.846153846153846,0.));
#4678=DIRECTION('ref_axis',(0.846153846153846,-0.532938710021193,0.));
#4679=DIRECTION('',(-0.746728656632344,0.470317081001772,-0.470317081001772));
#4680=DIRECTION('',(0.,0.,-1.));
#4681=DIRECTION('',(0.846153846153846,-0.532938710021193,0.));
#4682=DIRECTION('center_axis',(0.,0.,1.));
#4683=DIRECTION('ref_axis',(1.,0.,0.));
#4684=DIRECTION('',(-3.84592537276712E-15,1.,0.));
#4685=DIRECTION('',(-0.86602540378444,0.499999999999997,0.));
#4686=DIRECTION('',(-0.866025403784437,-0.500000000000002,0.));
#4687=DIRECTION('',(4.39534328316243E-15,-1.,0.));
#4688=DIRECTION('',(0.86602540378444,-0.499999999999998,0.));
#4689=DIRECTION('',(0.866025403784437,0.500000000000002,0.));
#4690=DIRECTION('center_axis',(0.,0.,1.));
#4691=DIRECTION('ref_axis',(-1.,0.,0.));
#4692=DIRECTION('center_axis',(0.,0.,1.));
#4693=DIRECTION('ref_axis',(3.7364106986726E-15,-1.,0.));
#4694=DIRECTION('center_axis',(0.,0.707106781186548,0.707106781186548));
#4695=DIRECTION('ref_axis',(0.,-0.707106781186548,0.707106781186548));
#4696=DIRECTION('center_axis',(0.,-0.707106781186548,0.707106781186548));
#4697=DIRECTION('ref_axis',(0.,-0.707106781186548,-0.707106781186548));
#4698=DIRECTION('center_axis',(0.,0.707106781186548,0.707106781186548));
#4699=DIRECTION('ref_axis',(0.,-0.707106781186548,0.707106781186548));
#4700=DIRECTION('center_axis',(0.,-0.707106781186548,0.707106781186548));
#4701=DIRECTION('ref_axis',(0.,-0.707106781186548,-0.707106781186548));
#4702=DIRECTION('center_axis',(0.,0.707106781186548,0.707106781186548));
#4703=DIRECTION('ref_axis',(0.,-0.707106781186548,0.707106781186548));
#4704=DIRECTION('center_axis',(0.,-0.707106781186548,0.707106781186548));
#4705=DIRECTION('ref_axis',(0.,-0.707106781186548,-0.707106781186548));
#4706=DIRECTION('center_axis',(0.,0.707106781186548,0.707106781186548));
#4707=DIRECTION('ref_axis',(0.,-0.707106781186548,0.707106781186548));
#4708=DIRECTION('center_axis',(0.,0.,1.));
#4709=DIRECTION('ref_axis',(-1.,0.,0.));
#4710=DIRECTION('center_axis',(0.,0.,1.));
#4711=DIRECTION('ref_axis',(1.,0.,0.));
#4712=DIRECTION('',(4.12063432796478E-16,1.,0.));
#4713=DIRECTION('',(-0.866025403784438,0.500000000000001,0.));
#4714=DIRECTION('',(-0.866025403784439,-0.499999999999999,0.));
#4715=DIRECTION('',(-1.37354477598826E-15,-1.,0.));
#4716=DIRECTION('',(0.866025403784438,-0.500000000000001,0.));
#4717=DIRECTION('',(0.866025403784439,0.499999999999999,0.));
#4718=DIRECTION('center_axis',(0.,0.,1.));
#4719=DIRECTION('ref_axis',(-1.,0.,0.));
#4720=DIRECTION('center_axis',(0.,-0.707106781186548,-0.707106781186548));
#4721=DIRECTION('ref_axis',(0.,0.707106781186548,-0.707106781186548));
#4722=DIRECTION('',(1.,0.,0.));
#4723=DIRECTION('center_axis',(0.,0.707106781186548,0.707106781186548));
#4724=DIRECTION('ref_axis',(0.,-0.707106781186548,0.707106781186548));
#4725=DIRECTION('',(1.,0.,0.));
#4726=DIRECTION('center_axis',(0.,0.,1.));
#4727=DIRECTION('ref_axis',(2.98611646039114E-13,-1.,0.));
#4728=DIRECTION('center_axis',(0.,0.707106781186548,0.707106781186548));
#4729=DIRECTION('ref_axis',(0.,-0.707106781186548,0.707106781186548));
#4730=DIRECTION('center_axis',(0.,-0.707106781186548,0.707106781186548));
#4731=DIRECTION('ref_axis',(0.,-0.707106781186548,-0.707106781186548));
#4732=DIRECTION('center_axis',(0.,-0.707106781186548,0.707106781186548));
#4733=DIRECTION('ref_axis',(0.,-0.707106781186548,-0.707106781186548));
#4734=DIRECTION('center_axis',(0.,0.707106781186548,0.707106781186548));
#4735=DIRECTION('ref_axis',(0.,-0.707106781186548,0.707106781186548));
#4736=DIRECTION('center_axis',(0.,-0.707106781186548,0.707106781186548));
#4737=DIRECTION('ref_axis',(0.,-0.707106781186548,-0.707106781186548));
#4738=DIRECTION('center_axis',(0.,0.707106781186548,0.707106781186548));
#4739=DIRECTION('ref_axis',(0.,-0.707106781186548,0.707106781186548));
#4740=DIRECTION('center_axis',(0.,0.,1.));
#4741=DIRECTION('ref_axis',(-1.,0.,0.));
#4742=DIRECTION('center_axis',(0.,-0.707106781186548,-0.707106781186548));
#4743=DIRECTION('ref_axis',(0.,0.707106781186548,-0.707106781186548));
#4744=DIRECTION('',(1.,0.,0.));
#4745=DIRECTION('',(1.,0.,0.));
#4746=DIRECTION('',(1.,0.,0.));
#4747=DIRECTION('',(1.,0.,0.));
#4748=DIRECTION('center_axis',(0.5,0.866025403784438,0.));
#4749=DIRECTION('ref_axis',(0.866025403784438,-0.5,0.));
#4750=DIRECTION('',(0.,0.,-1.));
#4751=DIRECTION('',(0.866025403784438,-0.5,0.));
#4752=DIRECTION('',(0.,0.,-1.));
#4753=DIRECTION('center_axis',(-0.5,0.866025403784439,0.));
#4754=DIRECTION('ref_axis',(0.866025403784439,0.5,0.));
#4755=DIRECTION('',(0.,0.,-1.));
#4756=DIRECTION('',(0.866025403784439,0.5,0.));
#4757=DIRECTION('center_axis',(-1.,6.8677238799413E-17,0.));
#4758=DIRECTION('ref_axis',(6.8677238799413E-17,1.,0.));
#4759=DIRECTION('',(0.,0.,-1.));
#4760=DIRECTION('',(6.8677238799413E-17,1.,0.));
#4761=DIRECTION('center_axis',(-0.5,-0.866025403784439,0.));
#4762=DIRECTION('ref_axis',(-0.866025403784439,0.5,0.));
#4763=DIRECTION('',(0.,0.,-1.));
#4764=DIRECTION('',(-0.866025403784438,0.5,0.));
#4765=DIRECTION('center_axis',(0.499999999999999,-0.866025403784439,0.));
#4766=DIRECTION('ref_axis',(-0.866025403784439,-0.499999999999999,0.));
#4767=DIRECTION('',(0.,0.,-1.));
#4768=DIRECTION('',(-0.866025403784439,-0.499999999999999,0.));
#4769=DIRECTION('center_axis',(1.,-5.49417910395303E-16,0.));
#4770=DIRECTION('ref_axis',(-5.49417910395303E-16,-1.,0.));
#4771=DIRECTION('',(-5.49417910395303E-16,-1.,0.));
#4772=DIRECTION('center_axis',(0.,0.,1.));
#4773=DIRECTION('ref_axis',(1.,0.,0.));
#4774=DIRECTION('center_axis',(-0.500000000000001,-0.866025403784438,0.));
#4775=DIRECTION('ref_axis',(-0.866025403784438,0.500000000000001,0.));
#4776=DIRECTION('',(0.,0.,-1.));
#4777=DIRECTION('',(0.,0.,-1.));
#4778=DIRECTION('center_axis',(0.499999999999999,-0.866025403784439,0.));
#4779=DIRECTION('ref_axis',(-0.866025403784439,-0.499999999999999,0.));
#4780=DIRECTION('',(0.,0.,-1.));
#4781=DIRECTION('center_axis',(1.,-1.37354477598826E-15,0.));
#4782=DIRECTION('ref_axis',(-1.37354477598826E-15,-1.,0.));
#4783=DIRECTION('',(0.,0.,-1.));
#4784=DIRECTION('center_axis',(0.500000000000001,0.866025403784438,0.));
#4785=DIRECTION('ref_axis',(0.866025403784438,-0.500000000000001,0.));
#4786=DIRECTION('',(0.,0.,-1.));
#4787=DIRECTION('center_axis',(-0.5,0.866025403784439,0.));
#4788=DIRECTION('ref_axis',(0.866025403784439,0.5,0.));
#4789=DIRECTION('',(0.,0.,-1.));
#4790=DIRECTION('center_axis',(-1.,4.12063432796478E-16,0.));
#4791=DIRECTION('ref_axis',(4.12063432796478E-16,1.,0.));
#4792=DIRECTION('center_axis',(-0.500000000000002,0.866025403784437,0.));
#4793=DIRECTION('ref_axis',(0.866025403784437,0.500000000000002,0.));
#4794=DIRECTION('',(0.,0.,-1.));
#4795=DIRECTION('',(0.866025403784437,0.500000000000002,0.));
#4796=DIRECTION('',(0.,0.,-1.));
#4797=DIRECTION('center_axis',(-1.,-1.64825373118591E-15,0.));
#4798=DIRECTION('ref_axis',(-1.64825373118591E-15,1.,0.));
#4799=DIRECTION('',(0.,0.,-1.));
#4800=DIRECTION('',(-1.64825373118591E-15,1.,0.));
#4801=DIRECTION('center_axis',(-0.499999999999998,-0.86602540378444,0.));
#4802=DIRECTION('ref_axis',(-0.86602540378444,0.499999999999998,0.));
#4803=DIRECTION('',(0.,0.,-1.));
#4804=DIRECTION('',(-0.86602540378444,0.499999999999998,0.));
#4805=DIRECTION('center_axis',(0.500000000000002,-0.866025403784438,0.));
#4806=DIRECTION('ref_axis',(-0.866025403784438,-0.500000000000002,0.));
#4807=DIRECTION('',(0.,0.,-1.));
#4808=DIRECTION('',(-0.866025403784438,-0.500000000000002,0.));
#4809=DIRECTION('center_axis',(1.,2.19767164158121E-15,0.));
#4810=DIRECTION('ref_axis',(2.19767164158121E-15,-1.,0.));
#4811=DIRECTION('',(0.,0.,-1.));
#4812=DIRECTION('',(2.19767164158121E-15,-1.,0.));
#4813=DIRECTION('center_axis',(0.499999999999999,0.866025403784439,0.));
#4814=DIRECTION('ref_axis',(0.866025403784439,-0.499999999999999,0.));
#4815=DIRECTION('',(0.866025403784439,-0.499999999999999,0.));
#4816=DIRECTION('center_axis',(0.,0.,-1.));
#4817=DIRECTION('ref_axis',(-1.,0.,0.));
#4818=DIRECTION('center_axis',(-0.499999999999997,-0.86602540378444,0.));
#4819=DIRECTION('ref_axis',(-0.86602540378444,0.499999999999997,0.));
#4820=DIRECTION('',(0.,0.,-1.));
#4821=DIRECTION('',(0.,0.,-1.));
#4822=DIRECTION('center_axis',(0.500000000000002,-0.866025403784437,0.));
#4823=DIRECTION('ref_axis',(-0.866025403784437,-0.500000000000002,0.));
#4824=DIRECTION('',(0.,0.,-1.));
#4825=DIRECTION('center_axis',(1.,4.39534328316243E-15,0.));
#4826=DIRECTION('ref_axis',(4.39534328316243E-15,-1.,0.));
#4827=DIRECTION('',(0.,0.,-1.));
#4828=DIRECTION('center_axis',(0.499999999999998,0.86602540378444,0.));
#4829=DIRECTION('ref_axis',(0.86602540378444,-0.499999999999998,0.));
#4830=DIRECTION('',(0.,0.,-1.));
#4831=DIRECTION('center_axis',(-0.500000000000002,0.866025403784437,0.));
#4832=DIRECTION('ref_axis',(0.866025403784437,0.500000000000002,0.));
#4833=DIRECTION('',(0.,0.,-1.));
#4834=DIRECTION('center_axis',(-1.,-3.84592537276712E-15,0.));
#4835=DIRECTION('ref_axis',(-3.84592537276712E-15,1.,0.));
#4836=DIRECTION('center_axis',(0.,0.,1.));
#4837=DIRECTION('ref_axis',(5.26783817824338E-15,-1.,0.));
#4838=DIRECTION('center_axis',(0.,-0.707106781186548,0.707106781186548));
#4839=DIRECTION('ref_axis',(0.,-0.707106781186548,-0.707106781186548));
#4840=DIRECTION('center_axis',(0.,-0.707106781186548,0.707106781186548));
#4841=DIRECTION('ref_axis',(0.,-0.707106781186548,-0.707106781186548));
#4842=DIRECTION('center_axis',(0.,0.707106781186548,0.707106781186548));
#4843=DIRECTION('ref_axis',(0.,-0.707106781186548,0.707106781186548));
#4844=DIRECTION('center_axis',(0.,-0.707106781186548,0.707106781186548));
#4845=DIRECTION('ref_axis',(0.,-0.707106781186548,-0.707106781186548));
#4846=DIRECTION('center_axis',(0.,0.707106781186548,0.707106781186548));
#4847=DIRECTION('ref_axis',(0.,-0.707106781186548,0.707106781186548));
#4848=DIRECTION('center_axis',(0.,0.,1.));
#4849=DIRECTION('ref_axis',(-5.0532154980743E-16,-1.,0.));
#4850=DIRECTION('center_axis',(0.,0.707106781186548,0.707106781186548));
#4851=DIRECTION('ref_axis',(0.,-0.707106781186548,0.707106781186548));
#4852=DIRECTION('center_axis',(0.,-0.707106781186548,0.707106781186548));
#4853=DIRECTION('ref_axis',(0.,-0.707106781186548,-0.707106781186548));
#4854=DIRECTION('center_axis',(0.,0.707106781186548,0.707106781186548));
#4855=DIRECTION('ref_axis',(0.,-0.707106781186548,0.707106781186548));
#4856=DIRECTION('center_axis',(0.,-0.707106781186548,0.707106781186548));
#4857=DIRECTION('ref_axis',(0.,-0.707106781186548,-0.707106781186548));
#4858=DIRECTION('center_axis',(0.,0.707106781186548,0.707106781186548));
#4859=DIRECTION('ref_axis',(0.,-0.707106781186548,0.707106781186548));
#4860=DIRECTION('center_axis',(0.,-0.707106781186548,0.707106781186548));
#4861=DIRECTION('ref_axis',(0.,-0.707106781186548,-0.707106781186548));
#4862=DIRECTION('center_axis',(0.,0.707106781186548,-0.707106781186548));
#4863=DIRECTION('ref_axis',(0.,0.707106781186548,0.707106781186548));
#4864=DIRECTION('',(1.,0.,0.));
#4865=DIRECTION('',(1.,0.,0.));
#4866=DIRECTION('center_axis',(0.,-0.707106781186548,-0.707106781186548));
#4867=DIRECTION('ref_axis',(0.,0.707106781186548,-0.707106781186548));
#4868=DIRECTION('',(1.,0.,0.));
#4869=DIRECTION('center_axis',(0.,0.707106781186548,-0.707106781186548));
#4870=DIRECTION('ref_axis',(0.,0.707106781186548,0.707106781186548));
#4871=DIRECTION('center_axis',(0.,0.707106781186548,-0.707106781186548));
#4872=DIRECTION('ref_axis',(0.,0.707106781186548,0.707106781186548));
#4873=DIRECTION('center_axis',(0.,0.707106781186548,-0.707106781186548));
#4874=DIRECTION('ref_axis',(0.,0.707106781186548,0.707106781186548));
#4875=DIRECTION('',(1.,0.,0.));
#4876=DIRECTION('',(1.,0.,0.));
#4877=DIRECTION('center_axis',(0.,-0.707106781186548,-0.707106781186548));
#4878=DIRECTION('ref_axis',(0.,0.707106781186548,-0.707106781186548));
#4879=DIRECTION('',(1.,0.,0.));
#4880=DIRECTION('center_axis',(0.,0.707106781186548,-0.707106781186548));
#4881=DIRECTION('ref_axis',(0.,0.707106781186548,0.707106781186548));
#4882=DIRECTION('center_axis',(0.,0.707106781186548,-0.707106781186548));
#4883=DIRECTION('ref_axis',(0.,0.707106781186548,0.707106781186548));
#4884=DIRECTION('center_axis',(0.,-0.707106781186548,-0.707106781186548));
#4885=DIRECTION('ref_axis',(0.,0.707106781186548,-0.707106781186548));
#4886=DIRECTION('center_axis',(0.,-0.707106781186548,-0.707106781186548));
#4887=DIRECTION('ref_axis',(0.,0.707106781186548,-0.707106781186548));
#4888=DIRECTION('',(1.,0.,0.));
#4889=DIRECTION('center_axis',(0.,0.707106781186548,-0.707106781186548));
#4890=DIRECTION('ref_axis',(0.,0.707106781186548,0.707106781186548));
#4891=DIRECTION('center_axis',(0.,0.707106781186548,-0.707106781186548));
#4892=DIRECTION('ref_axis',(0.,0.707106781186548,0.707106781186548));
#4893=DIRECTION('',(1.,0.,0.));
#4894=DIRECTION('center_axis',(0.,-0.707106781186548,-0.707106781186548));
#4895=DIRECTION('ref_axis',(0.,0.707106781186548,-0.707106781186548));
#4896=DIRECTION('center_axis',(0.,-0.707106781186548,-0.707106781186548));
#4897=DIRECTION('ref_axis',(0.,0.707106781186548,-0.707106781186548));
#4898=DIRECTION('center_axis',(0.,-0.707106781186548,-0.707106781186548));
#4899=DIRECTION('ref_axis',(0.,0.707106781186548,-0.707106781186548));
#4900=DIRECTION('center_axis',(0.,-0.707106781186548,-0.707106781186548));
#4901=DIRECTION('ref_axis',(0.,0.707106781186548,-0.707106781186548));
#4902=DIRECTION('',(1.,0.,0.));
#4903=DIRECTION('center_axis',(0.,0.707106781186548,-0.707106781186548));
#4904=DIRECTION('ref_axis',(0.,0.707106781186548,0.707106781186548));
#4905=DIRECTION('',(1.,0.,0.));
#4906=DIRECTION('center_axis',(0.,-0.707106781186548,-0.707106781186548));
#4907=DIRECTION('ref_axis',(0.,0.707106781186548,-0.707106781186548));
#4908=DIRECTION('',(1.,0.,0.));
#4909=DIRECTION('center_axis',(0.,0.707106781186548,-0.707106781186548));
#4910=DIRECTION('ref_axis',(0.,0.707106781186548,0.707106781186548));
#4911=DIRECTION('',(1.,0.,0.));
#4912=DIRECTION('center_axis',(0.,-0.707106781186548,-0.707106781186548));
#4913=DIRECTION('ref_axis',(0.,0.707106781186548,-0.707106781186548));
#4914=DIRECTION('center_axis',(0.,-0.707106781186548,-0.707106781186548));
#4915=DIRECTION('ref_axis',(0.,0.707106781186548,-0.707106781186548));
#4916=CARTESIAN_POINT('',(0.,0.,0.));
#4917=CARTESIAN_POINT('Origin',(12.5,16.8000003129244,6.2499996572733));
#4918=CARTESIAN_POINT('',(12.5,16.6000003129244,3.4999996572733));
#4919=CARTESIAN_POINT('Origin',(12.5,16.6000003129244,6.2499996572733));
#4920=CARTESIAN_POINT('',(12.5,17.0000003129244,3.0999996572733));
#4921=CARTESIAN_POINT('',(12.5,16.8000003129244,3.2999996572733));
#4922=CARTESIAN_POINT('Origin',(12.5,17.0000003129244,6.2499996572733));
#4923=CARTESIAN_POINT('Origin',(12.5,2.75000031292438,6.2499996572733));
#4924=CARTESIAN_POINT('',(12.5,-13.6000002086163,3.4999996572733));
#4925=CARTESIAN_POINT('',(12.5,2.75000031292438,3.4999996572733));
#4926=CARTESIAN_POINT('Origin',(12.5,-13.6000002086163,6.2499996572733));
#4927=CARTESIAN_POINT('Origin',(12.5,17.0000003129244,6.2499996572733));
#4928=CARTESIAN_POINT('',(10.0560473428629,17.0000003129244,10.0377556432989));
#4929=CARTESIAN_POINT('',(10.4014472178441,17.0000003129244,10.239495392389));
#4930=CARTESIAN_POINT('Origin',(10.4034590280186,17.0000003129244,9.8395004516462));
#4931=CARTESIAN_POINT('',(14.5583165786662,17.0000003129244,10.2604027370133));
#4932=CARTESIAN_POINT('',(10.1705100311318,17.0000003129244,10.2383338732432));
#4933=CARTESIAN_POINT('',(14.9057282638219,17.0000003129244,10.0621475453606));
#4934=CARTESIAN_POINT('Origin',(14.5603283888407,17.0000003129244,9.86040779627052));
#4935=CARTESIAN_POINT('',(17.0022692358033,17.0000003129244,6.47264675098768));
#4936=CARTESIAN_POINT('',(14.7892537653785,17.0000003129244,10.2615642561591));
#4937=CARTESIAN_POINT('',(17.0042810459778,17.0000003129244,6.07265181024491));
#4938=CARTESIAN_POINT('Origin',(16.656869360822,17.0000003129244,6.2709070018976));
#4939=CARTESIAN_POINT('',(14.9439526571371,17.0000003129244,2.46224367124773));
#4940=CARTESIAN_POINT('',(17.1187437342467,17.0000003129244,6.27323004018921));
#4941=CARTESIAN_POINT('',(14.5985527821559,17.0000003129244,2.26050392215763));
#4942=CARTESIAN_POINT('Origin',(14.5965409719814,17.0000003129244,2.66049886290042));
#4943=CARTESIAN_POINT('',(10.4416834213338,17.0000003129244,2.23959657753331));
#4944=CARTESIAN_POINT('',(14.8294899688682,17.0000003129244,2.26166544130343));
#4945=CARTESIAN_POINT('',(10.0942717361781,17.0000003129244,2.43785176918602));
#4946=CARTESIAN_POINT('Origin',(10.4396716111593,17.0000003129244,2.6395915182761));
#4947=CARTESIAN_POINT('',(7.99773076419672,17.0000003129244,6.02735256355896));
#4948=CARTESIAN_POINT('',(10.2107462346215,17.0000003129244,2.23843505838752));
#4949=CARTESIAN_POINT('',(7.99571895402227,17.0000003129244,6.42734750430171));
#4950=CARTESIAN_POINT('Origin',(8.34313063917797,17.0000003129244,6.22909231264904));
#4951=CARTESIAN_POINT('',(7.88125626575333,17.0000003129244,6.22676927435739));
#4952=CARTESIAN_POINT('Origin',(12.5,-13.8000002086163,6.2499996572733));
#4953=CARTESIAN_POINT('',(12.5,-14.0000002086163,3.0999996572733));
#4954=CARTESIAN_POINT('Origin',(12.5,-14.0000002086163,6.2499996572733));
#4955=CARTESIAN_POINT('',(12.5,-13.8000002086163,3.2999996572733));
#4956=CARTESIAN_POINT('Origin',(0.,-14.0000002086163,11.0000001639128));
#4957=CARTESIAN_POINT('',(0.2,-14.0000002086163,1.00000001490116));
#4958=CARTESIAN_POINT('',(0.2,-14.0000002086163,2.30000002235174));
#4959=CARTESIAN_POINT('',(0.2,-14.0000002086163,7.47500016391279));
#4960=CARTESIAN_POINT('',(24.8,-14.0000002086163,1.00000001490116));
#4961=CARTESIAN_POINT('',(0.,-14.0000002086163,1.00000001490116));
#4962=CARTESIAN_POINT('',(24.8,-14.0000002086163,2.30000002235174));
#4963=CARTESIAN_POINT('',(24.8,-14.0000002086163,7.47500016391279));
#4964=CARTESIAN_POINT('',(24.6,-14.0000002086163,2.50000002235174));
#4965=CARTESIAN_POINT('Origin',(24.6,-14.0000002086163,2.30000002235174));
#4966=CARTESIAN_POINT('',(23.5,-14.0000002086163,2.50000002235174));
#4967=CARTESIAN_POINT('',(12.5,-14.0000002086163,2.50000002235174));
#4968=CARTESIAN_POINT('',(22.9,-14.0000002086163,3.10000002235174));
#4969=CARTESIAN_POINT('Origin',(23.5,-14.0000002086163,3.10000002235174));
#4970=CARTESIAN_POINT('',(22.9,-14.0000002086163,6.40000002235174));
#4971=CARTESIAN_POINT('',(22.9,-14.0000002086163,7.87500009313227));
#4972=CARTESIAN_POINT('',(23.5,-14.0000002086163,7.00000002235174));
#4973=CARTESIAN_POINT('Origin',(23.5,-14.0000002086163,6.40000002235174));
#4974=CARTESIAN_POINT('',(24.6,-14.0000002086163,7.00000002235174));
#4975=CARTESIAN_POINT('',(12.5,-14.0000002086163,7.00000002235174));
#4976=CARTESIAN_POINT('',(24.8,-14.0000002086163,7.20000002235174));
#4977=CARTESIAN_POINT('Origin',(24.6,-14.0000002086163,7.20000002235174));
#4978=CARTESIAN_POINT('',(24.8,-14.0000002086163,10.6000001639128));
#4979=CARTESIAN_POINT('',(24.8,-14.0000002086163,7.47500016391279));
#4980=CARTESIAN_POINT('',(24.6,-14.0000002086163,10.8000001639128));
#4981=CARTESIAN_POINT('Origin',(24.6,-14.0000002086163,10.6000001639128));
#4982=CARTESIAN_POINT('',(0.399999999999999,-14.0000002086163,10.8000001639128));
#4983=CARTESIAN_POINT('',(0.,-14.0000002086163,10.8000001639128));
#4984=CARTESIAN_POINT('',(0.200000000000002,-14.0000002086163,10.6000001639128));
#4985=CARTESIAN_POINT('Origin',(0.399999999999999,-14.0000002086163,10.6000001639128));
#4986=CARTESIAN_POINT('',(0.2,-14.0000002086163,7.20000002235174));
#4987=CARTESIAN_POINT('',(0.2,-14.0000002086163,7.47500016391279));
#4988=CARTESIAN_POINT('',(0.4,-14.0000002086163,7.00000002235174));
#4989=CARTESIAN_POINT('Origin',(0.4,-14.0000002086163,7.20000002235174));
#4990=CARTESIAN_POINT('',(1.5,-14.0000002086163,7.00000002235174));
#4991=CARTESIAN_POINT('',(0.,-14.0000002086163,7.00000002235174));
#4992=CARTESIAN_POINT('',(2.1,-14.0000002086163,6.40000002235174));
#4993=CARTESIAN_POINT('Origin',(1.5,-14.0000002086163,6.40000002235174));
#4994=CARTESIAN_POINT('',(2.1,-14.0000002086163,3.10000002235174));
#4995=CARTESIAN_POINT('',(2.1,-14.0000002086163,7.87500009313227));
#4996=CARTESIAN_POINT('',(1.5,-14.0000002086163,2.50000002235174));
#4997=CARTESIAN_POINT('Origin',(1.5,-14.0000002086163,3.10000002235174));
#4998=CARTESIAN_POINT('',(0.4,-14.0000002086163,2.50000002235174));
#4999=CARTESIAN_POINT('',(0.,-14.0000002086163,2.50000002235174));
#5000=CARTESIAN_POINT('Origin',(0.4,-14.0000002086163,2.30000002235174));
#5001=CARTESIAN_POINT('Origin',(16.393874092954,20.9000003129244,7.71255910047545));
#5002=CARTESIAN_POINT('',(14.9057282638219,20.8000003129244,10.0621475453606));
#5003=CARTESIAN_POINT('',(15.0784282013125,21.0000003129244,10.1630174199056));
#5004=CARTESIAN_POINT('',(14.9057282638219,20.8000003129244,10.0621475453606));
#5005=CARTESIAN_POINT('',(17.1749691732939,21.0000003129244,6.5735166255327));
#5006=CARTESIAN_POINT('',(16.4802240616992,21.0000003129244,7.76299403774795));
#5007=CARTESIAN_POINT('',(17.0022692358033,20.8000003129244,6.47264675098769));
#5008=CARTESIAN_POINT('',(17.1749691732939,21.0000003129244,6.5735166255327));
#5009=CARTESIAN_POINT('',(16.3075241242087,20.8000003129244,7.66212416320294));
#5010=CARTESIAN_POINT('Origin',(14.5603283888407,20.9000003129244,9.86040779627052));
#5011=CARTESIAN_POINT('',(14.5583165786662,20.8000003129244,10.2604027370133));
#5012=CARTESIAN_POINT('Origin',(14.5603283888407,20.8000003129244,9.86040779627052));
#5013=CARTESIAN_POINT('',(14.557310673579,21.0000003129244,10.4604002073847));
#5014=CARTESIAN_POINT('',(14.5583165786662,20.8000003129244,10.2604027370133));
#5015=CARTESIAN_POINT('Origin',(14.5603283888407,21.0000003129244,9.86040779627052));
#5016=CARTESIAN_POINT('Origin',(7.36850591272939,20.9000003129244,10.3242422088382));
#5017=CARTESIAN_POINT('',(10.4014472178441,20.8000003129244,10.239495392389));
#5018=CARTESIAN_POINT('',(10.4004413127569,21.0000003129244,10.4394928627603));
#5019=CARTESIAN_POINT('',(10.4014472178441,20.8000003129244,10.239495392389));
#5020=CARTESIAN_POINT('',(7.36800296018577,21.0000003129244,10.4242409440239));
#5021=CARTESIAN_POINT('',(7.36900886527302,20.8000003129244,10.2242434736526));
#5022=CARTESIAN_POINT('Origin',(10.4034590280186,20.9000003129244,9.8395004516462));
#5023=CARTESIAN_POINT('',(10.0560473428629,20.8000003129244,10.0377556432989));
#5024=CARTESIAN_POINT('Origin',(10.4034590280186,20.8000003129244,9.8395004516462));
#5025=CARTESIAN_POINT('',(9.88234150028499,21.0000003129244,10.1368832391252));
#5026=CARTESIAN_POINT('',(10.0560473428629,20.8000003129244,10.0377556432989));
#5027=CARTESIAN_POINT('Origin',(10.4034590280186,21.0000003129244,9.8395004516462));
#5028=CARTESIAN_POINT('Origin',(6.63074975286307,20.9000003129244,4.23720939623625));
#5029=CARTESIAN_POINT('',(7.99571895402222,20.8000003129244,6.42734750430173));
#5030=CARTESIAN_POINT('',(7.8220131114444,21.0000003129244,6.52647510012805));
#5031=CARTESIAN_POINT('',(7.99571895402222,20.8000003129244,6.42734750430173));
#5032=CARTESIAN_POINT('',(6.54389683157416,21.0000003129244,4.28677319414941));
#5033=CARTESIAN_POINT('',(6.71760267415198,20.8000003129244,4.18764559832309));
#5034=CARTESIAN_POINT('Origin',(8.34313063917797,20.9000003129244,6.22909231264904));
#5035=CARTESIAN_POINT('',(7.99773076419671,20.8000003129244,6.02735256355895));
#5036=CARTESIAN_POINT('Origin',(8.34313063917797,20.8000003129244,6.22909231264904));
#5037=CARTESIAN_POINT('',(7.82503082670608,21.0000003129244,5.92648268901391));
#5038=CARTESIAN_POINT('',(7.99773076419671,20.8000003129244,6.02735256355895));
#5039=CARTESIAN_POINT('Origin',(8.34313063917797,21.0000003129244,6.22909231264904));
#5040=CARTESIAN_POINT('Origin',(8.14843167140407,20.9000003129244,5.57106135211365));
#5041=CARTESIAN_POINT('',(10.0942717361781,20.8000003129244,2.43785176918601));
#5042=CARTESIAN_POINT('',(9.92157179868745,21.0000003129244,2.33698189464097));
#5043=CARTESIAN_POINT('',(10.0942717361781,20.8000003129244,2.43785176918601));
#5044=CARTESIAN_POINT('',(8.06208170265875,21.0000003129244,5.52062641484113));
#5045=CARTESIAN_POINT('',(8.23478164014938,20.8000003129244,5.62149628938618));
#5046=CARTESIAN_POINT('Origin',(10.4396716111593,20.9000003129244,2.6395915182761));
#5047=CARTESIAN_POINT('',(10.4416834213338,20.8000003129244,2.23959657753332));
#5048=CARTESIAN_POINT('Origin',(10.4396716111593,20.8000003129244,2.6395915182761));
#5049=CARTESIAN_POINT('',(10.4426893264211,21.0000003129244,2.03959910716192));
#5050=CARTESIAN_POINT('',(10.4416834213338,20.8000003129244,2.23959657753332));
#5051=CARTESIAN_POINT('Origin',(10.4396716111593,21.0000003129244,2.6395915182761));
#5052=CARTESIAN_POINT('Origin',(5.10037615418296,20.9000003129244,2.11273073215323));
#5053=CARTESIAN_POINT('',(14.5985527821559,20.8000003129244,2.26050392215764));
#5054=CARTESIAN_POINT('',(14.5995586872431,21.0000003129244,2.06050645178624));
#5055=CARTESIAN_POINT('',(14.5985527821559,20.8000003129244,2.26050392215764));
#5056=CARTESIAN_POINT('',(5.10087910672658,21.0000003129244,2.01273199696753));
#5057=CARTESIAN_POINT('',(5.09987320163933,20.8000003129244,2.21272946733893));
#5058=CARTESIAN_POINT('Origin',(14.5965409719814,20.9000003129244,2.66049886290042));
#5059=CARTESIAN_POINT('',(14.9439526571371,20.8000003129244,2.46224367124772));
#5060=CARTESIAN_POINT('Origin',(14.5965409719814,20.8000003129244,2.66049886290042));
#5061=CARTESIAN_POINT('',(15.117658499715,21.0000003129244,2.36311607542137));
#5062=CARTESIAN_POINT('',(14.9439526571371,20.8000003129244,2.46224367124772));
#5063=CARTESIAN_POINT('Origin',(14.5965409719814,21.0000003129244,2.66049886290042));
#5064=CARTESIAN_POINT('Origin',(12.6080624158666,20.9000003129244,-1.83280433208696));
#5065=CARTESIAN_POINT('',(17.0042810459778,20.8000003129244,6.0726518102449));
#5066=CARTESIAN_POINT('',(17.1779868885556,21.0000003129244,5.97352421441858));
#5067=CARTESIAN_POINT('',(17.0042810459778,20.8000003129244,6.0726518102449));
#5068=CARTESIAN_POINT('',(12.6949153371555,21.0000003129244,-1.88236813000012));
#5069=CARTESIAN_POINT('',(12.5212094945776,20.8000003129244,-1.78324053417379));
#5070=CARTESIAN_POINT('Origin',(16.656869360822,20.9000003129244,6.2709070018976));
#5071=CARTESIAN_POINT('Origin',(16.656869360822,20.8000003129244,6.2709070018976));
#5072=CARTESIAN_POINT('Origin',(16.656869360822,21.0000003129244,6.2709070018976));
#5073=CARTESIAN_POINT('Origin',(8.34313063917797,21.0000003129244,6.22909231264904));
#5074=CARTESIAN_POINT('',(7.99571895402222,21.0000003129244,6.42734750430173));
#5075=CARTESIAN_POINT('',(7.99773076419671,21.0000003129244,6.02735256355895));
#5076=CARTESIAN_POINT('Origin',(10.1705100311318,21.0000003129244,10.2383338732432));
#5077=CARTESIAN_POINT('',(10.0560473428629,21.0000003129244,10.0377556432989));
#5078=CARTESIAN_POINT('Origin',(10.4034590280186,21.0000003129244,9.8395004516462));
#5079=CARTESIAN_POINT('',(10.4014472178441,21.0000003129244,10.239495392389));
#5080=CARTESIAN_POINT('Origin',(14.7892537653785,21.0000003129244,10.2615642561591));
#5081=CARTESIAN_POINT('',(14.5583165786662,21.0000003129244,10.2604027370133));
#5082=CARTESIAN_POINT('Origin',(14.5603283888407,21.0000003129244,9.86040779627052));
#5083=CARTESIAN_POINT('',(14.9057282638219,21.0000003129244,10.0621475453606));
#5084=CARTESIAN_POINT('Origin',(17.1187437342467,21.0000003129244,6.27323004018921));
#5085=CARTESIAN_POINT('',(17.0022692358033,21.0000003129244,6.47264675098769));
#5086=CARTESIAN_POINT('Origin',(0.,21.0000003129244,0.));
#5087=CARTESIAN_POINT('',(0.2,21.0000003129244,2.30000002235174));
#5088=CARTESIAN_POINT('',(0.2,21.0000003129244,0.0535897280795666));
#5089=CARTESIAN_POINT('',(0.2,21.0000003129244,1.97500008195639));
#5090=CARTESIAN_POINT('',(0.4,21.0000003129244,2.50000002235174));
#5091=CARTESIAN_POINT('Origin',(0.4,21.0000003129244,2.30000002235174));
#5092=CARTESIAN_POINT('',(1.5,21.0000003129244,2.50000002235174));
#5093=CARTESIAN_POINT('',(0.,21.0000003129244,2.50000002235174));
#5094=CARTESIAN_POINT('',(2.1,21.0000003129244,3.10000002235174));
#5095=CARTESIAN_POINT('Origin',(1.5,21.0000003129244,3.10000002235174));
#5096=CARTESIAN_POINT('',(2.1,21.0000003129244,6.40000002235174));
#5097=CARTESIAN_POINT('',(2.1,21.0000003129244,2.37500001117587));
#5098=CARTESIAN_POINT('',(1.5,21.0000003129244,7.00000002235174));
#5099=CARTESIAN_POINT('Origin',(1.5,21.0000003129244,6.40000002235174));
#5100=CARTESIAN_POINT('',(0.4,21.0000003129244,7.00000002235174));
#5101=CARTESIAN_POINT('',(0.,21.0000003129244,7.00000002235174));
#5102=CARTESIAN_POINT('',(0.2,21.0000003129244,7.20000002235174));
#5103=CARTESIAN_POINT('Origin',(0.4,21.0000003129244,7.20000002235174));
#5104=CARTESIAN_POINT('',(0.200000000000002,21.0000003129244,10.6000001639128));
#5105=CARTESIAN_POINT('',(0.2,21.0000003129244,1.97500008195639));
#5106=CARTESIAN_POINT('',(0.399999999999999,21.0000003129244,10.8000001639128));
#5107=CARTESIAN_POINT('Origin',(0.399999999999999,21.0000003129244,10.6000001639128));
#5108=CARTESIAN_POINT('',(24.6,21.0000003129244,10.8000001639128));
#5109=CARTESIAN_POINT('',(0.,21.0000003129244,10.8000001639128));
#5110=CARTESIAN_POINT('',(24.8,21.0000003129244,10.6000001639128));
#5111=CARTESIAN_POINT('Origin',(24.6,21.0000003129244,10.6000001639128));
#5112=CARTESIAN_POINT('',(24.8,21.0000003129244,7.20000002235174));
#5113=CARTESIAN_POINT('',(24.8,21.0000003129244,1.97500008195639));
#5114=CARTESIAN_POINT('',(24.6,21.0000003129244,7.00000002235174));
#5115=CARTESIAN_POINT('Origin',(24.6,21.0000003129244,7.20000002235174));
#5116=CARTESIAN_POINT('',(23.5,21.0000003129244,7.00000002235174));
#5117=CARTESIAN_POINT('',(12.5,21.0000003129244,7.00000002235174));
#5118=CARTESIAN_POINT('',(22.9,21.0000003129244,6.40000002235174));
#5119=CARTESIAN_POINT('Origin',(23.5,21.0000003129244,6.40000002235174));
#5120=CARTESIAN_POINT('',(22.9,21.0000003129244,3.10000002235174));
#5121=CARTESIAN_POINT('',(22.9,21.0000003129244,2.37500001117587));
#5122=CARTESIAN_POINT('',(23.5,21.0000003129244,2.50000002235174));
#5123=CARTESIAN_POINT('Origin',(23.5,21.0000003129244,3.10000002235174));
#5124=CARTESIAN_POINT('',(24.6,21.0000003129244,2.50000002235174));
#5125=CARTESIAN_POINT('',(12.5,21.0000003129244,2.50000002235174));
#5126=CARTESIAN_POINT('',(24.8,21.0000003129244,2.30000002235174));
#5127=CARTESIAN_POINT('Origin',(24.6,21.0000003129244,2.30000002235174));
#5128=CARTESIAN_POINT('',(24.8,21.0000003129244,0.0535897280795649));
#5129=CARTESIAN_POINT('',(24.8,21.0000003129244,1.97500008195639));
#5130=CARTESIAN_POINT('',(24.6,21.0000003129244,-1.10406657891637E-7));
#5131=CARTESIAN_POINT('Origin',(24.6,21.0000003129244,0.399999889593341));
#5132=CARTESIAN_POINT('',(0.4,21.0000003129244,-1.10406657981195E-7));
#5133=CARTESIAN_POINT('',(0.,20.9999998211861,0.));
#5134=CARTESIAN_POINT('Origin',(0.4,21.0000003129244,0.399999889593342));
#5135=CARTESIAN_POINT('Origin',(24.9,20.9000003129244,1.97500008195639));
#5136=CARTESIAN_POINT('',(25.,20.8000003129244,0.399999889593341));
#5137=CARTESIAN_POINT('Origin',(24.6,21.2000003129244,0.399999889593341));
#5138=CARTESIAN_POINT('',(25.,20.8000003129244,2.30000002235174));
#5139=CARTESIAN_POINT('',(24.8,21.0000003129244,2.30000002235174));
#5140=CARTESIAN_POINT('',(25.,20.8000003129244,1.97500008195639));
#5141=CARTESIAN_POINT('Origin',(24.6,20.9000003129244,2.30000002235174));
#5142=CARTESIAN_POINT('',(24.6,20.8000003129244,2.70000002235174));
#5143=CARTESIAN_POINT('',(24.6,21.0000003129244,2.50000002235174));
#5144=CARTESIAN_POINT('Origin',(24.6,20.8000003129244,2.30000002235174));
#5145=CARTESIAN_POINT('Origin',(12.5,20.9000003129244,2.60000002235174));
#5146=CARTESIAN_POINT('',(23.5,20.8000003129244,2.70000002235174));
#5147=CARTESIAN_POINT('',(23.5,21.0000003129244,2.50000002235174));
#5148=CARTESIAN_POINT('',(12.5,20.8000003129244,2.70000002235174));
#5149=CARTESIAN_POINT('Origin',(23.5,20.9000003129244,3.10000002235174));
#5150=CARTESIAN_POINT('',(23.1,20.8000003129244,3.10000002235174));
#5151=CARTESIAN_POINT('',(22.9,21.0000003129244,3.10000002235174));
#5152=CARTESIAN_POINT('Origin',(23.5,20.8000003129244,3.10000002235174));
#5153=CARTESIAN_POINT('Origin',(23.,20.9000003129244,2.37500001117587));
#5154=CARTESIAN_POINT('',(23.1,20.8000003129244,6.40000002235174));
#5155=CARTESIAN_POINT('',(22.9,21.0000003129244,6.40000002235174));
#5156=CARTESIAN_POINT('',(23.1,20.8000003129244,2.37500001117587));
#5157=CARTESIAN_POINT('Origin',(23.5,20.9000003129244,6.40000002235174));
#5158=CARTESIAN_POINT('',(23.5,20.8000003129244,6.80000002235174));
#5159=CARTESIAN_POINT('',(23.5,21.0000003129244,7.00000002235174));
#5160=CARTESIAN_POINT('Origin',(23.5,20.8000003129244,6.40000002235174));
#5161=CARTESIAN_POINT('Origin',(12.5,20.9000003129244,6.90000002235174));
#5162=CARTESIAN_POINT('',(24.6,20.8000003129244,6.80000002235174));
#5163=CARTESIAN_POINT('',(24.6,21.0000003129244,7.00000002235174));
#5164=CARTESIAN_POINT('',(12.5,20.8000003129244,6.80000002235174));
#5165=CARTESIAN_POINT('Origin',(24.6,20.9000003129244,7.20000002235174));
#5166=CARTESIAN_POINT('',(25.,20.8000003129244,7.20000002235174));
#5167=CARTESIAN_POINT('',(24.8,21.0000003129244,7.20000002235174));
#5168=CARTESIAN_POINT('Origin',(24.6,20.8000003129244,7.20000002235174));
#5169=CARTESIAN_POINT('Origin',(24.9,20.9000003129244,1.97500008195639));
#5170=CARTESIAN_POINT('',(25.,20.8000003129244,10.6000001639128));
#5171=CARTESIAN_POINT('',(24.8,21.0000003129244,10.6000001639128));
#5172=CARTESIAN_POINT('',(25.,20.8000003129244,1.97500008195639));
#5173=CARTESIAN_POINT('Origin',(24.6,20.9000003129244,10.6000001639128));
#5174=CARTESIAN_POINT('',(24.6,20.8000003129244,11.0000001639128));
#5175=CARTESIAN_POINT('',(24.6,21.0000003129244,10.8000001639128));
#5176=CARTESIAN_POINT('Origin',(24.6,20.8000003129244,10.6000001639128));
#5177=CARTESIAN_POINT('Origin',(0.,20.9000003129244,10.9000001639128));
#5178=CARTESIAN_POINT('',(0.399999999999999,20.8000003129244,11.0000001639128));
#5179=CARTESIAN_POINT('',(0.399999999999999,21.0000003129244,10.8000001639128));
#5180=CARTESIAN_POINT('',(0.,20.8000003129244,11.0000001639128));
#5181=CARTESIAN_POINT('Origin',(0.399999999999999,20.9000003129244,10.6000001639128));
#5182=CARTESIAN_POINT('',(0.,20.8000003129244,10.6000001639128));
#5183=CARTESIAN_POINT('',(0.200000000000002,21.0000003129244,10.6000001639128));
#5184=CARTESIAN_POINT('Origin',(0.399999999999999,20.8000003129244,10.6000001639128));
#5185=CARTESIAN_POINT('Origin',(0.1,20.9000003129244,1.97500008195639));
#5186=CARTESIAN_POINT('',(0.,20.8000003129244,7.20000002235174));
#5187=CARTESIAN_POINT('',(0.2,21.0000003129244,7.20000002235174));
#5188=CARTESIAN_POINT('',(0.,20.8000003129244,1.97500008195639));
#5189=CARTESIAN_POINT('Origin',(0.4,20.9000003129244,7.20000002235174));
#5190=CARTESIAN_POINT('',(0.4,20.8000003129244,6.80000002235174));
#5191=CARTESIAN_POINT('',(0.4,21.0000003129244,7.00000002235174));
#5192=CARTESIAN_POINT('Origin',(0.4,20.8000003129244,7.20000002235174));
#5193=CARTESIAN_POINT('Origin',(0.,20.9000003129244,6.90000002235174));
#5194=CARTESIAN_POINT('',(1.5,20.8000003129244,6.80000002235174));
#5195=CARTESIAN_POINT('',(1.5,21.0000003129244,7.00000002235174));
#5196=CARTESIAN_POINT('',(0.,20.8000003129244,6.80000002235174));
#5197=CARTESIAN_POINT('Origin',(1.5,20.9000003129244,6.40000002235174));
#5198=CARTESIAN_POINT('',(1.9,20.8000003129244,6.40000002235174));
#5199=CARTESIAN_POINT('',(2.1,21.0000003129244,6.40000002235174));
#5200=CARTESIAN_POINT('Origin',(1.5,20.8000003129244,6.40000002235174));
#5201=CARTESIAN_POINT('Origin',(2.,20.9000003129244,2.37500001117587));
#5202=CARTESIAN_POINT('',(1.9,20.8000003129244,3.10000002235174));
#5203=CARTESIAN_POINT('',(2.1,21.0000003129244,3.10000002235174));
#5204=CARTESIAN_POINT('',(1.9,20.8000003129244,2.37500001117587));
#5205=CARTESIAN_POINT('Origin',(1.5,20.9000003129244,3.10000002235174));
#5206=CARTESIAN_POINT('',(1.5,20.8000003129244,2.70000002235174));
#5207=CARTESIAN_POINT('',(1.5,21.0000003129244,2.50000002235174));
#5208=CARTESIAN_POINT('Origin',(1.5,20.8000003129244,3.10000002235174));
#5209=CARTESIAN_POINT('Origin',(0.,20.9000003129244,2.60000002235174));
#5210=CARTESIAN_POINT('',(0.4,20.8000003129244,2.70000002235174));
#5211=CARTESIAN_POINT('',(0.4,21.0000003129244,2.50000002235174));
#5212=CARTESIAN_POINT('',(0.,20.8000003129244,2.70000002235174));
#5213=CARTESIAN_POINT('Origin',(0.4,20.9000003129244,2.30000002235174));
#5214=CARTESIAN_POINT('',(0.,20.8000003129244,2.30000002235174));
#5215=CARTESIAN_POINT('',(0.2,21.0000003129244,2.30000002235174));
#5216=CARTESIAN_POINT('Origin',(0.4,20.8000003129244,2.30000002235174));
#5217=CARTESIAN_POINT('Origin',(0.1,20.9000003129244,1.97500008195639));
#5218=CARTESIAN_POINT('',(0.,20.8000003129244,0.399999889593342));
#5219=CARTESIAN_POINT('Origin',(0.4,21.2000003129244,0.399999889593342));
#5220=CARTESIAN_POINT('',(0.,20.8000003129244,1.97500008195639));
#5221=CARTESIAN_POINT('Origin',(24.6,21.0000003129244,0.399999889593341));
#5222=CARTESIAN_POINT('',(25.,20.5999999315927,0.399999889593341));
#5223=CARTESIAN_POINT('',(25.,21.0000003129244,0.399999889593341));
#5224=CARTESIAN_POINT('Origin',(24.6,20.5999999315927,0.399999889593341));
#5225=CARTESIAN_POINT('Origin',(25.,3.50000004284084,3.95000016391277));
#5226=CARTESIAN_POINT('',(25.,-13.8000002086163,2.30000002235174));
#5227=CARTESIAN_POINT('',(25.,12.2499999171123,2.30000002235174));
#5228=CARTESIAN_POINT('',(25.,-13.8000002086163,1.2000000149011));
#5229=CARTESIAN_POINT('',(25.,-13.8000002086163,7.47500016391279));
#5230=CARTESIAN_POINT('',(25.,-13.5000002011657,1.50000002235174));
#5231=CARTESIAN_POINT('',(25.,-15.0000002235174,0.));
#5232=CARTESIAN_POINT('',(25.,-12.4000000684073,0.399999889593341));
#5233=CARTESIAN_POINT('',(25.,-13.5000002011657,1.50000002235174));
#5234=CARTESIAN_POINT('',(25.,-11.6000003339241,0.399999889593341));
#5235=CARTESIAN_POINT('',(25.,21.0000003129244,0.399999889593341));
#5236=CARTESIAN_POINT('',(25.,-10.5000002011657,1.50000002235174));
#5237=CARTESIAN_POINT('',(25.,-12.0000002235174,0.));
#5238=CARTESIAN_POINT('',(25.,-9.4000000684073,0.399999889593341));
#5239=CARTESIAN_POINT('',(25.,-10.5000002011657,1.50000002235174));
#5240=CARTESIAN_POINT('',(25.,-8.60000033392407,0.399999889593341));
#5241=CARTESIAN_POINT('',(25.,21.0000003129244,0.399999889593341));
#5242=CARTESIAN_POINT('',(25.,-7.50000020116568,1.50000002235174));
#5243=CARTESIAN_POINT('',(25.,-9.00000022351742,0.));
#5244=CARTESIAN_POINT('',(25.,-6.40000006840728,0.399999889593341));
#5245=CARTESIAN_POINT('',(25.,-7.50000020116568,1.50000002235174));
#5246=CARTESIAN_POINT('',(25.,-5.60000033392408,0.399999889593341));
#5247=CARTESIAN_POINT('',(25.,21.0000003129244,0.399999889593341));
#5248=CARTESIAN_POINT('',(25.,-4.50000020116567,1.50000002235174));
#5249=CARTESIAN_POINT('',(25.,-6.00000022351742,0.));
#5250=CARTESIAN_POINT('',(25.,-3.40000006840727,0.399999889593341));
#5251=CARTESIAN_POINT('',(25.,-4.50000020116567,1.50000002235174));
#5252=CARTESIAN_POINT('',(25.,-2.60000033392408,0.399999889593341));
#5253=CARTESIAN_POINT('',(25.,21.0000003129244,0.399999889593341));
#5254=CARTESIAN_POINT('',(25.,-1.50000020116567,1.50000002235174));
#5255=CARTESIAN_POINT('',(25.,-3.00000022351742,0.));
#5256=CARTESIAN_POINT('',(25.,-0.400000068407267,0.399999889593341));
#5257=CARTESIAN_POINT('',(25.,-1.50000020116567,1.50000002235174));
#5258=CARTESIAN_POINT('',(25.,0.399999666075925,0.399999889593341));
#5259=CARTESIAN_POINT('',(25.,21.0000003129244,0.399999889593341));
#5260=CARTESIAN_POINT('',(25.,1.49999979883433,1.50000002235174));
#5261=CARTESIAN_POINT('',(25.,-2.23517415687269E-7,0.));
#5262=CARTESIAN_POINT('',(25.,2.59999993159273,0.399999889593341));
#5263=CARTESIAN_POINT('',(25.,1.49999979883433,1.50000002235174));
#5264=CARTESIAN_POINT('',(25.,3.39999966607592,0.399999889593341));
#5265=CARTESIAN_POINT('',(25.,21.0000003129244,0.399999889593341));
#5266=CARTESIAN_POINT('',(25.,4.49999979883433,1.50000002235174));
#5267=CARTESIAN_POINT('',(25.,2.99999977648258,0.));
#5268=CARTESIAN_POINT('',(25.,5.59999993159273,0.399999889593341));
#5269=CARTESIAN_POINT('',(25.,4.49999979883433,1.50000002235174));
#5270=CARTESIAN_POINT('',(25.,6.39999966607594,0.399999889593341));
#5271=CARTESIAN_POINT('',(25.,21.0000003129244,0.399999889593341));
#5272=CARTESIAN_POINT('',(25.,7.49999979883433,1.50000002235174));
#5273=CARTESIAN_POINT('',(25.,5.99999977648259,0.));
#5274=CARTESIAN_POINT('',(25.,8.59999993159273,0.399999889593341));
#5275=CARTESIAN_POINT('',(25.,7.49999979883433,1.50000002235174));
#5276=CARTESIAN_POINT('',(25.,9.39999966607593,0.399999889593341));
#5277=CARTESIAN_POINT('',(25.,21.0000003129244,0.399999889593341));
#5278=CARTESIAN_POINT('',(25.,10.4999997988343,1.50000002235174));
#5279=CARTESIAN_POINT('',(25.,8.99999977648259,0.));
#5280=CARTESIAN_POINT('',(25.,11.5999999315927,0.399999889593341));
#5281=CARTESIAN_POINT('',(25.,10.4999997988343,1.50000002235174));
#5282=CARTESIAN_POINT('',(25.,12.3999996660759,0.399999889593341));
#5283=CARTESIAN_POINT('',(25.,21.0000003129244,0.399999889593341));
#5284=CARTESIAN_POINT('',(25.,13.4999997988343,1.50000002235174));
#5285=CARTESIAN_POINT('',(25.,11.9999997764826,0.));
#5286=CARTESIAN_POINT('',(25.,14.5999999315927,0.399999889593341));
#5287=CARTESIAN_POINT('',(25.,13.4999997988343,1.50000002235174));
#5288=CARTESIAN_POINT('',(25.,15.3999996660759,0.399999889593341));
#5289=CARTESIAN_POINT('',(25.,21.0000003129244,0.399999889593341));
#5290=CARTESIAN_POINT('',(25.,16.4999997988343,1.50000002235174));
#5291=CARTESIAN_POINT('',(25.,14.9999997764826,0.));
#5292=CARTESIAN_POINT('',(25.,17.5999999315927,0.399999889593341));
#5293=CARTESIAN_POINT('',(25.,16.4999997988343,1.50000002235174));
#5294=CARTESIAN_POINT('',(25.,18.3999996660759,0.399999889593341));
#5295=CARTESIAN_POINT('',(25.,21.0000003129244,0.399999889593341));
#5296=CARTESIAN_POINT('',(25.,19.4999997988343,1.50000002235174));
#5297=CARTESIAN_POINT('',(25.,17.9999997764826,0.));
#5298=CARTESIAN_POINT('',(25.,19.4999997988343,1.50000002235174));
#5299=CARTESIAN_POINT('Origin',(24.9,-13.9000002086163,7.47500016391279));
#5300=CARTESIAN_POINT('',(21.7791666915019,-17.0208335171144,-2.0208332935969));
#5301=CARTESIAN_POINT('',(25.,-13.8000002086163,2.30000002235174));
#5302=CARTESIAN_POINT('Origin',(24.6,-13.9000002086163,2.30000002235174));
#5303=CARTESIAN_POINT('',(24.6,-13.8000002086163,2.70000002235174));
#5304=CARTESIAN_POINT('Origin',(24.6,-13.8000002086163,2.30000002235174));
#5305=CARTESIAN_POINT('',(24.6,-13.8000002086163,2.70000002235174));
#5306=CARTESIAN_POINT('Origin',(12.5,-13.9000002086163,2.60000002235174));
#5307=CARTESIAN_POINT('',(23.5,-13.8000002086163,2.70000002235174));
#5308=CARTESIAN_POINT('',(23.5,-13.8000002086163,2.70000002235174));
#5309=CARTESIAN_POINT('',(12.5,-13.8000002086163,2.70000002235174));
#5310=CARTESIAN_POINT('Origin',(23.5,-13.9000002086163,3.10000002235174));
#5311=CARTESIAN_POINT('',(23.1,-13.8000002086163,3.10000002235174));
#5312=CARTESIAN_POINT('Origin',(23.5,-13.8000002086163,3.10000002235174));
#5313=CARTESIAN_POINT('',(23.1,-13.8000002086163,3.10000002235174));
#5314=CARTESIAN_POINT('Origin',(23.,-13.9000002086163,7.87500009313227));
#5315=CARTESIAN_POINT('',(23.1,-13.8000002086163,6.40000002235174));
#5316=CARTESIAN_POINT('',(23.1,-13.8000002086163,6.40000002235174));
#5317=CARTESIAN_POINT('',(23.1,-13.8000002086163,7.87500009313227));
#5318=CARTESIAN_POINT('Origin',(23.5,-13.9000002086163,6.40000002235174));
#5319=CARTESIAN_POINT('',(23.5,-13.8000002086163,6.80000002235174));
#5320=CARTESIAN_POINT('Origin',(23.5,-13.8000002086163,6.40000002235174));
#5321=CARTESIAN_POINT('',(23.5,-13.8000002086163,6.80000002235174));
#5322=CARTESIAN_POINT('Origin',(12.5,-13.9000002086163,6.90000002235174));
#5323=CARTESIAN_POINT('',(24.6,-13.8000002086163,6.80000002235174));
#5324=CARTESIAN_POINT('',(24.6,-13.8000002086163,6.80000002235174));
#5325=CARTESIAN_POINT('',(12.5,-13.8000002086163,6.80000002235174));
#5326=CARTESIAN_POINT('Origin',(24.6,-13.9000002086163,7.20000002235174));
#5327=CARTESIAN_POINT('',(25.,-13.8000002086163,7.20000002235174));
#5328=CARTESIAN_POINT('Origin',(24.6,-13.8000002086163,7.20000002235174));
#5329=CARTESIAN_POINT('',(25.,-13.8000002086163,7.20000002235174));
#5330=CARTESIAN_POINT('Origin',(24.9,-13.9000002086163,7.47500016391279));
#5331=CARTESIAN_POINT('',(25.,-13.8000002086163,10.6000001639128));
#5332=CARTESIAN_POINT('',(25.,-13.8000002086163,7.47500016391279));
#5333=CARTESIAN_POINT('',(25.,-13.8000002086163,10.6000001639128));
#5334=CARTESIAN_POINT('Origin',(24.6,-13.9000002086163,10.6000001639128));
#5335=CARTESIAN_POINT('',(24.6,-13.8000002086163,11.0000001639128));
#5336=CARTESIAN_POINT('',(24.6,-13.8000002086163,11.0000001639128));
#5337=CARTESIAN_POINT('Origin',(24.6,-13.8000002086163,10.6000001639128));
#5338=CARTESIAN_POINT('Origin',(0.,-13.9000002086163,10.9000001639128));
#5339=CARTESIAN_POINT('',(0.399999999999999,-13.8000002086163,11.0000001639128));
#5340=CARTESIAN_POINT('',(0.,-13.8000002086163,11.0000001639128));
#5341=CARTESIAN_POINT('',(0.399999999999999,-13.8000002086163,11.0000001639128));
#5342=CARTESIAN_POINT('Origin',(0.399999999999999,-13.9000002086163,10.6000001639128));
#5343=CARTESIAN_POINT('',(0.,-13.8000002086163,10.6000001639128));
#5344=CARTESIAN_POINT('',(0.,-13.8000002086163,10.6000001639128));
#5345=CARTESIAN_POINT('Origin',(0.399999999999999,-13.8000002086163,10.6000001639128));
#5346=CARTESIAN_POINT('Origin',(0.1,-13.9000002086163,7.47500016391279));
#5347=CARTESIAN_POINT('',(0.,-13.8000002086163,7.20000002235174));
#5348=CARTESIAN_POINT('',(0.,-13.8000002086163,7.20000002235174));
#5349=CARTESIAN_POINT('',(0.,-13.8000002086163,7.47500016391279));
#5350=CARTESIAN_POINT('Origin',(0.4,-13.9000002086163,7.20000002235174));
#5351=CARTESIAN_POINT('',(0.4,-13.8000002086163,6.80000002235174));
#5352=CARTESIAN_POINT('Origin',(0.4,-13.8000002086163,7.20000002235174));
#5353=CARTESIAN_POINT('',(0.4,-13.8000002086163,6.80000002235174));
#5354=CARTESIAN_POINT('Origin',(0.,-13.9000002086163,6.90000002235174));
#5355=CARTESIAN_POINT('',(1.5,-13.8000002086163,6.80000002235174));
#5356=CARTESIAN_POINT('',(1.5,-13.8000002086163,6.80000002235174));
#5357=CARTESIAN_POINT('',(0.,-13.8000002086163,6.80000002235174));
#5358=CARTESIAN_POINT('Origin',(1.5,-13.9000002086163,6.40000002235174));
#5359=CARTESIAN_POINT('',(1.9,-13.8000002086163,6.40000002235174));
#5360=CARTESIAN_POINT('Origin',(1.5,-13.8000002086163,6.40000002235174));
#5361=CARTESIAN_POINT('',(1.9,-13.8000002086163,6.40000002235174));
#5362=CARTESIAN_POINT('Origin',(2.,-13.9000002086163,7.87500009313227));
#5363=CARTESIAN_POINT('',(1.9,-13.8000002086163,3.10000002235174));
#5364=CARTESIAN_POINT('',(1.9,-13.8000002086163,3.10000002235174));
#5365=CARTESIAN_POINT('',(1.9,-13.8000002086163,7.87500009313227));
#5366=CARTESIAN_POINT('Origin',(1.5,-13.9000002086163,3.10000002235174));
#5367=CARTESIAN_POINT('',(1.5,-13.8000002086163,2.70000002235174));
#5368=CARTESIAN_POINT('Origin',(1.5,-13.8000002086163,3.10000002235174));
#5369=CARTESIAN_POINT('',(1.5,-13.8000002086163,2.70000002235174));
#5370=CARTESIAN_POINT('Origin',(0.,-13.9000002086163,2.60000002235174));
#5371=CARTESIAN_POINT('',(0.4,-13.8000002086163,2.70000002235174));
#5372=CARTESIAN_POINT('',(0.4,-13.8000002086163,2.70000002235174));
#5373=CARTESIAN_POINT('',(0.,-13.8000002086163,2.70000002235174));
#5374=CARTESIAN_POINT('Origin',(0.4,-13.9000002086163,2.30000002235174));
#5375=CARTESIAN_POINT('',(0.,-13.8000002086163,2.30000002235174));
#5376=CARTESIAN_POINT('Origin',(0.4,-13.8000002086163,2.30000002235174));
#5377=CARTESIAN_POINT('',(0.,-13.8000002086163,2.30000002235174));
#5378=CARTESIAN_POINT('Origin',(0.1,-13.9000002086163,7.47500016391279));
#5379=CARTESIAN_POINT('',(0.,-13.8000002086163,1.2000000149011));
#5380=CARTESIAN_POINT('',(-0.945833358168605,-12.8541668504477,2.14583337306976));
#5381=CARTESIAN_POINT('',(0.,-13.8000002086163,7.47500016391279));
#5382=CARTESIAN_POINT('Origin',(0.,3.50000004284084,3.95000016391277));
#5383=CARTESIAN_POINT('',(0.,20.5999999315927,0.399999889593342));
#5384=CARTESIAN_POINT('',(0.,21.0000003129244,0.399999889593342));
#5385=CARTESIAN_POINT('',(0.,19.4999997988343,1.50000002235174));
#5386=CARTESIAN_POINT('',(0.,19.4999997988343,1.50000002235174));
#5387=CARTESIAN_POINT('',(0.,18.3999996660759,0.399999889593342));
#5388=CARTESIAN_POINT('',(0.,17.9999997764826,0.));
#5389=CARTESIAN_POINT('',(0.,17.5999999315927,0.399999889593342));
#5390=CARTESIAN_POINT('',(0.,21.0000003129244,0.399999889593342));
#5391=CARTESIAN_POINT('',(0.,16.4999997988343,1.50000002235174));
#5392=CARTESIAN_POINT('',(0.,16.4999997988343,1.50000002235174));
#5393=CARTESIAN_POINT('',(0.,15.3999996660759,0.399999889593342));
#5394=CARTESIAN_POINT('',(0.,14.9999997764826,0.));
#5395=CARTESIAN_POINT('',(0.,14.5999999315927,0.399999889593342));
#5396=CARTESIAN_POINT('',(0.,21.0000003129244,0.399999889593342));
#5397=CARTESIAN_POINT('',(0.,13.4999997988343,1.50000002235174));
#5398=CARTESIAN_POINT('',(0.,13.4999997988343,1.50000002235174));
#5399=CARTESIAN_POINT('',(0.,12.3999996660759,0.399999889593342));
#5400=CARTESIAN_POINT('',(0.,11.9999997764826,0.));
#5401=CARTESIAN_POINT('',(0.,11.5999999315927,0.399999889593342));
#5402=CARTESIAN_POINT('',(0.,21.0000003129244,0.399999889593342));
#5403=CARTESIAN_POINT('',(0.,10.4999997988343,1.50000002235174));
#5404=CARTESIAN_POINT('',(0.,10.4999997988343,1.50000002235174));
#5405=CARTESIAN_POINT('',(0.,9.39999966607593,0.399999889593342));
#5406=CARTESIAN_POINT('',(0.,8.99999977648259,0.));
#5407=CARTESIAN_POINT('',(0.,8.59999993159273,0.399999889593342));
#5408=CARTESIAN_POINT('',(0.,21.0000003129244,0.399999889593342));
#5409=CARTESIAN_POINT('',(0.,7.49999979883433,1.50000002235174));
#5410=CARTESIAN_POINT('',(0.,7.49999979883433,1.50000002235174));
#5411=CARTESIAN_POINT('',(0.,6.39999966607594,0.399999889593342));
#5412=CARTESIAN_POINT('',(0.,5.99999977648259,0.));
#5413=CARTESIAN_POINT('',(0.,5.59999993159273,0.399999889593342));
#5414=CARTESIAN_POINT('',(0.,21.0000003129244,0.399999889593342));
#5415=CARTESIAN_POINT('',(0.,4.49999979883433,1.50000002235174));
#5416=CARTESIAN_POINT('',(0.,4.49999979883433,1.50000002235174));
#5417=CARTESIAN_POINT('',(0.,3.39999966607592,0.399999889593342));
#5418=CARTESIAN_POINT('',(0.,2.99999977648258,0.));
#5419=CARTESIAN_POINT('',(0.,2.59999993159273,0.399999889593342));
#5420=CARTESIAN_POINT('',(0.,21.0000003129244,0.399999889593342));
#5421=CARTESIAN_POINT('',(0.,1.49999979883433,1.50000002235174));
#5422=CARTESIAN_POINT('',(0.,1.49999979883433,1.50000002235174));
#5423=CARTESIAN_POINT('',(0.,0.399999666075925,0.399999889593342));
#5424=CARTESIAN_POINT('',(0.,-2.23517415687269E-7,0.));
#5425=CARTESIAN_POINT('',(0.,-0.400000068407271,0.399999889593342));
#5426=CARTESIAN_POINT('',(0.,21.0000003129244,0.399999889593342));
#5427=CARTESIAN_POINT('',(0.,-1.50000020116567,1.50000002235174));
#5428=CARTESIAN_POINT('',(0.,-1.50000020116567,1.50000002235174));
#5429=CARTESIAN_POINT('',(0.,-2.60000033392408,0.399999889593342));
#5430=CARTESIAN_POINT('',(0.,-3.00000022351742,0.));
#5431=CARTESIAN_POINT('',(0.,-3.40000006840727,0.399999889593342));
#5432=CARTESIAN_POINT('',(0.,21.0000003129244,0.399999889593342));
#5433=CARTESIAN_POINT('',(0.,-4.50000020116567,1.50000002235174));
#5434=CARTESIAN_POINT('',(0.,-4.50000020116567,1.50000002235174));
#5435=CARTESIAN_POINT('',(0.,-5.60000033392408,0.399999889593342));
#5436=CARTESIAN_POINT('',(0.,-6.00000022351742,0.));
#5437=CARTESIAN_POINT('',(0.,-6.40000006840728,0.399999889593342));
#5438=CARTESIAN_POINT('',(0.,21.0000003129244,0.399999889593342));
#5439=CARTESIAN_POINT('',(0.,-7.50000020116568,1.50000002235174));
#5440=CARTESIAN_POINT('',(0.,-7.50000020116568,1.50000002235174));
#5441=CARTESIAN_POINT('',(0.,-8.60000033392408,0.399999889593342));
#5442=CARTESIAN_POINT('',(0.,-9.00000022351742,0.));
#5443=CARTESIAN_POINT('',(0.,-9.4000000684073,0.399999889593342));
#5444=CARTESIAN_POINT('',(0.,21.0000003129244,0.399999889593342));
#5445=CARTESIAN_POINT('',(0.,-10.5000002011657,1.50000002235174));
#5446=CARTESIAN_POINT('',(0.,-10.5000002011657,1.50000002235174));
#5447=CARTESIAN_POINT('',(0.,-11.6000003339241,0.399999889593342));
#5448=CARTESIAN_POINT('',(0.,-12.0000002235174,0.));
#5449=CARTESIAN_POINT('',(0.,-12.4000000684073,0.399999889593342));
#5450=CARTESIAN_POINT('',(0.,21.0000003129244,0.399999889593342));
#5451=CARTESIAN_POINT('',(0.,-13.5000002011657,1.50000002235174));
#5452=CARTESIAN_POINT('',(0.,-13.5000002011657,1.50000002235174));
#5453=CARTESIAN_POINT('',(0.,-15.0000002235174,0.));
#5454=CARTESIAN_POINT('',(0.,-5.25000008288773,2.30000002235174));
#5455=CARTESIAN_POINT('Origin',(0.4,-5.25000008288773,2.30000002235174));
#5456=CARTESIAN_POINT('',(0.4,-5.25000008288773,2.70000002235174));
#5457=CARTESIAN_POINT('Origin',(0.,-14.0000002086163,2.70000002235174));
#5458=CARTESIAN_POINT('',(1.5,-5.25000020861628,2.70000002235174));
#5459=CARTESIAN_POINT('Origin',(1.5,-5.25000020861628,3.10000002235174));
#5460=CARTESIAN_POINT('',(1.9,-5.25000020861628,3.10000002235174));
#5461=CARTESIAN_POINT('Origin',(1.9,3.49999979138374,4.75000002235174));
#5462=CARTESIAN_POINT('',(1.9,12.2499997913837,6.40000002235174));
#5463=CARTESIAN_POINT('Origin',(1.5,12.2499997913837,6.40000002235174));
#5464=CARTESIAN_POINT('',(1.5,12.2499997913837,6.80000002235174));
#5465=CARTESIAN_POINT('Origin',(0.,20.9999997913837,6.80000002235174));
#5466=CARTESIAN_POINT('',(0.4,12.2499999171123,6.80000002235174));
#5467=CARTESIAN_POINT('Origin',(0.4,12.2499999171123,7.20000002235174));
#5468=CARTESIAN_POINT('',(0.,12.2499999171123,7.20000002235174));
#5469=CARTESIAN_POINT('Origin',(0.,3.50000004284084,3.95000016391277));
#5470=CARTESIAN_POINT('',(0.,21.0000003129244,10.6000001639128));
#5471=CARTESIAN_POINT('Origin',(0.399999999999999,21.0000003129244,10.6000001639128));
#5472=CARTESIAN_POINT('',(0.399999999999999,21.0000003129244,11.0000001639128));
#5473=CARTESIAN_POINT('Origin',(0.,21.0000003129244,11.0000001639128));
#5474=CARTESIAN_POINT('',(24.6,21.0000003129244,11.0000001639128));
#5475=CARTESIAN_POINT('',(5.70000000000001,16.3835009909237,11.0000001639128));
#5476=CARTESIAN_POINT('',(9.20000000000001,14.36277504876,11.0000001639128));
#5477=CARTESIAN_POINT('',(2.56299857764846,18.1946496065666,11.0000001639128));
#5478=CARTESIAN_POINT('',(9.20000000000001,10.3213231644326,11.0000001639128));
#5479=CARTESIAN_POINT('',(9.20000000000002,17.6813876808422,11.0000001639128));
#5480=CARTESIAN_POINT('',(5.70000000000001,8.30059722226896,11.0000001639128));
#5481=CARTESIAN_POINT('',(8.06200142235155,9.6642993792899,11.0000001639128));
#5482=CARTESIAN_POINT('',(2.20000000000001,10.3213231644327,11.0000001639128));
#5483=CARTESIAN_POINT('',(0.812998577648451,11.1221088089937,11.0000001639128));
#5484=CARTESIAN_POINT('',(2.20000000000001,14.36277504876,11.0000001639128));
#5485=CARTESIAN_POINT('',(2.20000000000001,15.6606617386785,11.0000001639128));
#5486=CARTESIAN_POINT('',(2.81200142235156,14.7161142346991,11.0000001639128));
#5487=CARTESIAN_POINT('',(5.7,-9.3835008866156,11.0000001639128));
#5488=CARTESIAN_POINT('',(2.20000000000001,-7.3627749444519,11.0000001639128));
#5489=CARTESIAN_POINT('',(-3.01572097367915,-4.35147703628026,11.0000001639128));
#5490=CARTESIAN_POINT('',(2.20000000000001,-3.32132306012452,11.0000001639128));
#5491=CARTESIAN_POINT('',(2.20000000000001,6.81861268423624,11.0000001639128));
#5492=CARTESIAN_POINT('',(5.70000000000001,-1.30059711796083,11.0000001639128));
#5493=CARTESIAN_POINT('',(6.64072097367915,-0.757471610574861,11.0000001639128));
#5494=CARTESIAN_POINT('',(9.20000000000001,-3.32132306012453,11.0000001639128));
#5495=CARTESIAN_POINT('',(-1.26572097367914,2.72106376129266,11.0000001639128));
#5496=CARTESIAN_POINT('',(9.20000000000001,-7.36277494445191,11.0000001639128));
#5497=CARTESIAN_POINT('',(9.20000000000003,8.83933862639992,11.0000001639128));
#5498=CARTESIAN_POINT('',(11.8907209736791,-5.80928646598409,11.0000001639128));
#5499=CARTESIAN_POINT('',(15.8,14.36277504876,11.0000001639128));
#5500=CARTESIAN_POINT('',(19.3,16.3835009909237,11.0000001639128));
#5501=CARTESIAN_POINT('',(11.3120014223516,11.771627861832,11.0000001639128));
#5502=CARTESIAN_POINT('',(22.8,14.36277504876,11.0000001639128));
#5503=CARTESIAN_POINT('',(11.0629985776484,21.1391359794337,11.0000001639128));
#5504=CARTESIAN_POINT('',(22.8,10.3213231644327,11.0000001639128));
#5505=CARTESIAN_POINT('',(22.8,17.6813876808422,11.0000001639128));
#5506=CARTESIAN_POINT('',(19.3,8.30059722226896,11.0000001639128));
#5507=CARTESIAN_POINT('',(16.5620014223516,6.71981300642282,11.0000001639128));
#5508=CARTESIAN_POINT('',(15.8,10.3213231644326,11.0000001639128));
#5509=CARTESIAN_POINT('',(9.31299857764843,14.0665951818608,11.0000001639128));
#5510=CARTESIAN_POINT('',(15.8,15.6606617386785,11.0000001639128));
#5511=CARTESIAN_POINT('',(19.3,-9.38350088661559,11.0000001639128));
#5512=CARTESIAN_POINT('',(15.8,-7.36277494445192,11.0000001639128));
#5513=CARTESIAN_POINT('',(5.48427902632085,-1.40699066341324,11.0000001639128));
#5514=CARTESIAN_POINT('',(15.8,-3.32132306012453,11.0000001639128));
#5515=CARTESIAN_POINT('',(15.7999999999999,6.81861268423626,11.0000001639128));
#5516=CARTESIAN_POINT('',(19.3,-1.30059711796083,11.0000001639128));
#5517=CARTESIAN_POINT('',(15.1407209736792,-3.70195798344193,11.0000001639128));
#5518=CARTESIAN_POINT('',(22.8,-3.32132306012451,11.0000001639128));
#5519=CARTESIAN_POINT('',(7.23427902632083,5.66555013415969,11.0000001639128));
#5520=CARTESIAN_POINT('',(22.8,-7.36277494445189,11.0000001639128));
#5521=CARTESIAN_POINT('',(22.7999999999999,8.83933862639999,11.0000001639128));
#5522=CARTESIAN_POINT('',(20.3907209736792,-8.75377283885114,11.0000001639128));
#5523=CARTESIAN_POINT('Origin',(24.6,21.0000003129244,10.6000001639128));
#5524=CARTESIAN_POINT('',(25.,21.0000003129244,10.6000001639128));
#5525=CARTESIAN_POINT('Origin',(25.,3.50000004284084,3.95000016391277));
#5526=CARTESIAN_POINT('',(25.,-5.25000008288773,7.20000002235174));
#5527=CARTESIAN_POINT('Origin',(24.6,-5.25000008288773,7.20000002235174));
#5528=CARTESIAN_POINT('',(24.6,-5.25000008288773,6.80000002235174));
#5529=CARTESIAN_POINT('Origin',(25.,-14.0000002086163,6.80000002235174));
#5530=CARTESIAN_POINT('',(23.5,-5.25000020861628,6.80000002235174));
#5531=CARTESIAN_POINT('Origin',(23.5,-5.25000020861628,6.40000002235174));
#5532=CARTESIAN_POINT('',(23.1,-5.25000020861628,6.40000002235174));
#5533=CARTESIAN_POINT('Origin',(23.1,3.49999979138374,4.75000002235174));
#5534=CARTESIAN_POINT('',(23.1,12.2499997913837,3.10000002235174));
#5535=CARTESIAN_POINT('Origin',(23.5,12.2499997913837,3.10000002235174));
#5536=CARTESIAN_POINT('',(23.5,12.2499997913837,2.70000002235174));
#5537=CARTESIAN_POINT('Origin',(25.,20.9999997913837,2.70000002235174));
#5538=CARTESIAN_POINT('',(24.6,12.2499999171123,2.70000002235174));
#5539=CARTESIAN_POINT('Origin',(24.6,12.2499999171123,2.30000002235174));
#5540=CARTESIAN_POINT('Origin',(0.,-14.0000002086163,1.00000001490116));
#5541=CARTESIAN_POINT('',(0.,-13.5000002011657,1.50000002235174));
#5542=CARTESIAN_POINT('Origin',(10.4396716111593,21.0000003129244,2.6395915182761));
#5543=CARTESIAN_POINT('',(10.0942717361781,21.0000003129244,2.43785176918601));
#5544=CARTESIAN_POINT('',(10.4416834213338,21.0000003129244,2.23959657753332));
#5545=CARTESIAN_POINT('Origin',(7.88125626575333,21.0000003129244,6.22676927435739));
#5546=CARTESIAN_POINT('Origin',(14.5965409719814,21.0000003129244,2.66049886290042));
#5547=CARTESIAN_POINT('',(14.5985527821559,21.0000003129244,2.26050392215764));
#5548=CARTESIAN_POINT('',(14.9439526571371,21.0000003129244,2.46224367124772));
#5549=CARTESIAN_POINT('Origin',(10.2107462346215,21.0000003129244,2.23843505838752));
#5550=CARTESIAN_POINT('Origin',(16.656869360822,21.0000003129244,6.2709070018976));
#5551=CARTESIAN_POINT('',(17.0042810459778,21.0000003129244,6.0726518102449));
#5552=CARTESIAN_POINT('Origin',(14.8294899688682,21.0000003129244,2.26166544130343));
#5553=CARTESIAN_POINT('Origin',(0.4,21.0000003129244,0.399999889593342));
#5554=CARTESIAN_POINT('Origin',(0.4,20.5999999315927,0.399999889593342));
#5555=CARTESIAN_POINT('Origin',(0.4,21.0000003129244,0.399999889593342));
#5556=CARTESIAN_POINT('',(0.4,17.9999996660759,-1.10406657981195E-7));
#5557=CARTESIAN_POINT('Origin',(0.4,18.3999996660759,0.399999889593342));
#5558=CARTESIAN_POINT('Origin',(0.4,17.5999999315927,0.399999889593342));
#5559=CARTESIAN_POINT('Origin',(0.4,21.0000003129244,0.399999889593342));
#5560=CARTESIAN_POINT('',(0.4,2.99999966607592,-1.10406657981195E-7));
#5561=CARTESIAN_POINT('Origin',(0.4,3.39999966607592,0.399999889593342));
#5562=CARTESIAN_POINT('Origin',(0.4,2.59999993159273,0.399999889593342));
#5563=CARTESIAN_POINT('Origin',(0.4,21.0000003129244,0.399999889593342));
#5564=CARTESIAN_POINT('',(0.4,-3.33924075057723E-7,-1.10406657981195E-7));
#5565=CARTESIAN_POINT('Origin',(0.4,0.399999666075925,0.399999889593342));
#5566=CARTESIAN_POINT('Origin',(0.4,-0.400000068407271,0.399999889593342));
#5567=CARTESIAN_POINT('Origin',(0.4,21.0000003129244,0.399999889593342));
#5568=CARTESIAN_POINT('',(0.4,-6.00000006840728,-1.10406657981195E-7));
#5569=CARTESIAN_POINT('Origin',(0.4,-5.60000033392408,0.399999889593342));
#5570=CARTESIAN_POINT('Origin',(0.4,-6.40000006840728,0.399999889593342));
#5571=CARTESIAN_POINT('Origin',(0.4,21.0000003129244,0.399999889593342));
#5572=CARTESIAN_POINT('',(0.4,-12.0000003339241,-1.10406657981195E-7));
#5573=CARTESIAN_POINT('Origin',(0.4,-11.6000003339241,0.399999889593342));
#5574=CARTESIAN_POINT('Origin',(0.4,-12.4000000684073,0.399999889593342));
#5575=CARTESIAN_POINT('Origin',(0.4,21.0000003129244,0.399999889593342));
#5576=CARTESIAN_POINT('',(0.4,-9.00000033392408,-1.10406657981195E-7));
#5577=CARTESIAN_POINT('Origin',(0.4,-9.4000000684073,0.399999889593342));
#5578=CARTESIAN_POINT('Origin',(0.4,-8.60000033392408,0.399999889593342));
#5579=CARTESIAN_POINT('Origin',(0.4,21.0000003129244,0.399999889593342));
#5580=CARTESIAN_POINT('',(0.4,11.9999999315927,-1.10406657981195E-7));
#5581=CARTESIAN_POINT('Origin',(0.4,12.3999996660759,0.399999889593342));
#5582=CARTESIAN_POINT('Origin',(0.4,11.5999999315927,0.399999889593342));
#5583=CARTESIAN_POINT('Origin',(0.4,21.0000003129244,0.399999889593342));
#5584=CARTESIAN_POINT('',(0.4,5.99999966607593,-1.10406657981195E-7));
#5585=CARTESIAN_POINT('Origin',(0.4,6.39999966607594,0.399999889593342));
#5586=CARTESIAN_POINT('Origin',(0.4,5.59999993159273,0.399999889593342));
#5587=CARTESIAN_POINT('Origin',(0.4,21.0000003129244,0.399999889593342));
#5588=CARTESIAN_POINT('',(0.4,8.99999966607593,-1.10406657981195E-7));
#5589=CARTESIAN_POINT('Origin',(0.4,8.59999993159273,0.399999889593342));
#5590=CARTESIAN_POINT('Origin',(0.4,9.39999966607593,0.399999889593342));
#5591=CARTESIAN_POINT('Origin',(0.4,21.0000003129244,0.399999889593342));
#5592=CARTESIAN_POINT('',(0.4,14.9999999315927,-1.10406657981195E-7));
#5593=CARTESIAN_POINT('Origin',(0.4,15.3999996660759,0.399999889593342));
#5594=CARTESIAN_POINT('Origin',(0.4,14.5999999315927,0.399999889593342));
#5595=CARTESIAN_POINT('Origin',(0.4,21.0000003129244,0.399999889593342));
#5596=CARTESIAN_POINT('',(0.4,-3.00000006840727,-1.10406657981195E-7));
#5597=CARTESIAN_POINT('Origin',(0.4,-2.60000033392408,0.399999889593342));
#5598=CARTESIAN_POINT('Origin',(0.4,-3.40000006840727,0.399999889593342));
#5599=CARTESIAN_POINT('Origin',(24.6,21.0000003129244,0.399999889593341));
#5600=CARTESIAN_POINT('',(24.6,17.9999996660759,-1.10406657891637E-7));
#5601=CARTESIAN_POINT('Origin',(24.6,18.3999996660759,0.399999889593341));
#5602=CARTESIAN_POINT('Origin',(24.6,17.5999999315927,0.399999889593341));
#5603=CARTESIAN_POINT('Origin',(24.6,21.0000003129244,0.399999889593341));
#5604=CARTESIAN_POINT('',(24.6,14.9999999315927,-1.10406657891637E-7));
#5605=CARTESIAN_POINT('Origin',(24.6,15.3999996660759,0.399999889593341));
#5606=CARTESIAN_POINT('Origin',(24.6,14.5999999315927,0.399999889593341));
#5607=CARTESIAN_POINT('Origin',(24.6,21.0000003129244,0.399999889593341));
#5608=CARTESIAN_POINT('',(24.6,11.9999999315927,-1.10406657891637E-7));
#5609=CARTESIAN_POINT('Origin',(24.6,12.3999996660759,0.399999889593341));
#5610=CARTESIAN_POINT('Origin',(24.6,11.5999999315927,0.399999889593341));
#5611=CARTESIAN_POINT('Origin',(24.6,21.0000003129244,0.399999889593341));
#5612=CARTESIAN_POINT('',(24.6,8.99999966607593,-1.10406657891637E-7));
#5613=CARTESIAN_POINT('Origin',(24.6,9.39999966607593,0.399999889593341));
#5614=CARTESIAN_POINT('Origin',(24.6,8.59999993159273,0.399999889593341));
#5615=CARTESIAN_POINT('Origin',(24.6,21.0000003129244,0.399999889593341));
#5616=CARTESIAN_POINT('',(24.6,5.99999966607593,-1.10406657891637E-7));
#5617=CARTESIAN_POINT('Origin',(24.6,6.39999966607594,0.399999889593341));
#5618=CARTESIAN_POINT('Origin',(24.6,5.59999993159273,0.399999889593341));
#5619=CARTESIAN_POINT('Origin',(24.6,21.0000003129244,0.399999889593341));
#5620=CARTESIAN_POINT('',(24.6,2.99999966607592,-1.10406657891637E-7));
#5621=CARTESIAN_POINT('Origin',(24.6,3.39999966607592,0.399999889593341));
#5622=CARTESIAN_POINT('Origin',(24.6,2.59999993159273,0.399999889593341));
#5623=CARTESIAN_POINT('Origin',(24.6,21.0000003129244,0.399999889593341));
#5624=CARTESIAN_POINT('',(24.6,-3.33924075057723E-7,-1.10406657891637E-7));
#5625=CARTESIAN_POINT('Origin',(24.6,0.399999666075925,0.399999889593341));
#5626=CARTESIAN_POINT('Origin',(24.6,-0.400000068407271,0.399999889593341));
#5627=CARTESIAN_POINT('Origin',(24.6,21.0000003129244,0.399999889593341));
#5628=CARTESIAN_POINT('',(24.6,-3.00000006840727,-1.10406657891637E-7));
#5629=CARTESIAN_POINT('Origin',(24.6,-2.60000033392408,0.399999889593341));
#5630=CARTESIAN_POINT('Origin',(24.6,-3.40000006840727,0.399999889593341));
#5631=CARTESIAN_POINT('Origin',(24.6,21.0000003129244,0.399999889593341));
#5632=CARTESIAN_POINT('',(24.6,-6.00000006840728,-1.10406657891637E-7));
#5633=CARTESIAN_POINT('Origin',(24.6,-5.60000033392408,0.399999889593341));
#5634=CARTESIAN_POINT('Origin',(24.6,-6.40000006840728,0.399999889593341));
#5635=CARTESIAN_POINT('Origin',(24.6,21.0000003129244,0.399999889593341));
#5636=CARTESIAN_POINT('',(24.6,-9.00000033392408,-1.10406657891637E-7));
#5637=CARTESIAN_POINT('Origin',(24.6,-8.60000033392408,0.399999889593341));
#5638=CARTESIAN_POINT('Origin',(24.6,-9.4000000684073,0.399999889593341));
#5639=CARTESIAN_POINT('Origin',(24.6,21.0000003129244,0.399999889593341));
#5640=CARTESIAN_POINT('',(24.6,-12.0000003339241,-1.10406657891637E-7));
#5641=CARTESIAN_POINT('Origin',(24.6,-11.6000003339241,0.399999889593341));
#5642=CARTESIAN_POINT('Origin',(24.6,-12.4000000684073,0.399999889593341));
#5643=CARTESIAN_POINT('Origin',(0.,-12.0000002235174,0.));
#5644=CARTESIAN_POINT('',(0.,-10.5000002011657,1.50000002235174));
#5645=CARTESIAN_POINT('',(0.,-12.0000002235174,0.));
#5646=CARTESIAN_POINT('Origin',(0.,-10.5000002011657,1.50000002235174));
#5647=CARTESIAN_POINT('',(0.,-9.00000022351742,0.));
#5648=CARTESIAN_POINT('Origin',(0.,-7.50000020116568,1.50000002235174));
#5649=CARTESIAN_POINT('',(19.7280731517665,-7.50000020116568,1.50000002235174));
#5650=CARTESIAN_POINT('',(0.,-7.50000020116568,1.50000002235174));
#5651=CARTESIAN_POINT('',(21.3993094610815,-6.0000002122118,1.19720188855125E-8));
#5652=CARTESIAN_POINT('Origin',(19.3,-5.34204900228821,-0.65795117652572));
#5653=CARTESIAN_POINT('',(0.,-6.00000022351742,0.));
#5654=CARTESIAN_POINT('Origin',(0.,-4.50000020116567,1.50000002235174));
#5655=CARTESIAN_POINT('',(21.3324748009577,-4.50000020116567,1.50000002235174));
#5656=CARTESIAN_POINT('',(0.,-4.50000020116567,1.50000002235174));
#5657=CARTESIAN_POINT('',(20.4724651620466,-3.48051054074973,0.480510361935804));
#5658=CARTESIAN_POINT('Origin',(19.3,-5.34204900228821,2.34204882347428));
#5659=CARTESIAN_POINT('',(19.7095525692898,-3.00000022351742,0.));
#5660=CARTESIAN_POINT('',(15.8988088680937,-0.5998541489375,-2.40014602987643));
#5661=CARTESIAN_POINT('',(0.,-3.00000022351742,0.));
#5662=CARTESIAN_POINT('Origin',(0.,-2.23517415687269E-7,0.));
#5663=CARTESIAN_POINT('',(0.,1.49999979883433,1.50000002235174));
#5664=CARTESIAN_POINT('',(0.,-2.23517415687269E-7,0.));
#5665=CARTESIAN_POINT('Origin',(0.,2.99999977648258,0.));
#5666=CARTESIAN_POINT('',(0.,4.49999979883433,1.50000002235174));
#5667=CARTESIAN_POINT('',(0.,2.99999977648258,0.));
#5668=CARTESIAN_POINT('Origin',(0.,5.99999977648259,0.));
#5669=CARTESIAN_POINT('',(0.,7.49999979883433,1.50000002235174));
#5670=CARTESIAN_POINT('',(0.,5.99999977648259,0.));
#5671=CARTESIAN_POINT('Origin',(0.,7.49999979883433,1.50000002235174));
#5672=CARTESIAN_POINT('',(0.,8.99999977648259,0.));
#5673=CARTESIAN_POINT('Origin',(0.,10.4999997988343,1.50000002235174));
#5674=CARTESIAN_POINT('',(20.5028525877153,10.4999997988343,1.50000002235174));
#5675=CARTESIAN_POINT('',(0.,10.4999997988343,1.50000002235174));
#5676=CARTESIAN_POINT('',(21.4732469412156,11.9999997877248,1.1422324937745E-8));
#5677=CARTESIAN_POINT('Origin',(19.3,12.3420491065963,-0.342049285410275));
#5678=CARTESIAN_POINT('',(0.,11.9999997764826,0.));
#5679=CARTESIAN_POINT('Origin',(0.,17.9999997764826,0.));
#5680=CARTESIAN_POINT('',(0.,19.4999997988343,1.50000002235174));
#5681=CARTESIAN_POINT('',(0.,17.9999997764826,0.));
#5682=CARTESIAN_POINT('Origin',(19.3,-2.74204900228821,7.50000016391277));
#5683=CARTESIAN_POINT('',(20.4724651620466,-3.48051054074973,7.50000016391277));
#5684=CARTESIAN_POINT('',(20.4724651620466,-3.48051054074975,15.1500001639128));
#5685=CARTESIAN_POINT('',(19.3,-2.74204900228821,7.50000016391277));
#5686=CARTESIAN_POINT('',(15.4582602702728,-0.322380492708812,7.50000016391277));
#5687=CARTESIAN_POINT('',(19.3,-2.74204900228821,0.25795122122921));
#5688=CARTESIAN_POINT('',(19.3,-2.74204900228821,7.50000016391277));
#5689=CARTESIAN_POINT('',(12.7380156474382,1.39092928756962,4.39092951108704));
#5690=CARTESIAN_POINT('Origin',(18.1275348379509,-3.4805105407513,7.50000016391277));
#5691=CARTESIAN_POINT('',(18.8904474307102,-3.00000022351742,0.));
#5692=CARTESIAN_POINT('',(18.1275348379509,-3.4805105407513,0.480510361937373));
#5693=CARTESIAN_POINT('',(11.4828809651176,-7.66555712491733,4.6655569461034));
#5694=CARTESIAN_POINT('',(14.6436741857731,-5.67477368841021,-2.67477346489279));
#5695=CARTESIAN_POINT('',(18.1275348379509,-3.4805105407513,7.50000016391277));
#5696=CARTESIAN_POINT('',(17.6868680954482,-3.75805860883153,7.50000016391277));
#5697=CARTESIAN_POINT('',(18.1275348379534,-3.48051054074975,15.1500001639128));
#5698=CARTESIAN_POINT('Origin',(4.52753483795338,14.2035875681348,7.50000016391277));
#5699=CARTESIAN_POINT('',(5.70000000000001,14.9420491065963,0.0579507145897407));
#5700=CARTESIAN_POINT('',(4.52753483795338,14.2035875681348,0.79641225305128));
#5701=CARTESIAN_POINT('',(1.84100279134374,12.5115112041748,2.48848861701124));
#5702=CARTESIAN_POINT('',(5.70000000000001,14.9420491065963,7.50000016391277));
#5703=CARTESIAN_POINT('',(5.70000000000001,14.9420491065963,7.50000016391277));
#5704=CARTESIAN_POINT('',(4.52753483795338,14.2035875681348,7.50000016391277));
#5705=CARTESIAN_POINT('',(4.96820158045737,14.4811356362158,7.50000016391277));
#5706=CARTESIAN_POINT('',(4.52753483795339,14.2035875681348,15.1500001639128));
#5707=CARTESIAN_POINT('Origin',(5.70000000000001,14.9420491065963,7.50000016391277));
#5708=CARTESIAN_POINT('',(6.87246516204662,14.2035875681348,0.796412253051273));
#5709=CARTESIAN_POINT('',(5.92409718011739,14.8009044877613,0.199095333424728));
#5710=CARTESIAN_POINT('',(6.87246516204662,14.2035875681348,7.50000016391277));
#5711=CARTESIAN_POINT('',(6.87246516204664,14.2035875681348,15.1500001639128));
#5712=CARTESIAN_POINT('',(10.7142048917738,11.7839190585554,7.50000016391277));
#5713=CARTESIAN_POINT('Origin',(5.70000000000001,-2.74204900228821,7.50000016391277));
#5714=CARTESIAN_POINT('',(6.87246516204665,-3.48051054074976,0.480510361935826));
#5715=CARTESIAN_POINT('',(6.10955256928982,-3.00000022351742,0.));
#5716=CARTESIAN_POINT('',(6.09051393721811,-2.98800899513385,-0.0119911836800773));
#5717=CARTESIAN_POINT('',(6.87246516204665,-3.48051054074976,7.50000016391277));
#5718=CARTESIAN_POINT('',(6.87246516204664,-3.48051054074975,15.1500001639128));
#5719=CARTESIAN_POINT('',(5.70000000000001,-2.74204900228821,7.50000016391277));
#5720=CARTESIAN_POINT('',(6.72689932352729,-3.38882783959998,7.50000016391277));
#5721=CARTESIAN_POINT('',(5.70000000000001,-2.74204900228821,0.25795122122921));
#5722=CARTESIAN_POINT('',(5.70000000000001,-2.74204900228821,7.50000016391277));
#5723=CARTESIAN_POINT('',(2.92972071656262,-0.99722555862673,2.00277466489069));
#5724=CARTESIAN_POINT('Origin',(4.52753483795299,-3.48051054074999,7.50000016391277));
#5725=CARTESIAN_POINT('',(5.2904474307102,-3.00000022351742,0.));
#5726=CARTESIAN_POINT('',(4.52753483795299,-3.48051054074999,0.480510361936064));
#5727=CARTESIAN_POINT('',(1.67458603424286,-5.27740227872047,2.27740209990654));
#5728=CARTESIAN_POINT('',(4.83537925489835,-3.28661884221335,-0.286618618695929));
#5729=CARTESIAN_POINT('',(4.52753483795299,-3.48051054074999,7.50000016391277));
#5730=CARTESIAN_POINT('',(8.95550714870365,-0.691611261939706,7.50000016391277));
#5731=CARTESIAN_POINT('',(4.52753483795339,-3.48051054074975,15.1500001639128));
#5732=CARTESIAN_POINT('Origin',(18.1275348379534,14.2035875681348,7.50000016391277));
#5733=CARTESIAN_POINT('',(19.3,14.9420491065963,0.0579507145897407));
#5734=CARTESIAN_POINT('',(18.1275348379534,14.2035875681348,0.796412253051286));
#5735=CARTESIAN_POINT('',(11.6492977222193,10.1233563579784,4.87664346320759));
#5736=CARTESIAN_POINT('',(19.3,14.9420491065963,7.50000016391277));
#5737=CARTESIAN_POINT('',(19.3,14.9420491065963,7.50000016391277));
#5738=CARTESIAN_POINT('',(18.1275348379534,14.2035875681348,7.50000016391277));
#5739=CARTESIAN_POINT('',(13.6995625272029,11.4146882893246,7.50000016391277));
#5740=CARTESIAN_POINT('',(18.1275348379534,14.2035875681348,15.1500001639128));
#5741=CARTESIAN_POINT('Origin',(19.3,14.9420491065963,7.50000016391277));
#5742=CARTESIAN_POINT('',(20.4724651620455,14.2035875681355,0.796412253050578));
#5743=CARTESIAN_POINT('',(15.7323921109929,17.1890593339577,-2.18905951277163));
#5744=CARTESIAN_POINT('',(20.4724651620455,14.2035875681355,7.50000016391277));
#5745=CARTESIAN_POINT('',(20.4724651620466,14.2035875681348,15.1500001639128));
#5746=CARTESIAN_POINT('',(19.4455658385193,14.8503664054465,7.50000016391277));
#5747=CARTESIAN_POINT('Origin',(12.5,3.50000005215407,7.50000016391277));
#5748=CARTESIAN_POINT('',(15.8,-7.36277494445192,7.50000016391277));
#5749=CARTESIAN_POINT('',(15.8,-3.32132306012453,7.50000016391277));
#5750=CARTESIAN_POINT('',(15.8,0.0893384960147736,7.50000016391277));
#5751=CARTESIAN_POINT('',(19.3,-9.38350088661559,7.50000016391277));
#5752=CARTESIAN_POINT('',(12.2106402243362,-5.29045711175403,7.50000016391277));
#5753=CARTESIAN_POINT('',(22.8,-7.36277494445189,7.50000016391277));
#5754=CARTESIAN_POINT('',(19.5393597756638,-9.24530645570292,7.50000016391277));
#5755=CARTESIAN_POINT('',(22.8,-3.32132306012451,7.50000016391277));
#5756=CARTESIAN_POINT('',(22.8,-1.93138744614889,7.50000016391277));
#5757=CARTESIAN_POINT('',(19.3,-1.30059711796083,7.50000016391277));
#5758=CARTESIAN_POINT('',(17.4606402243362,-0.23864225634478,7.50000016391277));
#5759=CARTESIAN_POINT('',(17.7893597756638,-2.17276565813001,7.50000016391277));
#5760=CARTESIAN_POINT('Origin',(19.3,-5.34204900228821,7.50000016391277));
#5761=CARTESIAN_POINT('Origin',(5.70000000000001,12.3420491065963,15.1500001639128));
#5762=CARTESIAN_POINT('',(7.57060155948444,13.4999997988343,1.50000002235174));
#5763=CARTESIAN_POINT('Origin',(5.70000000000001,12.3420491065963,2.65795071458973));
#5764=CARTESIAN_POINT('',(7.87324694121566,11.9999997877248,1.1422324937745E-8));
#5765=CARTESIAN_POINT('Origin',(5.70000000000001,12.3420491065963,0.342049330113761));
#5766=CARTESIAN_POINT('',(6.90285258771535,10.4999997988343,1.50000002235174));
#5767=CARTESIAN_POINT('Origin',(5.70000000000001,12.3420491065963,-0.342049285410275));
#5768=CARTESIAN_POINT('',(4.49714741228467,10.4999997988343,1.50000002235174));
#5769=CARTESIAN_POINT('Origin',(5.70000000000001,12.3420491065963,3.34204933011376));
#5770=CARTESIAN_POINT('',(3.52675305878436,11.9999997877248,1.1422324937745E-8));
#5771=CARTESIAN_POINT('Origin',(5.70000000000001,12.3420491065963,-0.342049285410275));
#5772=CARTESIAN_POINT('',(3.82939844051558,13.4999997988343,1.50000002235174));
#5773=CARTESIAN_POINT('Origin',(5.70000000000001,12.3420491065963,0.342049330113761));
#5774=CARTESIAN_POINT('Origin',(5.70000000000001,12.3420491065963,2.65795071458973));
#5775=CARTESIAN_POINT('Origin',(5.70000000000001,12.3420491065963,7.50000016391277));
#5776=CARTESIAN_POINT('Origin',(12.5,3.50000005215407,7.50000016391277));
#5777=CARTESIAN_POINT('',(2.20000000000001,-7.3627749444519,7.50000016391277));
#5778=CARTESIAN_POINT('',(2.20000000000001,-3.32132306012452,7.50000016391277));
#5779=CARTESIAN_POINT('',(2.20000000000001,0.0893384960147743,7.50000016391277));
#5780=CARTESIAN_POINT('',(5.7,-9.3835008866156,7.50000016391277));
#5781=CARTESIAN_POINT('',(3.7106402243362,-8.23494348462108,7.50000016391277));
#5782=CARTESIAN_POINT('',(9.20000000000001,-7.36277494445191,7.50000016391277));
#5783=CARTESIAN_POINT('',(11.0393597756638,-6.30082008283585,7.50000016391277));
#5784=CARTESIAN_POINT('',(9.20000000000001,-3.32132306012453,7.50000016391277));
#5785=CARTESIAN_POINT('',(9.20000000000002,-1.93138744614892,7.50000016391277));
#5786=CARTESIAN_POINT('',(5.70000000000001,-1.30059711796083,7.50000016391277));
#5787=CARTESIAN_POINT('',(8.96064022433621,-3.18312862921186,7.50000016391277));
#5788=CARTESIAN_POINT('',(9.28935977566381,0.771720714737073,7.50000016391277));
#5789=CARTESIAN_POINT('Origin',(5.70000000000001,-5.34204900228821,7.50000016391277));
#5790=CARTESIAN_POINT('Origin',(0.,-4.50000020116567,1.50000002235174));
#5791=CARTESIAN_POINT('',(0.,-3.00000022351742,0.));
#5792=CARTESIAN_POINT('',(3.6675251990423,-4.50000020116567,1.50000002235174));
#5793=CARTESIAN_POINT('Origin',(5.70000000000001,-5.34204900228821,2.34204882347428));
#5794=CARTESIAN_POINT('',(0.,-4.50000020116567,1.50000002235174));
#5795=CARTESIAN_POINT('Origin',(19.3,12.3420491065963,15.1500001639128));
#5796=CARTESIAN_POINT('',(21.1706015594844,13.4999997988343,1.50000002235174));
#5797=CARTESIAN_POINT('Origin',(19.3,12.3420491065963,2.65795071458973));
#5798=CARTESIAN_POINT('Origin',(19.3,12.3420491065963,0.342049330113761));
#5799=CARTESIAN_POINT('',(18.0971474122847,10.4999997988343,1.50000002235174));
#5800=CARTESIAN_POINT('Origin',(19.3,12.3420491065963,3.34204933011376));
#5801=CARTESIAN_POINT('',(17.1267530587844,11.9999997877248,1.14223245908004E-8));
#5802=CARTESIAN_POINT('Origin',(19.3,12.3420491065963,-0.342049285410275));
#5803=CARTESIAN_POINT('',(17.4293984405156,13.4999997988343,1.50000002235174));
#5804=CARTESIAN_POINT('Origin',(19.3,12.3420491065963,0.342049330113761));
#5805=CARTESIAN_POINT('Origin',(19.3,12.3420491065963,2.65795071458973));
#5806=CARTESIAN_POINT('Origin',(19.3,12.3420491065963,7.50000016391277));
#5807=CARTESIAN_POINT('Origin',(0.,13.4999997988343,1.50000002235174));
#5808=CARTESIAN_POINT('',(0.,14.9999997764826,0.));
#5809=CARTESIAN_POINT('',(0.,13.4999997988343,1.50000002235174));
#5810=CARTESIAN_POINT('',(0.,13.4999997988343,1.50000002235174));
#5811=CARTESIAN_POINT('',(0.,13.4999997988343,1.50000002235174));
#5812=CARTESIAN_POINT('Origin',(5.70000000000001,16.3835009909237,11.0000001639128));
#5813=CARTESIAN_POINT('',(5.70000000000001,16.3835009909237,7.50000016391277));
#5814=CARTESIAN_POINT('',(5.70000000000001,16.3835009909237,11.0000001639128));
#5815=CARTESIAN_POINT('',(9.20000000000001,14.36277504876,7.50000016391277));
#5816=CARTESIAN_POINT('',(12.7893597756638,12.2904572160621,7.50000016391277));
#5817=CARTESIAN_POINT('',(9.20000000000001,14.36277504876,11.0000001639128));
#5818=CARTESIAN_POINT('Origin',(2.20000000000001,14.36277504876,11.0000001639128));
#5819=CARTESIAN_POINT('',(2.20000000000001,14.36277504876,7.50000016391277));
#5820=CARTESIAN_POINT('',(2.20000000000001,14.36277504876,11.0000001639128));
#5821=CARTESIAN_POINT('',(5.46064022433621,16.2453065600111,7.50000016391277));
#5822=CARTESIAN_POINT('Origin',(2.20000000000001,10.3213231644327,11.0000001639128));
#5823=CARTESIAN_POINT('',(2.20000000000001,10.3213231644327,7.50000016391277));
#5824=CARTESIAN_POINT('',(2.20000000000001,10.3213231644327,11.0000001639128));
#5825=CARTESIAN_POINT('',(2.20000000000001,8.93138755045705,7.50000016391277));
#5826=CARTESIAN_POINT('Origin',(5.70000000000001,8.30059722226896,11.0000001639128));
#5827=CARTESIAN_POINT('',(5.70000000000001,8.30059722226896,7.50000016391277));
#5828=CARTESIAN_POINT('',(5.70000000000001,8.30059722226896,11.0000001639128));
#5829=CARTESIAN_POINT('',(7.5393597756638,7.2386423606529,7.50000016391277));
#5830=CARTESIAN_POINT('Origin',(9.20000000000001,10.3213231644326,11.0000001639128));
#5831=CARTESIAN_POINT('',(9.20000000000001,10.3213231644326,7.50000016391277));
#5832=CARTESIAN_POINT('',(9.20000000000001,10.3213231644326,11.0000001639128));
#5833=CARTESIAN_POINT('',(7.21064022433622,9.17276576243815,7.50000016391277));
#5834=CARTESIAN_POINT('Origin',(9.20000000000001,14.36277504876,11.0000001639128));
#5835=CARTESIAN_POINT('',(9.20000000000001,6.91066160829336,7.50000016391277));
#5836=CARTESIAN_POINT('Origin',(12.5,3.50000005215407,7.50000016391277));
#5837=CARTESIAN_POINT('Origin',(5.70000000000001,-9.3835008866156,11.0000001639128));
#5838=CARTESIAN_POINT('',(5.7,-9.3835008866156,11.0000001639128));
#5839=CARTESIAN_POINT('',(2.20000000000001,-7.3627749444519,11.0000001639128));
#5840=CARTESIAN_POINT('Origin',(9.20000000000001,-7.36277494445191,11.0000001639128));
#5841=CARTESIAN_POINT('',(9.20000000000001,-7.36277494445191,11.0000001639128));
#5842=CARTESIAN_POINT('Origin',(9.20000000000001,-3.32132306012453,11.0000001639128));
#5843=CARTESIAN_POINT('',(9.20000000000001,-3.32132306012453,11.0000001639128));
#5844=CARTESIAN_POINT('Origin',(5.70000000000001,-1.30059711796083,11.0000001639128));
#5845=CARTESIAN_POINT('',(5.70000000000001,-1.30059711796083,11.0000001639128));
#5846=CARTESIAN_POINT('Origin',(2.2,-3.32132306012452,11.0000001639128));
#5847=CARTESIAN_POINT('',(2.20000000000001,-3.32132306012452,11.0000001639128));
#5848=CARTESIAN_POINT('Origin',(2.2,-7.3627749444519,11.0000001639128));
#5849=CARTESIAN_POINT('Origin',(15.8,14.36277504876,11.0000001639128));
#5850=CARTESIAN_POINT('',(15.8,14.36277504876,7.50000016391277));
#5851=CARTESIAN_POINT('',(15.8,14.36277504876,11.0000001639128));
#5852=CARTESIAN_POINT('',(19.3,16.3835009909237,7.50000016391277));
#5853=CARTESIAN_POINT('',(13.9606402243362,13.300820187144,7.50000016391277));
#5854=CARTESIAN_POINT('',(19.3,16.3835009909237,11.0000001639128));
#5855=CARTESIAN_POINT('Origin',(15.8,10.3213231644326,11.0000001639128));
#5856=CARTESIAN_POINT('',(15.8,10.3213231644326,7.50000016391277));
#5857=CARTESIAN_POINT('',(15.8,10.3213231644326,11.0000001639128));
#5858=CARTESIAN_POINT('',(15.8,8.93138755045705,7.50000016391277));
#5859=CARTESIAN_POINT('Origin',(19.3,8.30059722226896,11.0000001639128));
#5860=CARTESIAN_POINT('',(19.3,8.30059722226896,7.50000016391277));
#5861=CARTESIAN_POINT('',(19.3,8.30059722226896,11.0000001639128));
#5862=CARTESIAN_POINT('',(16.0393597756638,10.18312873352,7.50000016391277));
#5863=CARTESIAN_POINT('Origin',(22.8,10.3213231644327,11.0000001639128));
#5864=CARTESIAN_POINT('',(22.8,10.3213231644327,7.50000016391277));
#5865=CARTESIAN_POINT('',(22.8,10.3213231644327,11.0000001639128));
#5866=CARTESIAN_POINT('',(15.7106402243362,6.22827938957104,7.50000016391277));
#5867=CARTESIAN_POINT('Origin',(22.8,14.36277504876,11.0000001639128));
#5868=CARTESIAN_POINT('',(22.8,14.36277504876,7.50000016391277));
#5869=CARTESIAN_POINT('',(22.8,14.36277504876,11.0000001639128));
#5870=CARTESIAN_POINT('',(22.8,6.91066160829337,7.50000016391277));
#5871=CARTESIAN_POINT('Origin',(19.3,16.3835009909237,11.0000001639128));
#5872=CARTESIAN_POINT('',(21.2893597756638,15.2349435889292,7.50000016391277));
#5873=CARTESIAN_POINT('Origin',(12.5,3.50000005215407,7.50000016391277));
#5874=CARTESIAN_POINT('Origin',(19.3,-9.38350088661559,11.0000001639128));
#5875=CARTESIAN_POINT('',(19.3,-9.38350088661559,11.0000001639128));
#5876=CARTESIAN_POINT('',(15.8,-7.36277494445192,11.0000001639128));
#5877=CARTESIAN_POINT('Origin',(22.8,-7.36277494445189,11.0000001639128));
#5878=CARTESIAN_POINT('',(22.8,-7.36277494445189,11.0000001639128));
#5879=CARTESIAN_POINT('Origin',(22.8,-3.32132306012451,11.0000001639128));
#5880=CARTESIAN_POINT('',(22.8,-3.32132306012451,11.0000001639128));
#5881=CARTESIAN_POINT('Origin',(19.3,-1.30059711796083,11.0000001639128));
#5882=CARTESIAN_POINT('',(19.3,-1.30059711796083,11.0000001639128));
#5883=CARTESIAN_POINT('Origin',(15.8,-3.32132306012453,11.0000001639128));
#5884=CARTESIAN_POINT('',(15.8,-3.32132306012453,11.0000001639128));
#5885=CARTESIAN_POINT('Origin',(15.8,-7.36277494445192,11.0000001639128));
#5886=CARTESIAN_POINT('Origin',(19.3,-5.34204900228821,15.1500001639128));
#5887=CARTESIAN_POINT('Origin',(19.3,-5.34204900228821,0.657951221229203));
#5888=CARTESIAN_POINT('',(18.8719268482335,-7.50000020116568,1.50000002235174));
#5889=CARTESIAN_POINT('Origin',(19.3,-5.34204900228821,3.6579512212292));
#5890=CARTESIAN_POINT('',(17.2006905389185,-6.0000002122118,1.19720188855125E-8));
#5891=CARTESIAN_POINT('Origin',(19.3,-5.34204900228821,-0.65795117652572));
#5892=CARTESIAN_POINT('',(17.2675251990423,-4.50000020116567,1.50000002235174));
#5893=CARTESIAN_POINT('Origin',(19.3,-5.34204900228821,0.657951221229203));
#5894=CARTESIAN_POINT('Origin',(19.3,-5.34204900228821,2.34204882347428));
#5895=CARTESIAN_POINT('Origin',(5.70000000000001,-5.34204900228821,15.1500001639128));
#5896=CARTESIAN_POINT('',(7.73247480095772,-4.50000020116567,1.50000002235174));
#5897=CARTESIAN_POINT('Origin',(5.70000000000001,-5.34204900228821,2.34204882347428));
#5898=CARTESIAN_POINT('',(7.79930946108149,-6.0000002122118,1.19720170351408E-8));
#5899=CARTESIAN_POINT('Origin',(5.70000000000001,-5.34204900228821,0.657951221229203));
#5900=CARTESIAN_POINT('',(6.12807315176654,-7.50000020116568,1.50000002235174));
#5901=CARTESIAN_POINT('Origin',(5.70000000000001,-5.34204900228821,-0.65795117652572));
#5902=CARTESIAN_POINT('',(5.27192684823348,-7.50000020116568,1.50000002235174));
#5903=CARTESIAN_POINT('Origin',(5.70000000000001,-5.34204900228821,3.6579512212292));
#5904=CARTESIAN_POINT('',(3.60069053891853,-6.0000002122118,1.19720170351408E-8));
#5905=CARTESIAN_POINT('Origin',(5.70000000000001,-5.34204900228821,-0.65795117652572));
#5906=CARTESIAN_POINT('Origin',(5.70000000000001,-5.34204900228821,0.657951221229203));
#5907=CARTESIAN_POINT('Origin',(0.,8.99999977648259,0.));
#5908=CARTESIAN_POINT('',(0.,10.4999997988343,1.50000002235174));
#5909=CARTESIAN_POINT('',(0.,10.4999997988343,1.50000002235174));
#5910=CARTESIAN_POINT('Origin',(0.,10.4999997988343,1.50000002235174));
#5911=CARTESIAN_POINT('',(0.,11.9999997764826,0.));
#5912=CARTESIAN_POINT('Origin',(0.,11.9999997764826,0.));
#5913=CARTESIAN_POINT('Origin',(0.,11.9999997764826,0.));
#5914=CARTESIAN_POINT('Origin',(0.,-9.00000022351742,0.));
#5915=CARTESIAN_POINT('',(0.,-7.50000020116568,1.50000002235174));
#5916=CARTESIAN_POINT('',(0.,-7.50000020116568,1.50000002235174));
#5917=CARTESIAN_POINT('Origin',(0.,-7.50000020116568,1.50000002235174));
#5918=CARTESIAN_POINT('',(0.,-6.00000022351742,0.));
#5919=CARTESIAN_POINT('Origin',(0.,-6.00000022351742,0.));
#5920=CARTESIAN_POINT('Origin',(0.,-6.00000022351742,0.));
#5921=CARTESIAN_POINT('Origin',(0.,19.4999997988343,1.50000002235174));
#5922=CARTESIAN_POINT('Origin',(0.,16.4999997988343,1.50000002235174));
#5923=CARTESIAN_POINT('',(0.,16.4999997988343,1.50000002235174));
#5924=CARTESIAN_POINT('Origin',(0.,14.9999997764826,0.));
#5925=CARTESIAN_POINT('Origin',(0.,11.9999997764826,0.));
#5926=CARTESIAN_POINT('',(0.,11.9999997764826,0.));
#5927=CARTESIAN_POINT('Origin',(0.,10.4999997988343,1.50000002235174));
#5928=CARTESIAN_POINT('Origin',(0.,4.49999979883433,1.50000002235174));
#5929=CARTESIAN_POINT('Origin',(0.,1.49999979883433,1.50000002235174));
#5930=CARTESIAN_POINT('Origin',(0.,-1.50000020116567,1.50000002235174));
#5931=CARTESIAN_POINT('',(0.,-1.50000020116567,1.50000002235174));
#5932=CARTESIAN_POINT('Origin',(0.,-3.00000022351742,0.));
#5933=CARTESIAN_POINT('',(0.,-3.00000022351742,0.));
#5934=CARTESIAN_POINT('Origin',(0.,-4.50000020116567,1.50000002235174));
#5935=CARTESIAN_POINT('',(0.,-4.50000020116567,1.50000002235174));
#5936=CARTESIAN_POINT('Origin',(0.,-6.00000022351742,0.));
#5937=CARTESIAN_POINT('',(0.,-6.00000022351742,0.));
#5938=CARTESIAN_POINT('Origin',(0.,-7.50000020116568,1.50000002235174));
#5939=CARTESIAN_POINT('Origin',(0.,-13.5000002011657,1.50000002235174));
#5940=UNCERTAINTY_MEASURE_WITH_UNIT(LENGTH_MEASURE(0.01),#5944,
'DISTANCE_ACCURACY_VALUE',
'Maximum model space distance between geometric entities at asserted c
onnectivities');
#5941=UNCERTAINTY_MEASURE_WITH_UNIT(LENGTH_MEASURE(0.01),#5944,
'DISTANCE_ACCURACY_VALUE',
'Maximum model space distance between geometric entities at asserted c
onnectivities');
#5942=(
GEOMETRIC_REPRESENTATION_CONTEXT(3)
GLOBAL_UNCERTAINTY_ASSIGNED_CONTEXT((#5940))
GLOBAL_UNIT_ASSIGNED_CONTEXT((#5944,#5946,#5947))
REPRESENTATION_CONTEXT('','3D')
);
#5943=(
GEOMETRIC_REPRESENTATION_CONTEXT(3)
GLOBAL_UNCERTAINTY_ASSIGNED_CONTEXT((#5941))
GLOBAL_UNIT_ASSIGNED_CONTEXT((#5944,#5946,#5947))
REPRESENTATION_CONTEXT('','3D')
);
#5944=(
LENGTH_UNIT()
NAMED_UNIT(*)
SI_UNIT(.MILLI.,.METRE.)
);
#5945=(
LENGTH_UNIT()
NAMED_UNIT(*)
SI_UNIT($,.METRE.)
);
#5946=(
NAMED_UNIT(*)
PLANE_ANGLE_UNIT()
SI_UNIT($,.RADIAN.)
);
#5947=(
NAMED_UNIT(*)
SI_UNIT($,.STERADIAN.)
SOLID_ANGLE_UNIT()
);
#5948=SHAPE_DEFINITION_REPRESENTATION(#5949,#5950);
#5949=PRODUCT_DEFINITION_SHAPE('',$,#5952);
#5950=SHAPE_REPRESENTATION('',(#3542),#5942);
#5951=PRODUCT_DEFINITION_CONTEXT('part definition',#5956,'design');
#5952=PRODUCT_DEFINITION('60AIMTensioner_HGR','60AIMTensioner_HGR v1',#5953,
#5951);
#5953=PRODUCT_DEFINITION_FORMATION('',$,#5958);
#5954=PRODUCT_RELATED_PRODUCT_CATEGORY('60AIMTensioner_HGR v1',
'60AIMTensioner_HGR v1',(#5958));
#5955=APPLICATION_PROTOCOL_DEFINITION('international standard',
'automotive_design',2009,#5956);
#5956=APPLICATION_CONTEXT(
'Core Data for Automotive Mechanical Design Process');
#5957=PRODUCT_CONTEXT('part definition',#5956,'mechanical');
#5958=PRODUCT('60AIMTensioner_HGR','60AIMTensioner_HGR v1',$,(#5957));
#5959=PRESENTATION_STYLE_ASSIGNMENT((#5961));
#5960=PRESENTATION_STYLE_ASSIGNMENT((#5962));
#5961=SURFACE_STYLE_USAGE(.BOTH.,#5963);
#5962=SURFACE_STYLE_USAGE(.BOTH.,#5964);
#5963=SURFACE_SIDE_STYLE('',(#5965));
#5964=SURFACE_SIDE_STYLE('',(#5966));
#5965=SURFACE_STYLE_FILL_AREA(#5967);
#5966=SURFACE_STYLE_FILL_AREA(#5968);
#5967=FILL_AREA_STYLE('Plate',(#5969));
#5968=FILL_AREA_STYLE('Opaque(160,160,160)',(#5970));
#5969=FILL_AREA_STYLE_COLOUR('Plate',#5971);
#5970=FILL_AREA_STYLE_COLOUR('Opaque(160,160,160)',#5972);
#5971=COLOUR_RGB('Plate',0.6,0.6,0.6);
#5972=COLOUR_RGB('Opaque(160,160,160)',0.627450980392157,0.627450980392157,
0.627450980392157);
ENDSEC;
END-ISO-10303-21;
