ISO-10303-21;
HEADER;
/* Generated by software containing ST-Developer
 * from STEP Tools, Inc. (www.steptools.com) 
 */

FILE_DESCRIPTION(
/* description */ (''),
/* implementation_level */ '2;1');

FILE_NAME(
/* name */ 'Tensioner - Lower.step',
/* time_stamp */ '2026-02-21T14:34:46-05:00',
/* author */ (''),
/* organization */ (''),
/* preprocessor_version */ 'ST-DEVELOPER v20.1',
/* originating_system */ 'Autodesk Translation Framework v14.24.0.0',
/* authorisation */ '');

FILE_SCHEMA (('AUTOMOTIVE_DESIGN { 1 0 10303 214 3 1 1 }'));
ENDSEC;

DATA;
#10=MECHANICAL_DESIGN_GEOMETRIC_PRESENTATION_REPRESENTATION('',(#13),#3474);
#11=SHAPE_REPRESENTATION_RELATIONSHIP('SRR','None',#3481,#12);
#12=ADVANCED_BREP_SHAPE_REPRESENTATION('',(#14),#3473);
#13=STYLED_ITEM('',(#3491),#14);
#14=MANIFOLD_SOLID_BREP('Body1',#2082);
#15=ELLIPSE('',#2213,3.11126983722081,2.2);
#16=ELLIPSE('',#2214,3.11126983722081,2.2);
#17=ELLIPSE('',#2215,3.11126983722081,2.2);
#18=ELLIPSE('',#2216,3.11126983722081,2.2);
#19=ELLIPSE('',#2217,3.11126983722081,2.2);
#20=ELLIPSE('',#2218,3.11126983722081,2.2);
#21=ELLIPSE('',#2219,3.11126983722081,2.2);
#22=ELLIPSE('',#2222,3.11126983722081,2.2);
#23=ELLIPSE('',#2223,3.11126983722081,2.2);
#24=ELLIPSE('',#2224,3.11126983722081,2.2);
#25=ELLIPSE('',#2225,3.11126983722081,2.2);
#26=ELLIPSE('',#2226,3.11126983722081,2.2);
#27=ELLIPSE('',#2227,3.11126983722081,2.2);
#28=ELLIPSE('',#2228,3.11126983722081,2.2);
#29=ELLIPSE('',#2230,3.11126983722081,2.2);
#30=ELLIPSE('',#2231,3.11126983722081,2.2);
#31=ELLIPSE('',#2232,3.11126983722081,2.2);
#32=ELLIPSE('',#2233,3.11126983722081,2.2);
#33=ELLIPSE('',#2234,3.11126983722081,2.2);
#34=ELLIPSE('',#2235,3.11126983722081,2.2);
#35=ELLIPSE('',#2236,3.11126983722081,2.2);
#36=ELLIPSE('',#2238,3.11126983722081,2.2);
#37=ELLIPSE('',#2239,3.11126983722081,2.2);
#38=ELLIPSE('',#2240,3.11126983722081,2.2);
#39=ELLIPSE('',#2241,3.11126983722081,2.2);
#40=ELLIPSE('',#2242,3.11126983722081,2.2);
#41=ELLIPSE('',#2243,3.11126983722081,2.2);
#42=ELLIPSE('',#2244,3.11126983722081,2.2);
#43=CYLINDRICAL_SURFACE('',#2119,3.9);
#44=CYLINDRICAL_SURFACE('',#2127,3.9);
#45=CYLINDRICAL_SURFACE('',#2135,3.9);
#46=CYLINDRICAL_SURFACE('',#2143,3.9);
#47=CYLINDRICAL_SURFACE('',#2212,2.2);
#48=CYLINDRICAL_SURFACE('',#2221,2.2);
#49=CYLINDRICAL_SURFACE('',#2229,2.2);
#50=CYLINDRICAL_SURFACE('',#2237,2.2);
#51=CONICAL_SURFACE('',#2117,4.1,0.785398163397447);
#52=CONICAL_SURFACE('',#2125,4.1,0.785398163397447);
#53=CONICAL_SURFACE('',#2133,4.1,0.785398163397443);
#54=CONICAL_SURFACE('',#2141,4.1,0.785398163397443);
#55=FACE_BOUND('',#225,.T.);
#56=FACE_BOUND('',#226,.T.);
#57=FACE_BOUND('',#227,.T.);
#58=FACE_BOUND('',#228,.T.);
#59=CIRCLE('',#2109,4.3);
#60=CIRCLE('',#2110,4.3);
#61=CIRCLE('',#2111,4.3);
#62=CIRCLE('',#2112,4.3);
#63=CIRCLE('',#2118,3.9);
#64=CIRCLE('',#2120,3.9);
#65=CIRCLE('',#2121,3.9);
#66=CIRCLE('',#2122,3.9);
#67=CIRCLE('',#2123,3.9);
#68=CIRCLE('',#2124,3.9);
#69=CIRCLE('',#2126,3.9);
#70=CIRCLE('',#2128,3.9);
#71=CIRCLE('',#2129,3.9);
#72=CIRCLE('',#2130,3.9);
#73=CIRCLE('',#2131,3.9);
#74=CIRCLE('',#2132,3.9);
#75=CIRCLE('',#2134,3.9);
#76=CIRCLE('',#2136,3.9);
#77=CIRCLE('',#2137,3.9);
#78=CIRCLE('',#2138,3.9);
#79=CIRCLE('',#2139,3.9);
#80=CIRCLE('',#2140,3.9);
#81=CIRCLE('',#2142,3.9);
#82=CIRCLE('',#2144,3.9);
#83=CIRCLE('',#2145,3.9);
#84=CIRCLE('',#2146,3.9);
#85=CIRCLE('',#2147,3.9);
#86=CIRCLE('',#2148,3.9);
#87=CIRCLE('',#2150,2.2);
#88=CIRCLE('',#2153,2.2);
#89=CIRCLE('',#2155,2.2);
#90=CIRCLE('',#2158,2.2);
#91=CIRCLE('',#2160,2.2);
#92=CIRCLE('',#2163,2.2);
#93=CIRCLE('',#2165,2.2);
#94=CIRCLE('',#2168,2.2);
#95=CIRCLE('',#2170,2.2);
#96=CIRCLE('',#2173,2.2);
#97=CIRCLE('',#2176,2.2);
#98=CIRCLE('',#2178,2.2);
#99=CIRCLE('',#2180,2.2);
#100=CIRCLE('',#2183,2.2);
#101=CIRCLE('',#2185,2.2);
#102=CIRCLE('',#2188,2.2);
#103=FACE_OUTER_BOUND('',#212,.T.);
#104=FACE_OUTER_BOUND('',#213,.T.);
#105=FACE_OUTER_BOUND('',#214,.T.);
#106=FACE_OUTER_BOUND('',#215,.T.);
#107=FACE_OUTER_BOUND('',#216,.T.);
#108=FACE_OUTER_BOUND('',#217,.T.);
#109=FACE_OUTER_BOUND('',#218,.T.);
#110=FACE_OUTER_BOUND('',#219,.T.);
#111=FACE_OUTER_BOUND('',#220,.T.);
#112=FACE_OUTER_BOUND('',#221,.T.);
#113=FACE_OUTER_BOUND('',#222,.T.);
#114=FACE_OUTER_BOUND('',#223,.T.);
#115=FACE_OUTER_BOUND('',#224,.T.);
#116=FACE_OUTER_BOUND('',#229,.T.);
#117=FACE_OUTER_BOUND('',#230,.T.);
#118=FACE_OUTER_BOUND('',#231,.T.);
#119=FACE_OUTER_BOUND('',#232,.T.);
#120=FACE_OUTER_BOUND('',#233,.T.);
#121=FACE_OUTER_BOUND('',#234,.T.);
#122=FACE_OUTER_BOUND('',#235,.T.);
#123=FACE_OUTER_BOUND('',#236,.T.);
#124=FACE_OUTER_BOUND('',#237,.T.);
#125=FACE_OUTER_BOUND('',#238,.T.);
#126=FACE_OUTER_BOUND('',#239,.T.);
#127=FACE_OUTER_BOUND('',#240,.T.);
#128=FACE_OUTER_BOUND('',#241,.T.);
#129=FACE_OUTER_BOUND('',#242,.T.);
#130=FACE_OUTER_BOUND('',#243,.T.);
#131=FACE_OUTER_BOUND('',#244,.T.);
#132=FACE_OUTER_BOUND('',#245,.T.);
#133=FACE_OUTER_BOUND('',#246,.T.);
#134=FACE_OUTER_BOUND('',#247,.T.);
#135=FACE_OUTER_BOUND('',#248,.T.);
#136=FACE_OUTER_BOUND('',#249,.T.);
#137=FACE_OUTER_BOUND('',#250,.T.);
#138=FACE_OUTER_BOUND('',#251,.T.);
#139=FACE_OUTER_BOUND('',#252,.T.);
#140=FACE_OUTER_BOUND('',#253,.T.);
#141=FACE_OUTER_BOUND('',#254,.T.);
#142=FACE_OUTER_BOUND('',#255,.T.);
#143=FACE_OUTER_BOUND('',#256,.T.);
#144=FACE_OUTER_BOUND('',#257,.T.);
#145=FACE_OUTER_BOUND('',#258,.T.);
#146=FACE_OUTER_BOUND('',#259,.T.);
#147=FACE_OUTER_BOUND('',#260,.T.);
#148=FACE_OUTER_BOUND('',#261,.T.);
#149=FACE_OUTER_BOUND('',#262,.T.);
#150=FACE_OUTER_BOUND('',#263,.T.);
#151=FACE_OUTER_BOUND('',#264,.T.);
#152=FACE_OUTER_BOUND('',#265,.T.);
#153=FACE_OUTER_BOUND('',#266,.T.);
#154=FACE_OUTER_BOUND('',#267,.T.);
#155=FACE_OUTER_BOUND('',#268,.T.);
#156=FACE_OUTER_BOUND('',#269,.T.);
#157=FACE_OUTER_BOUND('',#270,.T.);
#158=FACE_OUTER_BOUND('',#271,.T.);
#159=FACE_OUTER_BOUND('',#272,.T.);
#160=FACE_OUTER_BOUND('',#273,.T.);
#161=FACE_OUTER_BOUND('',#274,.T.);
#162=FACE_OUTER_BOUND('',#275,.T.);
#163=FACE_OUTER_BOUND('',#276,.T.);
#164=FACE_OUTER_BOUND('',#277,.T.);
#165=FACE_OUTER_BOUND('',#278,.T.);
#166=FACE_OUTER_BOUND('',#279,.T.);
#167=FACE_OUTER_BOUND('',#280,.T.);
#168=FACE_OUTER_BOUND('',#281,.T.);
#169=FACE_OUTER_BOUND('',#282,.T.);
#170=FACE_OUTER_BOUND('',#283,.T.);
#171=FACE_OUTER_BOUND('',#284,.T.);
#172=FACE_OUTER_BOUND('',#285,.T.);
#173=FACE_OUTER_BOUND('',#286,.T.);
#174=FACE_OUTER_BOUND('',#287,.T.);
#175=FACE_OUTER_BOUND('',#288,.T.);
#176=FACE_OUTER_BOUND('',#289,.T.);
#177=FACE_OUTER_BOUND('',#290,.T.);
#178=FACE_OUTER_BOUND('',#291,.T.);
#179=FACE_OUTER_BOUND('',#292,.T.);
#180=FACE_OUTER_BOUND('',#293,.T.);
#181=FACE_OUTER_BOUND('',#294,.T.);
#182=FACE_OUTER_BOUND('',#295,.T.);
#183=FACE_OUTER_BOUND('',#296,.T.);
#184=FACE_OUTER_BOUND('',#297,.T.);
#185=FACE_OUTER_BOUND('',#298,.T.);
#186=FACE_OUTER_BOUND('',#299,.T.);
#187=FACE_OUTER_BOUND('',#300,.T.);
#188=FACE_OUTER_BOUND('',#301,.T.);
#189=FACE_OUTER_BOUND('',#302,.T.);
#190=FACE_OUTER_BOUND('',#303,.T.);
#191=FACE_OUTER_BOUND('',#304,.T.);
#192=FACE_OUTER_BOUND('',#305,.T.);
#193=FACE_OUTER_BOUND('',#306,.T.);
#194=FACE_OUTER_BOUND('',#307,.T.);
#195=FACE_OUTER_BOUND('',#308,.T.);
#196=FACE_OUTER_BOUND('',#309,.T.);
#197=FACE_OUTER_BOUND('',#310,.T.);
#198=FACE_OUTER_BOUND('',#311,.T.);
#199=FACE_OUTER_BOUND('',#312,.T.);
#200=FACE_OUTER_BOUND('',#313,.T.);
#201=FACE_OUTER_BOUND('',#314,.T.);
#202=FACE_OUTER_BOUND('',#315,.T.);
#203=FACE_OUTER_BOUND('',#316,.T.);
#204=FACE_OUTER_BOUND('',#317,.T.);
#205=FACE_OUTER_BOUND('',#318,.T.);
#206=FACE_OUTER_BOUND('',#319,.T.);
#207=FACE_OUTER_BOUND('',#320,.T.);
#208=FACE_OUTER_BOUND('',#321,.T.);
#209=FACE_OUTER_BOUND('',#322,.T.);
#210=FACE_OUTER_BOUND('',#323,.T.);
#211=FACE_OUTER_BOUND('',#324,.T.);
#212=EDGE_LOOP('',(#1274,#1275,#1276,#1277));
#213=EDGE_LOOP('',(#1278,#1279,#1280,#1281));
#214=EDGE_LOOP('',(#1282,#1283,#1284,#1285));
#215=EDGE_LOOP('',(#1286,#1287,#1288,#1289));
#216=EDGE_LOOP('',(#1290,#1291,#1292,#1293));
#217=EDGE_LOOP('',(#1294,#1295,#1296,#1297));
#218=EDGE_LOOP('',(#1298,#1299,#1300,#1301));
#219=EDGE_LOOP('',(#1302,#1303,#1304,#1305));
#220=EDGE_LOOP('',(#1306,#1307,#1308,#1309));
#221=EDGE_LOOP('',(#1310,#1311,#1312,#1313));
#222=EDGE_LOOP('',(#1314,#1315,#1316,#1317,#1318,#1319,#1320,#1321,#1322,
#1323,#1324,#1325,#1326,#1327,#1328,#1329,#1330,#1331,#1332,#1333,#1334,
#1335,#1336,#1337,#1338,#1339,#1340));
#223=EDGE_LOOP('',(#1341,#1342,#1343,#1344));
#224=EDGE_LOOP('',(#1345,#1346,#1347,#1348,#1349,#1350,#1351,#1352));
#225=EDGE_LOOP('',(#1353));
#226=EDGE_LOOP('',(#1354));
#227=EDGE_LOOP('',(#1355));
#228=EDGE_LOOP('',(#1356));
#229=EDGE_LOOP('',(#1357,#1358,#1359,#1360,#1361,#1362));
#230=EDGE_LOOP('',(#1363,#1364,#1365,#1366));
#231=EDGE_LOOP('',(#1367,#1368,#1369,#1370));
#232=EDGE_LOOP('',(#1371,#1372,#1373,#1374));
#233=EDGE_LOOP('',(#1375,#1376,#1377,#1378));
#234=EDGE_LOOP('',(#1379,#1380,#1381,#1382,#1383,#1384,#1385,#1386,#1387,
#1388,#1389,#1390));
#235=EDGE_LOOP('',(#1391,#1392,#1393,#1394));
#236=EDGE_LOOP('',(#1395,#1396,#1397,#1398,#1399,#1400,#1401,#1402,#1403,
#1404,#1405,#1406));
#237=EDGE_LOOP('',(#1407,#1408,#1409,#1410));
#238=EDGE_LOOP('',(#1411,#1412,#1413,#1414,#1415,#1416,#1417,#1418,#1419,
#1420,#1421,#1422));
#239=EDGE_LOOP('',(#1423,#1424,#1425,#1426));
#240=EDGE_LOOP('',(#1427,#1428,#1429,#1430,#1431,#1432,#1433,#1434,#1435,
#1436,#1437,#1438));
#241=EDGE_LOOP('',(#1439,#1440,#1441));
#242=EDGE_LOOP('',(#1442,#1443,#1444,#1445,#1446));
#243=EDGE_LOOP('',(#1447,#1448,#1449));
#244=EDGE_LOOP('',(#1450,#1451,#1452));
#245=EDGE_LOOP('',(#1453,#1454,#1455,#1456,#1457));
#246=EDGE_LOOP('',(#1458,#1459,#1460));
#247=EDGE_LOOP('',(#1461,#1462,#1463));
#248=EDGE_LOOP('',(#1464,#1465,#1466,#1467,#1468));
#249=EDGE_LOOP('',(#1469,#1470,#1471));
#250=EDGE_LOOP('',(#1472,#1473,#1474));
#251=EDGE_LOOP('',(#1475,#1476,#1477,#1478,#1479));
#252=EDGE_LOOP('',(#1480,#1481,#1482));
#253=EDGE_LOOP('',(#1483,#1484,#1485));
#254=EDGE_LOOP('',(#1486,#1487,#1488,#1489,#1490));
#255=EDGE_LOOP('',(#1491,#1492,#1493));
#256=EDGE_LOOP('',(#1494,#1495,#1496,#1497,#1498));
#257=EDGE_LOOP('',(#1499,#1500,#1501));
#258=EDGE_LOOP('',(#1502,#1503,#1504));
#259=EDGE_LOOP('',(#1505,#1506,#1507));
#260=EDGE_LOOP('',(#1508,#1509,#1510,#1511,#1512));
#261=EDGE_LOOP('',(#1513,#1514,#1515));
#262=EDGE_LOOP('',(#1516,#1517,#1518));
#263=EDGE_LOOP('',(#1519,#1520,#1521,#1522,#1523));
#264=EDGE_LOOP('',(#1524,#1525,#1526));
#265=EDGE_LOOP('',(#1527,#1528,#1529,#1530));
#266=EDGE_LOOP('',(#1531,#1532,#1533,#1534));
#267=EDGE_LOOP('',(#1535,#1536,#1537,#1538));
#268=EDGE_LOOP('',(#1539,#1540,#1541,#1542));
#269=EDGE_LOOP('',(#1543,#1544,#1545,#1546,#1547,#1548,#1549,#1550,#1551));
#270=EDGE_LOOP('',(#1552,#1553,#1554));
#271=EDGE_LOOP('',(#1555,#1556,#1557,#1558,#1559,#1560,#1561,#1562,#1563));
#272=EDGE_LOOP('',(#1564,#1565,#1566));
#273=EDGE_LOOP('',(#1567,#1568,#1569,#1570));
#274=EDGE_LOOP('',(#1571,#1572,#1573,#1574,#1575,#1576,#1577,#1578,#1579));
#275=EDGE_LOOP('',(#1580,#1581));
#276=EDGE_LOOP('',(#1582,#1583,#1584,#1585));
#277=EDGE_LOOP('',(#1586,#1587,#1588,#1589,#1590,#1591,#1592,#1593,#1594));
#278=EDGE_LOOP('',(#1595,#1596));
#279=EDGE_LOOP('',(#1597,#1598,#1599,#1600));
#280=EDGE_LOOP('',(#1601,#1602,#1603,#1604,#1605,#1606,#1607,#1608,#1609));
#281=EDGE_LOOP('',(#1610,#1611));
#282=EDGE_LOOP('',(#1612,#1613,#1614,#1615,#1616,#1617,#1618,#1619,#1620));
#283=EDGE_LOOP('',(#1621,#1622));
#284=EDGE_LOOP('',(#1623,#1624,#1625,#1626,#1627,#1628,#1629,#1630,#1631));
#285=EDGE_LOOP('',(#1632,#1633,#1634));
#286=EDGE_LOOP('',(#1635,#1636,#1637,#1638,#1639,#1640,#1641,#1642,#1643));
#287=EDGE_LOOP('',(#1644,#1645,#1646));
#288=EDGE_LOOP('',(#1647,#1648,#1649,#1650,#1651,#1652,#1653,#1654,#1655,
#1656,#1657,#1658,#1659));
#289=EDGE_LOOP('',(#1660,#1661,#1662,#1663));
#290=EDGE_LOOP('',(#1664,#1665,#1666,#1667,#1668,#1669,#1670,#1671,#1672,
#1673,#1674,#1675,#1676));
#291=EDGE_LOOP('',(#1677,#1678,#1679,#1680,#1681,#1682,#1683,#1684,#1685,
#1686,#1687,#1688,#1689));
#292=EDGE_LOOP('',(#1690,#1691,#1692,#1693,#1694,#1695,#1696,#1697,#1698,
#1699,#1700,#1701,#1702));
#293=EDGE_LOOP('',(#1703,#1704,#1705,#1706,#1707,#1708,#1709,#1710));
#294=EDGE_LOOP('',(#1711,#1712,#1713,#1714,#1715));
#295=EDGE_LOOP('',(#1716,#1717,#1718,#1719));
#296=EDGE_LOOP('',(#1720,#1721,#1722,#1723));
#297=EDGE_LOOP('',(#1724,#1725,#1726,#1727));
#298=EDGE_LOOP('',(#1728,#1729,#1730,#1731,#1732,#1733,#1734,#1735));
#299=EDGE_LOOP('',(#1736,#1737,#1738,#1739,#1740));
#300=EDGE_LOOP('',(#1741,#1742,#1743,#1744));
#301=EDGE_LOOP('',(#1745,#1746,#1747,#1748));
#302=EDGE_LOOP('',(#1749,#1750,#1751,#1752));
#303=EDGE_LOOP('',(#1753,#1754,#1755,#1756));
#304=EDGE_LOOP('',(#1757,#1758,#1759,#1760));
#305=EDGE_LOOP('',(#1761,#1762,#1763,#1764));
#306=EDGE_LOOP('',(#1765,#1766,#1767,#1768,#1769,#1770,#1771,#1772));
#307=EDGE_LOOP('',(#1773,#1774,#1775,#1776));
#308=EDGE_LOOP('',(#1777,#1778,#1779,#1780,#1781));
#309=EDGE_LOOP('',(#1782,#1783,#1784,#1785));
#310=EDGE_LOOP('',(#1786,#1787,#1788,#1789));
#311=EDGE_LOOP('',(#1790,#1791,#1792,#1793));
#312=EDGE_LOOP('',(#1794,#1795,#1796,#1797));
#313=EDGE_LOOP('',(#1798,#1799,#1800,#1801));
#314=EDGE_LOOP('',(#1802,#1803,#1804,#1805));
#315=EDGE_LOOP('',(#1806,#1807,#1808,#1809));
#316=EDGE_LOOP('',(#1810,#1811,#1812,#1813));
#317=EDGE_LOOP('',(#1814,#1815,#1816,#1817,#1818,#1819,#1820,#1821));
#318=EDGE_LOOP('',(#1822,#1823,#1824,#1825));
#319=EDGE_LOOP('',(#1826,#1827,#1828,#1829,#1830));
#320=EDGE_LOOP('',(#1831,#1832,#1833,#1834));
#321=EDGE_LOOP('',(#1835,#1836,#1837,#1838));
#322=EDGE_LOOP('',(#1839,#1840,#1841,#1842));
#323=EDGE_LOOP('',(#1843,#1844,#1845,#1846,#1847,#1848));
#324=EDGE_LOOP('',(#1849,#1850,#1851,#1852,#1853,#1854,#1855,#1856,#1857,
#1858,#1859,#1860,#1861,#1862,#1863,#1864,#1865,#1866,#1867,#1868,#1869,
#1870,#1871,#1872,#1873,#1874,#1875));
#325=LINE('',#2874,#554);
#326=LINE('',#2876,#555);
#327=LINE('',#2878,#556);
#328=LINE('',#2879,#557);
#329=LINE('',#2882,#558);
#330=LINE('',#2884,#559);
#331=LINE('',#2885,#560);
#332=LINE('',#2888,#561);
#333=LINE('',#2890,#562);
#334=LINE('',#2891,#563);
#335=LINE('',#2895,#564);
#336=LINE('',#2897,#565);
#337=LINE('',#2899,#566);
#338=LINE('',#2900,#567);
#339=LINE('',#2903,#568);
#340=LINE('',#2905,#569);
#341=LINE('',#2906,#570);
#342=LINE('',#2908,#571);
#343=LINE('',#2909,#572);
#344=LINE('',#2912,#573);
#345=LINE('',#2914,#574);
#346=LINE('',#2915,#575);
#347=LINE('',#2917,#576);
#348=LINE('',#2918,#577);
#349=LINE('',#2921,#578);
#350=LINE('',#2923,#579);
#351=LINE('',#2924,#580);
#352=LINE('',#2927,#581);
#353=LINE('',#2928,#582);
#354=LINE('',#2931,#583);
#355=LINE('',#2933,#584);
#356=LINE('',#2935,#585);
#357=LINE('',#2937,#586);
#358=LINE('',#2939,#587);
#359=LINE('',#2941,#588);
#360=LINE('',#2943,#589);
#361=LINE('',#2945,#590);
#362=LINE('',#2947,#591);
#363=LINE('',#2949,#592);
#364=LINE('',#2951,#593);
#365=LINE('',#2953,#594);
#366=LINE('',#2955,#595);
#367=LINE('',#2957,#596);
#368=LINE('',#2959,#597);
#369=LINE('',#2961,#598);
#370=LINE('',#2963,#599);
#371=LINE('',#2965,#600);
#372=LINE('',#2967,#601);
#373=LINE('',#2969,#602);
#374=LINE('',#2971,#603);
#375=LINE('',#2973,#604);
#376=LINE('',#2975,#605);
#377=LINE('',#2977,#606);
#378=LINE('',#2978,#607);
#379=LINE('',#2981,#608);
#380=LINE('',#2982,#609);
#381=LINE('',#2994,#610);
#382=LINE('',#2996,#611);
#383=LINE('',#2998,#612);
#384=LINE('',#2999,#613);
#385=LINE('',#3001,#614);
#386=LINE('',#3003,#615);
#387=LINE('',#3006,#616);
#388=LINE('',#3007,#617);
#389=LINE('',#3010,#618);
#390=LINE('',#3014,#619);
#391=LINE('',#3018,#620);
#392=LINE('',#3022,#621);
#393=LINE('',#3026,#622);
#394=LINE('',#3030,#623);
#395=LINE('',#3034,#624);
#396=LINE('',#3038,#625);
#397=LINE('',#3042,#626);
#398=LINE('',#3046,#627);
#399=LINE('',#3050,#628);
#400=LINE('',#3054,#629);
#401=LINE('',#3058,#630);
#402=LINE('',#3062,#631);
#403=LINE('',#3066,#632);
#404=LINE('',#3070,#633);
#405=LINE('',#3074,#634);
#406=LINE('',#3078,#635);
#407=LINE('',#3082,#636);
#408=LINE('',#3086,#637);
#409=LINE('',#3090,#638);
#410=LINE('',#3094,#639);
#411=LINE('',#3098,#640);
#412=LINE('',#3102,#641);
#413=LINE('',#3107,#642);
#414=LINE('',#3109,#643);
#415=LINE('',#3114,#644);
#416=LINE('',#3115,#645);
#417=LINE('',#3117,#646);
#418=LINE('',#3118,#647);
#419=LINE('',#3122,#648);
#420=LINE('',#3125,#649);
#421=LINE('',#3127,#650);
#422=LINE('',#3132,#651);
#423=LINE('',#3134,#652);
#424=LINE('',#3135,#653);
#425=LINE('',#3136,#654);
#426=LINE('',#3138,#655);
#427=LINE('',#3143,#656);
#428=LINE('',#3145,#657);
#429=LINE('',#3150,#658);
#430=LINE('',#3152,#659);
#431=LINE('',#3153,#660);
#432=LINE('',#3154,#661);
#433=LINE('',#3157,#662);
#434=LINE('',#3162,#663);
#435=LINE('',#3164,#664);
#436=LINE('',#3168,#665);
#437=LINE('',#3170,#666);
#438=LINE('',#3171,#667);
#439=LINE('',#3172,#668);
#440=LINE('',#3174,#669);
#441=LINE('',#3179,#670);
#442=LINE('',#3181,#671);
#443=LINE('',#3186,#672);
#444=LINE('',#3187,#673);
#445=LINE('',#3189,#674);
#446=LINE('',#3190,#675);
#447=LINE('',#3194,#676);
#448=LINE('',#3198,#677);
#449=LINE('',#3200,#678);
#450=LINE('',#3202,#679);
#451=LINE('',#3204,#680);
#452=LINE('',#3205,#681);
#453=LINE('',#3207,#682);
#454=LINE('',#3210,#683);
#455=LINE('',#3215,#684);
#456=LINE('',#3218,#685);
#457=LINE('',#3222,#686);
#458=LINE('',#3224,#687);
#459=LINE('',#3225,#688);
#460=LINE('',#3226,#689);
#461=LINE('',#3229,#690);
#462=LINE('',#3233,#691);
#463=LINE('',#3235,#692);
#464=LINE('',#3240,#693);
#465=LINE('',#3242,#694);
#466=LINE('',#3243,#695);
#467=LINE('',#3244,#696);
#468=LINE('',#3246,#697);
#469=LINE('',#3249,#698);
#470=LINE('',#3250,#699);
#471=LINE('',#3252,#700);
#472=LINE('',#3253,#701);
#473=LINE('',#3255,#702);
#474=LINE('',#3256,#703);
#475=LINE('',#3258,#704);
#476=LINE('',#3259,#705);
#477=LINE('',#3261,#706);
#478=LINE('',#3262,#707);
#479=LINE('',#3265,#708);
#480=LINE('',#3266,#709);
#481=LINE('',#3269,#710);
#482=LINE('',#3271,#711);
#483=LINE('',#3272,#712);
#484=LINE('',#3275,#713);
#485=LINE('',#3277,#714);
#486=LINE('',#3278,#715);
#487=LINE('',#3281,#716);
#488=LINE('',#3283,#717);
#489=LINE('',#3284,#718);
#490=LINE('',#3287,#719);
#491=LINE('',#3290,#720);
#492=LINE('',#3293,#721);
#493=LINE('',#3297,#722);
#494=LINE('',#3314,#723);
#495=LINE('',#3330,#724);
#496=LINE('',#3346,#725);
#497=LINE('',#3361,#726);
#498=LINE('',#3363,#727);
#499=LINE('',#3365,#728);
#500=LINE('',#3366,#729);
#501=LINE('',#3367,#730);
#502=LINE('',#3369,#731);
#503=LINE('',#3372,#732);
#504=LINE('',#3373,#733);
#505=LINE('',#3375,#734);
#506=LINE('',#3378,#735);
#507=LINE('',#3379,#736);
#508=LINE('',#3381,#737);
#509=LINE('',#3383,#738);
#510=LINE('',#3385,#739);
#511=LINE('',#3386,#740);
#512=LINE('',#3387,#741);
#513=LINE('',#3389,#742);
#514=LINE('',#3392,#743);
#515=LINE('',#3393,#744);
#516=LINE('',#3395,#745);
#517=LINE('',#3398,#746);
#518=LINE('',#3399,#747);
#519=LINE('',#3403,#748);
#520=LINE('',#3404,#749);
#521=LINE('',#3405,#750);
#522=LINE('',#3408,#751);
#523=LINE('',#3409,#752);
#524=LINE('',#3412,#753);
#525=LINE('',#3413,#754);
#526=LINE('',#3415,#755);
#527=LINE('',#3416,#756);
#528=LINE('',#3418,#757);
#529=LINE('',#3422,#758);
#530=LINE('',#3423,#759);
#531=LINE('',#3426,#760);
#532=LINE('',#3427,#761);
#533=LINE('',#3430,#762);
#534=LINE('',#3431,#763);
#535=LINE('',#3434,#764);
#536=LINE('',#3435,#765);
#537=LINE('',#3438,#766);
#538=LINE('',#3439,#767);
#539=LINE('',#3442,#768);
#540=LINE('',#3443,#769);
#541=LINE('',#3446,#770);
#542=LINE('',#3447,#771);
#543=LINE('',#3450,#772);
#544=LINE('',#3451,#773);
#545=LINE('',#3453,#774);
#546=LINE('',#3454,#775);
#547=LINE('',#3456,#776);
#548=LINE('',#3460,#777);
#549=LINE('',#3461,#778);
#550=LINE('',#3464,#779);
#551=LINE('',#3465,#780);
#552=LINE('',#3467,#781);
#553=LINE('',#3469,#782);
#554=VECTOR('',#2281,10.);
#555=VECTOR('',#2282,10.);
#556=VECTOR('',#2283,10.);
#557=VECTOR('',#2284,10.);
#558=VECTOR('',#2287,10.);
#559=VECTOR('',#2288,10.);
#560=VECTOR('',#2289,10.);
#561=VECTOR('',#2292,10.);
#562=VECTOR('',#2293,10.);
#563=VECTOR('',#2294,10.);
#564=VECTOR('',#2297,10.);
#565=VECTOR('',#2298,10.);
#566=VECTOR('',#2299,10.);
#567=VECTOR('',#2300,10.);
#568=VECTOR('',#2303,10.);
#569=VECTOR('',#2304,10.);
#570=VECTOR('',#2305,10.);
#571=VECTOR('',#2308,10.);
#572=VECTOR('',#2309,10.);
#573=VECTOR('',#2312,10.);
#574=VECTOR('',#2313,10.);
#575=VECTOR('',#2314,10.);
#576=VECTOR('',#2317,10.);
#577=VECTOR('',#2318,10.);
#578=VECTOR('',#2321,10.);
#579=VECTOR('',#2322,10.);
#580=VECTOR('',#2323,10.);
#581=VECTOR('',#2326,10.);
#582=VECTOR('',#2327,10.);
#583=VECTOR('',#2330,10.);
#584=VECTOR('',#2331,9.99999999999999);
#585=VECTOR('',#2332,9.99999999999999);
#586=VECTOR('',#2333,9.99999999999999);
#587=VECTOR('',#2334,9.99999999999999);
#588=VECTOR('',#2335,9.99999999999999);
#589=VECTOR('',#2336,9.99999999999999);
#590=VECTOR('',#2337,10.);
#591=VECTOR('',#2338,9.99999999999999);
#592=VECTOR('',#2339,10.);
#593=VECTOR('',#2340,9.99999999999999);
#594=VECTOR('',#2341,9.99999999999999);
#595=VECTOR('',#2342,9.99999999999999);
#596=VECTOR('',#2343,9.99999999999999);
#597=VECTOR('',#2344,9.99999999999999);
#598=VECTOR('',#2345,9.99999999999999);
#599=VECTOR('',#2346,9.99999999999999);
#600=VECTOR('',#2347,9.99999999999999);
#601=VECTOR('',#2348,9.99999999999999);
#602=VECTOR('',#2349,9.99999999999999);
#603=VECTOR('',#2350,9.99999999999999);
#604=VECTOR('',#2351,9.99999999999999);
#605=VECTOR('',#2352,9.99999999999999);
#606=VECTOR('',#2353,9.99999999999999);
#607=VECTOR('',#2354,9.99999999999999);
#608=VECTOR('',#2357,10.);
#609=VECTOR('',#2358,10.);
#610=VECTOR('',#2371,10.);
#611=VECTOR('',#2372,10.);
#612=VECTOR('',#2373,9.99999999999999);
#613=VECTOR('',#2374,10.);
#614=VECTOR('',#2377,10.);
#615=VECTOR('',#2380,10.);
#616=VECTOR('',#2383,10.);
#617=VECTOR('',#2384,10.);
#618=VECTOR('',#2387,4.1);
#619=VECTOR('',#2392,3.9);
#620=VECTOR('',#2395,10.);
#621=VECTOR('',#2398,10.);
#622=VECTOR('',#2401,10.);
#623=VECTOR('',#2404,10.);
#624=VECTOR('',#2409,4.1);
#625=VECTOR('',#2414,3.9);
#626=VECTOR('',#2417,10.);
#627=VECTOR('',#2420,10.);
#628=VECTOR('',#2423,10.);
#629=VECTOR('',#2426,10.);
#630=VECTOR('',#2431,4.1);
#631=VECTOR('',#2436,3.9);
#632=VECTOR('',#2439,10.);
#633=VECTOR('',#2442,10.);
#634=VECTOR('',#2445,10.);
#635=VECTOR('',#2448,10.);
#636=VECTOR('',#2453,4.1);
#637=VECTOR('',#2458,3.9);
#638=VECTOR('',#2461,10.);
#639=VECTOR('',#2464,10.);
#640=VECTOR('',#2467,10.);
#641=VECTOR('',#2470,10.);
#642=VECTOR('',#2475,10.);
#643=VECTOR('',#2476,10.);
#644=VECTOR('',#2481,10.);
#645=VECTOR('',#2482,10.);
#646=VECTOR('',#2483,10.);
#647=VECTOR('',#2484,10.);
#648=VECTOR('',#2489,10.);
#649=VECTOR('',#2492,10.);
#650=VECTOR('',#2493,10.);
#651=VECTOR('',#2498,10.);
#652=VECTOR('',#2499,10.);
#653=VECTOR('',#2500,10.);
#654=VECTOR('',#2501,10.);
#655=VECTOR('',#2504,10.);
#656=VECTOR('',#2509,10.);
#657=VECTOR('',#2510,10.);
#658=VECTOR('',#2515,10.);
#659=VECTOR('',#2516,10.);
#660=VECTOR('',#2517,10.);
#661=VECTOR('',#2518,10.);
#662=VECTOR('',#2521,10.);
#663=VECTOR('',#2526,10.);
#664=VECTOR('',#2529,10.);
#665=VECTOR('',#2532,10.);
#666=VECTOR('',#2533,10.);
#667=VECTOR('',#2534,10.);
#668=VECTOR('',#2535,10.);
#669=VECTOR('',#2538,10.);
#670=VECTOR('',#2543,10.);
#671=VECTOR('',#2544,10.);
#672=VECTOR('',#2549,10.);
#673=VECTOR('',#2550,10.);
#674=VECTOR('',#2551,10.);
#675=VECTOR('',#2552,10.);
#676=VECTOR('',#2557,10.);
#677=VECTOR('',#2560,10.);
#678=VECTOR('',#2561,10.);
#679=VECTOR('',#2562,10.);
#680=VECTOR('',#2563,10.);
#681=VECTOR('',#2564,10.);
#682=VECTOR('',#2567,10.);
#683=VECTOR('',#2572,10.);
#684=VECTOR('',#2577,10.);
#685=VECTOR('',#2580,10.);
#686=VECTOR('',#2583,10.);
#687=VECTOR('',#2584,10.);
#688=VECTOR('',#2585,10.);
#689=VECTOR('',#2586,10.);
#690=VECTOR('',#2589,10.);
#691=VECTOR('',#2594,10.);
#692=VECTOR('',#2595,10.);
#693=VECTOR('',#2600,10.);
#694=VECTOR('',#2601,10.);
#695=VECTOR('',#2602,10.);
#696=VECTOR('',#2603,10.);
#697=VECTOR('',#2606,10.);
#698=VECTOR('',#2611,10.);
#699=VECTOR('',#2612,10.);
#700=VECTOR('',#2615,10.);
#701=VECTOR('',#2616,10.);
#702=VECTOR('',#2619,10.);
#703=VECTOR('',#2620,10.);
#704=VECTOR('',#2623,10.);
#705=VECTOR('',#2624,10.);
#706=VECTOR('',#2627,10.);
#707=VECTOR('',#2628,10.);
#708=VECTOR('',#2633,10.);
#709=VECTOR('',#2634,10.);
#710=VECTOR('',#2639,10.);
#711=VECTOR('',#2642,10.);
#712=VECTOR('',#2643,10.);
#713=VECTOR('',#2648,10.);
#714=VECTOR('',#2651,10.);
#715=VECTOR('',#2652,10.);
#716=VECTOR('',#2657,10.);
#717=VECTOR('',#2660,10.);
#718=VECTOR('',#2661,10.);
#719=VECTOR('',#2666,10.);
#720=VECTOR('',#2671,10.);
#721=VECTOR('',#2676,10.);
#722=VECTOR('',#2681,2.2);
#723=VECTOR('',#2700,2.2);
#724=VECTOR('',#2717,2.2);
#725=VECTOR('',#2734,2.2);
#726=VECTOR('',#2751,10.);
#727=VECTOR('',#2752,10.);
#728=VECTOR('',#2753,9.99999999999999);
#729=VECTOR('',#2754,10.);
#730=VECTOR('',#2755,10.);
#731=VECTOR('',#2758,10.);
#732=VECTOR('',#2761,9.99999999999999);
#733=VECTOR('',#2762,10.);
#734=VECTOR('',#2765,10.);
#735=VECTOR('',#2768,10.);
#736=VECTOR('',#2769,10.);
#737=VECTOR('',#2772,10.);
#738=VECTOR('',#2773,10.);
#739=VECTOR('',#2774,9.99999999999999);
#740=VECTOR('',#2775,10.);
#741=VECTOR('',#2776,10.);
#742=VECTOR('',#2779,10.);
#743=VECTOR('',#2782,9.99999999999999);
#744=VECTOR('',#2783,10.);
#745=VECTOR('',#2786,10.);
#746=VECTOR('',#2789,9.99999999999999);
#747=VECTOR('',#2790,10.);
#748=VECTOR('',#2793,9.99999999999999);
#749=VECTOR('',#2794,10.);
#750=VECTOR('',#2795,10.);
#751=VECTOR('',#2798,9.99999999999999);
#752=VECTOR('',#2799,10.);
#753=VECTOR('',#2802,9.99999999999999);
#754=VECTOR('',#2803,10.);
#755=VECTOR('',#2806,10.);
#756=VECTOR('',#2807,9.99999999999999);
#757=VECTOR('',#2810,10.);
#758=VECTOR('',#2815,9.99999999999999);
#759=VECTOR('',#2816,10.);
#760=VECTOR('',#2819,9.99999999999999);
#761=VECTOR('',#2820,10.);
#762=VECTOR('',#2823,9.99999999999999);
#763=VECTOR('',#2824,10.);
#764=VECTOR('',#2827,9.99999999999999);
#765=VECTOR('',#2828,10.);
#766=VECTOR('',#2831,9.99999999999999);
#767=VECTOR('',#2832,10.);
#768=VECTOR('',#2835,9.99999999999999);
#769=VECTOR('',#2836,10.);
#770=VECTOR('',#2839,9.99999999999999);
#771=VECTOR('',#2840,10.);
#772=VECTOR('',#2843,10.);
#773=VECTOR('',#2844,10.);
#774=VECTOR('',#2847,10.);
#775=VECTOR('',#2848,9.99999999999999);
#776=VECTOR('',#2851,10.);
#777=VECTOR('',#2856,9.99999999999999);
#778=VECTOR('',#2857,10.);
#779=VECTOR('',#2860,9.99999999999999);
#780=VECTOR('',#2861,10.);
#781=VECTOR('',#2864,9.99999999999999);
#782=VECTOR('',#2867,9.99999999999999);
#783=VERTEX_POINT('',#2872);
#784=VERTEX_POINT('',#2873);
#785=VERTEX_POINT('',#2875);
#786=VERTEX_POINT('',#2877);
#787=VERTEX_POINT('',#2881);
#788=VERTEX_POINT('',#2883);
#789=VERTEX_POINT('',#2887);
#790=VERTEX_POINT('',#2889);
#791=VERTEX_POINT('',#2893);
#792=VERTEX_POINT('',#2894);
#793=VERTEX_POINT('',#2896);
#794=VERTEX_POINT('',#2898);
#795=VERTEX_POINT('',#2902);
#796=VERTEX_POINT('',#2904);
#797=VERTEX_POINT('',#2911);
#798=VERTEX_POINT('',#2913);
#799=VERTEX_POINT('',#2920);
#800=VERTEX_POINT('',#2922);
#801=VERTEX_POINT('',#2926);
#802=VERTEX_POINT('',#2930);
#803=VERTEX_POINT('',#2932);
#804=VERTEX_POINT('',#2934);
#805=VERTEX_POINT('',#2936);
#806=VERTEX_POINT('',#2938);
#807=VERTEX_POINT('',#2940);
#808=VERTEX_POINT('',#2942);
#809=VERTEX_POINT('',#2944);
#810=VERTEX_POINT('',#2946);
#811=VERTEX_POINT('',#2948);
#812=VERTEX_POINT('',#2950);
#813=VERTEX_POINT('',#2952);
#814=VERTEX_POINT('',#2954);
#815=VERTEX_POINT('',#2956);
#816=VERTEX_POINT('',#2958);
#817=VERTEX_POINT('',#2960);
#818=VERTEX_POINT('',#2962);
#819=VERTEX_POINT('',#2964);
#820=VERTEX_POINT('',#2966);
#821=VERTEX_POINT('',#2968);
#822=VERTEX_POINT('',#2970);
#823=VERTEX_POINT('',#2972);
#824=VERTEX_POINT('',#2974);
#825=VERTEX_POINT('',#2976);
#826=VERTEX_POINT('',#2980);
#827=VERTEX_POINT('',#2984);
#828=VERTEX_POINT('',#2986);
#829=VERTEX_POINT('',#2988);
#830=VERTEX_POINT('',#2990);
#831=VERTEX_POINT('',#2993);
#832=VERTEX_POINT('',#2995);
#833=VERTEX_POINT('',#2997);
#834=VERTEX_POINT('',#3005);
#835=VERTEX_POINT('',#3009);
#836=VERTEX_POINT('',#3013);
#837=VERTEX_POINT('',#3015);
#838=VERTEX_POINT('',#3017);
#839=VERTEX_POINT('',#3019);
#840=VERTEX_POINT('',#3021);
#841=VERTEX_POINT('',#3023);
#842=VERTEX_POINT('',#3025);
#843=VERTEX_POINT('',#3027);
#844=VERTEX_POINT('',#3029);
#845=VERTEX_POINT('',#3033);
#846=VERTEX_POINT('',#3037);
#847=VERTEX_POINT('',#3039);
#848=VERTEX_POINT('',#3041);
#849=VERTEX_POINT('',#3043);
#850=VERTEX_POINT('',#3045);
#851=VERTEX_POINT('',#3047);
#852=VERTEX_POINT('',#3049);
#853=VERTEX_POINT('',#3051);
#854=VERTEX_POINT('',#3053);
#855=VERTEX_POINT('',#3057);
#856=VERTEX_POINT('',#3061);
#857=VERTEX_POINT('',#3063);
#858=VERTEX_POINT('',#3065);
#859=VERTEX_POINT('',#3067);
#860=VERTEX_POINT('',#3069);
#861=VERTEX_POINT('',#3071);
#862=VERTEX_POINT('',#3073);
#863=VERTEX_POINT('',#3075);
#864=VERTEX_POINT('',#3077);
#865=VERTEX_POINT('',#3081);
#866=VERTEX_POINT('',#3085);
#867=VERTEX_POINT('',#3087);
#868=VERTEX_POINT('',#3089);
#869=VERTEX_POINT('',#3091);
#870=VERTEX_POINT('',#3093);
#871=VERTEX_POINT('',#3095);
#872=VERTEX_POINT('',#3097);
#873=VERTEX_POINT('',#3099);
#874=VERTEX_POINT('',#3101);
#875=VERTEX_POINT('',#3105);
#876=VERTEX_POINT('',#3106);
#877=VERTEX_POINT('',#3108);
#878=VERTEX_POINT('',#3112);
#879=VERTEX_POINT('',#3113);
#880=VERTEX_POINT('',#3116);
#881=VERTEX_POINT('',#3120);
#882=VERTEX_POINT('',#3124);
#883=VERTEX_POINT('',#3126);
#884=VERTEX_POINT('',#3130);
#885=VERTEX_POINT('',#3131);
#886=VERTEX_POINT('',#3133);
#887=VERTEX_POINT('',#3141);
#888=VERTEX_POINT('',#3142);
#889=VERTEX_POINT('',#3144);
#890=VERTEX_POINT('',#3148);
#891=VERTEX_POINT('',#3149);
#892=VERTEX_POINT('',#3151);
#893=VERTEX_POINT('',#3156);
#894=VERTEX_POINT('',#3160);
#895=VERTEX_POINT('',#3161);
#896=VERTEX_POINT('',#3166);
#897=VERTEX_POINT('',#3167);
#898=VERTEX_POINT('',#3169);
#899=VERTEX_POINT('',#3177);
#900=VERTEX_POINT('',#3178);
#901=VERTEX_POINT('',#3180);
#902=VERTEX_POINT('',#3184);
#903=VERTEX_POINT('',#3185);
#904=VERTEX_POINT('',#3188);
#905=VERTEX_POINT('',#3192);
#906=VERTEX_POINT('',#3196);
#907=VERTEX_POINT('',#3197);
#908=VERTEX_POINT('',#3199);
#909=VERTEX_POINT('',#3201);
#910=VERTEX_POINT('',#3203);
#911=VERTEX_POINT('',#3213);
#912=VERTEX_POINT('',#3214);
#913=VERTEX_POINT('',#3216);
#914=VERTEX_POINT('',#3220);
#915=VERTEX_POINT('',#3221);
#916=VERTEX_POINT('',#3223);
#917=VERTEX_POINT('',#3228);
#918=VERTEX_POINT('',#3232);
#919=VERTEX_POINT('',#3234);
#920=VERTEX_POINT('',#3238);
#921=VERTEX_POINT('',#3239);
#922=VERTEX_POINT('',#3241);
#923=VERTEX_POINT('',#3296);
#924=VERTEX_POINT('',#3298);
#925=VERTEX_POINT('',#3300);
#926=VERTEX_POINT('',#3302);
#927=VERTEX_POINT('',#3304);
#928=VERTEX_POINT('',#3306);
#929=VERTEX_POINT('',#3308);
#930=VERTEX_POINT('',#3313);
#931=VERTEX_POINT('',#3315);
#932=VERTEX_POINT('',#3317);
#933=VERTEX_POINT('',#3319);
#934=VERTEX_POINT('',#3321);
#935=VERTEX_POINT('',#3323);
#936=VERTEX_POINT('',#3325);
#937=VERTEX_POINT('',#3329);
#938=VERTEX_POINT('',#3331);
#939=VERTEX_POINT('',#3333);
#940=VERTEX_POINT('',#3335);
#941=VERTEX_POINT('',#3337);
#942=VERTEX_POINT('',#3339);
#943=VERTEX_POINT('',#3341);
#944=VERTEX_POINT('',#3345);
#945=VERTEX_POINT('',#3347);
#946=VERTEX_POINT('',#3349);
#947=VERTEX_POINT('',#3351);
#948=VERTEX_POINT('',#3353);
#949=VERTEX_POINT('',#3355);
#950=VERTEX_POINT('',#3357);
#951=VERTEX_POINT('',#3362);
#952=VERTEX_POINT('',#3364);
#953=VERTEX_POINT('',#3371);
#954=VERTEX_POINT('',#3377);
#955=VERTEX_POINT('',#3382);
#956=VERTEX_POINT('',#3384);
#957=VERTEX_POINT('',#3391);
#958=VERTEX_POINT('',#3397);
#959=VERTEX_POINT('',#3401);
#960=VERTEX_POINT('',#3402);
#961=VERTEX_POINT('',#3407);
#962=VERTEX_POINT('',#3411);
#963=VERTEX_POINT('',#3421);
#964=VERTEX_POINT('',#3425);
#965=VERTEX_POINT('',#3429);
#966=VERTEX_POINT('',#3433);
#967=VERTEX_POINT('',#3437);
#968=VERTEX_POINT('',#3441);
#969=VERTEX_POINT('',#3445);
#970=VERTEX_POINT('',#3449);
#971=VERTEX_POINT('',#3459);
#972=VERTEX_POINT('',#3463);
#973=EDGE_CURVE('',#783,#784,#325,.T.);
#974=EDGE_CURVE('',#784,#785,#326,.T.);
#975=EDGE_CURVE('',#785,#786,#327,.T.);
#976=EDGE_CURVE('',#783,#786,#328,.T.);
#977=EDGE_CURVE('',#784,#787,#329,.T.);
#978=EDGE_CURVE('',#787,#788,#330,.T.);
#979=EDGE_CURVE('',#788,#785,#331,.T.);
#980=EDGE_CURVE('',#787,#789,#332,.T.);
#981=EDGE_CURVE('',#789,#790,#333,.T.);
#982=EDGE_CURVE('',#790,#788,#334,.T.);
#983=EDGE_CURVE('',#791,#792,#335,.T.);
#984=EDGE_CURVE('',#792,#793,#336,.T.);
#985=EDGE_CURVE('',#793,#794,#337,.T.);
#986=EDGE_CURVE('',#794,#791,#338,.T.);
#987=EDGE_CURVE('',#792,#795,#339,.T.);
#988=EDGE_CURVE('',#795,#796,#340,.T.);
#989=EDGE_CURVE('',#796,#793,#341,.T.);
#990=EDGE_CURVE('',#789,#796,#342,.T.);
#991=EDGE_CURVE('',#795,#790,#343,.T.);
#992=EDGE_CURVE('',#797,#791,#344,.T.);
#993=EDGE_CURVE('',#794,#798,#345,.T.);
#994=EDGE_CURVE('',#798,#797,#346,.T.);
#995=EDGE_CURVE('',#786,#797,#347,.T.);
#996=EDGE_CURVE('',#798,#783,#348,.T.);
#997=EDGE_CURVE('',#799,#783,#349,.T.);
#998=EDGE_CURVE('',#800,#799,#350,.T.);
#999=EDGE_CURVE('',#784,#800,#351,.T.);
#1000=EDGE_CURVE('',#798,#801,#352,.T.);
#1001=EDGE_CURVE('',#801,#799,#353,.T.);
#1002=EDGE_CURVE('',#802,#794,#354,.T.);
#1003=EDGE_CURVE('',#802,#803,#355,.T.);
#1004=EDGE_CURVE('',#803,#804,#356,.T.);
#1005=EDGE_CURVE('',#804,#805,#357,.T.);
#1006=EDGE_CURVE('',#805,#806,#358,.T.);
#1007=EDGE_CURVE('',#806,#807,#359,.T.);
#1008=EDGE_CURVE('',#807,#808,#360,.T.);
#1009=EDGE_CURVE('',#808,#809,#361,.T.);
#1010=EDGE_CURVE('',#809,#810,#362,.T.);
#1011=EDGE_CURVE('',#810,#811,#363,.T.);
#1012=EDGE_CURVE('',#811,#812,#364,.T.);
#1013=EDGE_CURVE('',#812,#813,#365,.T.);
#1014=EDGE_CURVE('',#813,#814,#366,.T.);
#1015=EDGE_CURVE('',#814,#815,#367,.T.);
#1016=EDGE_CURVE('',#815,#816,#368,.T.);
#1017=EDGE_CURVE('',#816,#817,#369,.T.);
#1018=EDGE_CURVE('',#817,#818,#370,.T.);
#1019=EDGE_CURVE('',#818,#819,#371,.T.);
#1020=EDGE_CURVE('',#819,#820,#372,.T.);
#1021=EDGE_CURVE('',#820,#821,#373,.T.);
#1022=EDGE_CURVE('',#821,#822,#374,.T.);
#1023=EDGE_CURVE('',#822,#823,#375,.T.);
#1024=EDGE_CURVE('',#823,#824,#376,.T.);
#1025=EDGE_CURVE('',#824,#825,#377,.T.);
#1026=EDGE_CURVE('',#825,#801,#378,.T.);
#1027=EDGE_CURVE('',#793,#826,#379,.T.);
#1028=EDGE_CURVE('',#826,#802,#380,.T.);
#1029=EDGE_CURVE('',#827,#827,#59,.T.);
#1030=EDGE_CURVE('',#828,#828,#60,.T.);
#1031=EDGE_CURVE('',#829,#829,#61,.T.);
#1032=EDGE_CURVE('',#830,#830,#62,.T.);
#1033=EDGE_CURVE('',#831,#826,#381,.T.);
#1034=EDGE_CURVE('',#832,#831,#382,.T.);
#1035=EDGE_CURVE('',#833,#832,#383,.T.);
#1036=EDGE_CURVE('',#833,#803,#384,.T.);
#1037=EDGE_CURVE('',#831,#796,#385,.T.);
#1038=EDGE_CURVE('',#789,#832,#386,.T.);
#1039=EDGE_CURVE('',#800,#834,#387,.T.);
#1040=EDGE_CURVE('',#834,#787,#388,.T.);
#1041=EDGE_CURVE('',#827,#835,#389,.T.);
#1042=EDGE_CURVE('',#835,#835,#63,.T.);
#1043=EDGE_CURVE('',#835,#836,#390,.T.);
#1044=EDGE_CURVE('',#836,#837,#64,.T.);
#1045=EDGE_CURVE('',#837,#838,#391,.T.);
#1046=EDGE_CURVE('',#838,#839,#65,.T.);
#1047=EDGE_CURVE('',#839,#840,#392,.T.);
#1048=EDGE_CURVE('',#840,#841,#66,.T.);
#1049=EDGE_CURVE('',#841,#842,#393,.T.);
#1050=EDGE_CURVE('',#842,#843,#67,.T.);
#1051=EDGE_CURVE('',#843,#844,#394,.T.);
#1052=EDGE_CURVE('',#844,#836,#68,.T.);
#1053=EDGE_CURVE('',#830,#845,#395,.T.);
#1054=EDGE_CURVE('',#845,#845,#69,.T.);
#1055=EDGE_CURVE('',#845,#846,#396,.T.);
#1056=EDGE_CURVE('',#846,#847,#70,.T.);
#1057=EDGE_CURVE('',#847,#848,#397,.T.);
#1058=EDGE_CURVE('',#848,#849,#71,.T.);
#1059=EDGE_CURVE('',#849,#850,#398,.T.);
#1060=EDGE_CURVE('',#850,#851,#72,.T.);
#1061=EDGE_CURVE('',#851,#852,#399,.T.);
#1062=EDGE_CURVE('',#852,#853,#73,.T.);
#1063=EDGE_CURVE('',#853,#854,#400,.T.);
#1064=EDGE_CURVE('',#854,#846,#74,.T.);
#1065=EDGE_CURVE('',#828,#855,#401,.T.);
#1066=EDGE_CURVE('',#855,#855,#75,.T.);
#1067=EDGE_CURVE('',#855,#856,#402,.T.);
#1068=EDGE_CURVE('',#856,#857,#76,.T.);
#1069=EDGE_CURVE('',#857,#858,#403,.T.);
#1070=EDGE_CURVE('',#858,#859,#77,.T.);
#1071=EDGE_CURVE('',#859,#860,#404,.T.);
#1072=EDGE_CURVE('',#860,#861,#78,.T.);
#1073=EDGE_CURVE('',#861,#862,#405,.T.);
#1074=EDGE_CURVE('',#862,#863,#79,.T.);
#1075=EDGE_CURVE('',#863,#864,#406,.T.);
#1076=EDGE_CURVE('',#864,#856,#80,.T.);
#1077=EDGE_CURVE('',#829,#865,#407,.T.);
#1078=EDGE_CURVE('',#865,#865,#81,.T.);
#1079=EDGE_CURVE('',#865,#866,#408,.T.);
#1080=EDGE_CURVE('',#866,#867,#82,.T.);
#1081=EDGE_CURVE('',#867,#868,#409,.T.);
#1082=EDGE_CURVE('',#868,#869,#83,.T.);
#1083=EDGE_CURVE('',#869,#870,#410,.T.);
#1084=EDGE_CURVE('',#870,#871,#84,.T.);
#1085=EDGE_CURVE('',#871,#872,#411,.T.);
#1086=EDGE_CURVE('',#872,#873,#85,.T.);
#1087=EDGE_CURVE('',#873,#874,#412,.T.);
#1088=EDGE_CURVE('',#874,#866,#86,.T.);
#1089=EDGE_CURVE('',#875,#876,#413,.T.);
#1090=EDGE_CURVE('',#877,#875,#414,.T.);
#1091=EDGE_CURVE('',#876,#877,#87,.T.);
#1092=EDGE_CURVE('',#878,#879,#415,.T.);
#1093=EDGE_CURVE('',#878,#875,#416,.T.);
#1094=EDGE_CURVE('',#876,#880,#417,.T.);
#1095=EDGE_CURVE('',#879,#880,#418,.T.);
#1096=EDGE_CURVE('',#881,#876,#88,.T.);
#1097=EDGE_CURVE('',#880,#881,#419,.T.);
#1098=EDGE_CURVE('',#882,#877,#420,.T.);
#1099=EDGE_CURVE('',#883,#882,#421,.T.);
#1100=EDGE_CURVE('',#877,#883,#89,.T.);
#1101=EDGE_CURVE('',#884,#885,#422,.T.);
#1102=EDGE_CURVE('',#884,#886,#423,.T.);
#1103=EDGE_CURVE('',#886,#883,#424,.T.);
#1104=EDGE_CURVE('',#885,#882,#425,.T.);
#1105=EDGE_CURVE('',#881,#886,#426,.T.);
#1106=EDGE_CURVE('',#883,#881,#90,.T.);
#1107=EDGE_CURVE('',#887,#888,#427,.T.);
#1108=EDGE_CURVE('',#889,#887,#428,.T.);
#1109=EDGE_CURVE('',#888,#889,#91,.T.);
#1110=EDGE_CURVE('',#890,#891,#429,.T.);
#1111=EDGE_CURVE('',#890,#892,#430,.T.);
#1112=EDGE_CURVE('',#892,#889,#431,.T.);
#1113=EDGE_CURVE('',#891,#887,#432,.T.);
#1114=EDGE_CURVE('',#893,#892,#433,.T.);
#1115=EDGE_CURVE('',#889,#893,#92,.T.);
#1116=EDGE_CURVE('',#894,#895,#434,.T.);
#1117=EDGE_CURVE('',#893,#894,#93,.T.);
#1118=EDGE_CURVE('',#895,#893,#435,.T.);
#1119=EDGE_CURVE('',#896,#897,#436,.T.);
#1120=EDGE_CURVE('',#896,#898,#437,.T.);
#1121=EDGE_CURVE('',#898,#894,#438,.T.);
#1122=EDGE_CURVE('',#897,#895,#439,.T.);
#1123=EDGE_CURVE('',#888,#898,#440,.T.);
#1124=EDGE_CURVE('',#894,#888,#94,.T.);
#1125=EDGE_CURVE('',#899,#900,#441,.T.);
#1126=EDGE_CURVE('',#901,#899,#442,.T.);
#1127=EDGE_CURVE('',#900,#901,#95,.T.);
#1128=EDGE_CURVE('',#902,#903,#443,.T.);
#1129=EDGE_CURVE('',#902,#899,#444,.T.);
#1130=EDGE_CURVE('',#900,#904,#445,.T.);
#1131=EDGE_CURVE('',#903,#904,#446,.T.);
#1132=EDGE_CURVE('',#905,#900,#96,.T.);
#1133=EDGE_CURVE('',#904,#905,#447,.T.);
#1134=EDGE_CURVE('',#906,#907,#448,.T.);
#1135=EDGE_CURVE('',#906,#908,#449,.T.);
#1136=EDGE_CURVE('',#908,#909,#450,.T.);
#1137=EDGE_CURVE('',#909,#910,#451,.T.);
#1138=EDGE_CURVE('',#907,#910,#452,.T.);
#1139=EDGE_CURVE('',#905,#908,#453,.T.);
#1140=EDGE_CURVE('',#909,#905,#97,.T.);
#1141=EDGE_CURVE('',#910,#901,#454,.T.);
#1142=EDGE_CURVE('',#901,#909,#98,.T.);
#1143=EDGE_CURVE('',#911,#912,#455,.T.);
#1144=EDGE_CURVE('',#913,#911,#99,.T.);
#1145=EDGE_CURVE('',#912,#913,#456,.T.);
#1146=EDGE_CURVE('',#914,#915,#457,.T.);
#1147=EDGE_CURVE('',#914,#916,#458,.T.);
#1148=EDGE_CURVE('',#916,#911,#459,.T.);
#1149=EDGE_CURVE('',#915,#912,#460,.T.);
#1150=EDGE_CURVE('',#917,#916,#461,.T.);
#1151=EDGE_CURVE('',#911,#917,#100,.T.);
#1152=EDGE_CURVE('',#918,#917,#462,.T.);
#1153=EDGE_CURVE('',#919,#918,#463,.T.);
#1154=EDGE_CURVE('',#917,#919,#101,.T.);
#1155=EDGE_CURVE('',#920,#921,#464,.T.);
#1156=EDGE_CURVE('',#920,#922,#465,.T.);
#1157=EDGE_CURVE('',#922,#919,#466,.T.);
#1158=EDGE_CURVE('',#921,#918,#467,.T.);
#1159=EDGE_CURVE('',#913,#922,#468,.T.);
#1160=EDGE_CURVE('',#919,#913,#102,.T.);
#1161=EDGE_CURVE('',#885,#859,#469,.T.);
#1162=EDGE_CURVE('',#858,#884,#470,.T.);
#1163=EDGE_CURVE('',#897,#873,#471,.T.);
#1164=EDGE_CURVE('',#872,#896,#472,.T.);
#1165=EDGE_CURVE('',#907,#839,#473,.T.);
#1166=EDGE_CURVE('',#838,#906,#474,.T.);
#1167=EDGE_CURVE('',#921,#849,#475,.T.);
#1168=EDGE_CURVE('',#848,#920,#476,.T.);
#1169=EDGE_CURVE('',#868,#890,#477,.T.);
#1170=EDGE_CURVE('',#874,#867,#478,.T.);
#1171=EDGE_CURVE('',#844,#837,#479,.T.);
#1172=EDGE_CURVE('',#903,#843,#480,.T.);
#1173=EDGE_CURVE('',#842,#902,#481,.T.);
#1174=EDGE_CURVE('',#852,#914,#482,.T.);
#1175=EDGE_CURVE('',#850,#851,#483,.T.);
#1176=EDGE_CURVE('',#915,#853,#484,.T.);
#1177=EDGE_CURVE('',#862,#878,#485,.T.);
#1178=EDGE_CURVE('',#860,#861,#486,.T.);
#1179=EDGE_CURVE('',#879,#863,#487,.T.);
#1180=EDGE_CURVE('',#870,#871,#488,.T.);
#1181=EDGE_CURVE('',#891,#869,#489,.T.);
#1182=EDGE_CURVE('',#840,#841,#490,.T.);
#1183=EDGE_CURVE('',#854,#847,#491,.T.);
#1184=EDGE_CURVE('',#864,#857,#492,.T.);
#1185=EDGE_CURVE('',#905,#923,#493,.T.);
#1186=EDGE_CURVE('',#924,#923,#15,.T.);
#1187=EDGE_CURVE('',#925,#924,#16,.T.);
#1188=EDGE_CURVE('',#926,#925,#17,.T.);
#1189=EDGE_CURVE('',#927,#926,#18,.T.);
#1190=EDGE_CURVE('',#928,#927,#19,.T.);
#1191=EDGE_CURVE('',#929,#928,#20,.T.);
#1192=EDGE_CURVE('',#923,#929,#21,.T.);
#1193=EDGE_CURVE('',#893,#930,#494,.T.);
#1194=EDGE_CURVE('',#931,#930,#22,.T.);
#1195=EDGE_CURVE('',#932,#931,#23,.T.);
#1196=EDGE_CURVE('',#933,#932,#24,.T.);
#1197=EDGE_CURVE('',#934,#933,#25,.T.);
#1198=EDGE_CURVE('',#935,#934,#26,.T.);
#1199=EDGE_CURVE('',#936,#935,#27,.T.);
#1200=EDGE_CURVE('',#930,#936,#28,.T.);
#1201=EDGE_CURVE('',#881,#937,#495,.T.);
#1202=EDGE_CURVE('',#938,#937,#29,.T.);
#1203=EDGE_CURVE('',#939,#938,#30,.T.);
#1204=EDGE_CURVE('',#940,#939,#31,.T.);
#1205=EDGE_CURVE('',#941,#940,#32,.T.);
#1206=EDGE_CURVE('',#942,#941,#33,.T.);
#1207=EDGE_CURVE('',#943,#942,#34,.T.);
#1208=EDGE_CURVE('',#937,#943,#35,.T.);
#1209=EDGE_CURVE('',#913,#944,#496,.T.);
#1210=EDGE_CURVE('',#945,#944,#36,.T.);
#1211=EDGE_CURVE('',#946,#945,#37,.T.);
#1212=EDGE_CURVE('',#947,#946,#38,.T.);
#1213=EDGE_CURVE('',#948,#947,#39,.T.);
#1214=EDGE_CURVE('',#949,#948,#40,.T.);
#1215=EDGE_CURVE('',#950,#949,#41,.T.);
#1216=EDGE_CURVE('',#944,#950,#42,.T.);
#1217=EDGE_CURVE('',#931,#807,#497,.T.);
#1218=EDGE_CURVE('',#951,#806,#498,.T.);
#1219=EDGE_CURVE('',#952,#951,#499,.T.);
#1220=EDGE_CURVE('',#952,#939,#500,.T.);
#1221=EDGE_CURVE('',#938,#932,#501,.T.);
#1222=EDGE_CURVE('',#936,#808,#502,.T.);
#1223=EDGE_CURVE('',#953,#952,#503,.T.);
#1224=EDGE_CURVE('',#953,#940,#504,.T.);
#1225=EDGE_CURVE('',#935,#809,#505,.T.);
#1226=EDGE_CURVE('',#954,#953,#506,.T.);
#1227=EDGE_CURVE('',#954,#941,#507,.T.);
#1228=EDGE_CURVE('',#924,#819,#508,.T.);
#1229=EDGE_CURVE('',#955,#818,#509,.T.);
#1230=EDGE_CURVE('',#956,#955,#510,.T.);
#1231=EDGE_CURVE('',#956,#946,#511,.T.);
#1232=EDGE_CURVE('',#945,#925,#512,.T.);
#1233=EDGE_CURVE('',#929,#820,#513,.T.);
#1234=EDGE_CURVE('',#957,#956,#514,.T.);
#1235=EDGE_CURVE('',#957,#947,#515,.T.);
#1236=EDGE_CURVE('',#928,#821,#516,.T.);
#1237=EDGE_CURVE('',#958,#957,#517,.T.);
#1238=EDGE_CURVE('',#958,#948,#518,.T.);
#1239=EDGE_CURVE('',#959,#960,#519,.T.);
#1240=EDGE_CURVE('',#959,#825,#520,.T.);
#1241=EDGE_CURVE('',#960,#824,#521,.T.);
#1242=EDGE_CURVE('',#960,#961,#522,.T.);
#1243=EDGE_CURVE('',#961,#823,#523,.T.);
#1244=EDGE_CURVE('',#961,#962,#524,.T.);
#1245=EDGE_CURVE('',#962,#822,#525,.T.);
#1246=EDGE_CURVE('',#949,#927,#526,.T.);
#1247=EDGE_CURVE('',#962,#958,#527,.T.);
#1248=EDGE_CURVE('',#950,#926,#528,.T.);
#1249=EDGE_CURVE('',#955,#963,#529,.T.);
#1250=EDGE_CURVE('',#963,#817,#530,.T.);
#1251=EDGE_CURVE('',#963,#964,#531,.T.);
#1252=EDGE_CURVE('',#964,#816,#532,.T.);
#1253=EDGE_CURVE('',#964,#965,#533,.T.);
#1254=EDGE_CURVE('',#965,#815,#534,.T.);
#1255=EDGE_CURVE('',#965,#966,#535,.T.);
#1256=EDGE_CURVE('',#966,#814,#536,.T.);
#1257=EDGE_CURVE('',#966,#967,#537,.T.);
#1258=EDGE_CURVE('',#967,#813,#538,.T.);
#1259=EDGE_CURVE('',#967,#968,#539,.T.);
#1260=EDGE_CURVE('',#968,#812,#540,.T.);
#1261=EDGE_CURVE('',#968,#969,#541,.T.);
#1262=EDGE_CURVE('',#969,#811,#542,.T.);
#1263=EDGE_CURVE('',#969,#970,#543,.T.);
#1264=EDGE_CURVE('',#970,#810,#544,.T.);
#1265=EDGE_CURVE('',#942,#934,#545,.T.);
#1266=EDGE_CURVE('',#970,#954,#546,.T.);
#1267=EDGE_CURVE('',#943,#933,#547,.T.);
#1268=EDGE_CURVE('',#951,#971,#548,.T.);
#1269=EDGE_CURVE('',#971,#805,#549,.T.);
#1270=EDGE_CURVE('',#971,#972,#550,.T.);
#1271=EDGE_CURVE('',#972,#804,#551,.T.);
#1272=EDGE_CURVE('',#972,#833,#552,.T.);
#1273=EDGE_CURVE('',#834,#959,#553,.T.);
#1274=ORIENTED_EDGE('',*,*,#973,.T.);
#1275=ORIENTED_EDGE('',*,*,#974,.T.);
#1276=ORIENTED_EDGE('',*,*,#975,.T.);
#1277=ORIENTED_EDGE('',*,*,#976,.F.);
#1278=ORIENTED_EDGE('',*,*,#977,.T.);
#1279=ORIENTED_EDGE('',*,*,#978,.T.);
#1280=ORIENTED_EDGE('',*,*,#979,.T.);
#1281=ORIENTED_EDGE('',*,*,#974,.F.);
#1282=ORIENTED_EDGE('',*,*,#980,.T.);
#1283=ORIENTED_EDGE('',*,*,#981,.T.);
#1284=ORIENTED_EDGE('',*,*,#982,.T.);
#1285=ORIENTED_EDGE('',*,*,#978,.F.);
#1286=ORIENTED_EDGE('',*,*,#983,.T.);
#1287=ORIENTED_EDGE('',*,*,#984,.T.);
#1288=ORIENTED_EDGE('',*,*,#985,.T.);
#1289=ORIENTED_EDGE('',*,*,#986,.T.);
#1290=ORIENTED_EDGE('',*,*,#987,.T.);
#1291=ORIENTED_EDGE('',*,*,#988,.T.);
#1292=ORIENTED_EDGE('',*,*,#989,.T.);
#1293=ORIENTED_EDGE('',*,*,#984,.F.);
#1294=ORIENTED_EDGE('',*,*,#990,.T.);
#1295=ORIENTED_EDGE('',*,*,#988,.F.);
#1296=ORIENTED_EDGE('',*,*,#991,.T.);
#1297=ORIENTED_EDGE('',*,*,#981,.F.);
#1298=ORIENTED_EDGE('',*,*,#992,.T.);
#1299=ORIENTED_EDGE('',*,*,#986,.F.);
#1300=ORIENTED_EDGE('',*,*,#993,.T.);
#1301=ORIENTED_EDGE('',*,*,#994,.T.);
#1302=ORIENTED_EDGE('',*,*,#995,.T.);
#1303=ORIENTED_EDGE('',*,*,#994,.F.);
#1304=ORIENTED_EDGE('',*,*,#996,.T.);
#1305=ORIENTED_EDGE('',*,*,#976,.T.);
#1306=ORIENTED_EDGE('',*,*,#973,.F.);
#1307=ORIENTED_EDGE('',*,*,#997,.F.);
#1308=ORIENTED_EDGE('',*,*,#998,.F.);
#1309=ORIENTED_EDGE('',*,*,#999,.F.);
#1310=ORIENTED_EDGE('',*,*,#996,.F.);
#1311=ORIENTED_EDGE('',*,*,#1000,.T.);
#1312=ORIENTED_EDGE('',*,*,#1001,.T.);
#1313=ORIENTED_EDGE('',*,*,#997,.T.);
#1314=ORIENTED_EDGE('',*,*,#993,.F.);
#1315=ORIENTED_EDGE('',*,*,#1002,.F.);
#1316=ORIENTED_EDGE('',*,*,#1003,.T.);
#1317=ORIENTED_EDGE('',*,*,#1004,.T.);
#1318=ORIENTED_EDGE('',*,*,#1005,.T.);
#1319=ORIENTED_EDGE('',*,*,#1006,.T.);
#1320=ORIENTED_EDGE('',*,*,#1007,.T.);
#1321=ORIENTED_EDGE('',*,*,#1008,.T.);
#1322=ORIENTED_EDGE('',*,*,#1009,.T.);
#1323=ORIENTED_EDGE('',*,*,#1010,.T.);
#1324=ORIENTED_EDGE('',*,*,#1011,.T.);
#1325=ORIENTED_EDGE('',*,*,#1012,.T.);
#1326=ORIENTED_EDGE('',*,*,#1013,.T.);
#1327=ORIENTED_EDGE('',*,*,#1014,.T.);
#1328=ORIENTED_EDGE('',*,*,#1015,.T.);
#1329=ORIENTED_EDGE('',*,*,#1016,.T.);
#1330=ORIENTED_EDGE('',*,*,#1017,.T.);
#1331=ORIENTED_EDGE('',*,*,#1018,.T.);
#1332=ORIENTED_EDGE('',*,*,#1019,.T.);
#1333=ORIENTED_EDGE('',*,*,#1020,.T.);
#1334=ORIENTED_EDGE('',*,*,#1021,.T.);
#1335=ORIENTED_EDGE('',*,*,#1022,.T.);
#1336=ORIENTED_EDGE('',*,*,#1023,.T.);
#1337=ORIENTED_EDGE('',*,*,#1024,.T.);
#1338=ORIENTED_EDGE('',*,*,#1025,.T.);
#1339=ORIENTED_EDGE('',*,*,#1026,.T.);
#1340=ORIENTED_EDGE('',*,*,#1000,.F.);
#1341=ORIENTED_EDGE('',*,*,#985,.F.);
#1342=ORIENTED_EDGE('',*,*,#1027,.T.);
#1343=ORIENTED_EDGE('',*,*,#1028,.T.);
#1344=ORIENTED_EDGE('',*,*,#1002,.T.);
#1345=ORIENTED_EDGE('',*,*,#983,.F.);
#1346=ORIENTED_EDGE('',*,*,#992,.F.);
#1347=ORIENTED_EDGE('',*,*,#995,.F.);
#1348=ORIENTED_EDGE('',*,*,#975,.F.);
#1349=ORIENTED_EDGE('',*,*,#979,.F.);
#1350=ORIENTED_EDGE('',*,*,#982,.F.);
#1351=ORIENTED_EDGE('',*,*,#991,.F.);
#1352=ORIENTED_EDGE('',*,*,#987,.F.);
#1353=ORIENTED_EDGE('',*,*,#1029,.F.);
#1354=ORIENTED_EDGE('',*,*,#1030,.F.);
#1355=ORIENTED_EDGE('',*,*,#1031,.F.);
#1356=ORIENTED_EDGE('',*,*,#1032,.F.);
#1357=ORIENTED_EDGE('',*,*,#1028,.F.);
#1358=ORIENTED_EDGE('',*,*,#1033,.F.);
#1359=ORIENTED_EDGE('',*,*,#1034,.F.);
#1360=ORIENTED_EDGE('',*,*,#1035,.F.);
#1361=ORIENTED_EDGE('',*,*,#1036,.T.);
#1362=ORIENTED_EDGE('',*,*,#1003,.F.);
#1363=ORIENTED_EDGE('',*,*,#989,.F.);
#1364=ORIENTED_EDGE('',*,*,#1037,.F.);
#1365=ORIENTED_EDGE('',*,*,#1033,.T.);
#1366=ORIENTED_EDGE('',*,*,#1027,.F.);
#1367=ORIENTED_EDGE('',*,*,#990,.F.);
#1368=ORIENTED_EDGE('',*,*,#1038,.T.);
#1369=ORIENTED_EDGE('',*,*,#1034,.T.);
#1370=ORIENTED_EDGE('',*,*,#1037,.T.);
#1371=ORIENTED_EDGE('',*,*,#977,.F.);
#1372=ORIENTED_EDGE('',*,*,#999,.T.);
#1373=ORIENTED_EDGE('',*,*,#1039,.T.);
#1374=ORIENTED_EDGE('',*,*,#1040,.T.);
#1375=ORIENTED_EDGE('',*,*,#1029,.T.);
#1376=ORIENTED_EDGE('',*,*,#1041,.T.);
#1377=ORIENTED_EDGE('',*,*,#1042,.T.);
#1378=ORIENTED_EDGE('',*,*,#1041,.F.);
#1379=ORIENTED_EDGE('',*,*,#1042,.F.);
#1380=ORIENTED_EDGE('',*,*,#1043,.T.);
#1381=ORIENTED_EDGE('',*,*,#1044,.T.);
#1382=ORIENTED_EDGE('',*,*,#1045,.T.);
#1383=ORIENTED_EDGE('',*,*,#1046,.T.);
#1384=ORIENTED_EDGE('',*,*,#1047,.T.);
#1385=ORIENTED_EDGE('',*,*,#1048,.T.);
#1386=ORIENTED_EDGE('',*,*,#1049,.T.);
#1387=ORIENTED_EDGE('',*,*,#1050,.T.);
#1388=ORIENTED_EDGE('',*,*,#1051,.T.);
#1389=ORIENTED_EDGE('',*,*,#1052,.T.);
#1390=ORIENTED_EDGE('',*,*,#1043,.F.);
#1391=ORIENTED_EDGE('',*,*,#1032,.T.);
#1392=ORIENTED_EDGE('',*,*,#1053,.T.);
#1393=ORIENTED_EDGE('',*,*,#1054,.T.);
#1394=ORIENTED_EDGE('',*,*,#1053,.F.);
#1395=ORIENTED_EDGE('',*,*,#1054,.F.);
#1396=ORIENTED_EDGE('',*,*,#1055,.T.);
#1397=ORIENTED_EDGE('',*,*,#1056,.T.);
#1398=ORIENTED_EDGE('',*,*,#1057,.T.);
#1399=ORIENTED_EDGE('',*,*,#1058,.T.);
#1400=ORIENTED_EDGE('',*,*,#1059,.T.);
#1401=ORIENTED_EDGE('',*,*,#1060,.T.);
#1402=ORIENTED_EDGE('',*,*,#1061,.T.);
#1403=ORIENTED_EDGE('',*,*,#1062,.T.);
#1404=ORIENTED_EDGE('',*,*,#1063,.T.);
#1405=ORIENTED_EDGE('',*,*,#1064,.T.);
#1406=ORIENTED_EDGE('',*,*,#1055,.F.);
#1407=ORIENTED_EDGE('',*,*,#1030,.T.);
#1408=ORIENTED_EDGE('',*,*,#1065,.T.);
#1409=ORIENTED_EDGE('',*,*,#1066,.T.);
#1410=ORIENTED_EDGE('',*,*,#1065,.F.);
#1411=ORIENTED_EDGE('',*,*,#1066,.F.);
#1412=ORIENTED_EDGE('',*,*,#1067,.T.);
#1413=ORIENTED_EDGE('',*,*,#1068,.T.);
#1414=ORIENTED_EDGE('',*,*,#1069,.T.);
#1415=ORIENTED_EDGE('',*,*,#1070,.T.);
#1416=ORIENTED_EDGE('',*,*,#1071,.T.);
#1417=ORIENTED_EDGE('',*,*,#1072,.T.);
#1418=ORIENTED_EDGE('',*,*,#1073,.T.);
#1419=ORIENTED_EDGE('',*,*,#1074,.T.);
#1420=ORIENTED_EDGE('',*,*,#1075,.T.);
#1421=ORIENTED_EDGE('',*,*,#1076,.T.);
#1422=ORIENTED_EDGE('',*,*,#1067,.F.);
#1423=ORIENTED_EDGE('',*,*,#1031,.T.);
#1424=ORIENTED_EDGE('',*,*,#1077,.T.);
#1425=ORIENTED_EDGE('',*,*,#1078,.T.);
#1426=ORIENTED_EDGE('',*,*,#1077,.F.);
#1427=ORIENTED_EDGE('',*,*,#1078,.F.);
#1428=ORIENTED_EDGE('',*,*,#1079,.T.);
#1429=ORIENTED_EDGE('',*,*,#1080,.T.);
#1430=ORIENTED_EDGE('',*,*,#1081,.T.);
#1431=ORIENTED_EDGE('',*,*,#1082,.T.);
#1432=ORIENTED_EDGE('',*,*,#1083,.T.);
#1433=ORIENTED_EDGE('',*,*,#1084,.T.);
#1434=ORIENTED_EDGE('',*,*,#1085,.T.);
#1435=ORIENTED_EDGE('',*,*,#1086,.T.);
#1436=ORIENTED_EDGE('',*,*,#1087,.T.);
#1437=ORIENTED_EDGE('',*,*,#1088,.T.);
#1438=ORIENTED_EDGE('',*,*,#1079,.F.);
#1439=ORIENTED_EDGE('',*,*,#1089,.F.);
#1440=ORIENTED_EDGE('',*,*,#1090,.F.);
#1441=ORIENTED_EDGE('',*,*,#1091,.F.);
#1442=ORIENTED_EDGE('',*,*,#1092,.F.);
#1443=ORIENTED_EDGE('',*,*,#1093,.T.);
#1444=ORIENTED_EDGE('',*,*,#1089,.T.);
#1445=ORIENTED_EDGE('',*,*,#1094,.T.);
#1446=ORIENTED_EDGE('',*,*,#1095,.F.);
#1447=ORIENTED_EDGE('',*,*,#1094,.F.);
#1448=ORIENTED_EDGE('',*,*,#1096,.F.);
#1449=ORIENTED_EDGE('',*,*,#1097,.F.);
#1450=ORIENTED_EDGE('',*,*,#1098,.F.);
#1451=ORIENTED_EDGE('',*,*,#1099,.F.);
#1452=ORIENTED_EDGE('',*,*,#1100,.F.);
#1453=ORIENTED_EDGE('',*,*,#1101,.F.);
#1454=ORIENTED_EDGE('',*,*,#1102,.T.);
#1455=ORIENTED_EDGE('',*,*,#1103,.T.);
#1456=ORIENTED_EDGE('',*,*,#1099,.T.);
#1457=ORIENTED_EDGE('',*,*,#1104,.F.);
#1458=ORIENTED_EDGE('',*,*,#1103,.F.);
#1459=ORIENTED_EDGE('',*,*,#1105,.F.);
#1460=ORIENTED_EDGE('',*,*,#1106,.F.);
#1461=ORIENTED_EDGE('',*,*,#1107,.F.);
#1462=ORIENTED_EDGE('',*,*,#1108,.F.);
#1463=ORIENTED_EDGE('',*,*,#1109,.F.);
#1464=ORIENTED_EDGE('',*,*,#1110,.F.);
#1465=ORIENTED_EDGE('',*,*,#1111,.T.);
#1466=ORIENTED_EDGE('',*,*,#1112,.T.);
#1467=ORIENTED_EDGE('',*,*,#1108,.T.);
#1468=ORIENTED_EDGE('',*,*,#1113,.F.);
#1469=ORIENTED_EDGE('',*,*,#1112,.F.);
#1470=ORIENTED_EDGE('',*,*,#1114,.F.);
#1471=ORIENTED_EDGE('',*,*,#1115,.F.);
#1472=ORIENTED_EDGE('',*,*,#1116,.F.);
#1473=ORIENTED_EDGE('',*,*,#1117,.F.);
#1474=ORIENTED_EDGE('',*,*,#1118,.F.);
#1475=ORIENTED_EDGE('',*,*,#1119,.F.);
#1476=ORIENTED_EDGE('',*,*,#1120,.T.);
#1477=ORIENTED_EDGE('',*,*,#1121,.T.);
#1478=ORIENTED_EDGE('',*,*,#1116,.T.);
#1479=ORIENTED_EDGE('',*,*,#1122,.F.);
#1480=ORIENTED_EDGE('',*,*,#1121,.F.);
#1481=ORIENTED_EDGE('',*,*,#1123,.F.);
#1482=ORIENTED_EDGE('',*,*,#1124,.F.);
#1483=ORIENTED_EDGE('',*,*,#1125,.F.);
#1484=ORIENTED_EDGE('',*,*,#1126,.F.);
#1485=ORIENTED_EDGE('',*,*,#1127,.F.);
#1486=ORIENTED_EDGE('',*,*,#1128,.F.);
#1487=ORIENTED_EDGE('',*,*,#1129,.T.);
#1488=ORIENTED_EDGE('',*,*,#1125,.T.);
#1489=ORIENTED_EDGE('',*,*,#1130,.T.);
#1490=ORIENTED_EDGE('',*,*,#1131,.F.);
#1491=ORIENTED_EDGE('',*,*,#1130,.F.);
#1492=ORIENTED_EDGE('',*,*,#1132,.F.);
#1493=ORIENTED_EDGE('',*,*,#1133,.F.);
#1494=ORIENTED_EDGE('',*,*,#1134,.F.);
#1495=ORIENTED_EDGE('',*,*,#1135,.T.);
#1496=ORIENTED_EDGE('',*,*,#1136,.T.);
#1497=ORIENTED_EDGE('',*,*,#1137,.T.);
#1498=ORIENTED_EDGE('',*,*,#1138,.F.);
#1499=ORIENTED_EDGE('',*,*,#1136,.F.);
#1500=ORIENTED_EDGE('',*,*,#1139,.F.);
#1501=ORIENTED_EDGE('',*,*,#1140,.F.);
#1502=ORIENTED_EDGE('',*,*,#1141,.F.);
#1503=ORIENTED_EDGE('',*,*,#1137,.F.);
#1504=ORIENTED_EDGE('',*,*,#1142,.F.);
#1505=ORIENTED_EDGE('',*,*,#1143,.F.);
#1506=ORIENTED_EDGE('',*,*,#1144,.F.);
#1507=ORIENTED_EDGE('',*,*,#1145,.F.);
#1508=ORIENTED_EDGE('',*,*,#1146,.F.);
#1509=ORIENTED_EDGE('',*,*,#1147,.T.);
#1510=ORIENTED_EDGE('',*,*,#1148,.T.);
#1511=ORIENTED_EDGE('',*,*,#1143,.T.);
#1512=ORIENTED_EDGE('',*,*,#1149,.F.);
#1513=ORIENTED_EDGE('',*,*,#1148,.F.);
#1514=ORIENTED_EDGE('',*,*,#1150,.F.);
#1515=ORIENTED_EDGE('',*,*,#1151,.F.);
#1516=ORIENTED_EDGE('',*,*,#1152,.F.);
#1517=ORIENTED_EDGE('',*,*,#1153,.F.);
#1518=ORIENTED_EDGE('',*,*,#1154,.F.);
#1519=ORIENTED_EDGE('',*,*,#1155,.F.);
#1520=ORIENTED_EDGE('',*,*,#1156,.T.);
#1521=ORIENTED_EDGE('',*,*,#1157,.T.);
#1522=ORIENTED_EDGE('',*,*,#1153,.T.);
#1523=ORIENTED_EDGE('',*,*,#1158,.F.);
#1524=ORIENTED_EDGE('',*,*,#1157,.F.);
#1525=ORIENTED_EDGE('',*,*,#1159,.F.);
#1526=ORIENTED_EDGE('',*,*,#1160,.F.);
#1527=ORIENTED_EDGE('',*,*,#1101,.T.);
#1528=ORIENTED_EDGE('',*,*,#1161,.T.);
#1529=ORIENTED_EDGE('',*,*,#1070,.F.);
#1530=ORIENTED_EDGE('',*,*,#1162,.T.);
#1531=ORIENTED_EDGE('',*,*,#1119,.T.);
#1532=ORIENTED_EDGE('',*,*,#1163,.T.);
#1533=ORIENTED_EDGE('',*,*,#1086,.F.);
#1534=ORIENTED_EDGE('',*,*,#1164,.T.);
#1535=ORIENTED_EDGE('',*,*,#1134,.T.);
#1536=ORIENTED_EDGE('',*,*,#1165,.T.);
#1537=ORIENTED_EDGE('',*,*,#1046,.F.);
#1538=ORIENTED_EDGE('',*,*,#1166,.T.);
#1539=ORIENTED_EDGE('',*,*,#1155,.T.);
#1540=ORIENTED_EDGE('',*,*,#1167,.T.);
#1541=ORIENTED_EDGE('',*,*,#1058,.F.);
#1542=ORIENTED_EDGE('',*,*,#1168,.T.);
#1543=ORIENTED_EDGE('',*,*,#1169,.F.);
#1544=ORIENTED_EDGE('',*,*,#1081,.F.);
#1545=ORIENTED_EDGE('',*,*,#1170,.F.);
#1546=ORIENTED_EDGE('',*,*,#1087,.F.);
#1547=ORIENTED_EDGE('',*,*,#1163,.F.);
#1548=ORIENTED_EDGE('',*,*,#1122,.T.);
#1549=ORIENTED_EDGE('',*,*,#1118,.T.);
#1550=ORIENTED_EDGE('',*,*,#1114,.T.);
#1551=ORIENTED_EDGE('',*,*,#1111,.F.);
#1552=ORIENTED_EDGE('',*,*,#1088,.F.);
#1553=ORIENTED_EDGE('',*,*,#1170,.T.);
#1554=ORIENTED_EDGE('',*,*,#1080,.F.);
#1555=ORIENTED_EDGE('',*,*,#1166,.F.);
#1556=ORIENTED_EDGE('',*,*,#1045,.F.);
#1557=ORIENTED_EDGE('',*,*,#1171,.F.);
#1558=ORIENTED_EDGE('',*,*,#1051,.F.);
#1559=ORIENTED_EDGE('',*,*,#1172,.F.);
#1560=ORIENTED_EDGE('',*,*,#1131,.T.);
#1561=ORIENTED_EDGE('',*,*,#1133,.T.);
#1562=ORIENTED_EDGE('',*,*,#1139,.T.);
#1563=ORIENTED_EDGE('',*,*,#1135,.F.);
#1564=ORIENTED_EDGE('',*,*,#1052,.F.);
#1565=ORIENTED_EDGE('',*,*,#1171,.T.);
#1566=ORIENTED_EDGE('',*,*,#1044,.F.);
#1567=ORIENTED_EDGE('',*,*,#1128,.T.);
#1568=ORIENTED_EDGE('',*,*,#1172,.T.);
#1569=ORIENTED_EDGE('',*,*,#1050,.F.);
#1570=ORIENTED_EDGE('',*,*,#1173,.T.);
#1571=ORIENTED_EDGE('',*,*,#1174,.F.);
#1572=ORIENTED_EDGE('',*,*,#1061,.F.);
#1573=ORIENTED_EDGE('',*,*,#1175,.F.);
#1574=ORIENTED_EDGE('',*,*,#1059,.F.);
#1575=ORIENTED_EDGE('',*,*,#1167,.F.);
#1576=ORIENTED_EDGE('',*,*,#1158,.T.);
#1577=ORIENTED_EDGE('',*,*,#1152,.T.);
#1578=ORIENTED_EDGE('',*,*,#1150,.T.);
#1579=ORIENTED_EDGE('',*,*,#1147,.F.);
#1580=ORIENTED_EDGE('',*,*,#1060,.F.);
#1581=ORIENTED_EDGE('',*,*,#1175,.T.);
#1582=ORIENTED_EDGE('',*,*,#1146,.T.);
#1583=ORIENTED_EDGE('',*,*,#1176,.T.);
#1584=ORIENTED_EDGE('',*,*,#1062,.F.);
#1585=ORIENTED_EDGE('',*,*,#1174,.T.);
#1586=ORIENTED_EDGE('',*,*,#1177,.F.);
#1587=ORIENTED_EDGE('',*,*,#1073,.F.);
#1588=ORIENTED_EDGE('',*,*,#1178,.F.);
#1589=ORIENTED_EDGE('',*,*,#1071,.F.);
#1590=ORIENTED_EDGE('',*,*,#1161,.F.);
#1591=ORIENTED_EDGE('',*,*,#1104,.T.);
#1592=ORIENTED_EDGE('',*,*,#1098,.T.);
#1593=ORIENTED_EDGE('',*,*,#1090,.T.);
#1594=ORIENTED_EDGE('',*,*,#1093,.F.);
#1595=ORIENTED_EDGE('',*,*,#1072,.F.);
#1596=ORIENTED_EDGE('',*,*,#1178,.T.);
#1597=ORIENTED_EDGE('',*,*,#1092,.T.);
#1598=ORIENTED_EDGE('',*,*,#1179,.T.);
#1599=ORIENTED_EDGE('',*,*,#1074,.F.);
#1600=ORIENTED_EDGE('',*,*,#1177,.T.);
#1601=ORIENTED_EDGE('',*,*,#1164,.F.);
#1602=ORIENTED_EDGE('',*,*,#1085,.F.);
#1603=ORIENTED_EDGE('',*,*,#1180,.F.);
#1604=ORIENTED_EDGE('',*,*,#1083,.F.);
#1605=ORIENTED_EDGE('',*,*,#1181,.F.);
#1606=ORIENTED_EDGE('',*,*,#1113,.T.);
#1607=ORIENTED_EDGE('',*,*,#1107,.T.);
#1608=ORIENTED_EDGE('',*,*,#1123,.T.);
#1609=ORIENTED_EDGE('',*,*,#1120,.F.);
#1610=ORIENTED_EDGE('',*,*,#1084,.F.);
#1611=ORIENTED_EDGE('',*,*,#1180,.T.);
#1612=ORIENTED_EDGE('',*,*,#1173,.F.);
#1613=ORIENTED_EDGE('',*,*,#1049,.F.);
#1614=ORIENTED_EDGE('',*,*,#1182,.F.);
#1615=ORIENTED_EDGE('',*,*,#1047,.F.);
#1616=ORIENTED_EDGE('',*,*,#1165,.F.);
#1617=ORIENTED_EDGE('',*,*,#1138,.T.);
#1618=ORIENTED_EDGE('',*,*,#1141,.T.);
#1619=ORIENTED_EDGE('',*,*,#1126,.T.);
#1620=ORIENTED_EDGE('',*,*,#1129,.F.);
#1621=ORIENTED_EDGE('',*,*,#1048,.F.);
#1622=ORIENTED_EDGE('',*,*,#1182,.T.);
#1623=ORIENTED_EDGE('',*,*,#1149,.T.);
#1624=ORIENTED_EDGE('',*,*,#1145,.T.);
#1625=ORIENTED_EDGE('',*,*,#1159,.T.);
#1626=ORIENTED_EDGE('',*,*,#1156,.F.);
#1627=ORIENTED_EDGE('',*,*,#1168,.F.);
#1628=ORIENTED_EDGE('',*,*,#1057,.F.);
#1629=ORIENTED_EDGE('',*,*,#1183,.F.);
#1630=ORIENTED_EDGE('',*,*,#1063,.F.);
#1631=ORIENTED_EDGE('',*,*,#1176,.F.);
#1632=ORIENTED_EDGE('',*,*,#1064,.F.);
#1633=ORIENTED_EDGE('',*,*,#1183,.T.);
#1634=ORIENTED_EDGE('',*,*,#1056,.F.);
#1635=ORIENTED_EDGE('',*,*,#1162,.F.);
#1636=ORIENTED_EDGE('',*,*,#1069,.F.);
#1637=ORIENTED_EDGE('',*,*,#1184,.F.);
#1638=ORIENTED_EDGE('',*,*,#1075,.F.);
#1639=ORIENTED_EDGE('',*,*,#1179,.F.);
#1640=ORIENTED_EDGE('',*,*,#1095,.T.);
#1641=ORIENTED_EDGE('',*,*,#1097,.T.);
#1642=ORIENTED_EDGE('',*,*,#1105,.T.);
#1643=ORIENTED_EDGE('',*,*,#1102,.F.);
#1644=ORIENTED_EDGE('',*,*,#1076,.F.);
#1645=ORIENTED_EDGE('',*,*,#1184,.T.);
#1646=ORIENTED_EDGE('',*,*,#1068,.F.);
#1647=ORIENTED_EDGE('',*,*,#1142,.T.);
#1648=ORIENTED_EDGE('',*,*,#1140,.T.);
#1649=ORIENTED_EDGE('',*,*,#1185,.T.);
#1650=ORIENTED_EDGE('',*,*,#1186,.F.);
#1651=ORIENTED_EDGE('',*,*,#1187,.F.);
#1652=ORIENTED_EDGE('',*,*,#1188,.F.);
#1653=ORIENTED_EDGE('',*,*,#1189,.F.);
#1654=ORIENTED_EDGE('',*,*,#1190,.F.);
#1655=ORIENTED_EDGE('',*,*,#1191,.F.);
#1656=ORIENTED_EDGE('',*,*,#1192,.F.);
#1657=ORIENTED_EDGE('',*,*,#1185,.F.);
#1658=ORIENTED_EDGE('',*,*,#1132,.T.);
#1659=ORIENTED_EDGE('',*,*,#1127,.T.);
#1660=ORIENTED_EDGE('',*,*,#1110,.T.);
#1661=ORIENTED_EDGE('',*,*,#1181,.T.);
#1662=ORIENTED_EDGE('',*,*,#1082,.F.);
#1663=ORIENTED_EDGE('',*,*,#1169,.T.);
#1664=ORIENTED_EDGE('',*,*,#1117,.T.);
#1665=ORIENTED_EDGE('',*,*,#1124,.T.);
#1666=ORIENTED_EDGE('',*,*,#1109,.T.);
#1667=ORIENTED_EDGE('',*,*,#1115,.T.);
#1668=ORIENTED_EDGE('',*,*,#1193,.T.);
#1669=ORIENTED_EDGE('',*,*,#1194,.F.);
#1670=ORIENTED_EDGE('',*,*,#1195,.F.);
#1671=ORIENTED_EDGE('',*,*,#1196,.F.);
#1672=ORIENTED_EDGE('',*,*,#1197,.F.);
#1673=ORIENTED_EDGE('',*,*,#1198,.F.);
#1674=ORIENTED_EDGE('',*,*,#1199,.F.);
#1675=ORIENTED_EDGE('',*,*,#1200,.F.);
#1676=ORIENTED_EDGE('',*,*,#1193,.F.);
#1677=ORIENTED_EDGE('',*,*,#1106,.T.);
#1678=ORIENTED_EDGE('',*,*,#1201,.T.);
#1679=ORIENTED_EDGE('',*,*,#1202,.F.);
#1680=ORIENTED_EDGE('',*,*,#1203,.F.);
#1681=ORIENTED_EDGE('',*,*,#1204,.F.);
#1682=ORIENTED_EDGE('',*,*,#1205,.F.);
#1683=ORIENTED_EDGE('',*,*,#1206,.F.);
#1684=ORIENTED_EDGE('',*,*,#1207,.F.);
#1685=ORIENTED_EDGE('',*,*,#1208,.F.);
#1686=ORIENTED_EDGE('',*,*,#1201,.F.);
#1687=ORIENTED_EDGE('',*,*,#1096,.T.);
#1688=ORIENTED_EDGE('',*,*,#1091,.T.);
#1689=ORIENTED_EDGE('',*,*,#1100,.T.);
#1690=ORIENTED_EDGE('',*,*,#1160,.T.);
#1691=ORIENTED_EDGE('',*,*,#1209,.T.);
#1692=ORIENTED_EDGE('',*,*,#1210,.F.);
#1693=ORIENTED_EDGE('',*,*,#1211,.F.);
#1694=ORIENTED_EDGE('',*,*,#1212,.F.);
#1695=ORIENTED_EDGE('',*,*,#1213,.F.);
#1696=ORIENTED_EDGE('',*,*,#1214,.F.);
#1697=ORIENTED_EDGE('',*,*,#1215,.F.);
#1698=ORIENTED_EDGE('',*,*,#1216,.F.);
#1699=ORIENTED_EDGE('',*,*,#1209,.F.);
#1700=ORIENTED_EDGE('',*,*,#1144,.T.);
#1701=ORIENTED_EDGE('',*,*,#1151,.T.);
#1702=ORIENTED_EDGE('',*,*,#1154,.T.);
#1703=ORIENTED_EDGE('',*,*,#1195,.T.);
#1704=ORIENTED_EDGE('',*,*,#1217,.T.);
#1705=ORIENTED_EDGE('',*,*,#1007,.F.);
#1706=ORIENTED_EDGE('',*,*,#1218,.F.);
#1707=ORIENTED_EDGE('',*,*,#1219,.F.);
#1708=ORIENTED_EDGE('',*,*,#1220,.T.);
#1709=ORIENTED_EDGE('',*,*,#1203,.T.);
#1710=ORIENTED_EDGE('',*,*,#1221,.T.);
#1711=ORIENTED_EDGE('',*,*,#1194,.T.);
#1712=ORIENTED_EDGE('',*,*,#1200,.T.);
#1713=ORIENTED_EDGE('',*,*,#1222,.T.);
#1714=ORIENTED_EDGE('',*,*,#1008,.F.);
#1715=ORIENTED_EDGE('',*,*,#1217,.F.);
#1716=ORIENTED_EDGE('',*,*,#1204,.T.);
#1717=ORIENTED_EDGE('',*,*,#1220,.F.);
#1718=ORIENTED_EDGE('',*,*,#1223,.F.);
#1719=ORIENTED_EDGE('',*,*,#1224,.T.);
#1720=ORIENTED_EDGE('',*,*,#1199,.T.);
#1721=ORIENTED_EDGE('',*,*,#1225,.T.);
#1722=ORIENTED_EDGE('',*,*,#1009,.F.);
#1723=ORIENTED_EDGE('',*,*,#1222,.F.);
#1724=ORIENTED_EDGE('',*,*,#1205,.T.);
#1725=ORIENTED_EDGE('',*,*,#1224,.F.);
#1726=ORIENTED_EDGE('',*,*,#1226,.F.);
#1727=ORIENTED_EDGE('',*,*,#1227,.T.);
#1728=ORIENTED_EDGE('',*,*,#1187,.T.);
#1729=ORIENTED_EDGE('',*,*,#1228,.T.);
#1730=ORIENTED_EDGE('',*,*,#1019,.F.);
#1731=ORIENTED_EDGE('',*,*,#1229,.F.);
#1732=ORIENTED_EDGE('',*,*,#1230,.F.);
#1733=ORIENTED_EDGE('',*,*,#1231,.T.);
#1734=ORIENTED_EDGE('',*,*,#1211,.T.);
#1735=ORIENTED_EDGE('',*,*,#1232,.T.);
#1736=ORIENTED_EDGE('',*,*,#1186,.T.);
#1737=ORIENTED_EDGE('',*,*,#1192,.T.);
#1738=ORIENTED_EDGE('',*,*,#1233,.T.);
#1739=ORIENTED_EDGE('',*,*,#1020,.F.);
#1740=ORIENTED_EDGE('',*,*,#1228,.F.);
#1741=ORIENTED_EDGE('',*,*,#1212,.T.);
#1742=ORIENTED_EDGE('',*,*,#1231,.F.);
#1743=ORIENTED_EDGE('',*,*,#1234,.F.);
#1744=ORIENTED_EDGE('',*,*,#1235,.T.);
#1745=ORIENTED_EDGE('',*,*,#1191,.T.);
#1746=ORIENTED_EDGE('',*,*,#1236,.T.);
#1747=ORIENTED_EDGE('',*,*,#1021,.F.);
#1748=ORIENTED_EDGE('',*,*,#1233,.F.);
#1749=ORIENTED_EDGE('',*,*,#1213,.T.);
#1750=ORIENTED_EDGE('',*,*,#1235,.F.);
#1751=ORIENTED_EDGE('',*,*,#1237,.F.);
#1752=ORIENTED_EDGE('',*,*,#1238,.T.);
#1753=ORIENTED_EDGE('',*,*,#1239,.F.);
#1754=ORIENTED_EDGE('',*,*,#1240,.T.);
#1755=ORIENTED_EDGE('',*,*,#1025,.F.);
#1756=ORIENTED_EDGE('',*,*,#1241,.F.);
#1757=ORIENTED_EDGE('',*,*,#1242,.F.);
#1758=ORIENTED_EDGE('',*,*,#1241,.T.);
#1759=ORIENTED_EDGE('',*,*,#1024,.F.);
#1760=ORIENTED_EDGE('',*,*,#1243,.F.);
#1761=ORIENTED_EDGE('',*,*,#1244,.F.);
#1762=ORIENTED_EDGE('',*,*,#1243,.T.);
#1763=ORIENTED_EDGE('',*,*,#1023,.F.);
#1764=ORIENTED_EDGE('',*,*,#1245,.F.);
#1765=ORIENTED_EDGE('',*,*,#1190,.T.);
#1766=ORIENTED_EDGE('',*,*,#1246,.F.);
#1767=ORIENTED_EDGE('',*,*,#1214,.T.);
#1768=ORIENTED_EDGE('',*,*,#1238,.F.);
#1769=ORIENTED_EDGE('',*,*,#1247,.F.);
#1770=ORIENTED_EDGE('',*,*,#1245,.T.);
#1771=ORIENTED_EDGE('',*,*,#1022,.F.);
#1772=ORIENTED_EDGE('',*,*,#1236,.F.);
#1773=ORIENTED_EDGE('',*,*,#1189,.T.);
#1774=ORIENTED_EDGE('',*,*,#1248,.F.);
#1775=ORIENTED_EDGE('',*,*,#1215,.T.);
#1776=ORIENTED_EDGE('',*,*,#1246,.T.);
#1777=ORIENTED_EDGE('',*,*,#1188,.T.);
#1778=ORIENTED_EDGE('',*,*,#1232,.F.);
#1779=ORIENTED_EDGE('',*,*,#1210,.T.);
#1780=ORIENTED_EDGE('',*,*,#1216,.T.);
#1781=ORIENTED_EDGE('',*,*,#1248,.T.);
#1782=ORIENTED_EDGE('',*,*,#1249,.F.);
#1783=ORIENTED_EDGE('',*,*,#1229,.T.);
#1784=ORIENTED_EDGE('',*,*,#1018,.F.);
#1785=ORIENTED_EDGE('',*,*,#1250,.F.);
#1786=ORIENTED_EDGE('',*,*,#1251,.F.);
#1787=ORIENTED_EDGE('',*,*,#1250,.T.);
#1788=ORIENTED_EDGE('',*,*,#1017,.F.);
#1789=ORIENTED_EDGE('',*,*,#1252,.F.);
#1790=ORIENTED_EDGE('',*,*,#1253,.F.);
#1791=ORIENTED_EDGE('',*,*,#1252,.T.);
#1792=ORIENTED_EDGE('',*,*,#1016,.F.);
#1793=ORIENTED_EDGE('',*,*,#1254,.F.);
#1794=ORIENTED_EDGE('',*,*,#1255,.F.);
#1795=ORIENTED_EDGE('',*,*,#1254,.T.);
#1796=ORIENTED_EDGE('',*,*,#1015,.F.);
#1797=ORIENTED_EDGE('',*,*,#1256,.F.);
#1798=ORIENTED_EDGE('',*,*,#1257,.F.);
#1799=ORIENTED_EDGE('',*,*,#1256,.T.);
#1800=ORIENTED_EDGE('',*,*,#1014,.F.);
#1801=ORIENTED_EDGE('',*,*,#1258,.F.);
#1802=ORIENTED_EDGE('',*,*,#1259,.F.);
#1803=ORIENTED_EDGE('',*,*,#1258,.T.);
#1804=ORIENTED_EDGE('',*,*,#1013,.F.);
#1805=ORIENTED_EDGE('',*,*,#1260,.F.);
#1806=ORIENTED_EDGE('',*,*,#1261,.F.);
#1807=ORIENTED_EDGE('',*,*,#1260,.T.);
#1808=ORIENTED_EDGE('',*,*,#1012,.F.);
#1809=ORIENTED_EDGE('',*,*,#1262,.F.);
#1810=ORIENTED_EDGE('',*,*,#1263,.F.);
#1811=ORIENTED_EDGE('',*,*,#1262,.T.);
#1812=ORIENTED_EDGE('',*,*,#1011,.F.);
#1813=ORIENTED_EDGE('',*,*,#1264,.F.);
#1814=ORIENTED_EDGE('',*,*,#1198,.T.);
#1815=ORIENTED_EDGE('',*,*,#1265,.F.);
#1816=ORIENTED_EDGE('',*,*,#1206,.T.);
#1817=ORIENTED_EDGE('',*,*,#1227,.F.);
#1818=ORIENTED_EDGE('',*,*,#1266,.F.);
#1819=ORIENTED_EDGE('',*,*,#1264,.T.);
#1820=ORIENTED_EDGE('',*,*,#1010,.F.);
#1821=ORIENTED_EDGE('',*,*,#1225,.F.);
#1822=ORIENTED_EDGE('',*,*,#1197,.T.);
#1823=ORIENTED_EDGE('',*,*,#1267,.F.);
#1824=ORIENTED_EDGE('',*,*,#1207,.T.);
#1825=ORIENTED_EDGE('',*,*,#1265,.T.);
#1826=ORIENTED_EDGE('',*,*,#1196,.T.);
#1827=ORIENTED_EDGE('',*,*,#1221,.F.);
#1828=ORIENTED_EDGE('',*,*,#1202,.T.);
#1829=ORIENTED_EDGE('',*,*,#1208,.T.);
#1830=ORIENTED_EDGE('',*,*,#1267,.T.);
#1831=ORIENTED_EDGE('',*,*,#1268,.F.);
#1832=ORIENTED_EDGE('',*,*,#1218,.T.);
#1833=ORIENTED_EDGE('',*,*,#1006,.F.);
#1834=ORIENTED_EDGE('',*,*,#1269,.F.);
#1835=ORIENTED_EDGE('',*,*,#1270,.F.);
#1836=ORIENTED_EDGE('',*,*,#1269,.T.);
#1837=ORIENTED_EDGE('',*,*,#1005,.F.);
#1838=ORIENTED_EDGE('',*,*,#1271,.F.);
#1839=ORIENTED_EDGE('',*,*,#1272,.F.);
#1840=ORIENTED_EDGE('',*,*,#1271,.T.);
#1841=ORIENTED_EDGE('',*,*,#1004,.F.);
#1842=ORIENTED_EDGE('',*,*,#1036,.F.);
#1843=ORIENTED_EDGE('',*,*,#1039,.F.);
#1844=ORIENTED_EDGE('',*,*,#998,.T.);
#1845=ORIENTED_EDGE('',*,*,#1001,.F.);
#1846=ORIENTED_EDGE('',*,*,#1026,.F.);
#1847=ORIENTED_EDGE('',*,*,#1240,.F.);
#1848=ORIENTED_EDGE('',*,*,#1273,.F.);
#1849=ORIENTED_EDGE('',*,*,#980,.F.);
#1850=ORIENTED_EDGE('',*,*,#1040,.F.);
#1851=ORIENTED_EDGE('',*,*,#1273,.T.);
#1852=ORIENTED_EDGE('',*,*,#1239,.T.);
#1853=ORIENTED_EDGE('',*,*,#1242,.T.);
#1854=ORIENTED_EDGE('',*,*,#1244,.T.);
#1855=ORIENTED_EDGE('',*,*,#1247,.T.);
#1856=ORIENTED_EDGE('',*,*,#1237,.T.);
#1857=ORIENTED_EDGE('',*,*,#1234,.T.);
#1858=ORIENTED_EDGE('',*,*,#1230,.T.);
#1859=ORIENTED_EDGE('',*,*,#1249,.T.);
#1860=ORIENTED_EDGE('',*,*,#1251,.T.);
#1861=ORIENTED_EDGE('',*,*,#1253,.T.);
#1862=ORIENTED_EDGE('',*,*,#1255,.T.);
#1863=ORIENTED_EDGE('',*,*,#1257,.T.);
#1864=ORIENTED_EDGE('',*,*,#1259,.T.);
#1865=ORIENTED_EDGE('',*,*,#1261,.T.);
#1866=ORIENTED_EDGE('',*,*,#1263,.T.);
#1867=ORIENTED_EDGE('',*,*,#1266,.T.);
#1868=ORIENTED_EDGE('',*,*,#1226,.T.);
#1869=ORIENTED_EDGE('',*,*,#1223,.T.);
#1870=ORIENTED_EDGE('',*,*,#1219,.T.);
#1871=ORIENTED_EDGE('',*,*,#1268,.T.);
#1872=ORIENTED_EDGE('',*,*,#1270,.T.);
#1873=ORIENTED_EDGE('',*,*,#1272,.T.);
#1874=ORIENTED_EDGE('',*,*,#1035,.T.);
#1875=ORIENTED_EDGE('',*,*,#1038,.F.);
#1876=PLANE('',#2096);
#1877=PLANE('',#2097);
#1878=PLANE('',#2098);
#1879=PLANE('',#2099);
#1880=PLANE('',#2100);
#1881=PLANE('',#2101);
#1882=PLANE('',#2102);
#1883=PLANE('',#2103);
#1884=PLANE('',#2104);
#1885=PLANE('',#2105);
#1886=PLANE('',#2106);
#1887=PLANE('',#2107);
#1888=PLANE('',#2108);
#1889=PLANE('',#2113);
#1890=PLANE('',#2114);
#1891=PLANE('',#2115);
#1892=PLANE('',#2116);
#1893=PLANE('',#2149);
#1894=PLANE('',#2151);
#1895=PLANE('',#2152);
#1896=PLANE('',#2154);
#1897=PLANE('',#2156);
#1898=PLANE('',#2157);
#1899=PLANE('',#2159);
#1900=PLANE('',#2161);
#1901=PLANE('',#2162);
#1902=PLANE('',#2164);
#1903=PLANE('',#2166);
#1904=PLANE('',#2167);
#1905=PLANE('',#2169);
#1906=PLANE('',#2171);
#1907=PLANE('',#2172);
#1908=PLANE('',#2174);
#1909=PLANE('',#2175);
#1910=PLANE('',#2177);
#1911=PLANE('',#2179);
#1912=PLANE('',#2181);
#1913=PLANE('',#2182);
#1914=PLANE('',#2184);
#1915=PLANE('',#2186);
#1916=PLANE('',#2187);
#1917=PLANE('',#2189);
#1918=PLANE('',#2190);
#1919=PLANE('',#2191);
#1920=PLANE('',#2192);
#1921=PLANE('',#2193);
#1922=PLANE('',#2194);
#1923=PLANE('',#2195);
#1924=PLANE('',#2196);
#1925=PLANE('',#2197);
#1926=PLANE('',#2198);
#1927=PLANE('',#2199);
#1928=PLANE('',#2200);
#1929=PLANE('',#2201);
#1930=PLANE('',#2202);
#1931=PLANE('',#2203);
#1932=PLANE('',#2204);
#1933=PLANE('',#2205);
#1934=PLANE('',#2206);
#1935=PLANE('',#2207);
#1936=PLANE('',#2208);
#1937=PLANE('',#2209);
#1938=PLANE('',#2210);
#1939=PLANE('',#2211);
#1940=PLANE('',#2220);
#1941=PLANE('',#2245);
#1942=PLANE('',#2246);
#1943=PLANE('',#2247);
#1944=PLANE('',#2248);
#1945=PLANE('',#2249);
#1946=PLANE('',#2250);
#1947=PLANE('',#2251);
#1948=PLANE('',#2252);
#1949=PLANE('',#2253);
#1950=PLANE('',#2254);
#1951=PLANE('',#2255);
#1952=PLANE('',#2256);
#1953=PLANE('',#2257);
#1954=PLANE('',#2258);
#1955=PLANE('',#2259);
#1956=PLANE('',#2260);
#1957=PLANE('',#2261);
#1958=PLANE('',#2262);
#1959=PLANE('',#2263);
#1960=PLANE('',#2264);
#1961=PLANE('',#2265);
#1962=PLANE('',#2266);
#1963=PLANE('',#2267);
#1964=PLANE('',#2268);
#1965=PLANE('',#2269);
#1966=PLANE('',#2270);
#1967=PLANE('',#2271);
#1968=PLANE('',#2272);
#1969=PLANE('',#2273);
#1970=PLANE('',#2274);
#1971=PLANE('',#2275);
#1972=PLANE('',#2276);
#1973=ADVANCED_FACE('',(#103),#1876,.T.);
#1974=ADVANCED_FACE('',(#104),#1877,.T.);
#1975=ADVANCED_FACE('',(#105),#1878,.T.);
#1976=ADVANCED_FACE('',(#106),#1879,.T.);
#1977=ADVANCED_FACE('',(#107),#1880,.T.);
#1978=ADVANCED_FACE('',(#108),#1881,.T.);
#1979=ADVANCED_FACE('',(#109),#1882,.T.);
#1980=ADVANCED_FACE('',(#110),#1883,.T.);
#1981=ADVANCED_FACE('',(#111),#1884,.T.);
#1982=ADVANCED_FACE('',(#112),#1885,.T.);
#1983=ADVANCED_FACE('',(#113),#1886,.T.);
#1984=ADVANCED_FACE('',(#114),#1887,.T.);
#1985=ADVANCED_FACE('',(#115,#55,#56,#57,#58),#1888,.T.);
#1986=ADVANCED_FACE('',(#116),#1889,.T.);
#1987=ADVANCED_FACE('',(#117),#1890,.T.);
#1988=ADVANCED_FACE('',(#118),#1891,.T.);
#1989=ADVANCED_FACE('',(#119),#1892,.T.);
#1990=ADVANCED_FACE('',(#120),#51,.F.);
#1991=ADVANCED_FACE('',(#121),#43,.F.);
#1992=ADVANCED_FACE('',(#122),#52,.F.);
#1993=ADVANCED_FACE('',(#123),#44,.F.);
#1994=ADVANCED_FACE('',(#124),#53,.F.);
#1995=ADVANCED_FACE('',(#125),#45,.F.);
#1996=ADVANCED_FACE('',(#126),#54,.F.);
#1997=ADVANCED_FACE('',(#127),#46,.F.);
#1998=ADVANCED_FACE('',(#128),#1893,.T.);
#1999=ADVANCED_FACE('',(#129),#1894,.F.);
#2000=ADVANCED_FACE('',(#130),#1895,.T.);
#2001=ADVANCED_FACE('',(#131),#1896,.T.);
#2002=ADVANCED_FACE('',(#132),#1897,.F.);
#2003=ADVANCED_FACE('',(#133),#1898,.T.);
#2004=ADVANCED_FACE('',(#134),#1899,.T.);
#2005=ADVANCED_FACE('',(#135),#1900,.F.);
#2006=ADVANCED_FACE('',(#136),#1901,.T.);
#2007=ADVANCED_FACE('',(#137),#1902,.T.);
#2008=ADVANCED_FACE('',(#138),#1903,.F.);
#2009=ADVANCED_FACE('',(#139),#1904,.T.);
#2010=ADVANCED_FACE('',(#140),#1905,.T.);
#2011=ADVANCED_FACE('',(#141),#1906,.F.);
#2012=ADVANCED_FACE('',(#142),#1907,.T.);
#2013=ADVANCED_FACE('',(#143),#1908,.F.);
#2014=ADVANCED_FACE('',(#144),#1909,.T.);
#2015=ADVANCED_FACE('',(#145),#1910,.T.);
#2016=ADVANCED_FACE('',(#146),#1911,.T.);
#2017=ADVANCED_FACE('',(#147),#1912,.F.);
#2018=ADVANCED_FACE('',(#148),#1913,.T.);
#2019=ADVANCED_FACE('',(#149),#1914,.T.);
#2020=ADVANCED_FACE('',(#150),#1915,.F.);
#2021=ADVANCED_FACE('',(#151),#1916,.T.);
#2022=ADVANCED_FACE('',(#152),#1917,.F.);
#2023=ADVANCED_FACE('',(#153),#1918,.F.);
#2024=ADVANCED_FACE('',(#154),#1919,.F.);
#2025=ADVANCED_FACE('',(#155),#1920,.F.);
#2026=ADVANCED_FACE('',(#156),#1921,.T.);
#2027=ADVANCED_FACE('',(#157),#1922,.T.);
#2028=ADVANCED_FACE('',(#158),#1923,.T.);
#2029=ADVANCED_FACE('',(#159),#1924,.T.);
#2030=ADVANCED_FACE('',(#160),#1925,.F.);
#2031=ADVANCED_FACE('',(#161),#1926,.T.);
#2032=ADVANCED_FACE('',(#162),#1927,.T.);
#2033=ADVANCED_FACE('',(#163),#1928,.F.);
#2034=ADVANCED_FACE('',(#164),#1929,.T.);
#2035=ADVANCED_FACE('',(#165),#1930,.T.);
#2036=ADVANCED_FACE('',(#166),#1931,.F.);
#2037=ADVANCED_FACE('',(#167),#1932,.T.);
#2038=ADVANCED_FACE('',(#168),#1933,.T.);
#2039=ADVANCED_FACE('',(#169),#1934,.T.);
#2040=ADVANCED_FACE('',(#170),#1935,.T.);
#2041=ADVANCED_FACE('',(#171),#1936,.T.);
#2042=ADVANCED_FACE('',(#172),#1937,.T.);
#2043=ADVANCED_FACE('',(#173),#1938,.T.);
#2044=ADVANCED_FACE('',(#174),#1939,.T.);
#2045=ADVANCED_FACE('',(#175),#47,.F.);
#2046=ADVANCED_FACE('',(#176),#1940,.F.);
#2047=ADVANCED_FACE('',(#177),#48,.F.);
#2048=ADVANCED_FACE('',(#178),#49,.F.);
#2049=ADVANCED_FACE('',(#179),#50,.F.);
#2050=ADVANCED_FACE('',(#180),#1941,.T.);
#2051=ADVANCED_FACE('',(#181),#1942,.T.);
#2052=ADVANCED_FACE('',(#182),#1943,.T.);
#2053=ADVANCED_FACE('',(#183),#1944,.T.);
#2054=ADVANCED_FACE('',(#184),#1945,.T.);
#2055=ADVANCED_FACE('',(#185),#1946,.T.);
#2056=ADVANCED_FACE('',(#186),#1947,.T.);
#2057=ADVANCED_FACE('',(#187),#1948,.T.);
#2058=ADVANCED_FACE('',(#188),#1949,.T.);
#2059=ADVANCED_FACE('',(#189),#1950,.T.);
#2060=ADVANCED_FACE('',(#190),#1951,.T.);
#2061=ADVANCED_FACE('',(#191),#1952,.T.);
#2062=ADVANCED_FACE('',(#192),#1953,.T.);
#2063=ADVANCED_FACE('',(#193),#1954,.T.);
#2064=ADVANCED_FACE('',(#194),#1955,.T.);
#2065=ADVANCED_FACE('',(#195),#1956,.T.);
#2066=ADVANCED_FACE('',(#196),#1957,.T.);
#2067=ADVANCED_FACE('',(#197),#1958,.T.);
#2068=ADVANCED_FACE('',(#198),#1959,.T.);
#2069=ADVANCED_FACE('',(#199),#1960,.T.);
#2070=ADVANCED_FACE('',(#200),#1961,.T.);
#2071=ADVANCED_FACE('',(#201),#1962,.T.);
#2072=ADVANCED_FACE('',(#202),#1963,.T.);
#2073=ADVANCED_FACE('',(#203),#1964,.T.);
#2074=ADVANCED_FACE('',(#204),#1965,.T.);
#2075=ADVANCED_FACE('',(#205),#1966,.T.);
#2076=ADVANCED_FACE('',(#206),#1967,.T.);
#2077=ADVANCED_FACE('',(#207),#1968,.T.);
#2078=ADVANCED_FACE('',(#208),#1969,.T.);
#2079=ADVANCED_FACE('',(#209),#1970,.T.);
#2080=ADVANCED_FACE('',(#210),#1971,.T.);
#2081=ADVANCED_FACE('',(#211),#1972,.F.);
#2082=CLOSED_SHELL('',(#1973,#1974,#1975,#1976,#1977,#1978,#1979,#1980,
#1981,#1982,#1983,#1984,#1985,#1986,#1987,#1988,#1989,#1990,#1991,#1992,
#1993,#1994,#1995,#1996,#1997,#1998,#1999,#2000,#2001,#2002,#2003,#2004,
#2005,#2006,#2007,#2008,#2009,#2010,#2011,#2012,#2013,#2014,#2015,#2016,
#2017,#2018,#2019,#2020,#2021,#2022,#2023,#2024,#2025,#2026,#2027,#2028,
#2029,#2030,#2031,#2032,#2033,#2034,#2035,#2036,#2037,#2038,#2039,#2040,
#2041,#2042,#2043,#2044,#2045,#2046,#2047,#2048,#2049,#2050,#2051,#2052,
#2053,#2054,#2055,#2056,#2057,#2058,#2059,#2060,#2061,#2062,#2063,#2064,
#2065,#2066,#2067,#2068,#2069,#2070,#2071,#2072,#2073,#2074,#2075,#2076,
#2077,#2078,#2079,#2080,#2081));
#2083=DERIVED_UNIT_ELEMENT(#2085,1.);
#2084=DERIVED_UNIT_ELEMENT(#3476,-3.);
#2085=(
MASS_UNIT()
NAMED_UNIT(*)
SI_UNIT(.KILO.,.GRAM.)
);
#2086=DERIVED_UNIT((#2083,#2084));
#2087=MEASURE_REPRESENTATION_ITEM('density measure',
POSITIVE_RATIO_MEASURE(7850.),#2086);
#2088=PROPERTY_DEFINITION_REPRESENTATION(#2093,#2090);
#2089=PROPERTY_DEFINITION_REPRESENTATION(#2094,#2091);
#2090=REPRESENTATION('material name',(#2092),#3473);
#2091=REPRESENTATION('density',(#2087),#3473);
#2092=DESCRIPTIVE_REPRESENTATION_ITEM('Steel','Steel');
#2093=PROPERTY_DEFINITION('material property','material name',#3483);
#2094=PROPERTY_DEFINITION('material property','density of part',#3483);
#2095=AXIS2_PLACEMENT_3D('',#2870,#2277,#2278);
#2096=AXIS2_PLACEMENT_3D('',#2871,#2279,#2280);
#2097=AXIS2_PLACEMENT_3D('',#2880,#2285,#2286);
#2098=AXIS2_PLACEMENT_3D('',#2886,#2290,#2291);
#2099=AXIS2_PLACEMENT_3D('',#2892,#2295,#2296);
#2100=AXIS2_PLACEMENT_3D('',#2901,#2301,#2302);
#2101=AXIS2_PLACEMENT_3D('',#2907,#2306,#2307);
#2102=AXIS2_PLACEMENT_3D('',#2910,#2310,#2311);
#2103=AXIS2_PLACEMENT_3D('',#2916,#2315,#2316);
#2104=AXIS2_PLACEMENT_3D('',#2919,#2319,#2320);
#2105=AXIS2_PLACEMENT_3D('',#2925,#2324,#2325);
#2106=AXIS2_PLACEMENT_3D('',#2929,#2328,#2329);
#2107=AXIS2_PLACEMENT_3D('',#2979,#2355,#2356);
#2108=AXIS2_PLACEMENT_3D('',#2983,#2359,#2360);
#2109=AXIS2_PLACEMENT_3D('',#2985,#2361,#2362);
#2110=AXIS2_PLACEMENT_3D('',#2987,#2363,#2364);
#2111=AXIS2_PLACEMENT_3D('',#2989,#2365,#2366);
#2112=AXIS2_PLACEMENT_3D('',#2991,#2367,#2368);
#2113=AXIS2_PLACEMENT_3D('',#2992,#2369,#2370);
#2114=AXIS2_PLACEMENT_3D('',#3000,#2375,#2376);
#2115=AXIS2_PLACEMENT_3D('',#3002,#2378,#2379);
#2116=AXIS2_PLACEMENT_3D('',#3004,#2381,#2382);
#2117=AXIS2_PLACEMENT_3D('',#3008,#2385,#2386);
#2118=AXIS2_PLACEMENT_3D('',#3011,#2388,#2389);
#2119=AXIS2_PLACEMENT_3D('',#3012,#2390,#2391);
#2120=AXIS2_PLACEMENT_3D('',#3016,#2393,#2394);
#2121=AXIS2_PLACEMENT_3D('',#3020,#2396,#2397);
#2122=AXIS2_PLACEMENT_3D('',#3024,#2399,#2400);
#2123=AXIS2_PLACEMENT_3D('',#3028,#2402,#2403);
#2124=AXIS2_PLACEMENT_3D('',#3031,#2405,#2406);
#2125=AXIS2_PLACEMENT_3D('',#3032,#2407,#2408);
#2126=AXIS2_PLACEMENT_3D('',#3035,#2410,#2411);
#2127=AXIS2_PLACEMENT_3D('',#3036,#2412,#2413);
#2128=AXIS2_PLACEMENT_3D('',#3040,#2415,#2416);
#2129=AXIS2_PLACEMENT_3D('',#3044,#2418,#2419);
#2130=AXIS2_PLACEMENT_3D('',#3048,#2421,#2422);
#2131=AXIS2_PLACEMENT_3D('',#3052,#2424,#2425);
#2132=AXIS2_PLACEMENT_3D('',#3055,#2427,#2428);
#2133=AXIS2_PLACEMENT_3D('',#3056,#2429,#2430);
#2134=AXIS2_PLACEMENT_3D('',#3059,#2432,#2433);
#2135=AXIS2_PLACEMENT_3D('',#3060,#2434,#2435);
#2136=AXIS2_PLACEMENT_3D('',#3064,#2437,#2438);
#2137=AXIS2_PLACEMENT_3D('',#3068,#2440,#2441);
#2138=AXIS2_PLACEMENT_3D('',#3072,#2443,#2444);
#2139=AXIS2_PLACEMENT_3D('',#3076,#2446,#2447);
#2140=AXIS2_PLACEMENT_3D('',#3079,#2449,#2450);
#2141=AXIS2_PLACEMENT_3D('',#3080,#2451,#2452);
#2142=AXIS2_PLACEMENT_3D('',#3083,#2454,#2455);
#2143=AXIS2_PLACEMENT_3D('',#3084,#2456,#2457);
#2144=AXIS2_PLACEMENT_3D('',#3088,#2459,#2460);
#2145=AXIS2_PLACEMENT_3D('',#3092,#2462,#2463);
#2146=AXIS2_PLACEMENT_3D('',#3096,#2465,#2466);
#2147=AXIS2_PLACEMENT_3D('',#3100,#2468,#2469);
#2148=AXIS2_PLACEMENT_3D('',#3103,#2471,#2472);
#2149=AXIS2_PLACEMENT_3D('',#3104,#2473,#2474);
#2150=AXIS2_PLACEMENT_3D('',#3110,#2477,#2478);
#2151=AXIS2_PLACEMENT_3D('',#3111,#2479,#2480);
#2152=AXIS2_PLACEMENT_3D('',#3119,#2485,#2486);
#2153=AXIS2_PLACEMENT_3D('',#3121,#2487,#2488);
#2154=AXIS2_PLACEMENT_3D('',#3123,#2490,#2491);
#2155=AXIS2_PLACEMENT_3D('',#3128,#2494,#2495);
#2156=AXIS2_PLACEMENT_3D('',#3129,#2496,#2497);
#2157=AXIS2_PLACEMENT_3D('',#3137,#2502,#2503);
#2158=AXIS2_PLACEMENT_3D('',#3139,#2505,#2506);
#2159=AXIS2_PLACEMENT_3D('',#3140,#2507,#2508);
#2160=AXIS2_PLACEMENT_3D('',#3146,#2511,#2512);
#2161=AXIS2_PLACEMENT_3D('',#3147,#2513,#2514);
#2162=AXIS2_PLACEMENT_3D('',#3155,#2519,#2520);
#2163=AXIS2_PLACEMENT_3D('',#3158,#2522,#2523);
#2164=AXIS2_PLACEMENT_3D('',#3159,#2524,#2525);
#2165=AXIS2_PLACEMENT_3D('',#3163,#2527,#2528);
#2166=AXIS2_PLACEMENT_3D('',#3165,#2530,#2531);
#2167=AXIS2_PLACEMENT_3D('',#3173,#2536,#2537);
#2168=AXIS2_PLACEMENT_3D('',#3175,#2539,#2540);
#2169=AXIS2_PLACEMENT_3D('',#3176,#2541,#2542);
#2170=AXIS2_PLACEMENT_3D('',#3182,#2545,#2546);
#2171=AXIS2_PLACEMENT_3D('',#3183,#2547,#2548);
#2172=AXIS2_PLACEMENT_3D('',#3191,#2553,#2554);
#2173=AXIS2_PLACEMENT_3D('',#3193,#2555,#2556);
#2174=AXIS2_PLACEMENT_3D('',#3195,#2558,#2559);
#2175=AXIS2_PLACEMENT_3D('',#3206,#2565,#2566);
#2176=AXIS2_PLACEMENT_3D('',#3208,#2568,#2569);
#2177=AXIS2_PLACEMENT_3D('',#3209,#2570,#2571);
#2178=AXIS2_PLACEMENT_3D('',#3211,#2573,#2574);
#2179=AXIS2_PLACEMENT_3D('',#3212,#2575,#2576);
#2180=AXIS2_PLACEMENT_3D('',#3217,#2578,#2579);
#2181=AXIS2_PLACEMENT_3D('',#3219,#2581,#2582);
#2182=AXIS2_PLACEMENT_3D('',#3227,#2587,#2588);
#2183=AXIS2_PLACEMENT_3D('',#3230,#2590,#2591);
#2184=AXIS2_PLACEMENT_3D('',#3231,#2592,#2593);
#2185=AXIS2_PLACEMENT_3D('',#3236,#2596,#2597);
#2186=AXIS2_PLACEMENT_3D('',#3237,#2598,#2599);
#2187=AXIS2_PLACEMENT_3D('',#3245,#2604,#2605);
#2188=AXIS2_PLACEMENT_3D('',#3247,#2607,#2608);
#2189=AXIS2_PLACEMENT_3D('',#3248,#2609,#2610);
#2190=AXIS2_PLACEMENT_3D('',#3251,#2613,#2614);
#2191=AXIS2_PLACEMENT_3D('',#3254,#2617,#2618);
#2192=AXIS2_PLACEMENT_3D('',#3257,#2621,#2622);
#2193=AXIS2_PLACEMENT_3D('',#3260,#2625,#2626);
#2194=AXIS2_PLACEMENT_3D('',#3263,#2629,#2630);
#2195=AXIS2_PLACEMENT_3D('',#3264,#2631,#2632);
#2196=AXIS2_PLACEMENT_3D('',#3267,#2635,#2636);
#2197=AXIS2_PLACEMENT_3D('',#3268,#2637,#2638);
#2198=AXIS2_PLACEMENT_3D('',#3270,#2640,#2641);
#2199=AXIS2_PLACEMENT_3D('',#3273,#2644,#2645);
#2200=AXIS2_PLACEMENT_3D('',#3274,#2646,#2647);
#2201=AXIS2_PLACEMENT_3D('',#3276,#2649,#2650);
#2202=AXIS2_PLACEMENT_3D('',#3279,#2653,#2654);
#2203=AXIS2_PLACEMENT_3D('',#3280,#2655,#2656);
#2204=AXIS2_PLACEMENT_3D('',#3282,#2658,#2659);
#2205=AXIS2_PLACEMENT_3D('',#3285,#2662,#2663);
#2206=AXIS2_PLACEMENT_3D('',#3286,#2664,#2665);
#2207=AXIS2_PLACEMENT_3D('',#3288,#2667,#2668);
#2208=AXIS2_PLACEMENT_3D('',#3289,#2669,#2670);
#2209=AXIS2_PLACEMENT_3D('',#3291,#2672,#2673);
#2210=AXIS2_PLACEMENT_3D('',#3292,#2674,#2675);
#2211=AXIS2_PLACEMENT_3D('',#3294,#2677,#2678);
#2212=AXIS2_PLACEMENT_3D('',#3295,#2679,#2680);
#2213=AXIS2_PLACEMENT_3D('',#3299,#2682,#2683);
#2214=AXIS2_PLACEMENT_3D('',#3301,#2684,#2685);
#2215=AXIS2_PLACEMENT_3D('',#3303,#2686,#2687);
#2216=AXIS2_PLACEMENT_3D('',#3305,#2688,#2689);
#2217=AXIS2_PLACEMENT_3D('',#3307,#2690,#2691);
#2218=AXIS2_PLACEMENT_3D('',#3309,#2692,#2693);
#2219=AXIS2_PLACEMENT_3D('',#3310,#2694,#2695);
#2220=AXIS2_PLACEMENT_3D('',#3311,#2696,#2697);
#2221=AXIS2_PLACEMENT_3D('',#3312,#2698,#2699);
#2222=AXIS2_PLACEMENT_3D('',#3316,#2701,#2702);
#2223=AXIS2_PLACEMENT_3D('',#3318,#2703,#2704);
#2224=AXIS2_PLACEMENT_3D('',#3320,#2705,#2706);
#2225=AXIS2_PLACEMENT_3D('',#3322,#2707,#2708);
#2226=AXIS2_PLACEMENT_3D('',#3324,#2709,#2710);
#2227=AXIS2_PLACEMENT_3D('',#3326,#2711,#2712);
#2228=AXIS2_PLACEMENT_3D('',#3327,#2713,#2714);
#2229=AXIS2_PLACEMENT_3D('',#3328,#2715,#2716);
#2230=AXIS2_PLACEMENT_3D('',#3332,#2718,#2719);
#2231=AXIS2_PLACEMENT_3D('',#3334,#2720,#2721);
#2232=AXIS2_PLACEMENT_3D('',#3336,#2722,#2723);
#2233=AXIS2_PLACEMENT_3D('',#3338,#2724,#2725);
#2234=AXIS2_PLACEMENT_3D('',#3340,#2726,#2727);
#2235=AXIS2_PLACEMENT_3D('',#3342,#2728,#2729);
#2236=AXIS2_PLACEMENT_3D('',#3343,#2730,#2731);
#2237=AXIS2_PLACEMENT_3D('',#3344,#2732,#2733);
#2238=AXIS2_PLACEMENT_3D('',#3348,#2735,#2736);
#2239=AXIS2_PLACEMENT_3D('',#3350,#2737,#2738);
#2240=AXIS2_PLACEMENT_3D('',#3352,#2739,#2740);
#2241=AXIS2_PLACEMENT_3D('',#3354,#2741,#2742);
#2242=AXIS2_PLACEMENT_3D('',#3356,#2743,#2744);
#2243=AXIS2_PLACEMENT_3D('',#3358,#2745,#2746);
#2244=AXIS2_PLACEMENT_3D('',#3359,#2747,#2748);
#2245=AXIS2_PLACEMENT_3D('',#3360,#2749,#2750);
#2246=AXIS2_PLACEMENT_3D('',#3368,#2756,#2757);
#2247=AXIS2_PLACEMENT_3D('',#3370,#2759,#2760);
#2248=AXIS2_PLACEMENT_3D('',#3374,#2763,#2764);
#2249=AXIS2_PLACEMENT_3D('',#3376,#2766,#2767);
#2250=AXIS2_PLACEMENT_3D('',#3380,#2770,#2771);
#2251=AXIS2_PLACEMENT_3D('',#3388,#2777,#2778);
#2252=AXIS2_PLACEMENT_3D('',#3390,#2780,#2781);
#2253=AXIS2_PLACEMENT_3D('',#3394,#2784,#2785);
#2254=AXIS2_PLACEMENT_3D('',#3396,#2787,#2788);
#2255=AXIS2_PLACEMENT_3D('',#3400,#2791,#2792);
#2256=AXIS2_PLACEMENT_3D('',#3406,#2796,#2797);
#2257=AXIS2_PLACEMENT_3D('',#3410,#2800,#2801);
#2258=AXIS2_PLACEMENT_3D('',#3414,#2804,#2805);
#2259=AXIS2_PLACEMENT_3D('',#3417,#2808,#2809);
#2260=AXIS2_PLACEMENT_3D('',#3419,#2811,#2812);
#2261=AXIS2_PLACEMENT_3D('',#3420,#2813,#2814);
#2262=AXIS2_PLACEMENT_3D('',#3424,#2817,#2818);
#2263=AXIS2_PLACEMENT_3D('',#3428,#2821,#2822);
#2264=AXIS2_PLACEMENT_3D('',#3432,#2825,#2826);
#2265=AXIS2_PLACEMENT_3D('',#3436,#2829,#2830);
#2266=AXIS2_PLACEMENT_3D('',#3440,#2833,#2834);
#2267=AXIS2_PLACEMENT_3D('',#3444,#2837,#2838);
#2268=AXIS2_PLACEMENT_3D('',#3448,#2841,#2842);
#2269=AXIS2_PLACEMENT_3D('',#3452,#2845,#2846);
#2270=AXIS2_PLACEMENT_3D('',#3455,#2849,#2850);
#2271=AXIS2_PLACEMENT_3D('',#3457,#2852,#2853);
#2272=AXIS2_PLACEMENT_3D('',#3458,#2854,#2855);
#2273=AXIS2_PLACEMENT_3D('',#3462,#2858,#2859);
#2274=AXIS2_PLACEMENT_3D('',#3466,#2862,#2863);
#2275=AXIS2_PLACEMENT_3D('',#3468,#2865,#2866);
#2276=AXIS2_PLACEMENT_3D('',#3470,#2868,#2869);
#2277=DIRECTION('axis',(0.,0.,1.));
#2278=DIRECTION('refdir',(1.,0.,0.));
#2279=DIRECTION('center_axis',(0.,-0.707106781186548,-0.707106781186548));
#2280=DIRECTION('ref_axis',(-1.,0.,0.));
#2281=DIRECTION('',(-1.,0.,0.));
#2282=DIRECTION('',(0.281084637714823,0.678598344545845,-0.678598344545847));
#2283=DIRECTION('',(1.,0.,0.));
#2284=DIRECTION('',(-0.281084637714809,0.678598344545848,-0.67859834454585));
#2285=DIRECTION('center_axis',(-0.499999999999999,-0.499999999999999,-0.707106781186549));
#2286=DIRECTION('ref_axis',(-0.816496580927727,0.,0.577350269189625));
#2287=DIRECTION('',(-0.707106781186547,0.707106781186548,-5.60747298316991E-17));
#2288=DIRECTION('',(0.678598344545845,0.281084637714823,-0.678598344545848));
#2289=DIRECTION('',(0.707106781186547,-0.707106781186548,5.60747298316991E-17));
#2290=DIRECTION('center_axis',(-0.707106781186554,-5.60747298316986E-17,
-0.707106781186541));
#2291=DIRECTION('ref_axis',(-0.707106781186541,0.,0.707106781186554));
#2292=DIRECTION('',(0.,1.,-7.9301643434396E-17));
#2293=DIRECTION('',(0.678598344545846,-0.281084637714823,-0.678598344545846));
#2294=DIRECTION('',(0.,-1.,7.9301643434396E-17));
#2295=DIRECTION('center_axis',(0.500000000000008,0.500000000000008,-0.707106781186537));
#2296=DIRECTION('ref_axis',(-0.816496580927718,0.,-0.577350269189638));
#2297=DIRECTION('',(-0.707106781186548,0.707106781186548,-5.60747298316991E-17));
#2298=DIRECTION('',(0.281084637714795,0.678598344545851,0.678598344545853));
#2299=DIRECTION('',(0.707106781186548,-0.707106781186548,5.60747298316991E-17));
#2300=DIRECTION('',(-0.678598344545851,-0.281084637714795,-0.678598344545853));
#2301=DIRECTION('center_axis',(0.,0.707106781186552,-0.707106781186543));
#2302=DIRECTION('ref_axis',(-1.,0.,0.));
#2303=DIRECTION('',(-1.,0.,0.));
#2304=DIRECTION('',(-0.281084637714827,0.678598344545846,0.678598344545846));
#2305=DIRECTION('',(1.,0.,0.));
#2306=DIRECTION('center_axis',(-0.500000000000002,0.500000000000002,-0.707106781186545));
#2307=DIRECTION('ref_axis',(-0.816496580927724,0.,0.577350269189629));
#2308=DIRECTION('',(0.707106781186547,0.707106781186548,-5.60747298316991E-17));
#2309=DIRECTION('',(-0.707106781186547,-0.707106781186548,5.60747298316991E-17));
#2310=DIRECTION('center_axis',(0.707106781186553,-5.60747298316986E-17,
-0.707106781186542));
#2311=DIRECTION('ref_axis',(-0.707106781186542,0.,-0.707106781186553));
#2312=DIRECTION('',(0.,1.,-7.9301643434396E-17));
#2313=DIRECTION('',(0.,-1.,7.9301643434396E-17));
#2314=DIRECTION('',(-0.678598344545848,0.281084637714809,-0.67859834454585));
#2315=DIRECTION('center_axis',(0.5,-0.5,-0.707106781186548));
#2316=DIRECTION('ref_axis',(-0.816496580927726,0.,-0.577350269189626));
#2317=DIRECTION('',(0.707106781186548,0.707106781186548,-5.60747298316991E-17));
#2318=DIRECTION('',(-0.707106781186548,-0.707106781186548,5.60747298316991E-17));
#2319=DIRECTION('center_axis',(0.,-1.,0.));
#2320=DIRECTION('ref_axis',(0.,0.,-1.));
#2321=DIRECTION('',(0.,0.,-1.));
#2322=DIRECTION('',(1.,0.,0.));
#2323=DIRECTION('',(0.,0.,1.));
#2324=DIRECTION('center_axis',(0.707106781186548,-0.707106781186548,0.));
#2325=DIRECTION('ref_axis',(0.,0.,-1.));
#2326=DIRECTION('',(0.,0.,1.));
#2327=DIRECTION('',(-0.577350269189626,-0.577350269189626,-0.577350269189626));
#2328=DIRECTION('center_axis',(1.,0.,0.));
#2329=DIRECTION('ref_axis',(0.,0.,-1.));
#2330=DIRECTION('',(0.,0.,-1.));
#2331=DIRECTION('',(0.,-0.707106781186547,0.707106781186547));
#2332=DIRECTION('',(0.,-0.707106781186547,-0.707106781186547));
#2333=DIRECTION('',(0.,-0.707106781186547,0.707106781186547));
#2334=DIRECTION('',(0.,-0.707106781186547,-0.707106781186547));
#2335=DIRECTION('',(0.,-0.707106781186547,0.707106781186547));
#2336=DIRECTION('',(0.,-0.707106781186547,-0.707106781186547));
#2337=DIRECTION('',(0.,-0.707106781186547,0.707106781186547));
#2338=DIRECTION('',(0.,-0.707106781186547,-0.707106781186547));
#2339=DIRECTION('',(0.,-0.707106781186547,0.707106781186547));
#2340=DIRECTION('',(0.,-0.707106781186547,-0.707106781186547));
#2341=DIRECTION('',(0.,-0.707106781186547,0.707106781186547));
#2342=DIRECTION('',(0.,-0.707106781186547,-0.707106781186547));
#2343=DIRECTION('',(0.,-0.707106781186547,0.707106781186547));
#2344=DIRECTION('',(0.,-0.707106781186547,-0.707106781186547));
#2345=DIRECTION('',(0.,-0.707106781186547,0.707106781186547));
#2346=DIRECTION('',(0.,-0.707106781186547,-0.707106781186547));
#2347=DIRECTION('',(0.,-0.707106781186547,0.707106781186547));
#2348=DIRECTION('',(0.,-0.707106781186547,-0.707106781186547));
#2349=DIRECTION('',(0.,-0.707106781186547,0.707106781186547));
#2350=DIRECTION('',(0.,-0.707106781186548,-0.707106781186548));
#2351=DIRECTION('',(0.,-0.707106781186547,0.707106781186547));
#2352=DIRECTION('',(0.,-0.707106781186547,-0.707106781186547));
#2353=DIRECTION('',(0.,-0.707106781186547,0.707106781186547));
#2354=DIRECTION('',(0.,-0.707106781186547,-0.707106781186547));
#2355=DIRECTION('center_axis',(0.707106781186548,0.707106781186548,0.));
#2356=DIRECTION('ref_axis',(0.,0.,-1.));
#2357=DIRECTION('',(0.,0.,1.));
#2358=DIRECTION('',(0.577350269189626,-0.577350269189626,0.577350269189626));
#2359=DIRECTION('center_axis',(0.,-7.9301643434396E-17,-1.));
#2360=DIRECTION('ref_axis',(0.,1.,-7.9301643434396E-17));
#2361=DIRECTION('center_axis',(0.,-7.9301643434396E-17,-1.));
#2362=DIRECTION('ref_axis',(-1.,0.,0.));
#2363=DIRECTION('center_axis',(0.,-7.9301643434396E-17,-1.));
#2364=DIRECTION('ref_axis',(-1.,0.,0.));
#2365=DIRECTION('center_axis',(0.,-7.9301643434396E-17,-1.));
#2366=DIRECTION('ref_axis',(-1.,0.,0.));
#2367=DIRECTION('center_axis',(0.,-7.9301643434396E-17,-1.));
#2368=DIRECTION('ref_axis',(-1.,0.,0.));
#2369=DIRECTION('center_axis',(0.,0.707106781186548,0.707106781186548));
#2370=DIRECTION('ref_axis',(0.,-0.707106781186548,0.707106781186548));
#2371=DIRECTION('',(1.,0.,0.));
#2372=DIRECTION('',(0.577350269189626,0.577350269189626,-0.577350269189626));
#2373=DIRECTION('',(0.,0.707106781186547,-0.707106781186547));
#2374=DIRECTION('',(1.,0.,0.));
#2375=DIRECTION('center_axis',(0.,1.,0.));
#2376=DIRECTION('ref_axis',(0.,0.,1.));
#2377=DIRECTION('',(0.,0.,-1.));
#2378=DIRECTION('center_axis',(-0.707106781186548,0.707106781186547,0.));
#2379=DIRECTION('ref_axis',(0.,0.,1.));
#2380=DIRECTION('',(0.,0.,1.));
#2381=DIRECTION('center_axis',(-0.707106781186548,-0.707106781186547,0.));
#2382=DIRECTION('ref_axis',(0.,0.,1.));
#2383=DIRECTION('',(-0.577350269189626,0.577350269189626,0.577350269189626));
#2384=DIRECTION('',(0.,0.,-1.));
#2385=DIRECTION('center_axis',(0.,0.,-1.));
#2386=DIRECTION('ref_axis',(-1.,0.,0.));
#2387=DIRECTION('',(-0.707106781186546,8.65956056235492E-17,0.707106781186548));
#2388=DIRECTION('center_axis',(0.,7.9301643434396E-17,1.));
#2389=DIRECTION('ref_axis',(-1.,0.,0.));
#2390=DIRECTION('center_axis',(0.,0.,1.));
#2391=DIRECTION('ref_axis',(-1.,0.,0.));
#2392=DIRECTION('',(0.,0.,1.));
#2393=DIRECTION('center_axis',(0.,0.,1.));
#2394=DIRECTION('ref_axis',(-1.,0.,0.));
#2395=DIRECTION('',(0.,0.,1.));
#2396=DIRECTION('center_axis',(0.,0.,1.));
#2397=DIRECTION('ref_axis',(-1.,0.,0.));
#2398=DIRECTION('',(0.,0.,-1.));
#2399=DIRECTION('center_axis',(0.,0.,1.));
#2400=DIRECTION('ref_axis',(-1.,0.,0.));
#2401=DIRECTION('',(0.,0.,1.));
#2402=DIRECTION('center_axis',(0.,0.,1.));
#2403=DIRECTION('ref_axis',(-1.,0.,0.));
#2404=DIRECTION('',(0.,0.,-1.));
#2405=DIRECTION('center_axis',(0.,0.,1.));
#2406=DIRECTION('ref_axis',(-1.,0.,0.));
#2407=DIRECTION('center_axis',(0.,0.,-1.));
#2408=DIRECTION('ref_axis',(-1.,0.,0.));
#2409=DIRECTION('',(-0.707106781186546,8.65956056235492E-17,0.707106781186548));
#2410=DIRECTION('center_axis',(0.,7.9301643434396E-17,1.));
#2411=DIRECTION('ref_axis',(-1.,0.,0.));
#2412=DIRECTION('center_axis',(0.,0.,1.));
#2413=DIRECTION('ref_axis',(-1.,0.,0.));
#2414=DIRECTION('',(0.,0.,1.));
#2415=DIRECTION('center_axis',(0.,0.,1.));
#2416=DIRECTION('ref_axis',(-1.,0.,0.));
#2417=DIRECTION('',(0.,0.,1.));
#2418=DIRECTION('center_axis',(0.,0.,1.));
#2419=DIRECTION('ref_axis',(-1.,0.,0.));
#2420=DIRECTION('',(0.,0.,-1.));
#2421=DIRECTION('center_axis',(0.,0.,1.));
#2422=DIRECTION('ref_axis',(-1.,0.,0.));
#2423=DIRECTION('',(0.,0.,1.));
#2424=DIRECTION('center_axis',(0.,0.,1.));
#2425=DIRECTION('ref_axis',(-1.,0.,0.));
#2426=DIRECTION('',(0.,0.,-1.));
#2427=DIRECTION('center_axis',(0.,0.,1.));
#2428=DIRECTION('ref_axis',(-1.,0.,0.));
#2429=DIRECTION('center_axis',(0.,0.,-1.));
#2430=DIRECTION('ref_axis',(-1.,0.,0.));
#2431=DIRECTION('',(-0.707106781186544,8.65956056235489E-17,0.707106781186551));
#2432=DIRECTION('center_axis',(0.,7.9301643434396E-17,1.));
#2433=DIRECTION('ref_axis',(-1.,0.,0.));
#2434=DIRECTION('center_axis',(0.,0.,1.));
#2435=DIRECTION('ref_axis',(-1.,0.,0.));
#2436=DIRECTION('',(0.,0.,1.));
#2437=DIRECTION('center_axis',(0.,0.,1.));
#2438=DIRECTION('ref_axis',(-1.,0.,0.));
#2439=DIRECTION('',(0.,0.,1.));
#2440=DIRECTION('center_axis',(0.,0.,1.));
#2441=DIRECTION('ref_axis',(-1.,0.,0.));
#2442=DIRECTION('',(0.,0.,-1.));
#2443=DIRECTION('center_axis',(0.,0.,1.));
#2444=DIRECTION('ref_axis',(-1.,0.,0.));
#2445=DIRECTION('',(0.,0.,1.));
#2446=DIRECTION('center_axis',(0.,0.,1.));
#2447=DIRECTION('ref_axis',(-1.,0.,0.));
#2448=DIRECTION('',(0.,0.,-1.));
#2449=DIRECTION('center_axis',(0.,0.,1.));
#2450=DIRECTION('ref_axis',(-1.,0.,0.));
#2451=DIRECTION('center_axis',(0.,0.,-1.));
#2452=DIRECTION('ref_axis',(-1.,0.,0.));
#2453=DIRECTION('',(-0.707106781186544,8.65956056235489E-17,0.707106781186551));
#2454=DIRECTION('center_axis',(0.,7.9301643434396E-17,1.));
#2455=DIRECTION('ref_axis',(-1.,0.,0.));
#2456=DIRECTION('center_axis',(0.,0.,1.));
#2457=DIRECTION('ref_axis',(-1.,0.,0.));
#2458=DIRECTION('',(0.,0.,1.));
#2459=DIRECTION('center_axis',(0.,0.,1.));
#2460=DIRECTION('ref_axis',(-1.,0.,0.));
#2461=DIRECTION('',(0.,0.,1.));
#2462=DIRECTION('center_axis',(0.,0.,1.));
#2463=DIRECTION('ref_axis',(-1.,0.,0.));
#2464=DIRECTION('',(0.,0.,-1.));
#2465=DIRECTION('center_axis',(0.,0.,1.));
#2466=DIRECTION('ref_axis',(-1.,0.,0.));
#2467=DIRECTION('',(0.,0.,1.));
#2468=DIRECTION('center_axis',(0.,0.,1.));
#2469=DIRECTION('ref_axis',(-1.,0.,0.));
#2470=DIRECTION('',(0.,0.,-1.));
#2471=DIRECTION('center_axis',(0.,0.,1.));
#2472=DIRECTION('ref_axis',(-1.,0.,0.));
#2473=DIRECTION('center_axis',(0.,0.,-1.));
#2474=DIRECTION('ref_axis',(1.,0.,0.));
#2475=DIRECTION('',(1.,0.,0.));
#2476=DIRECTION('',(-2.52323414687536E-16,-1.,0.));
#2477=DIRECTION('center_axis',(0.,0.,-1.));
#2478=DIRECTION('ref_axis',(-1.,0.,0.));
#2479=DIRECTION('center_axis',(0.,-1.,0.));
#2480=DIRECTION('ref_axis',(1.,0.,0.));
#2481=DIRECTION('',(1.,0.,0.));
#2482=DIRECTION('',(0.,0.,1.));
#2483=DIRECTION('',(1.,0.,0.));
#2484=DIRECTION('',(0.,0.,1.));
#2485=DIRECTION('center_axis',(0.,0.,-1.));
#2486=DIRECTION('ref_axis',(1.,0.,0.));
#2487=DIRECTION('center_axis',(0.,0.,-1.));
#2488=DIRECTION('ref_axis',(-1.,0.,0.));
#2489=DIRECTION('',(0.,1.,0.));
#2490=DIRECTION('center_axis',(0.,0.,-1.));
#2491=DIRECTION('ref_axis',(1.,0.,0.));
#2492=DIRECTION('',(-2.52323414687536E-16,-1.,0.));
#2493=DIRECTION('',(-1.,0.,0.));
#2494=DIRECTION('center_axis',(0.,0.,-1.));
#2495=DIRECTION('ref_axis',(-1.,0.,0.));
#2496=DIRECTION('center_axis',(0.,1.,0.));
#2497=DIRECTION('ref_axis',(-1.,0.,0.));
#2498=DIRECTION('',(-1.,0.,0.));
#2499=DIRECTION('',(0.,0.,1.));
#2500=DIRECTION('',(-1.,0.,0.));
#2501=DIRECTION('',(0.,0.,1.));
#2502=DIRECTION('center_axis',(0.,0.,-1.));
#2503=DIRECTION('ref_axis',(1.,0.,0.));
#2504=DIRECTION('',(0.,1.,0.));
#2505=DIRECTION('center_axis',(0.,0.,-1.));
#2506=DIRECTION('ref_axis',(-1.,0.,0.));
#2507=DIRECTION('center_axis',(0.,0.,-1.));
#2508=DIRECTION('ref_axis',(1.,0.,0.));
#2509=DIRECTION('',(-5.04646829375072E-16,-1.,0.));
#2510=DIRECTION('',(-1.,-5.04646829375072E-16,0.));
#2511=DIRECTION('center_axis',(0.,0.,-1.));
#2512=DIRECTION('ref_axis',(-1.,0.,0.));
#2513=DIRECTION('center_axis',(-5.04646829375072E-16,1.,0.));
#2514=DIRECTION('ref_axis',(-1.,-5.04646829375072E-16,0.));
#2515=DIRECTION('',(-1.,-5.04646829375072E-16,0.));
#2516=DIRECTION('',(0.,0.,1.));
#2517=DIRECTION('',(-1.,-5.04646829375072E-16,0.));
#2518=DIRECTION('',(0.,0.,1.));
#2519=DIRECTION('center_axis',(0.,0.,-1.));
#2520=DIRECTION('ref_axis',(1.,0.,0.));
#2521=DIRECTION('',(0.,1.,0.));
#2522=DIRECTION('center_axis',(0.,0.,-1.));
#2523=DIRECTION('ref_axis',(-1.,0.,0.));
#2524=DIRECTION('center_axis',(0.,0.,-1.));
#2525=DIRECTION('ref_axis',(1.,0.,0.));
#2526=DIRECTION('',(1.,0.,0.));
#2527=DIRECTION('center_axis',(0.,0.,-1.));
#2528=DIRECTION('ref_axis',(-1.,0.,0.));
#2529=DIRECTION('',(0.,1.,0.));
#2530=DIRECTION('center_axis',(0.,-1.,0.));
#2531=DIRECTION('ref_axis',(1.,0.,0.));
#2532=DIRECTION('',(1.,0.,0.));
#2533=DIRECTION('',(0.,0.,1.));
#2534=DIRECTION('',(1.,0.,0.));
#2535=DIRECTION('',(0.,0.,1.));
#2536=DIRECTION('center_axis',(0.,0.,-1.));
#2537=DIRECTION('ref_axis',(1.,0.,0.));
#2538=DIRECTION('',(-5.04646829375072E-16,-1.,0.));
#2539=DIRECTION('center_axis',(0.,0.,-1.));
#2540=DIRECTION('ref_axis',(-1.,0.,0.));
#2541=DIRECTION('center_axis',(0.,0.,-1.));
#2542=DIRECTION('ref_axis',(1.,0.,0.));
#2543=DIRECTION('',(1.,0.,0.));
#2544=DIRECTION('',(0.,-1.,0.));
#2545=DIRECTION('center_axis',(0.,0.,-1.));
#2546=DIRECTION('ref_axis',(-1.,0.,0.));
#2547=DIRECTION('center_axis',(0.,-1.,0.));
#2548=DIRECTION('ref_axis',(1.,0.,0.));
#2549=DIRECTION('',(1.,0.,0.));
#2550=DIRECTION('',(0.,0.,1.));
#2551=DIRECTION('',(1.,0.,0.));
#2552=DIRECTION('',(0.,0.,1.));
#2553=DIRECTION('center_axis',(0.,0.,-1.));
#2554=DIRECTION('ref_axis',(1.,0.,0.));
#2555=DIRECTION('center_axis',(0.,0.,-1.));
#2556=DIRECTION('ref_axis',(-1.,0.,0.));
#2557=DIRECTION('',(0.,1.,0.));
#2558=DIRECTION('center_axis',(0.,1.,0.));
#2559=DIRECTION('ref_axis',(-1.,0.,0.));
#2560=DIRECTION('',(-1.,0.,0.));
#2561=DIRECTION('',(0.,0.,1.));
#2562=DIRECTION('',(-1.,0.,0.));
#2563=DIRECTION('',(-1.,0.,0.));
#2564=DIRECTION('',(0.,0.,1.));
#2565=DIRECTION('center_axis',(0.,0.,-1.));
#2566=DIRECTION('ref_axis',(1.,0.,0.));
#2567=DIRECTION('',(0.,1.,0.));
#2568=DIRECTION('center_axis',(0.,0.,-1.));
#2569=DIRECTION('ref_axis',(-1.,0.,0.));
#2570=DIRECTION('center_axis',(0.,0.,-1.));
#2571=DIRECTION('ref_axis',(1.,0.,0.));
#2572=DIRECTION('',(0.,-1.,0.));
#2573=DIRECTION('center_axis',(0.,0.,-1.));
#2574=DIRECTION('ref_axis',(-1.,0.,0.));
#2575=DIRECTION('center_axis',(0.,0.,-1.));
#2576=DIRECTION('ref_axis',(1.,0.,0.));
#2577=DIRECTION('',(1.,0.,0.));
#2578=DIRECTION('center_axis',(0.,0.,-1.));
#2579=DIRECTION('ref_axis',(-1.,0.,0.));
#2580=DIRECTION('',(0.,1.,0.));
#2581=DIRECTION('center_axis',(0.,-1.,0.));
#2582=DIRECTION('ref_axis',(1.,0.,0.));
#2583=DIRECTION('',(1.,0.,0.));
#2584=DIRECTION('',(0.,0.,1.));
#2585=DIRECTION('',(1.,0.,0.));
#2586=DIRECTION('',(0.,0.,1.));
#2587=DIRECTION('center_axis',(0.,0.,-1.));
#2588=DIRECTION('ref_axis',(1.,0.,0.));
#2589=DIRECTION('',(1.26161707343768E-16,-1.,0.));
#2590=DIRECTION('center_axis',(0.,0.,-1.));
#2591=DIRECTION('ref_axis',(-1.,0.,0.));
#2592=DIRECTION('center_axis',(0.,0.,-1.));
#2593=DIRECTION('ref_axis',(1.,0.,0.));
#2594=DIRECTION('',(1.26161707343768E-16,-1.,0.));
#2595=DIRECTION('',(-1.,0.,0.));
#2596=DIRECTION('center_axis',(0.,0.,-1.));
#2597=DIRECTION('ref_axis',(-1.,0.,0.));
#2598=DIRECTION('center_axis',(0.,1.,0.));
#2599=DIRECTION('ref_axis',(-1.,0.,0.));
#2600=DIRECTION('',(-1.,0.,0.));
#2601=DIRECTION('',(0.,0.,1.));
#2602=DIRECTION('',(-1.,0.,0.));
#2603=DIRECTION('',(0.,0.,1.));
#2604=DIRECTION('center_axis',(0.,0.,-1.));
#2605=DIRECTION('ref_axis',(1.,0.,0.));
#2606=DIRECTION('',(0.,1.,0.));
#2607=DIRECTION('center_axis',(0.,0.,-1.));
#2608=DIRECTION('ref_axis',(-1.,0.,0.));
#2609=DIRECTION('center_axis',(0.,0.,1.));
#2610=DIRECTION('ref_axis',(-1.,0.,0.));
#2611=DIRECTION('',(-8.61907897892945E-17,1.,0.));
#2612=DIRECTION('',(0.,-1.,0.));
#2613=DIRECTION('center_axis',(0.,0.,1.));
#2614=DIRECTION('ref_axis',(-1.,0.,0.));
#2615=DIRECTION('',(0.,-1.,0.));
#2616=DIRECTION('',(0.,1.,0.));
#2617=DIRECTION('center_axis',(0.,0.,1.));
#2618=DIRECTION('ref_axis',(-1.,0.,0.));
#2619=DIRECTION('',(0.,1.,0.));
#2620=DIRECTION('',(0.,-1.,0.));
#2621=DIRECTION('center_axis',(0.,0.,1.));
#2622=DIRECTION('ref_axis',(-1.,0.,0.));
#2623=DIRECTION('',(8.61907897892945E-17,1.,0.));
#2624=DIRECTION('',(0.,-1.,0.));
#2625=DIRECTION('center_axis',(-1.,0.,0.));
#2626=DIRECTION('ref_axis',(0.,1.,0.));
#2627=DIRECTION('',(0.,-1.,0.));
#2628=DIRECTION('',(0.,1.,0.));
#2629=DIRECTION('center_axis',(0.,0.,-1.));
#2630=DIRECTION('ref_axis',(1.,0.,0.));
#2631=DIRECTION('center_axis',(-1.,0.,0.));
#2632=DIRECTION('ref_axis',(0.,1.,0.));
#2633=DIRECTION('',(0.,1.,0.));
#2634=DIRECTION('',(0.,-1.,0.));
#2635=DIRECTION('center_axis',(0.,0.,-1.));
#2636=DIRECTION('ref_axis',(1.,0.,0.));
#2637=DIRECTION('center_axis',(0.,0.,1.));
#2638=DIRECTION('ref_axis',(-1.,0.,0.));
#2639=DIRECTION('',(0.,1.,0.));
#2640=DIRECTION('center_axis',(1.,-8.61907897892945E-17,0.));
#2641=DIRECTION('ref_axis',(-8.61907897892945E-17,-1.,0.));
#2642=DIRECTION('',(8.61907897892945E-17,1.,0.));
#2643=DIRECTION('',(-8.61907897892945E-17,-1.,0.));
#2644=DIRECTION('center_axis',(0.,0.,-1.));
#2645=DIRECTION('ref_axis',(1.,0.,0.));
#2646=DIRECTION('center_axis',(0.,0.,1.));
#2647=DIRECTION('ref_axis',(-1.,0.,0.));
#2648=DIRECTION('',(0.,-1.,0.));
#2649=DIRECTION('center_axis',(1.,8.61907897892945E-17,0.));
#2650=DIRECTION('ref_axis',(8.61907897892945E-17,-1.,0.));
#2651=DIRECTION('',(-8.61907897892945E-17,1.,0.));
#2652=DIRECTION('',(8.61907897892945E-17,-1.,0.));
#2653=DIRECTION('center_axis',(0.,0.,-1.));
#2654=DIRECTION('ref_axis',(1.,0.,0.));
#2655=DIRECTION('center_axis',(0.,0.,1.));
#2656=DIRECTION('ref_axis',(-1.,0.,0.));
#2657=DIRECTION('',(0.,-1.,0.));
#2658=DIRECTION('center_axis',(1.,0.,0.));
#2659=DIRECTION('ref_axis',(0.,-1.,0.));
#2660=DIRECTION('',(0.,-1.,0.));
#2661=DIRECTION('',(0.,1.,0.));
#2662=DIRECTION('center_axis',(0.,0.,-1.));
#2663=DIRECTION('ref_axis',(1.,0.,0.));
#2664=DIRECTION('center_axis',(1.,0.,0.));
#2665=DIRECTION('ref_axis',(0.,-1.,0.));
#2666=DIRECTION('',(0.,-1.,0.));
#2667=DIRECTION('center_axis',(0.,0.,-1.));
#2668=DIRECTION('ref_axis',(1.,0.,0.));
#2669=DIRECTION('center_axis',(-1.,0.,0.));
#2670=DIRECTION('ref_axis',(0.,1.,0.));
#2671=DIRECTION('',(0.,1.,0.));
#2672=DIRECTION('center_axis',(0.,0.,-1.));
#2673=DIRECTION('ref_axis',(1.,0.,0.));
#2674=DIRECTION('center_axis',(-1.,0.,0.));
#2675=DIRECTION('ref_axis',(0.,1.,0.));
#2676=DIRECTION('',(0.,1.,0.));
#2677=DIRECTION('center_axis',(0.,0.,-1.));
#2678=DIRECTION('ref_axis',(1.,0.,0.));
#2679=DIRECTION('center_axis',(0.,0.,1.));
#2680=DIRECTION('ref_axis',(-1.,0.,0.));
#2681=DIRECTION('',(0.,0.,1.));
#2682=DIRECTION('center_axis',(0.,0.707106781186548,-0.707106781186548));
#2683=DIRECTION('ref_axis',(0.,-0.707106781186548,-0.707106781186548));
#2684=DIRECTION('center_axis',(0.,-0.707106781186548,-0.707106781186548));
#2685=DIRECTION('ref_axis',(0.,-0.707106781186548,0.707106781186548));
#2686=DIRECTION('center_axis',(0.,0.707106781186548,-0.707106781186548));
#2687=DIRECTION('ref_axis',(0.,-0.707106781186548,-0.707106781186548));
#2688=DIRECTION('center_axis',(0.,-0.707106781186548,-0.707106781186548));
#2689=DIRECTION('ref_axis',(0.,-0.707106781186548,0.707106781186548));
#2690=DIRECTION('center_axis',(0.,0.707106781186548,-0.707106781186548));
#2691=DIRECTION('ref_axis',(0.,-0.707106781186548,-0.707106781186548));
#2692=DIRECTION('center_axis',(0.,-0.707106781186548,-0.707106781186548));
#2693=DIRECTION('ref_axis',(0.,-0.707106781186548,0.707106781186548));
#2694=DIRECTION('center_axis',(0.,0.707106781186548,-0.707106781186548));
#2695=DIRECTION('ref_axis',(0.,-0.707106781186548,-0.707106781186548));
#2696=DIRECTION('center_axis',(0.,0.,1.));
#2697=DIRECTION('ref_axis',(-1.,0.,0.));
#2698=DIRECTION('center_axis',(0.,0.,1.));
#2699=DIRECTION('ref_axis',(-1.,0.,0.));
#2700=DIRECTION('',(0.,0.,1.));
#2701=DIRECTION('center_axis',(0.,0.707106781186548,-0.707106781186548));
#2702=DIRECTION('ref_axis',(0.,-0.707106781186548,-0.707106781186548));
#2703=DIRECTION('center_axis',(0.,-0.707106781186548,-0.707106781186548));
#2704=DIRECTION('ref_axis',(0.,-0.707106781186548,0.707106781186548));
#2705=DIRECTION('center_axis',(0.,0.707106781186548,-0.707106781186548));
#2706=DIRECTION('ref_axis',(0.,-0.707106781186548,-0.707106781186548));
#2707=DIRECTION('center_axis',(0.,-0.707106781186548,-0.707106781186548));
#2708=DIRECTION('ref_axis',(0.,-0.707106781186548,0.707106781186548));
#2709=DIRECTION('center_axis',(0.,0.707106781186548,-0.707106781186548));
#2710=DIRECTION('ref_axis',(0.,-0.707106781186548,-0.707106781186548));
#2711=DIRECTION('center_axis',(0.,-0.707106781186548,-0.707106781186548));
#2712=DIRECTION('ref_axis',(0.,-0.707106781186548,0.707106781186548));
#2713=DIRECTION('center_axis',(0.,0.707106781186548,-0.707106781186548));
#2714=DIRECTION('ref_axis',(0.,-0.707106781186548,-0.707106781186548));
#2715=DIRECTION('center_axis',(0.,0.,1.));
#2716=DIRECTION('ref_axis',(-1.,0.,0.));
#2717=DIRECTION('',(0.,0.,1.));
#2718=DIRECTION('center_axis',(0.,0.707106781186548,-0.707106781186548));
#2719=DIRECTION('ref_axis',(0.,-0.707106781186548,-0.707106781186548));
#2720=DIRECTION('center_axis',(0.,-0.707106781186548,-0.707106781186548));
#2721=DIRECTION('ref_axis',(0.,-0.707106781186548,0.707106781186548));
#2722=DIRECTION('center_axis',(0.,0.707106781186548,-0.707106781186548));
#2723=DIRECTION('ref_axis',(0.,-0.707106781186548,-0.707106781186548));
#2724=DIRECTION('center_axis',(0.,-0.707106781186548,-0.707106781186548));
#2725=DIRECTION('ref_axis',(0.,-0.707106781186548,0.707106781186548));
#2726=DIRECTION('center_axis',(0.,0.707106781186548,-0.707106781186548));
#2727=DIRECTION('ref_axis',(0.,-0.707106781186548,-0.707106781186548));
#2728=DIRECTION('center_axis',(0.,-0.707106781186548,-0.707106781186548));
#2729=DIRECTION('ref_axis',(0.,-0.707106781186548,0.707106781186548));
#2730=DIRECTION('center_axis',(0.,0.707106781186548,-0.707106781186548));
#2731=DIRECTION('ref_axis',(0.,-0.707106781186548,-0.707106781186548));
#2732=DIRECTION('center_axis',(0.,0.,1.));
#2733=DIRECTION('ref_axis',(-1.,0.,0.));
#2734=DIRECTION('',(0.,0.,1.));
#2735=DIRECTION('center_axis',(0.,0.707106781186548,-0.707106781186548));
#2736=DIRECTION('ref_axis',(0.,-0.707106781186548,-0.707106781186548));
#2737=DIRECTION('center_axis',(0.,-0.707106781186548,-0.707106781186548));
#2738=DIRECTION('ref_axis',(0.,-0.707106781186548,0.707106781186548));
#2739=DIRECTION('center_axis',(0.,0.707106781186548,-0.707106781186548));
#2740=DIRECTION('ref_axis',(0.,-0.707106781186548,-0.707106781186548));
#2741=DIRECTION('center_axis',(0.,-0.707106781186548,-0.707106781186548));
#2742=DIRECTION('ref_axis',(0.,-0.707106781186548,0.707106781186548));
#2743=DIRECTION('center_axis',(0.,0.707106781186548,-0.707106781186548));
#2744=DIRECTION('ref_axis',(0.,-0.707106781186548,-0.707106781186548));
#2745=DIRECTION('center_axis',(0.,-0.707106781186548,-0.707106781186548));
#2746=DIRECTION('ref_axis',(0.,-0.707106781186548,0.707106781186548));
#2747=DIRECTION('center_axis',(0.,0.707106781186548,-0.707106781186548));
#2748=DIRECTION('ref_axis',(0.,-0.707106781186548,-0.707106781186548));
#2749=DIRECTION('center_axis',(0.,0.707106781186548,0.707106781186548));
#2750=DIRECTION('ref_axis',(0.,-0.707106781186548,0.707106781186548));
#2751=DIRECTION('',(1.,0.,0.));
#2752=DIRECTION('',(1.,0.,0.));
#2753=DIRECTION('',(0.,0.707106781186547,-0.707106781186547));
#2754=DIRECTION('',(1.,0.,0.));
#2755=DIRECTION('',(1.,0.,0.));
#2756=DIRECTION('center_axis',(0.,-0.707106781186548,0.707106781186548));
#2757=DIRECTION('ref_axis',(0.,-0.707106781186548,-0.707106781186548));
#2758=DIRECTION('',(1.,0.,0.));
#2759=DIRECTION('center_axis',(0.,-0.707106781186548,0.707106781186548));
#2760=DIRECTION('ref_axis',(0.,-0.707106781186548,-0.707106781186548));
#2761=DIRECTION('',(0.,0.707106781186547,0.707106781186547));
#2762=DIRECTION('',(1.,0.,0.));
#2763=DIRECTION('center_axis',(0.,0.707106781186548,0.707106781186548));
#2764=DIRECTION('ref_axis',(0.,-0.707106781186548,0.707106781186548));
#2765=DIRECTION('',(1.,0.,0.));
#2766=DIRECTION('center_axis',(0.,0.707106781186548,0.707106781186548));
#2767=DIRECTION('ref_axis',(0.,-0.707106781186548,0.707106781186548));
#2768=DIRECTION('',(0.,0.707106781186547,-0.707106781186547));
#2769=DIRECTION('',(1.,0.,0.));
#2770=DIRECTION('center_axis',(0.,0.707106781186548,0.707106781186548));
#2771=DIRECTION('ref_axis',(0.,-0.707106781186548,0.707106781186548));
#2772=DIRECTION('',(1.,0.,0.));
#2773=DIRECTION('',(1.,0.,0.));
#2774=DIRECTION('',(0.,0.707106781186547,-0.707106781186547));
#2775=DIRECTION('',(1.,0.,0.));
#2776=DIRECTION('',(1.,0.,0.));
#2777=DIRECTION('center_axis',(0.,-0.707106781186548,0.707106781186548));
#2778=DIRECTION('ref_axis',(0.,-0.707106781186548,-0.707106781186548));
#2779=DIRECTION('',(1.,0.,0.));
#2780=DIRECTION('center_axis',(0.,-0.707106781186548,0.707106781186548));
#2781=DIRECTION('ref_axis',(0.,-0.707106781186548,-0.707106781186548));
#2782=DIRECTION('',(0.,0.707106781186547,0.707106781186547));
#2783=DIRECTION('',(1.,0.,0.));
#2784=DIRECTION('center_axis',(0.,0.707106781186548,0.707106781186548));
#2785=DIRECTION('ref_axis',(0.,-0.707106781186548,0.707106781186548));
#2786=DIRECTION('',(1.,0.,0.));
#2787=DIRECTION('center_axis',(0.,0.707106781186548,0.707106781186548));
#2788=DIRECTION('ref_axis',(0.,-0.707106781186548,0.707106781186548));
#2789=DIRECTION('',(0.,0.707106781186547,-0.707106781186547));
#2790=DIRECTION('',(1.,0.,0.));
#2791=DIRECTION('center_axis',(0.,0.707106781186548,0.707106781186548));
#2792=DIRECTION('ref_axis',(0.,-0.707106781186548,0.707106781186548));
#2793=DIRECTION('',(0.,0.707106781186547,-0.707106781186547));
#2794=DIRECTION('',(1.,0.,0.));
#2795=DIRECTION('',(1.,0.,0.));
#2796=DIRECTION('center_axis',(0.,-0.707106781186548,0.707106781186548));
#2797=DIRECTION('ref_axis',(0.,-0.707106781186548,-0.707106781186548));
#2798=DIRECTION('',(0.,0.707106781186547,0.707106781186547));
#2799=DIRECTION('',(1.,0.,0.));
#2800=DIRECTION('center_axis',(0.,0.707106781186548,0.707106781186548));
#2801=DIRECTION('ref_axis',(0.,-0.707106781186548,0.707106781186548));
#2802=DIRECTION('',(0.,0.707106781186547,-0.707106781186547));
#2803=DIRECTION('',(1.,0.,0.));
#2804=DIRECTION('center_axis',(0.,-0.707106781186548,0.707106781186548));
#2805=DIRECTION('ref_axis',(0.,-0.707106781186548,-0.707106781186548));
#2806=DIRECTION('',(1.,0.,0.));
#2807=DIRECTION('',(0.,0.707106781186548,0.707106781186548));
#2808=DIRECTION('center_axis',(0.,0.707106781186548,0.707106781186548));
#2809=DIRECTION('ref_axis',(0.,-0.707106781186548,0.707106781186548));
#2810=DIRECTION('',(1.,0.,0.));
#2811=DIRECTION('center_axis',(0.,-0.707106781186548,0.707106781186548));
#2812=DIRECTION('ref_axis',(0.,-0.707106781186548,-0.707106781186548));
#2813=DIRECTION('center_axis',(0.,-0.707106781186548,0.707106781186548));
#2814=DIRECTION('ref_axis',(0.,-0.707106781186548,-0.707106781186548));
#2815=DIRECTION('',(0.,0.707106781186547,0.707106781186547));
#2816=DIRECTION('',(1.,0.,0.));
#2817=DIRECTION('center_axis',(0.,0.707106781186548,0.707106781186548));
#2818=DIRECTION('ref_axis',(0.,-0.707106781186548,0.707106781186548));
#2819=DIRECTION('',(0.,0.707106781186547,-0.707106781186547));
#2820=DIRECTION('',(1.,0.,0.));
#2821=DIRECTION('center_axis',(0.,-0.707106781186548,0.707106781186548));
#2822=DIRECTION('ref_axis',(0.,-0.707106781186548,-0.707106781186548));
#2823=DIRECTION('',(0.,0.707106781186547,0.707106781186547));
#2824=DIRECTION('',(1.,0.,0.));
#2825=DIRECTION('center_axis',(0.,0.707106781186548,0.707106781186548));
#2826=DIRECTION('ref_axis',(0.,-0.707106781186548,0.707106781186548));
#2827=DIRECTION('',(0.,0.707106781186547,-0.707106781186547));
#2828=DIRECTION('',(1.,0.,0.));
#2829=DIRECTION('center_axis',(0.,-0.707106781186548,0.707106781186548));
#2830=DIRECTION('ref_axis',(0.,-0.707106781186548,-0.707106781186548));
#2831=DIRECTION('',(0.,0.707106781186547,0.707106781186547));
#2832=DIRECTION('',(1.,0.,0.));
#2833=DIRECTION('center_axis',(0.,0.707106781186548,0.707106781186548));
#2834=DIRECTION('ref_axis',(0.,-0.707106781186548,0.707106781186548));
#2835=DIRECTION('',(0.,0.707106781186547,-0.707106781186547));
#2836=DIRECTION('',(1.,0.,0.));
#2837=DIRECTION('center_axis',(0.,-0.707106781186548,0.707106781186548));
#2838=DIRECTION('ref_axis',(0.,-0.707106781186548,-0.707106781186548));
#2839=DIRECTION('',(0.,0.707106781186547,0.707106781186547));
#2840=DIRECTION('',(1.,0.,0.));
#2841=DIRECTION('center_axis',(0.,0.707106781186548,0.707106781186548));
#2842=DIRECTION('ref_axis',(0.,-0.707106781186548,0.707106781186548));
#2843=DIRECTION('',(0.,0.707106781186547,-0.707106781186547));
#2844=DIRECTION('',(1.,0.,0.));
#2845=DIRECTION('center_axis',(0.,-0.707106781186548,0.707106781186548));
#2846=DIRECTION('ref_axis',(0.,-0.707106781186548,-0.707106781186548));
#2847=DIRECTION('',(1.,0.,0.));
#2848=DIRECTION('',(0.,0.707106781186547,0.707106781186547));
#2849=DIRECTION('center_axis',(0.,0.707106781186548,0.707106781186548));
#2850=DIRECTION('ref_axis',(0.,-0.707106781186548,0.707106781186548));
#2851=DIRECTION('',(1.,0.,0.));
#2852=DIRECTION('center_axis',(0.,-0.707106781186548,0.707106781186548));
#2853=DIRECTION('ref_axis',(0.,-0.707106781186548,-0.707106781186548));
#2854=DIRECTION('center_axis',(0.,-0.707106781186548,0.707106781186548));
#2855=DIRECTION('ref_axis',(0.,-0.707106781186548,-0.707106781186548));
#2856=DIRECTION('',(0.,0.707106781186547,0.707106781186547));
#2857=DIRECTION('',(1.,0.,0.));
#2858=DIRECTION('center_axis',(0.,0.707106781186548,0.707106781186548));
#2859=DIRECTION('ref_axis',(0.,-0.707106781186548,0.707106781186548));
#2860=DIRECTION('',(0.,0.707106781186547,-0.707106781186547));
#2861=DIRECTION('',(1.,0.,0.));
#2862=DIRECTION('center_axis',(0.,-0.707106781186548,0.707106781186548));
#2863=DIRECTION('ref_axis',(0.,-0.707106781186548,-0.707106781186548));
#2864=DIRECTION('',(0.,0.707106781186547,0.707106781186547));
#2865=DIRECTION('center_axis',(0.,-0.707106781186548,0.707106781186548));
#2866=DIRECTION('ref_axis',(0.,-0.707106781186548,-0.707106781186548));
#2867=DIRECTION('',(0.,0.707106781186547,0.707106781186547));
#2868=DIRECTION('center_axis',(1.,0.,0.));
#2869=DIRECTION('ref_axis',(0.,1.,0.));
#2870=CARTESIAN_POINT('',(0.,0.,0.));
#2871=CARTESIAN_POINT('Origin',(0.,-13.9000002086163,-2.99999983608723));
#2872=CARTESIAN_POINT('',(24.8,-14.0000002086163,-2.89999983608723));
#2873=CARTESIAN_POINT('',(0.2,-14.0000002086163,-2.89999983608723));
#2874=CARTESIAN_POINT('',(0.,-14.0000002086163,-2.89999983608723));
#2875=CARTESIAN_POINT('',(0.28284271247462,-13.8000002086163,-3.09999983608723));
#2876=CARTESIAN_POINT('',(0.2,-14.0000002086163,-2.89999983608723));
#2877=CARTESIAN_POINT('',(24.7171572875254,-13.8000002086163,-3.09999983608723));
#2878=CARTESIAN_POINT('',(0.,-13.8000002086163,-3.09999983608723));
#2879=CARTESIAN_POINT('',(24.8,-14.0000002086163,-2.89999983608723));
#2880=CARTESIAN_POINT('Origin',(0.170710678118655,-13.8292895304976,-2.99999983608723));
#2881=CARTESIAN_POINT('',(0.,-13.8000002086163,-2.89999983608723));
#2882=CARTESIAN_POINT('',(0.1,-13.9000002086163,-2.89999983608723));
#2883=CARTESIAN_POINT('',(0.2,-13.7171574961417,-3.09999983608723));
#2884=CARTESIAN_POINT('',(0.,-13.8000002086163,-2.89999983608723));
#2885=CARTESIAN_POINT('',(0.24142135623731,-13.758578852379,-3.09999983608723));
#2886=CARTESIAN_POINT('Origin',(0.1,-5.25000008288773,-2.99999983608723));
#2887=CARTESIAN_POINT('',(0.,20.8000003129244,-2.89999983608723));
#2888=CARTESIAN_POINT('',(0.,-5.25000008288773,-2.89999983608723));
#2889=CARTESIAN_POINT('',(0.2,20.7171576004498,-3.09999983608723));
#2890=CARTESIAN_POINT('',(0.,20.8000003129244,-2.89999983608723));
#2891=CARTESIAN_POINT('',(0.2,-5.25000008288773,-3.09999983608723));
#2892=CARTESIAN_POINT('Origin',(27.3292894522665,18.3292895044206,-2.99999983608723));
#2893=CARTESIAN_POINT('',(24.8,20.7171576004498,-3.09999983608723));
#2894=CARTESIAN_POINT('',(24.7171572875254,20.8000003129244,-3.09999983608723));
#2895=CARTESIAN_POINT('',(27.2585787741479,18.2585788263019,-3.09999983608723));
#2896=CARTESIAN_POINT('',(24.8,21.0000003129244,-2.89999983608723));
#2897=CARTESIAN_POINT('',(24.7171572875254,20.8000003129244,-3.09999983608723));
#2898=CARTESIAN_POINT('',(25.,20.8000003129244,-2.89999983608723));
#2899=CARTESIAN_POINT('',(27.4000001303852,18.4000001825392,-2.89999983608723));
#2900=CARTESIAN_POINT('',(25.,20.8000003129244,-2.89999983608723));
#2901=CARTESIAN_POINT('Origin',(0.,20.9000003129244,-2.99999983608723));
#2902=CARTESIAN_POINT('',(0.282842712474621,20.8000003129244,-3.09999983608723));
#2903=CARTESIAN_POINT('',(0.,20.8000003129244,-3.09999983608723));
#2904=CARTESIAN_POINT('',(0.2,21.0000003129244,-2.89999983608723));
#2905=CARTESIAN_POINT('',(0.282842712474621,20.8000003129244,-3.09999983608723));
#2906=CARTESIAN_POINT('',(0.,21.0000003129244,-2.89999983608723));
#2907=CARTESIAN_POINT('Origin',(-8.57928945226652,12.0792895044206,-2.99999983608723));
#2908=CARTESIAN_POINT('',(-8.65000013038518,12.1500001825392,-2.89999983608723));
#2909=CARTESIAN_POINT('',(-8.50857877414787,12.0085788263019,-3.09999983608723));
#2910=CARTESIAN_POINT('Origin',(24.9,-5.25000008288773,-2.99999983608723));
#2911=CARTESIAN_POINT('',(24.8,-13.7171574961417,-3.09999983608723));
#2912=CARTESIAN_POINT('',(24.8,-5.25000008288773,-3.09999983608723));
#2913=CARTESIAN_POINT('',(25.,-13.8000002086163,-2.89999983608723));
#2914=CARTESIAN_POINT('',(25.,-5.25000008288773,-2.89999983608723));
#2915=CARTESIAN_POINT('',(25.,-13.8000002086163,-2.89999983608723));
#2916=CARTESIAN_POINT('Origin',(18.5792893218813,-20.0792895304977,-2.99999983608723));
#2917=CARTESIAN_POINT('',(18.5085786437627,-20.008578852379,-3.09999983608723));
#2918=CARTESIAN_POINT('',(18.65,-20.1500002086163,-2.89999983608723));
#2919=CARTESIAN_POINT('Origin',(0.,-14.0000002086163,1.00000001490116));
#2920=CARTESIAN_POINT('',(24.8,-14.0000002086163,1.00000001490116));
#2921=CARTESIAN_POINT('',(24.8,-14.0000002086163,2.47500008940697));
#2922=CARTESIAN_POINT('',(0.2,-14.0000002086163,1.00000001490116));
#2923=CARTESIAN_POINT('',(0.,-14.0000002086163,1.00000001490116));
#2924=CARTESIAN_POINT('',(0.2,-14.0000002086163,2.47500008940697));
#2925=CARTESIAN_POINT('Origin',(24.9,-13.9000002086163,2.47500008940697));
#2926=CARTESIAN_POINT('',(25.,-13.8000002086163,1.2000000149011));
#2927=CARTESIAN_POINT('',(25.,-13.8000002086163,2.47500008940697));
#2928=CARTESIAN_POINT('',(21.1125000149012,-17.6875001937151,-2.68749997019769));
#2929=CARTESIAN_POINT('Origin',(25.,3.50000004284084,3.95000016391277));
#2930=CARTESIAN_POINT('',(25.,20.8000003129244,0.199999508261642));
#2931=CARTESIAN_POINT('',(25.,20.8000003129244,0.42500016391277));
#2932=CARTESIAN_POINT('',(25.,19.4999997988343,1.50000002235174));
#2933=CARTESIAN_POINT('',(25.,19.4999997988343,1.50000002235174));
#2934=CARTESIAN_POINT('',(25.,17.9999997877803,1.12976829728784E-8));
#2935=CARTESIAN_POINT('',(25.,17.9999997764826,0.));
#2936=CARTESIAN_POINT('',(25.,16.4999997988343,1.50000002235174));
#2937=CARTESIAN_POINT('',(25.,16.4999997988343,1.50000002235174));
#2938=CARTESIAN_POINT('',(25.,14.9999997877803,1.12976835292071E-8));
#2939=CARTESIAN_POINT('',(25.,14.9999997764826,0.));
#2940=CARTESIAN_POINT('',(25.,13.4999997988343,1.50000002235174));
#2941=CARTESIAN_POINT('',(25.,13.4999997988343,1.50000002235174));
#2942=CARTESIAN_POINT('',(25.,11.9999997877803,1.12976835291394E-8));
#2943=CARTESIAN_POINT('',(25.,11.9999997764826,0.));
#2944=CARTESIAN_POINT('',(25.,10.4999997988343,1.50000002235174));
#2945=CARTESIAN_POINT('',(25.,10.4999997988343,1.50000002235174));
#2946=CARTESIAN_POINT('',(25.,8.99999978778028,1.12976933217865E-8));
#2947=CARTESIAN_POINT('',(25.,8.99999977648259,0.));
#2948=CARTESIAN_POINT('',(25.,7.49999979883433,1.50000002235174));
#2949=CARTESIAN_POINT('',(25.,7.49999979883433,1.50000002235174));
#2950=CARTESIAN_POINT('',(25.,5.99999978778028,1.12976930137346E-8));
#2951=CARTESIAN_POINT('',(25.,5.99999977648259,0.));
#2952=CARTESIAN_POINT('',(25.,4.49999979883433,1.50000002235174));
#2953=CARTESIAN_POINT('',(25.,4.49999979883433,1.50000002235174));
#2954=CARTESIAN_POINT('',(25.,2.99999978778028,1.12976956881629E-8));
#2955=CARTESIAN_POINT('',(25.,2.99999977648258,0.));
#2956=CARTESIAN_POINT('',(25.,1.49999979883433,1.50000002235174));
#2957=CARTESIAN_POINT('',(25.,1.49999979883433,1.50000002235174));
#2958=CARTESIAN_POINT('',(25.,-2.12219720969805E-7,1.12976945324264E-8));
#2959=CARTESIAN_POINT('',(25.,-2.23517415687269E-7,0.));
#2960=CARTESIAN_POINT('',(25.,-1.50000020116567,1.50000002235174));
#2961=CARTESIAN_POINT('',(25.,-1.50000020116567,1.50000002235174));
#2962=CARTESIAN_POINT('',(25.,-3.00000021221972,1.12976955797955E-8));
#2963=CARTESIAN_POINT('',(25.,-3.00000022351742,0.));
#2964=CARTESIAN_POINT('',(25.,-4.50000020116567,1.50000002235174));
#2965=CARTESIAN_POINT('',(25.,-4.50000020116567,1.50000002235174));
#2966=CARTESIAN_POINT('',(25.,-6.00000021221973,1.12976930024038E-8));
#2967=CARTESIAN_POINT('',(25.,-6.00000022351742,0.));
#2968=CARTESIAN_POINT('',(25.,-7.50000020116568,1.50000002235174));
#2969=CARTESIAN_POINT('',(25.,-7.50000020116568,1.50000002235174));
#2970=CARTESIAN_POINT('',(25.,-9.00000021221973,1.12976881757432E-8));
#2971=CARTESIAN_POINT('',(25.,-9.00000022351742,0.));
#2972=CARTESIAN_POINT('',(25.,-10.5000002011657,1.50000002235174));
#2973=CARTESIAN_POINT('',(25.,-10.5000002011657,1.50000002235174));
#2974=CARTESIAN_POINT('',(25.,-12.0000002122197,1.12976835283594E-8));
#2975=CARTESIAN_POINT('',(25.,-12.0000002235174,0.));
#2976=CARTESIAN_POINT('',(25.,-13.5000002011657,1.50000002235174));
#2977=CARTESIAN_POINT('',(25.,-13.5000002011657,1.50000002235174));
#2978=CARTESIAN_POINT('',(25.,-15.0000002235174,0.));
#2979=CARTESIAN_POINT('Origin',(24.9,20.9000003129244,0.42500016391277));
#2980=CARTESIAN_POINT('',(24.8,20.9999998211861,0.));
#2981=CARTESIAN_POINT('',(24.8,21.0000003129244,0.42500016391277));
#2982=CARTESIAN_POINT('',(20.7708336065213,25.0291667064031,-4.02916688521702));
#2983=CARTESIAN_POINT('Origin',(0.,-14.0000002086163,-3.09999983608723));
#2984=CARTESIAN_POINT('',(23.6,-5.34204900228821,-3.09999983608723));
#2985=CARTESIAN_POINT('Origin',(19.3,-5.34204900228821,-3.09999983608723));
#2986=CARTESIAN_POINT('',(10.,12.3420491065963,-3.09999983608723));
#2987=CARTESIAN_POINT('Origin',(5.70000000000001,12.3420491065963,-3.09999983608723));
#2988=CARTESIAN_POINT('',(23.6,12.3420491065963,-3.09999983608723));
#2989=CARTESIAN_POINT('Origin',(19.3,12.3420491065963,-3.09999983608723));
#2990=CARTESIAN_POINT('',(10.,-5.34204900228821,-3.09999983608723));
#2991=CARTESIAN_POINT('Origin',(5.70000000000001,-5.34204900228821,-3.09999983608723));
#2992=CARTESIAN_POINT('Origin',(0.,20.9999998211861,0.));
#2993=CARTESIAN_POINT('',(0.2,20.9999998211861,0.));
#2994=CARTESIAN_POINT('',(0.,20.9999998211861,0.));
#2995=CARTESIAN_POINT('',(0.,20.8000003129244,0.199999508261642));
#2996=CARTESIAN_POINT('',(0.0624997268120591,20.8625000397365,0.137499781449649));
#2997=CARTESIAN_POINT('',(0.,19.4999997988343,1.50000002235174));
#2998=CARTESIAN_POINT('',(0.,19.4999997988343,1.50000002235174));
#2999=CARTESIAN_POINT('',(0.,19.4999997988343,1.50000002235174));
#3000=CARTESIAN_POINT('Origin',(0.,21.0000003129244,-3.09999983608723));
#3001=CARTESIAN_POINT('',(0.2,21.0000003129244,0.42500016391277));
#3002=CARTESIAN_POINT('Origin',(0.1,20.9000003129244,0.42500016391277));
#3003=CARTESIAN_POINT('',(0.,20.8000003129244,0.42500016391277));
#3004=CARTESIAN_POINT('Origin',(0.1,-13.9000002086163,2.47500008940697));
#3005=CARTESIAN_POINT('',(0.,-13.8000002086163,1.2000000149011));
#3006=CARTESIAN_POINT('',(-0.279166681567838,-13.5208335270485,1.47916669646898));
#3007=CARTESIAN_POINT('',(0.,-13.8000002086163,2.47500008940697));
#3008=CARTESIAN_POINT('Origin',(19.3,-5.34204900228821,-2.89999983608723));
#3009=CARTESIAN_POINT('',(23.2,-5.34204900228821,-2.69999983608723));
#3010=CARTESIAN_POINT('',(23.4,-5.34204900228821,-2.89999983608723));
#3011=CARTESIAN_POINT('Origin',(19.3,-5.34204900228821,-2.69999983608723));
#3012=CARTESIAN_POINT('Origin',(19.3,-5.34204900228821,-1.84999983608723));
#3013=CARTESIAN_POINT('',(23.2,-5.34204900228821,-0.799999836087228));
#3014=CARTESIAN_POINT('',(23.2,-5.34204900228821,-1.84999983608723));
#3015=CARTESIAN_POINT('',(21.5,-2.12180056466729,-0.799999836087228));
#3016=CARTESIAN_POINT('Origin',(19.3,-5.34204900228821,-0.799999836087228));
#3017=CARTESIAN_POINT('',(21.5,-2.12180056466729,-0.599999836087228));
#3018=CARTESIAN_POINT('',(21.5,-2.12180056466728,-1.84999983608723));
#3019=CARTESIAN_POINT('',(17.1,-2.12180056466729,-0.599999836087228));
#3020=CARTESIAN_POINT('Origin',(19.3,-5.34204900228821,-0.599999836087229));
#3021=CARTESIAN_POINT('',(17.1,-2.12180056466729,-0.799999836087228));
#3022=CARTESIAN_POINT('',(17.1,-2.12180056466729,-1.84999983608723));
#3023=CARTESIAN_POINT('',(17.1,-8.56229743990913,-0.799999836087228));
#3024=CARTESIAN_POINT('Origin',(19.3,-5.34204900228821,-0.799999836087228));
#3025=CARTESIAN_POINT('',(17.1,-8.56229743990913,-0.599999836087228));
#3026=CARTESIAN_POINT('',(17.1,-8.56229743990913,-1.84999983608723));
#3027=CARTESIAN_POINT('',(21.5,-8.56229743990913,-0.599999836087228));
#3028=CARTESIAN_POINT('Origin',(19.3,-5.34204900228821,-0.599999836087229));
#3029=CARTESIAN_POINT('',(21.5,-8.56229743990913,-0.799999836087228));
#3030=CARTESIAN_POINT('',(21.5,-8.56229743990914,-1.84999983608723));
#3031=CARTESIAN_POINT('Origin',(19.3,-5.34204900228821,-0.799999836087228));
#3032=CARTESIAN_POINT('Origin',(5.70000000000001,-5.34204900228821,-2.89999983608723));
#3033=CARTESIAN_POINT('',(9.60000000000001,-5.34204900228821,-2.69999983608723));
#3034=CARTESIAN_POINT('',(9.80000000000001,-5.34204900228821,-2.89999983608723));
#3035=CARTESIAN_POINT('Origin',(5.70000000000001,-5.34204900228821,-2.69999983608723));
#3036=CARTESIAN_POINT('Origin',(5.70000000000001,-5.34204900228821,-1.84999983608723));
#3037=CARTESIAN_POINT('',(9.60000000000001,-5.34204900228821,-0.799999836087228));
#3038=CARTESIAN_POINT('',(9.60000000000001,-5.34204900228821,-1.84999983608723));
#3039=CARTESIAN_POINT('',(7.90000000000001,-2.12180056466729,-0.799999836087228));
#3040=CARTESIAN_POINT('Origin',(5.70000000000001,-5.34204900228821,-0.799999836087228));
#3041=CARTESIAN_POINT('',(7.90000000000001,-2.12180056466729,-0.599999836087228));
#3042=CARTESIAN_POINT('',(7.90000000000001,-2.12180056466729,-1.84999983608723));
#3043=CARTESIAN_POINT('',(3.50000000000001,-2.12180056466729,-0.599999836087228));
#3044=CARTESIAN_POINT('Origin',(5.70000000000001,-5.34204900228821,-0.599999836087229));
#3045=CARTESIAN_POINT('',(3.50000000000001,-2.12180056466729,-0.799999836087228));
#3046=CARTESIAN_POINT('',(3.50000000000001,-2.12180056466729,-1.84999983608723));
#3047=CARTESIAN_POINT('',(3.50000000000001,-8.56229743990913,-0.799999836087228));
#3048=CARTESIAN_POINT('Origin',(5.70000000000001,-5.34204900228821,-0.799999836087228));
#3049=CARTESIAN_POINT('',(3.50000000000001,-8.56229743990913,-0.599999836087228));
#3050=CARTESIAN_POINT('',(3.50000000000001,-8.56229743990913,-1.84999983608723));
#3051=CARTESIAN_POINT('',(7.90000000000001,-8.56229743990913,-0.599999836087228));
#3052=CARTESIAN_POINT('Origin',(5.70000000000001,-5.34204900228821,-0.599999836087229));
#3053=CARTESIAN_POINT('',(7.90000000000001,-8.56229743990913,-0.799999836087228));
#3054=CARTESIAN_POINT('',(7.90000000000001,-8.56229743990913,-1.84999983608723));
#3055=CARTESIAN_POINT('Origin',(5.70000000000001,-5.34204900228821,-0.799999836087228));
#3056=CARTESIAN_POINT('Origin',(5.70000000000001,12.3420491065963,-2.89999983608723));
#3057=CARTESIAN_POINT('',(9.60000000000001,12.3420491065963,-2.69999983608723));
#3058=CARTESIAN_POINT('',(9.80000000000001,12.3420491065963,-2.89999983608723));
#3059=CARTESIAN_POINT('Origin',(5.70000000000001,12.3420491065963,-2.69999983608723));
#3060=CARTESIAN_POINT('Origin',(5.70000000000001,12.3420491065963,-1.84999983608723));
#3061=CARTESIAN_POINT('',(9.60000000000001,12.3420491065963,-0.799999836087228));
#3062=CARTESIAN_POINT('',(9.60000000000001,12.3420491065963,-1.84999983608723));
#3063=CARTESIAN_POINT('',(7.90000000000001,15.5622975442172,-0.799999836087228));
#3064=CARTESIAN_POINT('Origin',(5.70000000000001,12.3420491065963,-0.799999836087228));
#3065=CARTESIAN_POINT('',(7.90000000000001,15.5622975442172,-0.599999836087228));
#3066=CARTESIAN_POINT('',(7.90000000000001,15.5622975442172,-1.84999983608723));
#3067=CARTESIAN_POINT('',(3.50000000000001,15.5622975442172,-0.599999836087228));
#3068=CARTESIAN_POINT('Origin',(5.70000000000001,12.3420491065963,-0.599999836087229));
#3069=CARTESIAN_POINT('',(3.50000000000001,15.5622975442172,-0.799999836087228));
#3070=CARTESIAN_POINT('',(3.50000000000001,15.5622975442172,-1.84999983608723));
#3071=CARTESIAN_POINT('',(3.50000000000001,9.12180066897537,-0.799999836087228));
#3072=CARTESIAN_POINT('Origin',(5.70000000000001,12.3420491065963,-0.799999836087228));
#3073=CARTESIAN_POINT('',(3.50000000000001,9.12180066897537,-0.599999836087228));
#3074=CARTESIAN_POINT('',(3.50000000000001,9.12180066897538,-1.84999983608723));
#3075=CARTESIAN_POINT('',(7.90000000000001,9.12180066897537,-0.599999836087228));
#3076=CARTESIAN_POINT('Origin',(5.70000000000001,12.3420491065963,-0.599999836087229));
#3077=CARTESIAN_POINT('',(7.90000000000001,9.12180066897537,-0.799999836087228));
#3078=CARTESIAN_POINT('',(7.90000000000001,9.12180066897538,-1.84999983608723));
#3079=CARTESIAN_POINT('Origin',(5.70000000000001,12.3420491065963,-0.799999836087228));
#3080=CARTESIAN_POINT('Origin',(19.3,12.3420491065963,-2.89999983608723));
#3081=CARTESIAN_POINT('',(23.2,12.3420491065963,-2.69999983608723));
#3082=CARTESIAN_POINT('',(23.4,12.3420491065963,-2.89999983608723));
#3083=CARTESIAN_POINT('Origin',(19.3,12.3420491065963,-2.69999983608723));
#3084=CARTESIAN_POINT('Origin',(19.3,12.3420491065963,-1.84999983608723));
#3085=CARTESIAN_POINT('',(23.2,12.3420491065963,-0.799999836087228));
#3086=CARTESIAN_POINT('',(23.2,12.3420491065963,-1.84999983608723));
#3087=CARTESIAN_POINT('',(21.5,15.5622975442172,-0.799999836087228));
#3088=CARTESIAN_POINT('Origin',(19.3,12.3420491065963,-0.799999836087228));
#3089=CARTESIAN_POINT('',(21.5,15.5622975442172,-0.599999836087228));
#3090=CARTESIAN_POINT('',(21.5,15.5622975442172,-1.84999983608723));
#3091=CARTESIAN_POINT('',(17.1,15.5622975442172,-0.599999836087228));
#3092=CARTESIAN_POINT('Origin',(19.3,12.3420491065963,-0.599999836087229));
#3093=CARTESIAN_POINT('',(17.1,15.5622975442172,-0.799999836087228));
#3094=CARTESIAN_POINT('',(17.1,15.5622975442172,-1.84999983608723));
#3095=CARTESIAN_POINT('',(17.1,9.12180066897538,-0.799999836087228));
#3096=CARTESIAN_POINT('Origin',(19.3,12.3420491065963,-0.799999836087228));
#3097=CARTESIAN_POINT('',(17.1,9.12180066897538,-0.599999836087228));
#3098=CARTESIAN_POINT('',(17.1,9.12180066897538,-1.84999983608723));
#3099=CARTESIAN_POINT('',(21.5,9.12180066897538,-0.599999836087228));
#3100=CARTESIAN_POINT('Origin',(19.3,12.3420491065963,-0.599999836087229));
#3101=CARTESIAN_POINT('',(21.5,9.12180066897538,-0.799999836087228));
#3102=CARTESIAN_POINT('',(21.5,9.12180066897538,-1.84999983608723));
#3103=CARTESIAN_POINT('Origin',(19.3,12.3420491065963,-0.799999836087228));
#3104=CARTESIAN_POINT('Origin',(4.59999998827141,11.2420491065963,-0.399999836087228));
#3105=CARTESIAN_POINT('',(3.50000000000001,10.1420491065963,-0.399999836087228));
#3106=CARTESIAN_POINT('',(5.69999997654281,10.1420491065963,-0.399999836087228));
#3107=CARTESIAN_POINT('',(7.90000000000001,10.1420491065963,-0.399999836087228));
#3108=CARTESIAN_POINT('',(3.50000000000001,12.3420491065963,-0.399999836087228));
#3109=CARTESIAN_POINT('',(3.50000000000001,10.1420491065963,-0.399999836087228));
#3110=CARTESIAN_POINT('Origin',(5.70000000000001,12.3420491065963,-0.399999836087228));
#3111=CARTESIAN_POINT('Origin',(5.69999997654281,10.1420491065963,-0.599999836087228));
#3112=CARTESIAN_POINT('',(3.50000000000001,10.1420491065963,-0.599999836087228));
#3113=CARTESIAN_POINT('',(7.90000000000001,10.1420491065963,-0.599999836087228));
#3114=CARTESIAN_POINT('',(4.60000000000001,10.1420491065963,-0.599999836087229));
#3115=CARTESIAN_POINT('',(3.50000000000001,10.1420491065963,-0.599999836087228));
#3116=CARTESIAN_POINT('',(7.90000000000001,10.1420491065963,-0.399999836087228));
#3117=CARTESIAN_POINT('',(7.90000000000001,10.1420491065963,-0.399999836087228));
#3118=CARTESIAN_POINT('',(7.90000000000001,10.1420491065963,-0.599999836087228));
#3119=CARTESIAN_POINT('Origin',(6.79999998827141,11.2420491406002,-0.399999836087228));
#3120=CARTESIAN_POINT('',(7.90000000000001,12.3420491746041,-0.399999836087228));
#3121=CARTESIAN_POINT('Origin',(5.70000000000001,12.3420491065963,-0.399999836087228));
#3122=CARTESIAN_POINT('',(7.90000000000001,14.5420491065963,-0.399999836087228));
#3123=CARTESIAN_POINT('Origin',(4.5999999650537,13.4420490820019,-0.399999836087228));
#3124=CARTESIAN_POINT('',(3.50000000000001,14.5420491065963,-0.399999836087228));
#3125=CARTESIAN_POINT('',(3.50000000000001,10.1420491065963,-0.399999836087228));
#3126=CARTESIAN_POINT('',(5.69999993010738,14.5420491065963,-0.399999836087228));
#3127=CARTESIAN_POINT('',(3.50000000000001,14.5420491065963,-0.399999836087228));
#3128=CARTESIAN_POINT('Origin',(5.70000000000001,12.3420491065963,-0.399999836087228));
#3129=CARTESIAN_POINT('Origin',(7.90000000000001,14.5420491065963,-0.599999836087228));
#3130=CARTESIAN_POINT('',(7.90000000000001,14.5420491065963,-0.599999836087228));
#3131=CARTESIAN_POINT('',(3.50000000000001,14.5420491065963,-0.599999836087228));
#3132=CARTESIAN_POINT('',(5.6999999650537,14.5420491065963,-0.599999836087229));
#3133=CARTESIAN_POINT('',(7.90000000000001,14.5420491065963,-0.399999836087228));
#3134=CARTESIAN_POINT('',(7.90000000000001,14.5420491065963,-0.599999836087228));
#3135=CARTESIAN_POINT('',(3.50000000000001,14.5420491065963,-0.399999836087228));
#3136=CARTESIAN_POINT('',(3.50000000000001,14.5420491065963,-0.599999836087228));
#3137=CARTESIAN_POINT('Origin',(6.7999999650537,13.4420491406002,-0.399999836087228));
#3138=CARTESIAN_POINT('',(7.90000000000001,14.5420491065963,-0.399999836087228));
#3139=CARTESIAN_POINT('Origin',(5.70000000000001,12.3420491065963,-0.399999836087228));
#3140=CARTESIAN_POINT('Origin',(18.2000000601859,13.4420490464104,-0.399999836087228));
#3141=CARTESIAN_POINT('',(17.1,14.5420491065963,-0.399999836087228));
#3142=CARTESIAN_POINT('',(17.1,12.3420489862244,-0.399999836087228));
#3143=CARTESIAN_POINT('',(17.1,10.1420491065963,-0.399999836087228));
#3144=CARTESIAN_POINT('',(19.3000001203719,14.5420491065963,-0.399999836087228));
#3145=CARTESIAN_POINT('',(17.1,14.5420491065963,-0.399999836087228));
#3146=CARTESIAN_POINT('Origin',(19.3,12.3420491065963,-0.399999836087228));
#3147=CARTESIAN_POINT('Origin',(21.5,14.5420491065963,-0.599999836087228));
#3148=CARTESIAN_POINT('',(21.5,14.5420491065963,-0.599999836087228));
#3149=CARTESIAN_POINT('',(17.1,14.5420491065963,-0.599999836087228));
#3150=CARTESIAN_POINT('',(20.4,14.5420491065963,-0.599999836087229));
#3151=CARTESIAN_POINT('',(21.5,14.5420491065963,-0.399999836087228));
#3152=CARTESIAN_POINT('',(21.5,14.5420491065963,-0.599999836087228));
#3153=CARTESIAN_POINT('',(17.1,14.5420491065963,-0.399999836087228));
#3154=CARTESIAN_POINT('',(17.1,14.5420491065963,-0.599999836087228));
#3155=CARTESIAN_POINT('Origin',(20.4000000601859,13.4420491065963,-0.399999836087228));
#3156=CARTESIAN_POINT('',(21.5,12.3420491065963,-0.399999836087228));
#3157=CARTESIAN_POINT('',(21.5,14.5420491065963,-0.399999836087228));
#3158=CARTESIAN_POINT('Origin',(19.3,12.3420491065963,-0.399999836087228));
#3159=CARTESIAN_POINT('Origin',(20.40000003025,11.2420491065963,-0.399999836087228));
#3160=CARTESIAN_POINT('',(19.3000000604999,10.1420491065963,-0.399999836087228));
#3161=CARTESIAN_POINT('',(21.5,10.1420491065963,-0.399999836087228));
#3162=CARTESIAN_POINT('',(21.5,10.1420491065963,-0.399999836087228));
#3163=CARTESIAN_POINT('Origin',(19.3,12.3420491065963,-0.399999836087228));
#3164=CARTESIAN_POINT('',(21.5,14.5420491065963,-0.399999836087228));
#3165=CARTESIAN_POINT('Origin',(17.1,10.1420491065963,-0.599999836087228));
#3166=CARTESIAN_POINT('',(17.1,10.1420491065963,-0.599999836087228));
#3167=CARTESIAN_POINT('',(21.5,10.1420491065963,-0.599999836087228));
#3168=CARTESIAN_POINT('',(19.30000003025,10.1420491065963,-0.599999836087229));
#3169=CARTESIAN_POINT('',(17.1,10.1420491065963,-0.399999836087228));
#3170=CARTESIAN_POINT('',(17.1,10.1420491065963,-0.599999836087228));
#3171=CARTESIAN_POINT('',(21.5,10.1420491065963,-0.399999836087228));
#3172=CARTESIAN_POINT('',(21.5,10.1420491065963,-0.599999836087228));
#3173=CARTESIAN_POINT('Origin',(18.20000003025,11.2420490763463,-0.399999836087228));
#3174=CARTESIAN_POINT('',(17.1,10.1420491065963,-0.399999836087228));
#3175=CARTESIAN_POINT('Origin',(19.3,12.3420491065963,-0.399999836087228));
#3176=CARTESIAN_POINT('Origin',(18.2000000553472,-6.44204900228821,-0.399999836087228));
#3177=CARTESIAN_POINT('',(17.1,-7.5420490022882,-0.399999836087228));
#3178=CARTESIAN_POINT('',(19.3000001106945,-7.5420490022882,-0.399999836087228));
#3179=CARTESIAN_POINT('',(21.5,-7.5420490022882,-0.399999836087228));
#3180=CARTESIAN_POINT('',(17.1,-5.34204900228821,-0.399999836087228));
#3181=CARTESIAN_POINT('',(17.1,-7.5420490022882,-0.399999836087228));
#3182=CARTESIAN_POINT('Origin',(19.3,-5.34204900228821,-0.399999836087228));
#3183=CARTESIAN_POINT('Origin',(19.3000001106945,-7.5420490022882,-0.599999836087228));
#3184=CARTESIAN_POINT('',(17.1,-7.5420490022882,-0.599999836087228));
#3185=CARTESIAN_POINT('',(21.5,-7.5420490022882,-0.599999836087228));
#3186=CARTESIAN_POINT('',(18.2,-7.5420490022882,-0.599999836087229));
#3187=CARTESIAN_POINT('',(17.1,-7.5420490022882,-0.599999836087228));
#3188=CARTESIAN_POINT('',(21.5,-7.5420490022882,-0.399999836087228));
#3189=CARTESIAN_POINT('',(21.5,-7.5420490022882,-0.399999836087228));
#3190=CARTESIAN_POINT('',(21.5,-7.5420490022882,-0.599999836087228));
#3191=CARTESIAN_POINT('Origin',(20.4000000553472,-6.44204895833603,-0.399999836087228));
#3192=CARTESIAN_POINT('',(21.5,-5.34204891438385,-0.399999836087228));
#3193=CARTESIAN_POINT('Origin',(19.3,-5.34204900228821,-0.399999836087228));
#3194=CARTESIAN_POINT('',(21.5,-3.14204900228821,-0.399999836087228));
#3195=CARTESIAN_POINT('Origin',(21.5,-3.14204900228821,-0.599999836087228));
#3196=CARTESIAN_POINT('',(21.5,-3.14204900228821,-0.599999836087228));
#3197=CARTESIAN_POINT('',(17.1,-3.14204900228821,-0.599999836087228));
#3198=CARTESIAN_POINT('',(19.2999999739605,-3.14204900228821,-0.599999836087229));
#3199=CARTESIAN_POINT('',(21.5,-3.14204900228821,-0.399999836087228));
#3200=CARTESIAN_POINT('',(21.5,-3.14204900228821,-0.599999836087228));
#3201=CARTESIAN_POINT('',(19.299999947921,-3.14204900228821,-0.399999836087228));
#3202=CARTESIAN_POINT('',(17.1,-3.14204900228821,-0.399999836087228));
#3203=CARTESIAN_POINT('',(17.1,-3.14204900228821,-0.399999836087228));
#3204=CARTESIAN_POINT('',(17.1,-3.14204900228821,-0.399999836087228));
#3205=CARTESIAN_POINT('',(17.1,-3.14204900228821,-0.599999836087228));
#3206=CARTESIAN_POINT('Origin',(20.3999999739605,-4.24204895833603,-0.399999836087228));
#3207=CARTESIAN_POINT('',(21.5,-3.14204900228821,-0.399999836087228));
#3208=CARTESIAN_POINT('Origin',(19.3,-5.34204900228821,-0.399999836087228));
#3209=CARTESIAN_POINT('Origin',(18.1999999739605,-4.24204903253816,-0.399999836087228));
#3210=CARTESIAN_POINT('',(17.1,-7.5420490022882,-0.399999836087228));
#3211=CARTESIAN_POINT('Origin',(19.3,-5.34204900228821,-0.399999836087228));
#3212=CARTESIAN_POINT('Origin',(6.79999997945647,-6.44204898174467,-0.399999836087228));
#3213=CARTESIAN_POINT('',(5.69999995891293,-7.54204900228821,-0.399999836087228));
#3214=CARTESIAN_POINT('',(7.90000000000001,-7.54204900228821,-0.399999836087228));
#3215=CARTESIAN_POINT('',(7.90000000000001,-7.54204900228821,-0.399999836087228));
#3216=CARTESIAN_POINT('',(7.90000000000001,-5.34204896120113,-0.399999836087228));
#3217=CARTESIAN_POINT('Origin',(5.70000000000001,-5.34204900228821,-0.399999836087228));
#3218=CARTESIAN_POINT('',(7.90000000000001,-3.14204900228821,-0.399999836087228));
#3219=CARTESIAN_POINT('Origin',(3.50000000000001,-7.54204900228821,-0.599999836087228));
#3220=CARTESIAN_POINT('',(3.50000000000001,-7.54204900228821,-0.599999836087228));
#3221=CARTESIAN_POINT('',(7.90000000000001,-7.54204900228821,-0.599999836087228));
#3222=CARTESIAN_POINT('',(4.60000000000001,-7.54204900228821,-0.599999836087229));
#3223=CARTESIAN_POINT('',(3.50000000000001,-7.54204900228821,-0.399999836087228));
#3224=CARTESIAN_POINT('',(3.50000000000001,-7.54204900228821,-0.599999836087228));
#3225=CARTESIAN_POINT('',(7.90000000000001,-7.54204900228821,-0.399999836087228));
#3226=CARTESIAN_POINT('',(7.90000000000001,-7.54204900228821,-0.599999836087228));
#3227=CARTESIAN_POINT('Origin',(4.59999997945647,-6.442048985376,-0.399999836087228));
#3228=CARTESIAN_POINT('',(3.50000000000001,-5.34204896846378,-0.399999836087228));
#3229=CARTESIAN_POINT('',(3.50000000000001,-7.54204900228821,-0.399999836087228));
#3230=CARTESIAN_POINT('Origin',(5.70000000000001,-5.34204900228821,-0.399999836087228));
#3231=CARTESIAN_POINT('Origin',(4.60000002054346,-4.24204900228821,-0.399999836087228));
#3232=CARTESIAN_POINT('',(3.50000000000001,-3.14204900228821,-0.399999836087228));
#3233=CARTESIAN_POINT('',(3.50000000000001,-7.54204900228821,-0.399999836087228));
#3234=CARTESIAN_POINT('',(5.70000004108691,-3.14204900228821,-0.399999836087228));
#3235=CARTESIAN_POINT('',(3.50000000000001,-3.14204900228821,-0.399999836087228));
#3236=CARTESIAN_POINT('Origin',(5.70000000000001,-5.34204900228821,-0.399999836087228));
#3237=CARTESIAN_POINT('Origin',(7.90000000000001,-3.14204900228821,-0.599999836087228));
#3238=CARTESIAN_POINT('',(7.90000000000001,-3.14204900228821,-0.599999836087228));
#3239=CARTESIAN_POINT('',(3.50000000000001,-3.14204900228821,-0.599999836087228));
#3240=CARTESIAN_POINT('',(5.70000002054346,-3.14204900228821,-0.599999836087229));
#3241=CARTESIAN_POINT('',(7.90000000000001,-3.14204900228821,-0.399999836087228));
#3242=CARTESIAN_POINT('',(7.90000000000001,-3.14204900228821,-0.599999836087228));
#3243=CARTESIAN_POINT('',(3.50000000000001,-3.14204900228821,-0.399999836087228));
#3244=CARTESIAN_POINT('',(3.50000000000001,-3.14204900228821,-0.599999836087228));
#3245=CARTESIAN_POINT('Origin',(6.80000002054346,-4.24204898174467,-0.399999836087228));
#3246=CARTESIAN_POINT('',(7.90000000000001,-3.14204900228821,-0.399999836087228));
#3247=CARTESIAN_POINT('Origin',(5.70000000000001,-5.34204900228821,-0.399999836087228));
#3248=CARTESIAN_POINT('Origin',(5.70000000000001,12.3420491065963,-0.599999836087229));
#3249=CARTESIAN_POINT('',(3.50000000000001,13.9521733254068,-0.599999836087229));
#3250=CARTESIAN_POINT('',(7.90000000000001,10.7319248877858,-0.599999836087229));
#3251=CARTESIAN_POINT('Origin',(19.3,12.3420491065963,-0.599999836087229));
#3252=CARTESIAN_POINT('',(21.5,10.7319248877858,-0.599999836087229));
#3253=CARTESIAN_POINT('',(17.1,13.9521733254068,-0.599999836087229));
#3254=CARTESIAN_POINT('Origin',(19.3,-5.34204900228821,-0.599999836087229));
#3255=CARTESIAN_POINT('',(17.1,-3.73192478347775,-0.599999836087229));
#3256=CARTESIAN_POINT('',(21.5,-6.95217322109867,-0.599999836087229));
#3257=CARTESIAN_POINT('Origin',(5.70000000000001,-5.34204900228821,-0.599999836087229));
#3258=CARTESIAN_POINT('',(3.50000000000001,-3.73192478347775,-0.599999836087229));
#3259=CARTESIAN_POINT('',(7.90000000000001,-6.95217322109867,-0.599999836087229));
#3260=CARTESIAN_POINT('Origin',(21.5,9.12180066897538,-0.599999836087228));
#3261=CARTESIAN_POINT('',(21.5,10.7319248877858,-0.599999836087229));
#3262=CARTESIAN_POINT('',(21.5,15.5622975442172,-0.799999836087228));
#3263=CARTESIAN_POINT('Origin',(22.35,12.3420491065963,-0.799999836087228));
#3264=CARTESIAN_POINT('Origin',(21.5,-8.56229743990913,-0.599999836087228));
#3265=CARTESIAN_POINT('',(21.5,-2.12180056466729,-0.799999836087228));
#3266=CARTESIAN_POINT('',(21.5,-6.95217322109867,-0.599999836087229));
#3267=CARTESIAN_POINT('Origin',(22.35,-5.34204900228821,-0.799999836087228));
#3268=CARTESIAN_POINT('Origin',(19.3,-5.34204900228821,-0.599999836087229));
#3269=CARTESIAN_POINT('',(17.1,-3.73192478347775,-0.599999836087229));
#3270=CARTESIAN_POINT('Origin',(3.50000000000001,-2.12180056466729,-0.599999836087228));
#3271=CARTESIAN_POINT('',(3.50000000000001,-3.73192478347775,-0.599999836087229));
#3272=CARTESIAN_POINT('',(3.50000000000001,-2.12180056466729,-0.799999836087228));
#3273=CARTESIAN_POINT('Origin',(2.65000000000001,-5.34204900228821,-0.799999836087228));
#3274=CARTESIAN_POINT('Origin',(5.70000000000001,-5.34204900228821,-0.599999836087229));
#3275=CARTESIAN_POINT('',(7.90000000000001,-6.95217322109867,-0.599999836087229));
#3276=CARTESIAN_POINT('Origin',(3.50000000000001,15.5622975442172,-0.599999836087228));
#3277=CARTESIAN_POINT('',(3.50000000000001,13.9521733254068,-0.599999836087229));
#3278=CARTESIAN_POINT('',(3.50000000000001,9.12180066897537,-0.799999836087228));
#3279=CARTESIAN_POINT('Origin',(2.65000000000001,12.3420491065963,-0.799999836087228));
#3280=CARTESIAN_POINT('Origin',(5.70000000000001,12.3420491065963,-0.599999836087229));
#3281=CARTESIAN_POINT('',(7.90000000000001,10.7319248877858,-0.599999836087229));
#3282=CARTESIAN_POINT('Origin',(17.1,15.5622975442172,-0.599999836087228));
#3283=CARTESIAN_POINT('',(17.1,9.12180066897538,-0.799999836087228));
#3284=CARTESIAN_POINT('',(17.1,13.9521733254068,-0.599999836087229));
#3285=CARTESIAN_POINT('Origin',(16.25,12.3420491065963,-0.799999836087228));
#3286=CARTESIAN_POINT('Origin',(17.1,-2.12180056466729,-0.599999836087228));
#3287=CARTESIAN_POINT('',(17.1,-8.56229743990913,-0.799999836087228));
#3288=CARTESIAN_POINT('Origin',(16.25,-5.34204900228821,-0.799999836087228));
#3289=CARTESIAN_POINT('Origin',(7.90000000000001,-8.56229743990913,-0.599999836087228));
#3290=CARTESIAN_POINT('',(7.90000000000001,-8.56229743990913,-0.799999836087228));
#3291=CARTESIAN_POINT('Origin',(8.75000000000001,-5.34204900228821,-0.799999836087228));
#3292=CARTESIAN_POINT('Origin',(7.90000000000001,9.12180066897537,-0.599999836087228));
#3293=CARTESIAN_POINT('',(7.90000000000001,15.5622975442172,-0.799999836087228));
#3294=CARTESIAN_POINT('Origin',(8.75000000000001,12.3420491065963,-0.799999836087228));
#3295=CARTESIAN_POINT('Origin',(19.3,-5.34204900228821,15.1500001639128));
#3296=CARTESIAN_POINT('',(21.5,-5.34204900228821,0.657951221229204));
#3297=CARTESIAN_POINT('',(21.5,-5.34204900228821,15.1500001639128));
#3298=CARTESIAN_POINT('',(21.3324748009577,-4.50000020116567,1.50000002235174));
#3299=CARTESIAN_POINT('Origin',(19.3,-5.34204900228821,0.657951221229203));
#3300=CARTESIAN_POINT('',(17.2675251990423,-4.50000020116567,1.50000002235174));
#3301=CARTESIAN_POINT('Origin',(19.3,-5.34204900228821,2.34204882347428));
#3302=CARTESIAN_POINT('',(17.2006905389185,-6.0000002122118,1.19720188855125E-8));
#3303=CARTESIAN_POINT('Origin',(19.3,-5.34204900228821,0.657951221229203));
#3304=CARTESIAN_POINT('',(18.8719268482335,-7.50000020116568,1.50000002235174));
#3305=CARTESIAN_POINT('Origin',(19.3,-5.34204900228821,-0.65795117652572));
#3306=CARTESIAN_POINT('',(19.7280731517665,-7.50000020116568,1.50000002235174));
#3307=CARTESIAN_POINT('Origin',(19.3,-5.34204900228821,3.6579512212292));
#3308=CARTESIAN_POINT('',(21.3993094610815,-6.0000002122118,1.19720188855125E-8));
#3309=CARTESIAN_POINT('Origin',(19.3,-5.34204900228821,-0.65795117652572));
#3310=CARTESIAN_POINT('Origin',(19.3,-5.34204900228821,0.657951221229203));
#3311=CARTESIAN_POINT('Origin',(19.3,12.3420491065963,-0.599999836087229));
#3312=CARTESIAN_POINT('Origin',(19.3,12.3420491065963,15.1500001639128));
#3313=CARTESIAN_POINT('',(21.5,12.3420491065963,0.342049330113756));
#3314=CARTESIAN_POINT('',(21.5,12.3420491065963,15.1500001639128));
#3315=CARTESIAN_POINT('',(21.1706015594844,13.4999997988343,1.50000002235174));
#3316=CARTESIAN_POINT('Origin',(19.3,12.3420491065963,0.342049330113756));
#3317=CARTESIAN_POINT('',(17.4293984405156,13.4999997988343,1.50000002235174));
#3318=CARTESIAN_POINT('Origin',(19.3,12.3420491065963,2.65795071458972));
#3319=CARTESIAN_POINT('',(17.1267530587844,11.9999997877248,1.14223254234676E-8));
#3320=CARTESIAN_POINT('Origin',(19.3,12.3420491065963,0.342049330113756));
#3321=CARTESIAN_POINT('',(18.0971474122847,10.4999997988343,1.50000002235174));
#3322=CARTESIAN_POINT('Origin',(19.3,12.3420491065963,-0.342049285410271));
#3323=CARTESIAN_POINT('',(20.5028525877153,10.4999997988343,1.50000002235174));
#3324=CARTESIAN_POINT('Origin',(19.3,12.3420491065963,3.34204933011376));
#3325=CARTESIAN_POINT('',(21.4732469412156,11.9999997877248,1.14223252615601E-8));
#3326=CARTESIAN_POINT('Origin',(19.3,12.3420491065963,-0.342049285410271));
#3327=CARTESIAN_POINT('Origin',(19.3,12.3420491065963,0.342049330113756));
#3328=CARTESIAN_POINT('Origin',(5.70000000000001,12.3420491065963,15.1500001639128));
#3329=CARTESIAN_POINT('',(7.90000000000001,12.3420491065963,0.342049330113756));
#3330=CARTESIAN_POINT('',(7.90000000000001,12.3420491065963,15.1500001639128));
#3331=CARTESIAN_POINT('',(7.57060155948444,13.4999997988343,1.50000002235174));
#3332=CARTESIAN_POINT('Origin',(5.70000000000001,12.3420491065963,0.342049330113756));
#3333=CARTESIAN_POINT('',(3.82939844051558,13.4999997988343,1.50000002235174));
#3334=CARTESIAN_POINT('Origin',(5.70000000000001,12.3420491065963,2.65795071458972));
#3335=CARTESIAN_POINT('',(3.52675305878436,11.9999997877248,1.14223254234676E-8));
#3336=CARTESIAN_POINT('Origin',(5.70000000000001,12.3420491065963,0.342049330113756));
#3337=CARTESIAN_POINT('',(4.49714741228467,10.4999997988343,1.50000002235174));
#3338=CARTESIAN_POINT('Origin',(5.70000000000001,12.3420491065963,-0.342049285410271));
#3339=CARTESIAN_POINT('',(6.90285258771535,10.4999997988343,1.50000002235174));
#3340=CARTESIAN_POINT('Origin',(5.70000000000001,12.3420491065963,3.34204933011376));
#3341=CARTESIAN_POINT('',(7.87324694121566,11.9999997877248,1.14223252615601E-8));
#3342=CARTESIAN_POINT('Origin',(5.70000000000001,12.3420491065963,-0.342049285410271));
#3343=CARTESIAN_POINT('Origin',(5.70000000000001,12.3420491065963,0.342049330113756));
#3344=CARTESIAN_POINT('Origin',(5.70000000000001,-5.34204900228821,15.1500001639128));
#3345=CARTESIAN_POINT('',(7.90000000000001,-5.34204900228821,0.657951221229204));
#3346=CARTESIAN_POINT('',(7.90000000000001,-5.34204900228821,15.1500001639128));
#3347=CARTESIAN_POINT('',(7.73247480095772,-4.50000020116567,1.50000002235174));
#3348=CARTESIAN_POINT('Origin',(5.70000000000001,-5.34204900228821,0.657951221229203));
#3349=CARTESIAN_POINT('',(3.6675251990423,-4.50000020116567,1.50000002235174));
#3350=CARTESIAN_POINT('Origin',(5.70000000000001,-5.34204900228821,2.34204882347428));
#3351=CARTESIAN_POINT('',(3.60069053891853,-6.0000002122118,1.19720170351408E-8));
#3352=CARTESIAN_POINT('Origin',(5.70000000000001,-5.34204900228821,0.657951221229203));
#3353=CARTESIAN_POINT('',(5.27192684823348,-7.50000020116568,1.50000002235174));
#3354=CARTESIAN_POINT('Origin',(5.70000000000001,-5.34204900228821,-0.65795117652572));
#3355=CARTESIAN_POINT('',(6.12807315176654,-7.50000020116568,1.50000002235174));
#3356=CARTESIAN_POINT('Origin',(5.70000000000001,-5.34204900228821,3.6579512212292));
#3357=CARTESIAN_POINT('',(7.79930946108149,-6.0000002122118,1.19720170351408E-8));
#3358=CARTESIAN_POINT('Origin',(5.70000000000001,-5.34204900228821,-0.65795117652572));
#3359=CARTESIAN_POINT('Origin',(5.70000000000001,-5.34204900228821,0.657951221229203));
#3360=CARTESIAN_POINT('Origin',(0.,14.9999997988343,2.23517404585039E-8));
#3361=CARTESIAN_POINT('',(0.,13.4999997988343,1.50000002235174));
#3362=CARTESIAN_POINT('',(0.,14.9999997877803,1.12976835292071E-8));
#3363=CARTESIAN_POINT('',(0.,14.9999997764826,0.));
#3364=CARTESIAN_POINT('',(0.,13.4999997988343,1.50000002235174));
#3365=CARTESIAN_POINT('',(0.,13.4999997988343,1.50000002235174));
#3366=CARTESIAN_POINT('',(0.,13.4999997988343,1.50000002235174));
#3367=CARTESIAN_POINT('',(0.,13.4999997988343,1.50000002235174));
#3368=CARTESIAN_POINT('Origin',(0.,13.4999997988343,1.50000002235174));
#3369=CARTESIAN_POINT('',(0.,11.9999997764826,0.));
#3370=CARTESIAN_POINT('Origin',(0.,13.4999997988343,1.50000002235174));
#3371=CARTESIAN_POINT('',(0.,11.9999997877803,1.12976835291221E-8));
#3372=CARTESIAN_POINT('',(0.,11.9999997764826,0.));
#3373=CARTESIAN_POINT('',(0.,11.9999997764826,0.));
#3374=CARTESIAN_POINT('Origin',(0.,11.9999997988343,2.23517424013941E-8));
#3375=CARTESIAN_POINT('',(0.,10.4999997988343,1.50000002235174));
#3376=CARTESIAN_POINT('Origin',(0.,11.9999997988343,2.23517424013941E-8));
#3377=CARTESIAN_POINT('',(0.,10.4999997988343,1.50000002235174));
#3378=CARTESIAN_POINT('',(0.,10.4999997988343,1.50000002235174));
#3379=CARTESIAN_POINT('',(0.,10.4999997988343,1.50000002235174));
#3380=CARTESIAN_POINT('Origin',(0.,-3.00000020116567,2.23517415687269E-8));
#3381=CARTESIAN_POINT('',(0.,-4.50000020116567,1.50000002235174));
#3382=CARTESIAN_POINT('',(0.,-3.00000021221972,1.12976955797824E-8));
#3383=CARTESIAN_POINT('',(0.,-3.00000022351742,0.));
#3384=CARTESIAN_POINT('',(0.,-4.50000020116567,1.50000002235174));
#3385=CARTESIAN_POINT('',(0.,-4.50000020116567,1.50000002235174));
#3386=CARTESIAN_POINT('',(0.,-4.50000020116567,1.50000002235174));
#3387=CARTESIAN_POINT('',(0.,-4.50000020116567,1.50000002235174));
#3388=CARTESIAN_POINT('Origin',(0.,-4.50000020116567,1.50000002235174));
#3389=CARTESIAN_POINT('',(0.,-6.00000022351742,0.));
#3390=CARTESIAN_POINT('Origin',(0.,-4.50000020116567,1.50000002235174));
#3391=CARTESIAN_POINT('',(0.,-6.00000021221973,1.12976930024038E-8));
#3392=CARTESIAN_POINT('',(0.,-6.00000022351742,0.));
#3393=CARTESIAN_POINT('',(0.,-6.00000022351742,0.));
#3394=CARTESIAN_POINT('Origin',(0.,-6.00000020116568,2.23517415687269E-8));
#3395=CARTESIAN_POINT('',(0.,-7.50000020116568,1.50000002235174));
#3396=CARTESIAN_POINT('Origin',(0.,-6.00000020116568,2.23517415687269E-8));
#3397=CARTESIAN_POINT('',(0.,-7.50000020116568,1.50000002235174));
#3398=CARTESIAN_POINT('',(0.,-7.50000020116568,1.50000002235174));
#3399=CARTESIAN_POINT('',(0.,-7.50000020116568,1.50000002235174));
#3400=CARTESIAN_POINT('Origin',(0.,-12.0000002011657,2.23517415687269E-8));
#3401=CARTESIAN_POINT('',(0.,-13.5000002011657,1.50000002235174));
#3402=CARTESIAN_POINT('',(0.,-12.0000002122197,1.12976835283594E-8));
#3403=CARTESIAN_POINT('',(0.,-13.5000002011657,1.50000002235174));
#3404=CARTESIAN_POINT('',(0.,-13.5000002011657,1.50000002235174));
#3405=CARTESIAN_POINT('',(0.,-12.0000002235174,0.));
#3406=CARTESIAN_POINT('Origin',(0.,-10.5000002011657,1.50000002235174));
#3407=CARTESIAN_POINT('',(0.,-10.5000002011657,1.50000002235174));
#3408=CARTESIAN_POINT('',(0.,-12.0000002235174,0.));
#3409=CARTESIAN_POINT('',(0.,-10.5000002011657,1.50000002235174));
#3410=CARTESIAN_POINT('Origin',(0.,-9.00000020116568,2.23517415687269E-8));
#3411=CARTESIAN_POINT('',(0.,-9.00000021221973,1.12976881757432E-8));
#3412=CARTESIAN_POINT('',(0.,-10.5000002011657,1.50000002235174));
#3413=CARTESIAN_POINT('',(0.,-9.00000022351742,0.));
#3414=CARTESIAN_POINT('Origin',(0.,-7.50000020116568,1.50000002235174));
#3415=CARTESIAN_POINT('',(0.,-7.50000020116568,1.50000002235174));
#3416=CARTESIAN_POINT('',(0.,-9.00000022351742,0.));
#3417=CARTESIAN_POINT('Origin',(0.,-6.00000020116568,2.23517415687269E-8));
#3418=CARTESIAN_POINT('',(0.,-6.00000022351742,0.));
#3419=CARTESIAN_POINT('Origin',(0.,-4.50000020116567,1.50000002235174));
#3420=CARTESIAN_POINT('Origin',(0.,-1.50000020116567,1.50000002235174));
#3421=CARTESIAN_POINT('',(0.,-1.50000020116567,1.50000002235174));
#3422=CARTESIAN_POINT('',(0.,-3.00000022351742,0.));
#3423=CARTESIAN_POINT('',(0.,-1.50000020116567,1.50000002235174));
#3424=CARTESIAN_POINT('Origin',(0.,-2.01165674118542E-7,2.23517415687269E-8));
#3425=CARTESIAN_POINT('',(0.,-2.12219720969805E-7,1.12976945324264E-8));
#3426=CARTESIAN_POINT('',(0.,-1.50000020116567,1.50000002235174));
#3427=CARTESIAN_POINT('',(0.,-2.23517415687269E-7,0.));
#3428=CARTESIAN_POINT('Origin',(0.,1.49999979883433,1.50000002235174));
#3429=CARTESIAN_POINT('',(0.,1.49999979883433,1.50000002235174));
#3430=CARTESIAN_POINT('',(0.,-2.23517415687269E-7,0.));
#3431=CARTESIAN_POINT('',(0.,1.49999979883433,1.50000002235174));
#3432=CARTESIAN_POINT('Origin',(0.,2.99999979883433,2.23517415687269E-8));
#3433=CARTESIAN_POINT('',(0.,2.99999978778028,1.12976956881629E-8));
#3434=CARTESIAN_POINT('',(0.,1.49999979883433,1.50000002235174));
#3435=CARTESIAN_POINT('',(0.,2.99999977648258,0.));
#3436=CARTESIAN_POINT('Origin',(0.,4.49999979883433,1.50000002235174));
#3437=CARTESIAN_POINT('',(0.,4.49999979883433,1.50000002235174));
#3438=CARTESIAN_POINT('',(0.,2.99999977648258,0.));
#3439=CARTESIAN_POINT('',(0.,4.49999979883433,1.50000002235174));
#3440=CARTESIAN_POINT('Origin',(0.,5.99999979883433,2.23517404585039E-8));
#3441=CARTESIAN_POINT('',(0.,5.99999978778028,1.12976930137346E-8));
#3442=CARTESIAN_POINT('',(0.,4.49999979883433,1.50000002235174));
#3443=CARTESIAN_POINT('',(0.,5.99999977648259,0.));
#3444=CARTESIAN_POINT('Origin',(0.,7.49999979883433,1.50000002235174));
#3445=CARTESIAN_POINT('',(0.,7.49999979883433,1.50000002235174));
#3446=CARTESIAN_POINT('',(0.,5.99999977648259,0.));
#3447=CARTESIAN_POINT('',(0.,7.49999979883433,1.50000002235174));
#3448=CARTESIAN_POINT('Origin',(0.,8.99999979883433,2.23517424013941E-8));
#3449=CARTESIAN_POINT('',(0.,8.99999978778028,1.12976933217865E-8));
#3450=CARTESIAN_POINT('',(0.,7.49999979883433,1.50000002235174));
#3451=CARTESIAN_POINT('',(0.,8.99999977648259,0.));
#3452=CARTESIAN_POINT('Origin',(0.,10.4999997988343,1.50000002235174));
#3453=CARTESIAN_POINT('',(0.,10.4999997988343,1.50000002235174));
#3454=CARTESIAN_POINT('',(0.,8.99999977648259,0.));
#3455=CARTESIAN_POINT('Origin',(0.,11.9999997988343,2.23517424013941E-8));
#3456=CARTESIAN_POINT('',(0.,11.9999997764826,0.));
#3457=CARTESIAN_POINT('Origin',(0.,13.4999997988343,1.50000002235174));
#3458=CARTESIAN_POINT('Origin',(0.,16.4999997988343,1.50000002235174));
#3459=CARTESIAN_POINT('',(0.,16.4999997988343,1.50000002235174));
#3460=CARTESIAN_POINT('',(0.,14.9999997764826,0.));
#3461=CARTESIAN_POINT('',(0.,16.4999997988343,1.50000002235174));
#3462=CARTESIAN_POINT('Origin',(0.,17.9999997988343,2.23517404585039E-8));
#3463=CARTESIAN_POINT('',(0.,17.9999997877803,1.12976829728784E-8));
#3464=CARTESIAN_POINT('',(0.,16.4999997988343,1.50000002235174));
#3465=CARTESIAN_POINT('',(0.,17.9999997764826,0.));
#3466=CARTESIAN_POINT('Origin',(0.,19.4999997988343,1.50000002235174));
#3467=CARTESIAN_POINT('',(0.,17.9999997764826,0.));
#3468=CARTESIAN_POINT('Origin',(0.,-13.5000002011657,1.50000002235174));
#3469=CARTESIAN_POINT('',(0.,-15.0000002235174,0.));
#3470=CARTESIAN_POINT('Origin',(0.,3.50000004284084,3.95000016391277));
#3471=UNCERTAINTY_MEASURE_WITH_UNIT(LENGTH_MEASURE(0.01),#3475,
'DISTANCE_ACCURACY_VALUE',
'Maximum model space distance between geometric entities at asserted c
onnectivities');
#3472=UNCERTAINTY_MEASURE_WITH_UNIT(LENGTH_MEASURE(0.01),#3475,
'DISTANCE_ACCURACY_VALUE',
'Maximum model space distance between geometric entities at asserted c
onnectivities');
#3473=(
GEOMETRIC_REPRESENTATION_CONTEXT(3)
GLOBAL_UNCERTAINTY_ASSIGNED_CONTEXT((#3471))
GLOBAL_UNIT_ASSIGNED_CONTEXT((#3475,#3477,#3478))
REPRESENTATION_CONTEXT('','3D')
);
#3474=(
GEOMETRIC_REPRESENTATION_CONTEXT(3)
GLOBAL_UNCERTAINTY_ASSIGNED_CONTEXT((#3472))
GLOBAL_UNIT_ASSIGNED_CONTEXT((#3475,#3477,#3478))
REPRESENTATION_CONTEXT('','3D')
);
#3475=(
LENGTH_UNIT()
NAMED_UNIT(*)
SI_UNIT(.MILLI.,.METRE.)
);
#3476=(
LENGTH_UNIT()
NAMED_UNIT(*)
SI_UNIT($,.METRE.)
);
#3477=(
NAMED_UNIT(*)
PLANE_ANGLE_UNIT()
SI_UNIT($,.RADIAN.)
);
#3478=(
NAMED_UNIT(*)
SI_UNIT($,.STERADIAN.)
SOLID_ANGLE_UNIT()
);
#3479=SHAPE_DEFINITION_REPRESENTATION(#3480,#3481);
#3480=PRODUCT_DEFINITION_SHAPE('',$,#3483);
#3481=SHAPE_REPRESENTATION('',(#2095),#3473);
#3482=PRODUCT_DEFINITION_CONTEXT('part definition',#3487,'design');
#3483=PRODUCT_DEFINITION('60AIMTensioner_HGR','60AIMTensioner_HGR v1',#3484,
#3482);
#3484=PRODUCT_DEFINITION_FORMATION('',$,#3489);
#3485=PRODUCT_RELATED_PRODUCT_CATEGORY('60AIMTensioner_HGR v1',
'60AIMTensioner_HGR v1',(#3489));
#3486=APPLICATION_PROTOCOL_DEFINITION('international standard',
'automotive_design',2009,#3487);
#3487=APPLICATION_CONTEXT(
'Core Data for Automotive Mechanical Design Process');
#3488=PRODUCT_CONTEXT('part definition',#3487,'mechanical');
#3489=PRODUCT('60AIMTensioner_HGR','60AIMTensioner_HGR v1',$,(#3488));
#3490=PRESENTATION_STYLE_ASSIGNMENT((#3492));
#3491=PRESENTATION_STYLE_ASSIGNMENT((#3493));
#3492=SURFACE_STYLE_USAGE(.BOTH.,#3494);
#3493=SURFACE_STYLE_USAGE(.BOTH.,#3495);
#3494=SURFACE_SIDE_STYLE('',(#3496));
#3495=SURFACE_SIDE_STYLE('',(#3497));
#3496=SURFACE_STYLE_FILL_AREA(#3498);
#3497=SURFACE_STYLE_FILL_AREA(#3499);
#3498=FILL_AREA_STYLE('Plate',(#3500));
#3499=FILL_AREA_STYLE('Opaque(160,160,160)',(#3501));
#3500=FILL_AREA_STYLE_COLOUR('Plate',#3502);
#3501=FILL_AREA_STYLE_COLOUR('Opaque(160,160,160)',#3503);
#3502=COLOUR_RGB('Plate',0.6,0.6,0.6);
#3503=COLOUR_RGB('Opaque(160,160,160)',0.627450980392157,0.627450980392157,
0.627450980392157);
ENDSEC;
END-ISO-10303-21;
